Normlaization,Regressing out,Points,Feature Selection,Regression Type,Test Split,Test R2 Score,RMSE Score
Rg w/no norm,No regr out,All,1,Linear,80/20,-1.4368647638659402,1.7231494435749328
Rg w/no norm,No regr out,Inliers,1,Linear,80/20,0.3895315499291464,0.8677149508890226
Rg w/no norm,No regr out,All,1,Ridge,80/20,-0.18660662567608433,1.2024322464187696
Rg w/no norm,No regr out,Inliers,1,Ridge,80/20,0.38262058959800227,0.8726127200437999
Rg w/no norm,No regr out,All,1,Lasso,80/20,-0.1522688252720068,1.1849066479100017
Rg w/no norm,No regr out,Inliers,1,Lasso,80/20,0.38065187461101213,0.874002917343013
Rg w/no norm,No regr out,All,1,Kernel Ridge,80/20,-9.27217100429807,3.5378413230641894
Rg w/no norm,No regr out,Inliers,1,Kernel Ridge,80/20,-4.668821312424663,2.644185092622381
Rg w/no norm,No regr out,All,1,GPR,80/20,-10.535073002739733,3.749016947912584
Rg w/no norm,No regr out,Inliers,1,GPR,80/20,-4.570712796420272,2.6212041859560586
Rg w/no norm,No regr out,All,1,Linear,85/15,-0.713944478541521,1.515309528915045
Rg w/no norm,No regr out,Inliers,1,Linear,85/15,0.4827013263555484,0.8294290136739249
Rg w/no norm,No regr out,All,1,Ridge,85/15,0.0804859463467763,1.1098956908723792
Rg w/no norm,No regr out,Inliers,1,Ridge,85/15,0.4717785587062636,0.8381399726235368
Rg w/no norm,No regr out,All,1,Lasso,85/15,0.0540577034301406,1.1257327530836707
Rg w/no norm,No regr out,Inliers,1,Lasso,85/15,0.46395492081809764,0.8443241226580546
Rg w/no norm,No regr out,All,1,Kernel Ridge,85/15,-10.01483602617321,3.8414218100626876
Rg w/no norm,No regr out,Inliers,1,Kernel Ridge,85/15,-4.23437887425085,2.6384029133578024
Rg w/no norm,No regr out,All,1,GPR,85/15,-11.56130092895471,4.10223267614707
Rg w/no norm,No regr out,Inliers,1,GPR,85/15,-4.106614724881246,2.6060040552932477
Rg w/no norm,No regr out,All,1,Linear,90/10,-0.5307050347076185,1.4449339464074515
Rg w/no norm,No regr out,Inliers,1,Linear,90/10,0.6071450407322622,0.810419785878182
Rg w/no norm,No regr out,All,1,Ridge,90/10,0.25946551887628067,1.00502040994215
Rg w/no norm,No regr out,Inliers,1,Ridge,90/10,0.596071611541682,0.8217620932441326
Rg w/no norm,No regr out,All,1,Lasso,90/10,0.2529825865504475,1.0094099973117292
Rg w/no norm,No regr out,Inliers,1,Lasso,90/10,0.580406268657985,0.8375455031240671
Rg w/no norm,No regr out,All,1,Kernel Ridge,90/10,-14.174606002824634,4.549471521418035
Rg w/no norm,No regr out,Inliers,1,Kernel Ridge,90/10,-3.045080430425652,2.600503820915258
Rg w/no norm,No regr out,All,1,GPR,90/10,-16.239918904605805,4.849197227840508
Rg w/no norm,No regr out,Inliers,1,GPR,90/10,-5.421263322392263,3.276454606655445
Rg w/no norm,No regr out,All,2,Linear,80/20,-1.4068994948531275,1.7125221912659214
Rg w/no norm,No regr out,Inliers,2,Linear,80/20,0.39464584806510594,0.8640725950951152
Rg w/no norm,No regr out,All,2,Ridge,80/20,-0.073266990518142,1.1435656881381764
Rg w/no norm,No regr out,Inliers,2,Ridge,80/20,0.38703791252524355,0.86948536287675
Rg w/no norm,No regr out,All,2,Lasso,80/20,-0.047417613042154194,1.129710502622408
Rg w/no norm,No regr out,Inliers,2,Lasso,80/20,0.38818652474367565,0.8686703289371136
Rg w/no norm,No regr out,All,2,Kernel Ridge,80/20,-9.6685693702116,3.6054570196467424
Rg w/no norm,No regr out,Inliers,2,Kernel Ridge,80/20,-4.667539111122292,2.643886038452451
Rg w/no norm,No regr out,All,2,GPR,80/20,-11.234730985927829,3.8610412573404034
Rg w/no norm,No regr out,Inliers,2,GPR,80/20,-7.174866108334337,3.1753075258313084
Rg w/no norm,No regr out,All,2,Linear,85/15,-0.8234866889213428,1.5629830861658156
Rg w/no norm,No regr out,Inliers,2,Linear,85/15,0.48660913739969347,0.8262902114937549
Rg w/no norm,No regr out,All,2,Ridge,85/15,-0.03908965488151539,1.1798573168368234
Rg w/no norm,No regr out,Inliers,2,Ridge,85/15,0.47515594095179425,0.8354561943998094
Rg w/no norm,No regr out,All,2,Lasso,85/15,-0.020093806852076845,1.1690229442294722
Rg w/no norm,No regr out,Inliers,2,Lasso,85/15,0.4688373556910349,0.8404701674917252
Rg w/no norm,No regr out,All,2,Kernel Ridge,85/15,-10.486406617544139,3.92279011920276
Rg w/no norm,No regr out,Inliers,2,Kernel Ridge,85/15,-4.234662168323715,2.6384743099658965
Rg w/no norm,No regr out,All,2,GPR,85/15,-12.38376376463786,4.234402240647293
Rg w/no norm,No regr out,Inliers,2,GPR,85/15,-7.085021467828511,3.279058232309609
Rg w/no norm,No regr out,All,2,Linear,90/10,-0.5772498188200716,1.4667377914604804
Rg w/no norm,No regr out,Inliers,2,Linear,90/10,0.6075063447953328,0.8100470334049055
Rg w/no norm,No regr out,All,2,Ridge,90/10,0.26664185703618526,1.0001388514169602
Rg w/no norm,No regr out,Inliers,2,Ridge,90/10,0.5965971298494911,0.8212273554168392
Rg w/no norm,No regr out,All,2,Lasso,90/10,0.26841488290832427,0.9989291115542818
Rg w/no norm,No regr out,Inliers,2,Lasso,90/10,0.5817213308253839,0.8362319840224703
Rg w/no norm,No regr out,All,2,Kernel Ridge,90/10,-14.88721255084709,4.655068669261913
Rg w/no norm,No regr out,Inliers,2,Kernel Ridge,90/10,-3.040618435725486,2.5990691602115112
Rg w/no norm,No regr out,All,2,GPR,90/10,-17.44182153083347,5.015383494255942
Rg w/no norm,No regr out,Inliers,2,GPR,90/10,-5.4212572595987165,3.2764530598825177
Rg w/no norm,No regr out,All,1,Linear,80/20,-1.4368647638659402,1.7231494435749328
Rg w/no norm,No regr out,Inliers,1,Linear,80/20,0.3895315499291464,0.8677149508890226
Rg w/no norm,No regr out,All,1,Ridge,80/20,-0.18660662567608433,1.2024322464187696
Rg w/no norm,No regr out,Inliers,1,Ridge,80/20,0.38262058959800227,0.8726127200437999
Rg w/no norm,No regr out,All,1,Lasso,80/20,-0.1522688252720068,1.1849066479100017
Rg w/no norm,No regr out,Inliers,1,Lasso,80/20,0.38065187461101213,0.874002917343013
Rg w/no norm,No regr out,All,1,Kernel Ridge,80/20,-9.27217100429807,3.5378413230641894
Rg w/no norm,No regr out,Inliers,1,Kernel Ridge,80/20,-4.668821312424663,2.644185092622381
Rg w/no norm,No regr out,All,1,GPR,80/20,-10.53155719444361,3.748445567506358
Rg w/no norm,No regr out,Inliers,1,GPR,80/20,-4.570221359236623,2.6210885647006723
Rg w/no norm,No regr out,All,1,Linear,85/15,-0.713944478541521,1.515309528915045
Rg w/no norm,No regr out,Inliers,1,Linear,85/15,0.4827013263555484,0.8294290136739249
Rg w/no norm,No regr out,All,1,Ridge,85/15,0.0804859463467763,1.1098956908723792
Rg w/no norm,No regr out,Inliers,1,Ridge,85/15,0.4717785587062636,0.8381399726235368
Rg w/no norm,No regr out,All,1,Lasso,85/15,0.0540577034301406,1.1257327530836707
Rg w/no norm,No regr out,Inliers,1,Lasso,85/15,0.46395492081809764,0.8443241226580546
Rg w/no norm,No regr out,All,1,Kernel Ridge,85/15,-10.01483602617321,3.8414218100626876
Rg w/no norm,No regr out,Inliers,1,Kernel Ridge,85/15,-4.23437887425085,2.6384029133578024
Rg w/no norm,No regr out,All,1,GPR,85/15,-11.56667707833344,4.103110445755494
Rg w/no norm,No regr out,Inliers,1,GPR,85/15,-4.107658323244988,2.6062703258836337
Rg w/no norm,No regr out,All,1,Linear,90/10,-0.5307050347076185,1.4449339464074515
Rg w/no norm,No regr out,Inliers,1,Linear,90/10,0.6071450407322622,0.810419785878182
Rg w/no norm,No regr out,All,1,Ridge,90/10,0.25946551887628067,1.00502040994215
Rg w/no norm,No regr out,Inliers,1,Ridge,90/10,0.596071611541682,0.8217620932441326
Rg w/no norm,No regr out,All,1,Lasso,90/10,0.2529825865504475,1.0094099973117292
Rg w/no norm,No regr out,Inliers,1,Lasso,90/10,0.580406268657985,0.8375455031240671
Rg w/no norm,No regr out,All,1,Kernel Ridge,90/10,-14.174606002824634,4.549471521418035
Rg w/no norm,No regr out,Inliers,1,Kernel Ridge,90/10,-3.045080430425652,2.600503820915258
Rg w/no norm,No regr out,All,1,GPR,90/10,-16.230205538210452,4.847830960802971
Rg w/no norm,No regr out,Inliers,1,GPR,90/10,-2.8477885560698115,2.5362935360772303
Rg norm w/0.427,No regr out,All,1,Linear,80/20,-4.097460946776812,0.20218001361280008
Rg norm w/0.427,No regr out,Inliers,1,Linear,80/20,-0.01051852001373943,0.09956179187501336
Rg norm w/0.427,No regr out,All,1,Ridge,80/20,-0.7761331229508135,0.11934356987765112
Rg norm w/0.427,No regr out,Inliers,1,Ridge,80/20,-0.04052493524641454,0.10102917618712551
Rg norm w/0.427,No regr out,All,1,Lasso,80/20,-0.7977196970761935,0.12006661207286762
Rg norm w/0.427,No regr out,Inliers,1,Lasso,80/20,-0.039751697427842236,0.10099163066771223
Rg norm w/0.427,No regr out,All,1,Kernel Ridge,80/20,-20.003913479960715,0.4104038045819781
Rg norm w/0.427,No regr out,Inliers,1,Kernel Ridge,80/20,-8.614969189337135,0.30711039320671646
Rg norm w/0.427,No regr out,All,1,GPR,80/20,-12.636403969142101,0.33068248840724884
Rg norm w/0.427,No regr out,Inliers,1,GPR,80/20,-8.613420141585012,0.3070856532508549
Rg norm w/0.427,No regr out,All,1,Linear,85/15,-2.098327172841085,0.16911456115157475
Rg norm w/0.427,No regr out,Inliers,1,Linear,85/15,-0.11590937358088893,0.0977877598055996
Rg norm w/0.427,No regr out,All,1,Ridge,85/15,-0.5322212164333047,0.11892635296024186
Rg norm w/0.427,No regr out,Inliers,1,Ridge,85/15,-0.2436199625991884,0.10323188953328052
Rg norm w/0.427,No regr out,All,1,Lasso,85/15,-0.6066123054336254,0.12177914189852414
Rg norm w/0.427,No regr out,Inliers,1,Lasso,85/15,-0.12415665194685443,0.09814845139535383
Rg norm w/0.427,No regr out,All,1,Kernel Ridge,85/15,-20.874135782126853,0.4493480039429776
Rg norm w/0.427,No regr out,Inliers,1,Kernel Ridge,85/15,-8.627144553661001,0.28722271343181693
Rg norm w/0.427,No regr out,All,1,GPR,85/15,-23.801857001583215,0.4784752352295498
Rg norm w/0.427,No regr out,Inliers,1,GPR,85/15,-8.542877882388707,0.28596291630519777
Rg norm w/0.427,No regr out,All,1,Linear,90/10,-1.1821357974710844,0.1496882530791229
Rg norm w/0.427,No regr out,Inliers,1,Linear,90/10,0.0693774173593753,0.09171870802388703
Rg norm w/0.427,No regr out,All,1,Ridge,90/10,-0.29378796826853226,0.11525993945652158
Rg norm w/0.427,No regr out,Inliers,1,Ridge,90/10,-0.07141945285470874,0.09841264370576133
Rg norm w/0.427,No regr out,All,1,Lasso,90/10,-0.33041910230512483,0.11688023309593182
Rg norm w/0.427,No regr out,Inliers,1,Lasso,90/10,-0.026575960288731215,0.09633113560359699
Rg norm w/0.427,No regr out,All,1,Kernel Ridge,90/10,-26.90472709489355,0.5352858002875246
Rg norm w/0.427,No regr out,Inliers,1,Kernel Ridge,90/10,-7.429186655887133,0.27603488453873315
Rg norm w/0.427,No regr out,All,1,GPR,90/10,-30.38577665882031,0.5676926522200849
Rg norm w/0.427,No regr out,Inliers,1,GPR,90/10,-7.167471078564267,0.27171582797748894
Rg norm w/0.427,No regr out,All,2,Linear,80/20,-4.061691693114043,0.201469408907687
Rg norm w/0.427,No regr out,Inliers,2,Linear,80/20,-0.049491425543086276,0.10146354057023144
Rg norm w/0.427,No regr out,All,2,Ridge,80/20,-0.8378557289275326,0.1213995218073425
Rg norm w/0.427,No regr out,Inliers,2,Ridge,80/20,-0.07644084091963976,0.1027580014451688
Rg norm w/0.427,No regr out,All,2,Lasso,80/20,-0.914888128603534,0.1239175936301983
Rg norm w/0.427,No regr out,Inliers,2,Lasso,80/20,-0.04668590206032541,0.10132783253478964
Rg norm w/0.427,No regr out,All,2,Kernel Ridge,80/20,-20.855692953647296,0.41864273424724957
Rg norm w/0.427,No regr out,Inliers,2,Kernel Ridge,80/20,-8.613779889204299,0.30709139898429577
Rg norm w/0.427,No regr out,All,2,GPR,80/20,-12.636403969157197,0.33068248840743186
Rg norm w/0.427,No regr out,Inliers,2,GPR,80/20,-13.272636019706914,0.37417318515547826
Rg norm w/0.427,No regr out,All,2,Linear,85/15,-2.3593484762801986,0.17609413578545932
Rg norm w/0.427,No regr out,Inliers,2,Linear,85/15,-0.16828469311629868,0.10005628585129299
Rg norm w/0.427,No regr out,All,2,Ridge,85/15,-0.6007185213532935,0.12155556604744326
Rg norm w/0.427,No regr out,Inliers,2,Ridge,85/15,-0.3077469014543668,0.10585999865208628
Rg norm w/0.427,No regr out,All,2,Lasso,85/15,-0.7785019974170906,0.1281281464902662
Rg norm w/0.427,No regr out,Inliers,2,Lasso,85/15,-0.12932526011311074,0.09837382439922876
Rg norm w/0.427,No regr out,All,2,Kernel Ridge,85/15,-21.84226860824929,0.45918424869563185
Rg norm w/0.427,No regr out,Inliers,2,Kernel Ridge,85/15,-8.628758695798977,0.28724679112435364
Rg norm w/0.427,No regr out,All,2,GPR,85/15,-25.56221521467246,0.4951645108294224
Rg norm w/0.427,No regr out,Inliers,2,GPR,85/15,-9.145266977716787,0.29485043604292077
Rg norm w/0.427,No regr out,All,2,Linear,90/10,-1.3663504930904473,0.15587855402110015
Rg norm w/0.427,No regr out,Inliers,2,Linear,90/10,0.062451812058980316,0.09205935640843083
Rg norm w/0.427,No regr out,All,2,Ridge,90/10,-0.2693646747078007,0.11416685489932717
Rg norm w/0.427,No regr out,Inliers,2,Ridge,90/10,-0.02323439388680071,0.09617422599618496
Rg norm w/0.427,No regr out,All,2,Lasso,90/10,-0.42135695763084424,0.12080875618432542
Rg norm w/0.427,No regr out,Inliers,2,Lasso,90/10,-0.016919530727525833,0.09587699839687473
Rg norm w/0.427,No regr out,All,2,Kernel Ridge,90/10,-28.24486869299098,0.5479887857057141
Rg norm w/0.427,No regr out,Inliers,2,Kernel Ridge,90/10,-7.417478159416628,0.2758431058586842
Rg norm w/0.427,No regr out,All,2,GPR,90/10,-32.76742342634422,0.5888379539036116
Rg norm w/0.427,No regr out,Inliers,2,GPR,90/10,-13.371928966353543,0.360436418815331
Rg norm w/0.427,No regr out,All,1,Linear,80/20,-4.097460946776812,0.20218001361280008
Rg norm w/0.427,No regr out,Inliers,1,Linear,80/20,-0.01051852001373943,0.09956179187501336
Rg norm w/0.427,No regr out,All,1,Ridge,80/20,-0.7761331229508135,0.11934356987765112
Rg norm w/0.427,No regr out,Inliers,1,Ridge,80/20,-0.04052493524641454,0.10102917618712551
Rg norm w/0.427,No regr out,All,1,Lasso,80/20,-0.7977196970761935,0.12006661207286762
Rg norm w/0.427,No regr out,Inliers,1,Lasso,80/20,-0.039751697427842236,0.10099163066771223
Rg norm w/0.427,No regr out,All,1,Kernel Ridge,80/20,-20.003913479960715,0.4104038045819781
Rg norm w/0.427,No regr out,Inliers,1,Kernel Ridge,80/20,-8.614969189337135,0.30711039320671646
Rg norm w/0.427,No regr out,All,1,GPR,80/20,-12.636403969145325,0.330682488407288
Rg norm w/0.427,No regr out,Inliers,1,GPR,80/20,-8.613428635043046,0.3070857889059337
Rg norm w/0.427,No regr out,All,1,Linear,85/15,-2.098327172841085,0.16911456115157475
Rg norm w/0.427,No regr out,Inliers,1,Linear,85/15,-0.11590937358088893,0.0977877598055996
Rg norm w/0.427,No regr out,All,1,Ridge,85/15,-0.5322212164333047,0.11892635296024186
Rg norm w/0.427,No regr out,Inliers,1,Ridge,85/15,-0.2436199625991884,0.10323188953328052
Rg norm w/0.427,No regr out,All,1,Lasso,85/15,-0.6066123054336254,0.12177914189852414
Rg norm w/0.427,No regr out,Inliers,1,Lasso,85/15,-0.12415665194685443,0.09814845139535383
Rg norm w/0.427,No regr out,All,1,Kernel Ridge,85/15,-20.874135782126853,0.4493480039429776
Rg norm w/0.427,No regr out,Inliers,1,Kernel Ridge,85/15,-8.627144553661001,0.28722271343181693
Rg norm w/0.427,No regr out,All,1,GPR,85/15,-23.801029823808438,0.4784672562427267
Rg norm w/0.427,No regr out,Inliers,1,GPR,85/15,-14.986483464714786,0.37012336819830904
Rg norm w/0.427,No regr out,All,1,Linear,90/10,-1.1821357974710844,0.1496882530791229
Rg norm w/0.427,No regr out,Inliers,1,Linear,90/10,0.0693774173593753,0.09171870802388703
Rg norm w/0.427,No regr out,All,1,Ridge,90/10,-0.29378796826853226,0.11525993945652158
Rg norm w/0.427,No regr out,Inliers,1,Ridge,90/10,-0.07141945285470874,0.09841264370576133
Rg norm w/0.427,No regr out,All,1,Lasso,90/10,-0.33041910230512483,0.11688023309593182
Rg norm w/0.427,No regr out,Inliers,1,Lasso,90/10,-0.026575960288731215,0.09633113560359699
Rg norm w/0.427,No regr out,All,1,Kernel Ridge,90/10,-26.90472709489355,0.5352858002875246
Rg norm w/0.427,No regr out,Inliers,1,Kernel Ridge,90/10,-7.429186655887133,0.27603488453873315
Rg norm w/0.427,No regr out,All,1,GPR,90/10,-30.38652311691063,0.5676994029890416
Rg norm w/0.427,No regr out,Inliers,1,GPR,90/10,-7.167768667358455,0.2717207780316917
Rg norm w/0.5,No regr out,All,1,Linear,80/20,-4.085073652963379,0.2113423219245127
Rg norm w/0.5,No regr out,Inliers,1,Linear,80/20,0.00871760397178667,0.07112432689645136
Rg norm w/0.5,No regr out,All,1,Ridge,80/20,-0.7813339232788619,0.12508652278410026
Rg norm w/0.5,No regr out,Inliers,1,Ridge,80/20,-0.01672701063939641,0.07203136639140531
Rg norm w/0.5,No regr out,All,1,Lasso,80/20,-0.8009159072887813,0.12577217396955803
Rg norm w/0.5,No regr out,Inliers,1,Lasso,80/20,-0.004241338683104834,0.07158771820448563
Rg norm w/0.5,No regr out,All,1,Kernel Ridge,80/20,-19.968111053159614,0.42915828857619787
Rg norm w/0.5,No regr out,Inliers,1,Kernel Ridge,80/20,-8.150262174525203,0.21609078210957375
Rg norm w/0.5,No regr out,All,1,GPR,80/20,-22.47665381291264,0.454104649525565
Rg norm w/0.5,No regr out,Inliers,1,GPR,80/20,-8.16373073311083,0.21624975903841998
Rg norm w/0.5,No regr out,All,1,Linear,85/15,-2.0943151938842366,0.17686024039421377
Rg norm w/0.5,No regr out,Inliers,1,Linear,85/15,-0.2149811684984213,0.06972283350899641
Rg norm w/0.5,No regr out,All,1,Ridge,85/15,-0.5421089758064739,0.12485486475657051
Rg norm w/0.5,No regr out,Inliers,1,Ridge,85/15,-0.21792190556670077,0.06980716099026953
Rg norm w/0.5,No regr out,All,1,Lasso,85/15,-0.6124293199402897,0.12766982979354674
Rg norm w/0.5,No regr out,Inliers,1,Lasso,85/15,-0.16285583626466882,0.06821080790816317
Rg norm w/0.5,No regr out,All,1,Kernel Ridge,85/15,-20.837004164449,0.46983402467455737
Rg norm w/0.5,No regr out,Inliers,1,Kernel Ridge,85/15,-8.916447737257005,0.19919036100013768
Rg norm w/0.5,No regr out,All,1,GPR,85/15,-10.514712497673019,0.34117286736566893
Rg norm w/0.5,No regr out,Inliers,1,GPR,85/15,-8.847062134401236,0.19849226804579206
Rg norm w/0.5,No regr out,All,1,Linear,90/10,-1.1763998436892242,0.15680221811901354
Rg norm w/0.5,No regr out,Inliers,1,Linear,90/10,-0.029993805079005842,0.06416229490727458
Rg norm w/0.5,No regr out,All,1,Ridge,90/10,-0.2906007258785106,0.12074768452303995
Rg norm w/0.5,No regr out,Inliers,1,Ridge,90/10,-0.1933298427369441,0.06906258558041134
Rg norm w/0.5,No regr out,All,1,Lasso,90/10,-0.32285243998563606,0.12224709855036826
Rg norm w/0.5,No regr out,Inliers,1,Lasso,90/10,-0.1333843688016081,0.06730559875310776
Rg norm w/0.5,No regr out,All,1,Kernel Ridge,90/10,-26.74641526442877,0.5598688434498468
Rg norm w/0.5,No regr out,Inliers,1,Kernel Ridge,90/10,-8.14803241330448,0.1912169691068699
Rg norm w/0.5,No regr out,All,1,GPR,90/10,-30.203251882656303,0.5937215154833035
Rg norm w/0.5,No regr out,Inliers,1,GPR,90/10,-7.885278319059395,0.18845085004317466
Rg norm w/0.5,No regr out,All,2,Linear,80/20,-4.047180404418594,0.21055340292522454
Rg norm w/0.5,No regr out,Inliers,2,Linear,80/20,-0.037067310258909414,0.07274831606473726
Rg norm w/0.5,No regr out,All,2,Ridge,80/20,-0.8362816650804272,0.1270011049920895
Rg norm w/0.5,No regr out,Inliers,2,Ridge,80/20,-0.05992921101370707,0.07354580452503731
Rg norm w/0.5,No regr out,All,2,Lasso,80/20,-0.8896682869164143,0.12883404365065262
Rg norm w/0.5,No regr out,Inliers,2,Lasso,80/20,-0.01335168564075273,0.07191170231757818
Rg norm w/0.5,No regr out,All,2,Kernel Ridge,80/20,-20.818937579230077,0.4377787235072729
Rg norm w/0.5,No regr out,Inliers,2,Kernel Ridge,80/20,-8.149419388025537,0.2160808303407558
Rg norm w/0.5,No regr out,All,2,GPR,80/20,-24.04858714637836,0.4690611543669744
Rg norm w/0.5,No regr out,Inliers,2,GPR,80/20,-8.451760067689268,0.21962198717549591
Rg norm w/0.5,No regr out,All,2,Linear,85/15,-2.3535331208900536,0.18411926649552268
Rg norm w/0.5,No regr out,Inliers,2,Linear,85/15,-0.2748320094043113,0.07141948838305266
Rg norm w/0.5,No regr out,All,2,Ridge,85/15,-0.6016017411613908,0.12724045171144474
Rg norm w/0.5,No regr out,Inliers,2,Ridge,85/15,-0.4263971131343338,0.07554582714623143
Rg norm w/0.5,No regr out,All,2,Lasso,85/15,-0.7515933521761979,0.13306522731186576
Rg norm w/0.5,No regr out,Inliers,2,Lasso,85/15,-0.1787218424399586,0.06867456555514022
Rg norm w/0.5,No regr out,All,2,Kernel Ridge,85/15,-21.80425005262246,0.4801266728194878
Rg norm w/0.5,No regr out,Inliers,2,Kernel Ridge,85/15,-8.918452849602195,0.19921049819416212
Rg norm w/0.5,No regr out,All,2,GPR,85/15,-25.51603164834635,0.5177286522004784
Rg norm w/0.5,No regr out,Inliers,2,GPR,85/15,-9.477168348961857,0.20474448676024917
Rg norm w/0.5,No regr out,All,2,Linear,90/10,-1.3582784021574166,0.16322263914953705
Rg norm w/0.5,No regr out,Inliers,2,Linear,90/10,-0.039632969658895956,0.0644618261586631
Rg norm w/0.5,No regr out,All,2,Ridge,90/10,-0.2650731620992739,0.11954754999777194
Rg norm w/0.5,No regr out,Inliers,2,Ridge,90/10,-0.14348090514290934,0.06760472353744759
Rg norm w/0.5,No regr out,All,2,Lasso,90/10,-0.3936979377545138,0.1254778843600493
Rg norm w/0.5,No regr out,Inliers,2,Lasso,90/10,-0.12429110336603433,0.0670350549587471
Rg norm w/0.5,No regr out,All,2,Kernel Ridge,90/10,-28.079052148670065,0.5731561833353598
Rg norm w/0.5,No regr out,Inliers,2,Kernel Ridge,90/10,-8.135198897947589,0.19108279560049907
Rg norm w/0.5,No regr out,All,2,GPR,90/10,-32.56864681160224,0.6158143094806532
Rg norm w/0.5,No regr out,Inliers,2,GPR,90/10,-8.739339322649325,0.19730011177604515
Rg norm w/0.5,No regr out,All,1,Linear,80/20,-4.085073652963379,0.2113423219245127
Rg norm w/0.5,No regr out,Inliers,1,Linear,80/20,0.00871760397178667,0.07112432689645136
Rg norm w/0.5,No regr out,All,1,Ridge,80/20,-0.7813339232788619,0.12508652278410026
Rg norm w/0.5,No regr out,Inliers,1,Ridge,80/20,-0.01672701063939641,0.07203136639140531
Rg norm w/0.5,No regr out,All,1,Lasso,80/20,-0.8009159072887813,0.12577217396955803
Rg norm w/0.5,No regr out,Inliers,1,Lasso,80/20,-0.004241338683104834,0.07158771820448563
Rg norm w/0.5,No regr out,All,1,Kernel Ridge,80/20,-19.968111053159614,0.42915828857619787
Rg norm w/0.5,No regr out,Inliers,1,Kernel Ridge,80/20,-8.150262174525203,0.21609078210957375
Rg norm w/0.5,No regr out,All,1,GPR,80/20,-22.477692215103932,0.4541146922269818
Rg norm w/0.5,No regr out,Inliers,1,GPR,80/20,-8.163744472963383,0.21624992115790911
Rg norm w/0.5,No regr out,All,1,Linear,85/15,-2.0943151938842366,0.17686024039421377
Rg norm w/0.5,No regr out,Inliers,1,Linear,85/15,-0.2149811684984213,0.06972283350899641
Rg norm w/0.5,No regr out,All,1,Ridge,85/15,-0.5421089758064739,0.12485486475657051
Rg norm w/0.5,No regr out,Inliers,1,Ridge,85/15,-0.21792190556670077,0.06980716099026953
Rg norm w/0.5,No regr out,All,1,Lasso,85/15,-0.6124293199402897,0.12766982979354674
Rg norm w/0.5,No regr out,Inliers,1,Lasso,85/15,-0.16285583626466882,0.06821080790816317
Rg norm w/0.5,No regr out,All,1,Kernel Ridge,85/15,-20.837004164449,0.46983402467455737
Rg norm w/0.5,No regr out,Inliers,1,Kernel Ridge,85/15,-8.916447737257005,0.19919036100013768
Rg norm w/0.5,No regr out,All,1,GPR,85/15,-10.514712497737639,0.3411728673666262
Rg norm w/0.5,No regr out,Inliers,1,GPR,85/15,-8.847064921644169,0.19849229613773078
Rg norm w/0.5,No regr out,All,1,Linear,90/10,-1.1763998436892242,0.15680221811901354
Rg norm w/0.5,No regr out,Inliers,1,Linear,90/10,-0.029993805079005842,0.06416229490727458
Rg norm w/0.5,No regr out,All,1,Ridge,90/10,-0.2906007258785106,0.12074768452303995
Rg norm w/0.5,No regr out,Inliers,1,Ridge,90/10,-0.1933298427369441,0.06906258558041134
Rg norm w/0.5,No regr out,All,1,Lasso,90/10,-0.32285243998563606,0.12224709855036826
Rg norm w/0.5,No regr out,Inliers,1,Lasso,90/10,-0.1333843688016081,0.06730559875310776
Rg norm w/0.5,No regr out,All,1,Kernel Ridge,90/10,-26.74641526442877,0.5598688434498468
Rg norm w/0.5,No regr out,Inliers,1,Kernel Ridge,90/10,-8.14803241330448,0.1912169691068699
Rg norm w/0.5,No regr out,All,1,GPR,90/10,-29.249326063246915,0.5845756355873628
Rg norm w/0.5,No regr out,Inliers,1,GPR,90/10,-7.885205853263157,0.1884500815659107
Rg norm w/0.418,No regr out,All,1,Linear,80/20,-3.9893145587333123,0.1414882152365694
Rg norm w/0.418,No regr out,Inliers,1,Linear,80/20,-0.009109736032020255,0.10384326552104879
Rg norm w/0.418,No regr out,All,1,Ridge,80/20,-0.6894703890585385,0.08233322323039424
Rg norm w/0.418,No regr out,Inliers,1,Ridge,80/20,-0.039248091845960564,0.10538256292494937
Rg norm w/0.418,No regr out,All,1,Lasso,80/20,-0.7438435061444844,0.08364761829531518
Rg norm w/0.418,No regr out,Inliers,1,Lasso,80/20,-0.039359812079798884,0.10538822713942791
Rg norm w/0.418,No regr out,All,1,Kernel Ridge,80/20,-19.450963025615273,0.28645519799385
Rg norm w/0.418,No regr out,Inliers,1,Kernel Ridge,80/20,-8.635444746861978,0.3208817527920553
Rg norm w/0.418,No regr out,All,1,GPR,80/20,-21.931853838672037,0.30333282380086696
Rg norm w/0.418,No regr out,Inliers,1,GPR,80/20,-8.631545748933068,0.32081682356903063
Rg norm w/0.418,No regr out,All,1,Linear,85/15,-2.016478933350213,0.11804112213828657
Rg norm w/0.418,No regr out,Inliers,1,Linear,85/15,-0.10136052532639717,0.10199750966518693
Rg norm w/0.418,No regr out,All,1,Ridge,85/15,-0.4194951972303007,0.08097484862650033
Rg norm w/0.418,No regr out,Inliers,1,Ridge,85/15,-0.22748602993800615,0.10767951582060319
Rg norm w/0.418,No regr out,All,1,Lasso,85/15,-0.44716582039301156,0.08176027234294224
Rg norm w/0.418,No regr out,Inliers,1,Lasso,85/15,-0.11715216126633266,0.10272614249086723
Rg norm w/0.418,No regr out,All,1,Kernel Ridge,85/15,-20.325411458954918,0.31385705168902245
Rg norm w/0.418,No regr out,Inliers,1,Kernel Ridge,85/15,-8.567181726350457,0.30061927751409906
Rg norm w/0.418,No regr out,All,1,GPR,85/15,-23.204310705577264,0.33437172116278113
Rg norm w/0.418,No regr out,Inliers,1,GPR,85/15,-8.480945329889227,0.2992613537436003
Rg norm w/0.418,No regr out,All,1,Linear,90/10,-1.1741021946464723,0.10313846770833984
Rg norm w/0.418,No regr out,Inliers,1,Linear,90/10,0.0832747118786682,0.09589202696344613
Rg norm w/0.418,No regr out,All,1,Ridge,90/10,-0.29300445398302477,0.07953910652574507
Rg norm w/0.418,No regr out,Inliers,1,Ridge,90/10,-0.05451599251085382,0.10284649090414245
Rg norm w/0.418,No regr out,All,1,Lasso,90/10,-0.38967705862056023,0.08245891988778223
Rg norm w/0.418,No regr out,Inliers,1,Lasso,90/10,-0.08982120939833149,0.10455396827322552
Rg norm w/0.418,No regr out,All,1,Kernel Ridge,90/10,-27.388344668565583,0.3726925680428604
Rg norm w/0.418,No regr out,Inliers,1,Kernel Ridge,90/10,-7.3250254995534245,0.2889719437586002
Rg norm w/0.418,No regr out,All,1,GPR,90/10,-30.990152609026175,0.3956296699059259
Rg norm w/0.418,No regr out,Inliers,1,GPR,90/10,-7.063746719383323,0.28440113948774315
Rg norm w/0.418,No regr out,All,2,Linear,80/20,-3.9729356283625785,0.1412557854469902
Rg norm w/0.418,No regr out,Inliers,2,Linear,80/20,-0.046793660530637604,0.10576444153172128
Rg norm w/0.418,No regr out,All,2,Ridge,80/20,-0.6884977597890831,0.08230952017170644
Rg norm w/0.418,No regr out,Inliers,2,Ridge,80/20,-0.07390338435695587,0.10712522426622459
Rg norm w/0.418,No regr out,All,2,Lasso,80/20,-0.8304722550919228,0.0857001142395305
Rg norm w/0.418,No regr out,Inliers,2,Lasso,80/20,-0.04840285655657994,0.10584570413713792
Rg norm w/0.418,No regr out,All,2,Kernel Ridge,80/20,-20.274247383727392,0.292164152235035
Rg norm w/0.418,No regr out,Inliers,2,Kernel Ridge,80/20,-8.63421694751606,0.3208613079154539
Rg norm w/0.418,No regr out,All,2,GPR,80/20,-23.46146697097344,0.3132860627857883
Rg norm w/0.418,No regr out,Inliers,2,GPR,80/20,-8.954196252362149,0.3261461363160411
Rg norm w/0.418,No regr out,All,2,Linear,85/15,-2.280347608048673,0.1230957658207107
Rg norm w/0.418,No regr out,Inliers,2,Linear,85/15,-0.1522307136163228,0.10432647624200204
Rg norm w/0.418,No regr out,All,2,Ridge,85/15,-0.5349120003429844,0.08420248755611937
Rg norm w/0.418,No regr out,Inliers,2,Ridge,85/15,-0.2895939910102918,0.11037006935317976
Rg norm w/0.418,No regr out,All,2,Lasso,85/15,-0.6175371650965098,0.08643911566133593
Rg norm w/0.418,No regr out,Inliers,2,Lasso,85/15,-0.11981776777721564,0.10284862550403874
Rg norm w/0.418,No regr out,All,2,Kernel Ridge,85/15,-21.261113647004386,0.3206687393833364
Rg norm w/0.418,No regr out,Inliers,2,Kernel Ridge,85/15,-8.56874717025183,0.30064387113941615
Rg norm w/0.418,No regr out,All,2,GPR,85/15,-24.91450745253251,0.3459829206358115
Rg norm w/0.418,No regr out,Inliers,2,GPR,85/15,-9.078121468575297,0.3085422265853113
Rg norm w/0.418,No regr out,All,2,Linear,90/10,-1.3716951161254975,0.10772341862354094
Rg norm w/0.418,No regr out,Inliers,2,Linear,90/10,0.07664694516194315,0.09623804413862991
Rg norm w/0.418,No regr out,All,2,Ridge,90/10,-0.26732551173706254,0.07874532621576648
Rg norm w/0.418,No regr out,Inliers,2,Ridge,90/10,-0.006701467795334315,0.10048777817786367
Rg norm w/0.418,No regr out,All,2,Lasso,90/10,-0.520788730007745,0.08626112949932255
Rg norm w/0.418,No regr out,Inliers,2,Lasso,90/10,-0.09421979690539439,0.10476474902914462
Rg norm w/0.418,No regr out,All,2,Kernel Ridge,90/10,-28.749540458653286,0.38152309147831154
Rg norm w/0.418,No regr out,Inliers,2,Kernel Ridge,90/10,-7.313483163957386,0.28877154989430287
Rg norm w/0.418,No regr out,All,2,GPR,90/10,-33.42369895257422,0.41040199689461504
Rg norm w/0.418,No regr out,Inliers,2,GPR,90/10,-7.832343570171263,0.2976465617569238
Rg norm w/0.418,No regr out,All,1,Linear,80/20,-3.9893145587333123,0.1414882152365694
Rg norm w/0.418,No regr out,Inliers,1,Linear,80/20,-0.009109736032020255,0.10384326552104879
Rg norm w/0.418,No regr out,All,1,Ridge,80/20,-0.6894703890585385,0.08233322323039424
Rg norm w/0.418,No regr out,Inliers,1,Ridge,80/20,-0.039248091845960564,0.10538256292494937
Rg norm w/0.418,No regr out,All,1,Lasso,80/20,-0.7438435061444844,0.08364761829531518
Rg norm w/0.418,No regr out,Inliers,1,Lasso,80/20,-0.039359812079798884,0.10538822713942791
Rg norm w/0.418,No regr out,All,1,Kernel Ridge,80/20,-19.450963025615273,0.28645519799385
Rg norm w/0.418,No regr out,Inliers,1,Kernel Ridge,80/20,-8.635444746861978,0.3208817527920553
Rg norm w/0.418,No regr out,All,1,GPR,80/20,-12.499213708866245,0.23273090695451043
Rg norm w/0.418,No regr out,Inliers,1,GPR,80/20,-8.631606389537634,0.320817833505339
Rg norm w/0.418,No regr out,All,1,Linear,85/15,-2.016478933350213,0.11804112213828657
Rg norm w/0.418,No regr out,Inliers,1,Linear,85/15,-0.10136052532639717,0.10199750966518693
Rg norm w/0.418,No regr out,All,1,Ridge,85/15,-0.4194951972303007,0.08097484862650033
Rg norm w/0.418,No regr out,Inliers,1,Ridge,85/15,-0.22748602993800615,0.10767951582060319
Rg norm w/0.418,No regr out,All,1,Lasso,85/15,-0.44716582039301156,0.08176027234294224
Rg norm w/0.418,No regr out,Inliers,1,Lasso,85/15,-0.11715216126633266,0.10272614249086723
Rg norm w/0.418,No regr out,All,1,Kernel Ridge,85/15,-20.325411458954918,0.31385705168902245
Rg norm w/0.418,No regr out,Inliers,1,Kernel Ridge,85/15,-8.567181726350457,0.30061927751409906
Rg norm w/0.418,No regr out,All,1,GPR,85/15,-23.204309484040966,0.33437171272529237
Rg norm w/0.418,No regr out,Inliers,1,GPR,85/15,-8.480967171040552,0.2992616984459755
Rg norm w/0.418,No regr out,All,1,Linear,90/10,-1.1741021946464723,0.10313846770833984
Rg norm w/0.418,No regr out,Inliers,1,Linear,90/10,0.0832747118786682,0.09589202696344613
Rg norm w/0.418,No regr out,All,1,Ridge,90/10,-0.29300445398302477,0.07953910652574507
Rg norm w/0.418,No regr out,Inliers,1,Ridge,90/10,-0.05451599251085382,0.10284649090414245
Rg norm w/0.418,No regr out,All,1,Lasso,90/10,-0.38967705862056023,0.08245891988778223
Rg norm w/0.418,No regr out,Inliers,1,Lasso,90/10,-0.08982120939833149,0.10455396827322552
Rg norm w/0.418,No regr out,All,1,Kernel Ridge,90/10,-27.388344668565583,0.3726925680428604
Rg norm w/0.418,No regr out,Inliers,1,Kernel Ridge,90/10,-7.3250254995534245,0.2889719437586002
Rg norm w/0.418,No regr out,All,1,GPR,90/10,-30.990379151798827,0.3956310707570688
Rg norm w/0.418,No regr out,Inliers,1,GPR,90/10,-7.063749490695878,0.2844011883585974
Rg w/no norm,pH regr out,All,1,Linear,80/20,-1.4364535738540045,1.7231040156309023
Rg w/no norm,pH regr out,Inliers,1,Linear,80/20,0.3895247570955812,0.8677259470963992
Rg w/no norm,pH regr out,All,1,Ridge,80/20,-0.18643729194202074,1.2024161999716945
Rg w/no norm,pH regr out,Inliers,1,Ridge,80/20,0.3826126225513483,0.8726245537983967
Rg w/no norm,pH regr out,All,1,Lasso,80/20,-0.1520863268204622,1.1848815458289235
Rg w/no norm,pH regr out,Inliers,1,Lasso,80/20,0.3806544137350475,0.87400733901372
Rg w/no norm,pH regr out,All,1,Kernel Ridge,80/20,-5.2862164643887155,2.767751470791269
Rg w/no norm,pH regr out,Inliers,1,Kernel Ridge,80/20,0.13956843446535872,1.030164840002865
Rg w/no norm,pH regr out,All,1,GPR,80/20,-0.1192012443456616,1.1678485248722767
Rg w/no norm,pH regr out,Inliers,1,GPR,80/20,-0.00705799273106944,1.114489025437983
Rg w/no norm,pH regr out,All,1,Linear,85/15,-0.7136835856071277,1.5152891335886431
Rg w/no norm,pH regr out,Inliers,1,Linear,85/15,0.48269018985936274,0.8294576497784827
Rg w/no norm,pH regr out,All,1,Ridge,85/15,0.08062937707616402,1.1098786611524287
Rg w/no norm,pH regr out,Inliers,1,Ridge,85/15,0.47176972126071615,0.8381668989138145
Rg w/no norm,pH regr out,All,1,Lasso,85/15,0.05424288595979221,1.1256930862914218
Rg w/no norm,pH regr out,Inliers,1,Lasso,85/15,0.4639575313786408,0.8443421284747177
Rg w/no norm,pH regr out,All,1,Kernel Ridge,85/15,-6.375352631817113,3.1435587786428836
Rg w/no norm,pH regr out,Inliers,1,Kernel Ridge,85/15,0.05926528945944054,1.1185423810639405
Rg w/no norm,pH regr out,All,1,GPR,85/15,-0.09790181346662807,1.2128635420223677
Rg w/no norm,pH regr out,Inliers,1,GPR,85/15,0.09267955469023725,1.0984978425309821
Rg w/no norm,pH regr out,All,1,Linear,90/10,-0.5305819973463208,1.4450008142128352
Rg w/no norm,pH regr out,Inliers,1,Linear,90/10,0.6071162935828525,0.8104587360461541
Rg w/no norm,pH regr out,All,1,Ridge,90/10,0.2594820100334143,1.0050961239669847
Rg w/no norm,pH regr out,Inliers,1,Ridge,90/10,0.5960433072731774,0.8218003138247089
Rg w/no norm,pH regr out,All,1,Lasso,90/10,0.25302985672605083,1.0094653422072062
Rg w/no norm,pH regr out,Inliers,1,Lasso,90/10,0.5803725925895007,0.8375887234155113
Rg w/no norm,pH regr out,All,1,Kernel Ridge,90/10,-9.42357475584974,3.7709270776520047
Rg w/no norm,pH regr out,Inliers,1,Kernel Ridge,90/10,0.0642596971467112,1.2507674378782063
Rg w/no norm,pH regr out,All,1,GPR,90/10,-12.2920407839194,4.258293817290514
Rg w/no norm,pH regr out,Inliers,1,GPR,90/10,0.032055951493488166,1.2721081228968618
Rg w/no norm,pH regr out,All,2,Linear,80/20,-1.4064766017648584,1.7124710804526904
Rg w/no norm,pH regr out,Inliers,2,Linear,80/20,0.3946256383529305,0.8640931612368487
Rg w/no norm,pH regr out,All,2,Ridge,80/20,-0.07313422052965257,1.1435612912311584
Rg w/no norm,pH regr out,Inliers,2,Ridge,80/20,0.3870187383503333,0.8695051432621252
Rg w/no norm,pH regr out,All,2,Lasso,80/20,-0.0472550295817038,1.1296883543078728
Rg w/no norm,pH regr out,Inliers,2,Lasso,80/20,0.38817558338188785,0.8686842717260223
Rg w/no norm,pH regr out,All,2,Kernel Ridge,80/20,-6.5265914976117845,3.028528026901482
Rg w/no norm,pH regr out,Inliers,2,Kernel Ridge,80/20,0.13816407615242232,1.0310051919713543
Rg w/no norm,pH regr out,All,2,GPR,80/20,-0.11920124434986978,1.1678485248744723
Rg w/no norm,pH regr out,Inliers,2,GPR,80/20,0.13009507257918673,1.035820379367245
Rg w/no norm,pH regr out,All,2,Linear,85/15,-0.8232349652858117,1.5629731264545952
Rg w/no norm,pH regr out,Inliers,2,Linear,85/15,0.4865885298357563,0.8263264287236561
Rg w/no norm,pH regr out,All,2,Ridge,85/15,-0.03895094317729675,1.1798524840482087
Rg w/no norm,pH regr out,Inliers,2,Ridge,85/15,0.47513938985435744,0.8354892188807191
Rg w/no norm,pH regr out,All,2,Lasso,85/15,-0.01991433720816893,1.1689933451168555
Rg w/no norm,pH regr out,Inliers,2,Lasso,85/15,0.46882840498527467,0.8404972193187944
Rg w/no norm,pH regr out,All,2,Kernel Ridge,85/15,-7.853782136317998,3.444249515369489
Rg w/no norm,pH regr out,Inliers,2,Kernel Ridge,85/15,0.058026180811960315,1.1192787945413065
Rg w/no norm,pH regr out,All,2,GPR,85/15,-0.09790181340844994,1.2128635419902327
Rg w/no norm,pH regr out,Inliers,2,GPR,85/15,0.073560073326155,1.1100115337822682
Rg w/no norm,pH regr out,All,2,Linear,90/10,-0.5771430462232234,1.4668149715730558
Rg w/no norm,pH regr out,Inliers,2,Linear,90/10,0.6074802360084355,0.8100832704144937
Rg w/no norm,pH regr out,All,2,Ridge,90/10,0.2666302241322198,1.0002332679010084
Rg w/no norm,pH regr out,Inliers,2,Ridge,90/10,0.5965709466619472,0.8212634296611524
Rg w/no norm,pH regr out,All,2,Lasso,90/10,0.2684273283856736,0.9990069929253962
Rg w/no norm,pH regr out,Inliers,2,Lasso,90/10,0.5816914698794935,0.8362714284951239
Rg w/no norm,pH regr out,All,2,Kernel Ridge,90/10,-11.6555895871918,4.155095238127782
Rg w/no norm,pH regr out,Inliers,2,Kernel Ridge,90/10,0.06244936606273588,1.2519767526120102
Rg w/no norm,pH regr out,All,2,GPR,90/10,-13.554055067837092,4.455862679176932
Rg w/no norm,pH regr out,Inliers,2,GPR,90/10,0.016220057114971875,1.2824719669894606
Rg w/no norm,pH regr out,All,1,Linear,80/20,-1.4364535738540045,1.7231040156309023
Rg w/no norm,pH regr out,Inliers,1,Linear,80/20,0.3895247570955812,0.8677259470963992
Rg w/no norm,pH regr out,All,1,Ridge,80/20,-0.18643729194202074,1.2024161999716945
Rg w/no norm,pH regr out,Inliers,1,Ridge,80/20,0.3826126225513483,0.8726245537983967
Rg w/no norm,pH regr out,All,1,Lasso,80/20,-0.1520863268204622,1.1848815458289235
Rg w/no norm,pH regr out,Inliers,1,Lasso,80/20,0.3806544137350475,0.87400733901372
Rg w/no norm,pH regr out,All,1,Kernel Ridge,80/20,-5.2862164643887155,2.767751470791269
Rg w/no norm,pH regr out,Inliers,1,Kernel Ridge,80/20,0.13956843446535872,1.030164840002865
Rg w/no norm,pH regr out,All,1,GPR,80/20,-6.681827981200436,3.0596004296894543
Rg w/no norm,pH regr out,Inliers,1,GPR,80/20,0.14421142772360762,1.0273816329794656
Rg w/no norm,pH regr out,All,1,Linear,85/15,-0.7136835856071277,1.5152891335886431
Rg w/no norm,pH regr out,Inliers,1,Linear,85/15,0.48269018985936274,0.8294576497784827
Rg w/no norm,pH regr out,All,1,Ridge,85/15,0.08062937707616402,1.1098786611524287
Rg w/no norm,pH regr out,Inliers,1,Ridge,85/15,0.47176972126071615,0.8381668989138145
Rg w/no norm,pH regr out,All,1,Lasso,85/15,0.05424288595979221,1.1256930862914218
Rg w/no norm,pH regr out,Inliers,1,Lasso,85/15,0.4639575313786408,0.8443421284747177
Rg w/no norm,pH regr out,All,1,Kernel Ridge,85/15,-6.375352631817113,3.1435587786428836
Rg w/no norm,pH regr out,Inliers,1,Kernel Ridge,85/15,0.05926528945944054,1.1185423810639405
Rg w/no norm,pH regr out,All,1,GPR,85/15,-0.09790181351291083,1.2128635420479321
Rg w/no norm,pH regr out,Inliers,1,GPR,85/15,0.030032827862880307,1.1357882663060102
Rg w/no norm,pH regr out,All,1,Linear,90/10,-0.5305819973463208,1.4450008142128352
Rg w/no norm,pH regr out,Inliers,1,Linear,90/10,0.6071162935828525,0.8104587360461541
Rg w/no norm,pH regr out,All,1,Ridge,90/10,0.2594820100334143,1.0050961239669847
Rg w/no norm,pH regr out,Inliers,1,Ridge,90/10,0.5960433072731774,0.8218003138247089
Rg w/no norm,pH regr out,All,1,Lasso,90/10,0.25302985672605083,1.0094653422072062
Rg w/no norm,pH regr out,Inliers,1,Lasso,90/10,0.5803725925895007,0.8375887234155113
Rg w/no norm,pH regr out,All,1,Kernel Ridge,90/10,-9.42357475584974,3.7709270776520047
Rg w/no norm,pH regr out,Inliers,1,Kernel Ridge,90/10,0.0642596971467112,1.2507674378782063
Rg w/no norm,pH regr out,All,1,GPR,90/10,-12.271447788045913,4.254993909507442
Rg w/no norm,pH regr out,Inliers,1,GPR,90/10,0.03164777468688995,1.272376315207606
Rg norm w/0.427,pH regr out,All,1,Linear,80/20,-4.097000165948214,0.20216826888622078
Rg norm w/0.427,pH regr out,Inliers,1,Linear,80/20,-0.010505120887855046,0.09956185523121282
Rg norm w/0.427,pH regr out,All,1,Ridge,80/20,-0.7761012328624519,0.11934095980646085
Rg norm w/0.427,pH regr out,Inliers,1,Ridge,80/20,-0.04051999566228015,0.10102967048505888
Rg norm w/0.427,pH regr out,All,1,Lasso,80/20,-0.7977207800132358,0.12006510022790441
Rg norm w/0.427,pH regr out,Inliers,1,Lasso,80/20,-0.03974529104381985,0.10099205336744309
Rg norm w/0.427,pH regr out,All,1,Kernel Ridge,80/20,-11.347623334551129,0.3146642143197532
Rg norm w/0.427,pH regr out,Inliers,1,Kernel Ridge,80/20,0.05106360088099149,0.09648110616468746
Rg norm w/0.427,pH regr out,All,1,GPR,80/20,-14.091185474091242,0.34787029609767733
Rg norm w/0.427,pH regr out,Inliers,1,GPR,80/20,0.07957764918528987,0.09502049737893298
Rg norm w/0.427,pH regr out,All,1,Linear,85/15,-2.098041309275849,0.1691055391316418
Rg norm w/0.427,pH regr out,Inliers,1,Linear,85/15,-0.11587109506488424,0.09778759649420973
Rg norm w/0.427,pH regr out,All,1,Ridge,85/15,-0.5322061309695025,0.118924909356304
Rg norm w/0.427,pH regr out,Inliers,1,Ridge,85/15,-0.24358718191813544,0.10323212715104572
Rg norm w/0.427,pH regr out,All,1,Lasso,85/15,-0.6066308515071559,0.12177896602736653
Rg norm w/0.427,pH regr out,Inliers,1,Lasso,85/15,-0.12413600025481708,0.09814906933982716
Rg norm w/0.427,pH regr out,All,1,Kernel Ridge,85/15,-13.066048409794023,0.36032988663514287
Rg norm w/0.427,pH regr out,Inliers,1,Kernel Ridge,85/15,0.03748707700976939,0.09081969569585285
Rg norm w/0.427,pH regr out,All,1,GPR,85/15,0.034196018909312786,0.0944188544100921
Rg norm w/0.427,pH regr out,Inliers,1,GPR,85/15,0.07611408236667128,0.0889786744309166
Rg norm w/0.427,pH regr out,All,1,Linear,90/10,-1.1818707564531383,0.14969518240415675
Rg norm w/0.427,pH regr out,Inliers,1,Linear,90/10,0.06941426103979076,0.09171517972811322
Rg norm w/0.427,pH regr out,All,1,Ridge,90/10,-0.29368396286041176,0.11526764233844003
Rg norm w/0.427,pH regr out,Inliers,1,Ridge,90/10,-0.07141291367240199,0.09841050566677129
Rg norm w/0.427,pH regr out,All,1,Lasso,90/10,-0.33034089680274503,0.1168893070809266
Rg norm w/0.427,pH regr out,Inliers,1,Lasso,90/10,-0.026573232742682418,0.09632920877871307
Rg norm w/0.427,pH regr out,All,1,Kernel Ridge,90/10,-17.68678019553176,0.43808718736474145
Rg norm w/0.427,pH regr out,Inliers,1,Kernel Ridge,90/10,-0.11049466224562421,0.10018928165191562
Rg norm w/0.427,pH regr out,All,1,GPR,90/10,0.332468912727382,0.08279975675999986
Rg norm w/0.427,pH regr out,Inliers,1,GPR,90/10,0.002716281895934425,0.09494506352857915
Rg norm w/0.427,pH regr out,All,2,Linear,80/20,-4.061198750125707,0.2014570010169368
Rg norm w/0.427,pH regr out,Inliers,2,Linear,80/20,-0.049476077874779145,0.10146353592449228
Rg norm w/0.427,pH regr out,All,2,Ridge,80/20,-0.8378489282270616,0.12139773200663469
Rg norm w/0.427,pH regr out,Inliers,2,Ridge,80/20,-0.07643068823501276,0.1027582635134339
Rg norm w/0.427,pH regr out,All,2,Lasso,80/20,-0.9149840963860969,0.1239191010601277
Rg norm w/0.427,pH regr out,Inliers,2,Lasso,80/20,-0.04668563050358476,0.10132855566335267
Rg norm w/0.427,pH regr out,All,2,Kernel Ridge,80/20,-14.072780494312916,0.3476581027256175
Rg norm w/0.427,pH regr out,Inliers,2,Kernel Ridge,80/20,0.04943979300626333,0.09656361950058155
Rg norm w/0.427,pH regr out,All,2,GPR,80/20,-15.966574342293672,0.36885251642003936
Rg norm w/0.427,pH regr out,Inliers,2,GPR,80/20,0.06264002695033155,0.09589079593954286
Rg norm w/0.427,pH regr out,All,2,Linear,85/15,-2.3591400356836476,0.17608740192159167
Rg norm w/0.427,pH regr out,Inliers,2,Linear,85/15,-0.16824758835062115,0.10005624595163257
Rg norm w/0.427,pH regr out,All,2,Ridge,85/15,-0.6007245374375967,0.12155491733568018
Rg norm w/0.427,pH regr out,Inliers,2,Ridge,85/15,-0.3077100962337398,0.10586014784109005
Rg norm w/0.427,pH regr out,All,2,Lasso,85/15,-0.7785934439148614,0.12813051588982932
Rg norm w/0.427,pH regr out,Inliers,2,Lasso,85/15,-0.1293105727178514,0.09837470767481696
Rg norm w/0.427,pH regr out,All,2,Kernel Ridge,85/15,-16.168626312135917,0.398090675477066
Rg norm w/0.427,pH regr out,Inliers,2,Kernel Ridge,85/15,0.035070066317135384,0.09093365496659167
Rg norm w/0.427,pH regr out,All,2,GPR,85/15,-18.435579624542147,0.4235580885259656
Rg norm w/0.427,pH regr out,Inliers,2,GPR,85/15,0.06140890800245069,0.0896840003808025
Rg norm w/0.427,pH regr out,All,2,Linear,90/10,-1.3661022200996635,0.15588705933794
Rg norm w/0.427,pH regr out,Inliers,2,Linear,90/10,0.06249052219678375,0.0920557368344702
Rg norm w/0.427,pH regr out,All,2,Ridge,90/10,-0.2694309734166418,0.11418205589081311
Rg norm w/0.427,pH regr out,Inliers,2,Ridge,90/10,-0.023241121925519304,0.09617274625102995
Rg norm w/0.427,pH regr out,All,2,Lasso,90/10,-0.4214320425828235,0.12082487755471417
Rg norm w/0.427,pH regr out,Inliers,2,Lasso,90/10,-0.016925758707341032,0.09587550160951672
Rg norm w/0.427,pH regr out,All,2,Kernel Ridge,90/10,-21.945271703978335,0.4854448693517337
Rg norm w/0.427,pH regr out,Inliers,2,Kernel Ridge,90/10,-0.11412680912005801,0.10035299478184447
Rg norm w/0.427,pH regr out,All,2,GPR,90/10,-25.18995700610314,0.5186336673613863
Rg norm w/0.427,pH regr out,Inliers,2,GPR,90/10,-0.010910433202169667,0.09559151935472317
Rg norm w/0.427,pH regr out,All,1,Linear,80/20,-4.097000165948214,0.20216826888622078
Rg norm w/0.427,pH regr out,Inliers,1,Linear,80/20,-0.010505120887855046,0.09956185523121282
Rg norm w/0.427,pH regr out,All,1,Ridge,80/20,-0.7761012328624519,0.11934095980646085
Rg norm w/0.427,pH regr out,Inliers,1,Ridge,80/20,-0.04051999566228015,0.10102967048505888
Rg norm w/0.427,pH regr out,All,1,Lasso,80/20,-0.7977207800132358,0.12006510022790441
Rg norm w/0.427,pH regr out,Inliers,1,Lasso,80/20,-0.03974529104381985,0.10099205336744309
Rg norm w/0.427,pH regr out,All,1,Kernel Ridge,80/20,-11.347623334551129,0.3146642143197532
Rg norm w/0.427,pH regr out,Inliers,1,Kernel Ridge,80/20,0.05106360088099149,0.09648110616468746
Rg norm w/0.427,pH regr out,All,1,GPR,80/20,0.011732196674251627,0.08902110727299803
Rg norm w/0.427,pH regr out,Inliers,1,GPR,80/20,0.06264002694167203,0.09589079593998578
Rg norm w/0.427,pH regr out,All,1,Linear,85/15,-2.098041309275849,0.1691055391316418
Rg norm w/0.427,pH regr out,Inliers,1,Linear,85/15,-0.11587109506488424,0.09778759649420973
Rg norm w/0.427,pH regr out,All,1,Ridge,85/15,-0.5322061309695025,0.118924909356304
Rg norm w/0.427,pH regr out,Inliers,1,Ridge,85/15,-0.24358718191813544,0.10323212715104572
Rg norm w/0.427,pH regr out,All,1,Lasso,85/15,-0.6066308515071559,0.12177896602736653
Rg norm w/0.427,pH regr out,Inliers,1,Lasso,85/15,-0.12413600025481708,0.09814906933982716
Rg norm w/0.427,pH regr out,All,1,Kernel Ridge,85/15,-13.066048409794023,0.36032988663514287
Rg norm w/0.427,pH regr out,Inliers,1,Kernel Ridge,85/15,0.03748707700976939,0.09081969569585285
Rg norm w/0.427,pH regr out,All,1,GPR,85/15,0.0342689520517947,0.0944152893006567
Rg norm w/0.427,pH regr out,Inliers,1,GPR,85/15,0.050367253247708854,0.09020998257431674
Rg norm w/0.427,pH regr out,All,1,Linear,90/10,-1.1818707564531383,0.14969518240415675
Rg norm w/0.427,pH regr out,Inliers,1,Linear,90/10,0.06941426103979076,0.09171517972811322
Rg norm w/0.427,pH regr out,All,1,Ridge,90/10,-0.29368396286041176,0.11526764233844003
Rg norm w/0.427,pH regr out,Inliers,1,Ridge,90/10,-0.07141291367240199,0.09841050566677129
Rg norm w/0.427,pH regr out,All,1,Lasso,90/10,-0.33034089680274503,0.1168893070809266
Rg norm w/0.427,pH regr out,Inliers,1,Lasso,90/10,-0.026573232742682418,0.09632920877871307
Rg norm w/0.427,pH regr out,All,1,Kernel Ridge,90/10,-17.68678019553176,0.43808718736474145
Rg norm w/0.427,pH regr out,Inliers,1,Kernel Ridge,90/10,-0.11049466224562421,0.10018928165191562
Rg norm w/0.427,pH regr out,All,1,GPR,90/10,-22.489083027040945,0.4911637930217074
Rg norm w/0.427,pH regr out,Inliers,1,GPR,90/10,0.0027095016074223377,0.09494538628218359
Rg norm w/0.5,pH regr out,All,1,Linear,80/20,-3.9892485696654294,0.14147913501178022
Rg norm w/0.5,pH regr out,Inliers,1,Linear,80/20,0.008736103142089946,0.07112378365112022
Rg norm w/0.5,pH regr out,All,1,Ridge,80/20,-0.6895326327110127,0.08233000037543745
Rg norm w/0.5,pH regr out,Inliers,1,Ridge,80/20,-0.016727906513932966,0.0720315200766916
Rg norm w/0.5,pH regr out,All,1,Lasso,80/20,-0.7439571665715583,0.08364552901075074
Rg norm w/0.5,pH regr out,Inliers,1,Lasso,80/20,-0.004246911601864856,0.07158803803776967
Rg norm w/0.5,pH regr out,All,1,Kernel Ridge,80/20,-0.9312336607044673,0.08802220352597973
Rg norm w/0.5,pH regr out,Inliers,1,Kernel Ridge,80/20,0.05109458521013177,0.06958756984568341
Rg norm w/0.5,pH regr out,All,1,GPR,80/20,-13.61241005493867,0.24212283513598853
Rg norm w/0.5,pH regr out,Inliers,1,GPR,80/20,0.07677165105829975,0.0686396046783652
Rg norm w/0.5,pH regr out,All,1,Linear,85/15,-2.016433619920846,0.11803396497389776
Rg norm w/0.5,pH regr out,Inliers,1,Linear,85/15,-0.21493905950062153,0.06972187001107846
Rg norm w/0.5,pH regr out,All,1,Ridge,85/15,-0.41955443337010423,0.0809722365148518
Rg norm w/0.5,pH regr out,Inliers,1,Ridge,85/15,-0.21790900393268586,0.06980703629396545
Rg norm w/0.5,pH regr out,All,1,Lasso,85/15,-0.4472093060555016,0.08175715738418328
Rg norm w/0.5,pH regr out,Inliers,1,Lasso,85/15,-0.16285792928590914,0.06821110873584964
Rg norm w/0.5,pH regr out,All,1,Kernel Ridge,85/15,-1.075869749918787,0.09791746466593232
Rg norm w/0.5,pH regr out,Inliers,1,Kernel Ridge,85/15,0.04668808240339051,0.06176028489088556
Rg norm w/0.5,pH regr out,All,1,GPR,85/15,-15.836529335025187,0.27886011073111866
Rg norm w/0.5,pH regr out,Inliers,1,GPR,85/15,0.0577811774258542,0.06139990051178399
Rg norm w/0.5,pH regr out,All,1,Linear,90/10,-1.1739245780023735,0.10314322992565748
Rg norm w/0.5,pH regr out,Inliers,1,Linear,90/10,-0.02994215792487287,0.06415848325440475
Rg norm w/0.5,pH regr out,All,1,Ridge,90/10,-0.29294647089208037,0.07954424488426175
Rg norm w/0.5,pH regr out,Inliers,1,Ridge,90/10,-0.19332474100496677,0.06906006666598452
Rg norm w/0.5,pH regr out,All,1,Lasso,90/10,-0.3896644111596703,0.0824657206707289
Rg norm w/0.5,pH regr out,Inliers,1,Lasso,90/10,-0.13339226185522413,0.067303522143557
Rg norm w/0.5,pH regr out,All,1,Kernel Ridge,90/10,-1.3067173199683388,0.10624675609923867
Rg norm w/0.5,pH regr out,Inliers,1,Kernel Ridge,90/10,-0.13274829879464556,0.06728439939955594
Rg norm w/0.5,pH regr out,All,1,GPR,90/10,-22.836190784571794,0.34153633781554316
Rg norm w/0.5,pH regr out,Inliers,1,GPR,90/10,0.0032716374281971383,0.06311550756664816
Rg norm w/0.5,pH regr out,All,2,Linear,80/20,-3.9728374658264096,0.1412462601425432
Rg norm w/0.5,pH regr out,Inliers,2,Linear,80/20,-0.03705246790875494,0.07274791864489967
Rg norm w/0.5,pH regr out,All,2,Ridge,80/20,-0.6887102157212519,0.08230995997149611
Rg norm w/0.5,pH regr out,Inliers,2,Ridge,80/20,-0.05992887484703302,0.07354591737664608
Rg norm w/0.5,pH regr out,All,2,Lasso,80/20,-0.8307927564972952,0.08570268296010292
Rg norm w/0.5,pH regr out,Inliers,2,Lasso,80/20,-0.013370934623006647,0.07191250705784447
Rg norm w/0.5,pH regr out,All,2,Kernel Ridge,80/20,-7.940487163084338,0.18938929053359008
Rg norm w/0.5,pH regr out,Inliers,2,Kernel Ridge,80/20,0.0496172092189866,0.06964172014283272
Rg norm w/0.5,pH regr out,All,2,GPR,80/20,-15.433100650802238,0.2567642660973317
Rg norm w/0.5,pH regr out,Inliers,2,GPR,80/20,0.06359689378341427,0.06912762411102134
Rg norm w/0.5,pH regr out,All,2,Linear,85/15,-2.280410028725087,0.12309039781038074
Rg norm w/0.5,pH regr out,Inliers,2,Linear,85/15,-0.27480640879623586,0.07141902197451366
Rg norm w/0.5,pH regr out,All,2,Ridge,85/15,-0.5350580813749615,0.08420202109711365
Rg norm w/0.5,pH regr out,Inliers,2,Ridge,85/15,-0.42638367739807825,0.07554573653726314
Rg norm w/0.5,pH regr out,All,2,Lasso,85/15,-0.617585415111823,0.08643581295715441
Rg norm w/0.5,pH regr out,Inliers,2,Lasso,85/15,-0.17873081064784557,0.06867506787714717
Rg norm w/0.5,pH regr out,All,2,Kernel Ridge,85/15,-9.053714068159122,0.21548814101578995
Rg norm w/0.5,pH regr out,Inliers,2,Kernel Ridge,85/15,0.04423594210995685,0.061839664796609004
Rg norm w/0.5,pH regr out,All,2,GPR,85/15,-17.823323287751613,0.29485483957073316
Rg norm w/0.5,pH regr out,Inliers,2,GPR,85/15,0.05778117740272204,0.06139990051253769
Rg norm w/0.5,pH regr out,All,2,Linear,90/10,-1.3715443923545485,0.10772937000882221
Rg norm w/0.5,pH regr out,Inliers,2,Linear,90/10,-0.039579153485593155,0.06445794445235117
Rg norm w/0.5,pH regr out,All,2,Ridge,90/10,-0.2674561734790364,0.07875623866887112
Rg norm w/0.5,pH regr out,Inliers,2,Ridge,90/10,-0.14349317433547926,0.06760276497814151
Rg norm w/0.5,pH regr out,All,2,Lasso,90/10,-0.5208213280297893,0.08626956101214357
Rg norm w/0.5,pH regr out,Inliers,2,Lasso,90/10,-0.12429025013406747,0.06703272784808303
Rg norm w/0.5,pH regr out,All,2,Kernel Ridge,90/10,-12.799186621266221,0.25986347094724943
Rg norm w/0.5,pH regr out,Inliers,2,Kernel Ridge,90/10,-0.13667560960440528,0.0674009381334766
Rg norm w/0.5,pH regr out,All,2,GPR,90/10,-25.590652933090556,0.3607306062414705
Rg norm w/0.5,pH regr out,Inliers,2,GPR,90/10,-0.010533677641710204,0.06355109919839501
Rg norm w/0.5,pH regr out,All,1,Linear,80/20,-3.9892485696654294,0.14147913501178022
Rg norm w/0.5,pH regr out,Inliers,1,Linear,80/20,0.008736103142089946,0.07112378365112022
Rg norm w/0.5,pH regr out,All,1,Ridge,80/20,-0.6895326327110127,0.08233000037543745
Rg norm w/0.5,pH regr out,Inliers,1,Ridge,80/20,-0.016727906513932966,0.0720315200766916
Rg norm w/0.5,pH regr out,All,1,Lasso,80/20,-0.7439571665715583,0.08364552901075074
Rg norm w/0.5,pH regr out,Inliers,1,Lasso,80/20,-0.004246911601864856,0.07158803803776967
Rg norm w/0.5,pH regr out,All,1,Kernel Ridge,80/20,-0.9312336607044673,0.08802220352597973
Rg norm w/0.5,pH regr out,Inliers,1,Kernel Ridge,80/20,0.05109458521013177,0.06958756984568341
Rg norm w/0.5,pH regr out,All,1,GPR,80/20,-13.612311617381627,0.24212201959562094
Rg norm w/0.5,pH regr out,Inliers,1,GPR,80/20,0.07677150074964856,0.06863961026589184
Rg norm w/0.5,pH regr out,All,1,Linear,85/15,-2.016433619920846,0.11803396497389776
Rg norm w/0.5,pH regr out,Inliers,1,Linear,85/15,-0.21493905950062153,0.06972187001107846
Rg norm w/0.5,pH regr out,All,1,Ridge,85/15,-0.41955443337010423,0.0809722365148518
Rg norm w/0.5,pH regr out,Inliers,1,Ridge,85/15,-0.21790900393268586,0.06980703629396545
Rg norm w/0.5,pH regr out,All,1,Lasso,85/15,-0.4472093060555016,0.08175715738418328
Rg norm w/0.5,pH regr out,Inliers,1,Lasso,85/15,-0.16285792928590914,0.06821110873584964
Rg norm w/0.5,pH regr out,All,1,Kernel Ridge,85/15,-1.075869749918787,0.09791746466593232
Rg norm w/0.5,pH regr out,Inliers,1,Kernel Ridge,85/15,0.04668808240339051,0.06176028489088556
Rg norm w/0.5,pH regr out,All,1,GPR,85/15,-15.836321370365468,0.2788583884870039
Rg norm w/0.5,pH regr out,Inliers,1,GPR,85/15,0.08746892544722096,0.060424854143925524
Rg norm w/0.5,pH regr out,All,1,Linear,90/10,-1.1739245780023735,0.10314322992565748
Rg norm w/0.5,pH regr out,Inliers,1,Linear,90/10,-0.02994215792487287,0.06415848325440475
Rg norm w/0.5,pH regr out,All,1,Ridge,90/10,-0.29294647089208037,0.07954424488426175
Rg norm w/0.5,pH regr out,Inliers,1,Ridge,90/10,-0.19332474100496677,0.06906006666598452
Rg norm w/0.5,pH regr out,All,1,Lasso,90/10,-0.3896644111596703,0.0824657206707289
Rg norm w/0.5,pH regr out,Inliers,1,Lasso,90/10,-0.13339226185522413,0.067303522143557
Rg norm w/0.5,pH regr out,All,1,Kernel Ridge,90/10,-1.3067173199683388,0.10624675609923867
Rg norm w/0.5,pH regr out,Inliers,1,Kernel Ridge,90/10,-0.13274829879464556,0.06728439939955594
Rg norm w/0.5,pH regr out,All,1,GPR,90/10,-22.83561317840856,0.3415321996818416
Rg norm w/0.5,pH regr out,Inliers,1,GPR,90/10,0.003266467760005498,0.06311567124504894
Rg norm w/0.418,pH regr out,All,1,Linear,80/20,-4.084570173087003,0.21133020009656622
Rg norm w/0.418,pH regr out,Inliers,1,Linear,80/20,-0.009097088732701542,0.10384342610423933
Rg norm w/0.418,pH regr out,All,1,Ridge,80/20,-0.7812905788263145,0.12508401903500055
Rg norm w/0.418,pH regr out,Inliers,1,Ridge,80/20,-0.03924270697934884,0.10538311325970479
Rg norm w/0.418,pH regr out,All,1,Lasso,80/20,-0.8009039986565982,0.12577077084017338
Rg norm w/0.418,pH regr out,Inliers,1,Lasso,80/20,-0.03935204985604335,0.1053886570030503
Rg norm w/0.418,pH regr out,All,1,Kernel Ridge,80/20,-11.335642166524046,0.32916626749309796
Rg norm w/0.418,pH regr out,Inliers,1,Kernel Ridge,80/20,0.05183489649907702,0.10065944127393522
Rg norm w/0.418,pH regr out,All,1,GPR,80/20,-14.076476413740012,0.3639019374418862
Rg norm w/0.418,pH regr out,Inliers,1,GPR,80/20,0.08096173492958159,0.09910129480217197
Rg norm w/0.418,pH regr out,All,1,Linear,85/15,-2.0940035352959887,0.17685096373834022
Rg norm w/0.418,pH regr out,Inliers,1,Linear,85/15,-0.10132318584207134,0.10199748067626208
Rg norm w/0.418,pH regr out,All,1,Ridge,85/15,-0.542084305787893,0.12485360501076431
Rg norm w/0.418,pH regr out,Inliers,1,Ridge,85/15,-0.22745297268571885,0.10767986061002953
Rg norm w/0.418,pH regr out,All,1,Lasso,85/15,-0.612436481093477,0.1276698463560185
Rg norm w/0.418,pH regr out,Inliers,1,Lasso,85/15,-0.11712985262833331,0.10272682900177084
Rg norm w/0.418,pH regr out,All,1,Kernel Ridge,85/15,-13.054498334037632,0.3769247905729582
Rg norm w/0.418,pH regr out,Inliers,1,Kernel Ridge,85/15,0.03682352592688698,0.09538607681071075
Rg norm w/0.418,pH regr out,All,1,GPR,85/15,-16.37419596663265,0.4190823647781953
Rg norm w/0.418,pH regr out,Inliers,1,GPR,85/15,0.049642046974061715,0.09474922370255674
Rg norm w/0.418,pH regr out,All,1,Linear,90/10,-1.1761285027427344,0.15680947875988938
Rg norm w/0.418,pH regr out,Inliers,1,Linear,90/10,0.08330965581934158,0.09588856985403364
Rg norm w/0.418,pH regr out,All,1,Ridge,90/10,-0.2904929626106745,0.12075576201220016
Rg norm w/0.418,pH regr out,Inliers,1,Ridge,90/10,-0.054509653987969475,0.10284443412795395
Rg norm w/0.418,pH regr out,All,1,Lasso,90/10,-0.3227685748059421,0.12225650518539938
Rg norm w/0.418,pH regr out,Inliers,1,Lasso,90/10,-0.08978791884733339,0.10455059469389978
Rg norm w/0.418,pH regr out,All,1,Kernel Ridge,90/10,-17.58721052790828,0.4582865921854952
Rg norm w/0.418,pH regr out,Inliers,1,Kernel Ridge,90/10,-0.10732738010020415,0.10538857497654239
Rg norm w/0.418,pH regr out,All,1,GPR,90/10,0.32979942814826313,0.08702267712009482
Rg norm w/0.418,pH regr out,Inliers,1,GPR,90/10,-0.022802781472667677,0.10128647643706898
Rg norm w/0.418,pH regr out,All,2,Linear,80/20,-4.046645136520903,0.21054058500536282
Rg norm w/0.418,pH regr out,Inliers,2,Linear,80/20,-0.046778607674015316,0.10576450741942063
Rg norm w/0.418,pH regr out,All,2,Ridge,80/20,-0.83625741312867,0.12699926939587544
Rg norm w/0.418,pH regr out,Inliers,2,Ridge,80/20,-0.07389247313437441,0.10712551701900365
Rg norm w/0.418,pH regr out,All,2,Lasso,80/20,-0.8897377178249908,0.128835399114628
Rg norm w/0.418,pH regr out,Inliers,2,Lasso,80/20,-0.04840164574890182,0.10584646999146334
Rg norm w/0.418,pH regr out,All,2,Kernel Ridge,80/20,-14.057085701685024,0.36366784467928054
Rg norm w/0.418,pH regr out,Inliers,2,Kernel Ridge,80/20,0.050199780551899,0.10074619776768466
Rg norm w/0.418,pH regr out,All,2,GPR,80/20,-15.48142535841487,0.38047999346315636
Rg norm w/0.418,pH regr out,Inliers,2,GPR,80/20,0.07245300291829415,0.09955899262802755
Rg norm w/0.418,pH regr out,All,2,Linear,85/15,-2.353295183517071,0.18411234967692575
Rg norm w/0.418,pH regr out,Inliers,2,Linear,85/15,-0.15219319945843557,0.10432651676349716
Rg norm w/0.418,pH regr out,All,2,Ridge,85/15,-0.6015914378433695,0.12723977639048803
Rg norm w/0.418,pH regr out,Inliers,2,Ridge,85/15,-0.28955562619123576,0.11037026720428601
Rg norm w/0.418,pH regr out,All,2,Lasso,85/15,-0.7516581320987652,0.1330674096653326
Rg norm w/0.418,pH regr out,Inliers,2,Lasso,85/15,-0.1198011262947063,0.10284957553190756
Rg norm w/0.418,pH regr out,All,2,Kernel Ridge,85/15,-16.153474451427137,0.41641184819761234
Rg norm w/0.418,pH regr out,Inliers,2,Kernel Ridge,85/15,0.0344184121820309,0.09550509514924656
Rg norm w/0.418,pH regr out,All,2,GPR,85/15,-18.415795341341283,0.4430213139039087
Rg norm w/0.418,pH regr out,Inliers,2,GPR,85/15,0.060729337361639324,0.09419490935654101
Rg norm w/0.418,pH regr out,All,2,Linear,90/10,-1.3580229907939212,0.16323153328936213
Rg norm w/0.418,pH regr out,Inliers,2,Linear,90/10,0.07668371324018086,0.09623449265829367
Rg norm w/0.418,pH regr out,All,2,Ridge,90/10,-0.2651334142434256,0.11956338601707575
Rg norm w/0.418,pH regr out,Inliers,2,Ridge,90/10,-0.006707921298239716,0.10048639266012951
Rg norm w/0.418,pH regr out,All,2,Lasso,90/10,-0.39376285575410863,0.1254944402101222
Rg norm w/0.418,pH regr out,Inliers,2,Lasso,90/10,-0.0941965997992873,0.10476185827122626
Rg norm w/0.418,pH regr out,All,2,Kernel Ridge,90/10,-21.821479833202385,0.5078108123906668
Rg norm w/0.418,pH regr out,Inliers,2,Kernel Ridge,90/10,-0.11091366579243234,0.10555909727269788
Rg norm w/0.418,pH regr out,All,2,GPR,90/10,-25.048560168602307,0.5425276836438687
Rg norm w/0.418,pH regr out,Inliers,2,GPR,90/10,-0.010481071838363887,0.10067452850283484
Rg norm w/0.418,pH regr out,All,1,Linear,80/20,-4.084570173087003,0.21133020009656622
Rg norm w/0.418,pH regr out,Inliers,1,Linear,80/20,-0.009097088732701542,0.10384342610423933
Rg norm w/0.418,pH regr out,All,1,Ridge,80/20,-0.7812905788263145,0.12508401903500055
Rg norm w/0.418,pH regr out,Inliers,1,Ridge,80/20,-0.03924270697934884,0.10538311325970479
Rg norm w/0.418,pH regr out,All,1,Lasso,80/20,-0.8009039986565982,0.12577077084017338
Rg norm w/0.418,pH regr out,Inliers,1,Lasso,80/20,-0.03935204985604335,0.1053886570030503
Rg norm w/0.418,pH regr out,All,1,Kernel Ridge,80/20,-11.335642166524046,0.32916626749309796
Rg norm w/0.418,pH regr out,Inliers,1,Kernel Ridge,80/20,0.05183489649907702,0.10065944127393522
Rg norm w/0.418,pH regr out,All,1,GPR,80/20,0.007406557782145384,0.09337274839544003
Rg norm w/0.418,pH regr out,Inliers,1,GPR,80/20,0.06230618475225025,0.10010206981963038
Rg norm w/0.418,pH regr out,All,1,Linear,85/15,-2.0940035352959887,0.17685096373834022
Rg norm w/0.418,pH regr out,Inliers,1,Linear,85/15,-0.10132318584207134,0.10199748067626208
Rg norm w/0.418,pH regr out,All,1,Ridge,85/15,-0.542084305787893,0.12485360501076431
Rg norm w/0.418,pH regr out,Inliers,1,Ridge,85/15,-0.22745297268571885,0.10767986061002953
Rg norm w/0.418,pH regr out,All,1,Lasso,85/15,-0.612436481093477,0.1276698463560185
Rg norm w/0.418,pH regr out,Inliers,1,Lasso,85/15,-0.11712985262833331,0.10272682900177084
Rg norm w/0.418,pH regr out,All,1,Kernel Ridge,85/15,-13.054498334037632,0.3769247905729582
Rg norm w/0.418,pH regr out,Inliers,1,Kernel Ridge,85/15,0.03682352592688698,0.09538607681071075
Rg norm w/0.418,pH regr out,All,1,GPR,85/15,0.029775356599919145,0.09903373960177946
Rg norm w/0.418,pH regr out,Inliers,1,GPR,85/15,0.04964204697320562,0.09474922370259942
Rg norm w/0.418,pH regr out,All,1,Linear,90/10,-1.1761285027427344,0.15680947875988938
Rg norm w/0.418,pH regr out,Inliers,1,Linear,90/10,0.08330965581934158,0.09588856985403364
Rg norm w/0.418,pH regr out,All,1,Ridge,90/10,-0.2904929626106745,0.12075576201220016
Rg norm w/0.418,pH regr out,Inliers,1,Ridge,90/10,-0.054509653987969475,0.10284443412795395
Rg norm w/0.418,pH regr out,All,1,Lasso,90/10,-0.3227685748059421,0.12225650518539938
Rg norm w/0.418,pH regr out,Inliers,1,Lasso,90/10,-0.08978791884733339,0.10455059469389978
Rg norm w/0.418,pH regr out,All,1,Kernel Ridge,90/10,-17.58721052790828,0.4582865921854952
Rg norm w/0.418,pH regr out,Inliers,1,Kernel Ridge,90/10,-0.10732738010020415,0.10538857497654239
Rg norm w/0.418,pH regr out,All,1,GPR,90/10,0.32921934456450797,0.0870603296603069
Rg norm w/0.418,pH regr out,Inliers,1,GPR,90/10,0.0029012148965583684,0.1000056660093026
Rg w/no norm,buffer regr out,All,1,Linear,80/20,-2.119700567767977,1.9686879147073846
Rg w/no norm,buffer regr out,Inliers,1,Linear,80/20,-1.0240121525407697,1.6426734573544899
Rg w/no norm,buffer regr out,All,1,Ridge,80/20,-0.5190458820159713,1.3737441788593407
Rg w/no norm,buffer regr out,Inliers,1,Ridge,80/20,-0.7350612362820361,1.520904992389629
Rg w/no norm,buffer regr out,All,1,Lasso,80/20,-0.8344980084518141,1.5096596297203386
Rg w/no norm,buffer regr out,Inliers,1,Lasso,80/20,-0.5271179534954207,1.4268587189237663
Rg w/no norm,buffer regr out,All,1,Kernel Ridge,80/20,-5.7080707149878185,2.8868168754608314
Rg w/no norm,buffer regr out,Inliers,1,Kernel Ridge,80/20,-0.023275907489854752,1.1679951957046815
Rg w/no norm,buffer regr out,All,1,GPR,80/20,-7.1080724476959105,3.1737976159386485
Rg w/no norm,buffer regr out,Inliers,1,GPR,80/20,-0.04098536943077846,1.1780588732575052
Rg w/no norm,buffer regr out,All,1,Linear,85/15,-1.5861748060743315,1.815926907390592
Rg w/no norm,buffer regr out,Inliers,1,Linear,85/15,-1.0526094234964392,1.8010998015334514
Rg w/no norm,buffer regr out,All,1,Ridge,85/15,-0.2777328412856619,1.276407814142117
Rg w/no norm,buffer regr out,Inliers,1,Ridge,85/15,-0.4998150235666481,1.5395842831822222
Rg w/no norm,buffer regr out,All,1,Lasso,85/15,-0.2586451626309063,1.2668379972509403
Rg w/no norm,buffer regr out,Inliers,1,Lasso,85/15,-0.5694761890379048,1.5749326439621893
Rg w/no norm,buffer regr out,All,1,Kernel Ridge,85/15,-7.279536303638478,3.249169986593235
Rg w/no norm,buffer regr out,Inliers,1,Kernel Ridge,85/15,-0.042961666950970256,1.2838633237018489
Rg w/no norm,buffer regr out,All,1,GPR,85/15,0.0026537388675708096,1.1276969542713695
Rg w/no norm,buffer regr out,Inliers,1,GPR,85/15,-0.05505883390592192,1.2912875335155007
Rg w/no norm,buffer regr out,All,1,Linear,90/10,-1.1706461535132795,1.7708785580782591
Rg w/no norm,buffer regr out,Inliers,1,Linear,90/10,0.48127334521390586,0.8561044960232715
Rg w/no norm,buffer regr out,All,1,Ridge,90/10,0.05168960852071136,1.1704948784914428
Rg w/no norm,buffer regr out,Inliers,1,Ridge,90/10,0.32938831626280596,0.9734038357642899
Rg w/no norm,buffer regr out,All,1,Lasso,90/10,0.0751761325456709,1.1559093525676087
Rg w/no norm,buffer regr out,Inliers,1,Lasso,90/10,0.3314133465144652,0.9719330423163962
Rg w/no norm,buffer regr out,All,1,Kernel Ridge,90/10,-9.774540758855775,3.94542368329198
Rg w/no norm,buffer regr out,Inliers,1,Kernel Ridge,90/10,0.0037530924418277545,1.1864269100100764
Rg w/no norm,buffer regr out,All,1,GPR,90/10,-12.400132062430872,4.399960748901689
Rg w/no norm,buffer regr out,Inliers,1,GPR,90/10,0.02879314836276803,1.1714219680817632
Rg w/no norm,buffer regr out,All,2,Linear,80/20,-2.084844081513466,1.9576589236857471
Rg w/no norm,buffer regr out,Inliers,2,Linear,80/20,-0.6780778364188706,1.4957214869255748
Rg w/no norm,buffer regr out,All,2,Ridge,80/20,-0.4329068678347805,1.3342260059282574
Rg w/no norm,buffer regr out,Inliers,2,Ridge,80/20,-0.5286872098615258,1.4275916460023517
Rg w/no norm,buffer regr out,All,2,Lasso,80/20,-0.43397983868108736,1.334725451406466
Rg w/no norm,buffer regr out,Inliers,2,Lasso,80/20,-0.39845875896532745,1.3654302296818566
Rg w/no norm,buffer regr out,All,2,Kernel Ridge,80/20,-7.03610585935265,3.1596810376049005
Rg w/no norm,buffer regr out,Inliers,2,Kernel Ridge,80/20,-0.02613756545475776,1.1696272429268357
Rg w/no norm,buffer regr out,All,2,GPR,80/20,-0.05262876517247528,1.1435575780499136
Rg w/no norm,buffer regr out,Inliers,2,GPR,80/20,-0.03619115774619375,1.1753429938875226
Rg w/no norm,buffer regr out,All,2,Linear,85/15,-1.67680100733256,1.8474703155362258
Rg w/no norm,buffer regr out,Inliers,2,Linear,85/15,-0.6367154116188756,1.6083153431238708
Rg w/no norm,buffer regr out,All,2,Ridge,85/15,-0.37648680984335825,1.324815658555498
Rg w/no norm,buffer regr out,Inliers,2,Ridge,85/15,-0.39007173678490736,1.4821877711984182
Rg w/no norm,buffer regr out,All,2,Lasso,85/15,-0.41267089115291267,1.3421155978955541
Rg w/no norm,buffer regr out,Inliers,2,Lasso,85/15,-0.3860102821736151,1.4800208895320346
Rg w/no norm,buffer regr out,All,2,Kernel Ridge,85/15,-8.973754529236151,3.566143074336051
Rg w/no norm,buffer regr out,Inliers,2,Kernel Ridge,85/15,-0.042947992652968114,1.283854907291264
Rg w/no norm,buffer regr out,All,2,GPR,85/15,-10.19095674697342,3.77748748446527
Rg w/no norm,buffer regr out,Inliers,2,GPR,85/15,-0.06964592218485754,1.3001834663729381
Rg w/no norm,buffer regr out,All,2,Linear,90/10,-1.1870566255600514,1.7775600324361924
Rg w/no norm,buffer regr out,Inliers,2,Linear,90/10,0.45732456408786637,0.8756440023123317
Rg w/no norm,buffer regr out,All,2,Ridge,90/10,0.0003843540417355351,1.201740743278906
Rg w/no norm,buffer regr out,Inliers,2,Ridge,90/10,0.3168624117050731,0.9824525552609809
Rg w/no norm,buffer regr out,All,2,Lasso,90/10,-0.04589452909173675,1.2292443155786095
Rg w/no norm,buffer regr out,Inliers,2,Lasso,90/10,0.3304865449269817,0.9726064607336605
Rg w/no norm,buffer regr out,All,2,Kernel Ridge,90/10,-12.051975613681325,4.34242563556947
Rg w/no norm,buffer regr out,Inliers,2,Kernel Ridge,90/10,0.0003190862935639194,1.1884699238599297
Rg w/no norm,buffer regr out,All,2,GPR,90/10,-3.9750319401255343,2.6809715148681215
Rg w/no norm,buffer regr out,Inliers,2,GPR,90/10,0.004724229000338642,1.1858485074775473
Rg w/no norm,buffer regr out,All,1,Linear,80/20,-2.119700567767977,1.9686879147073846
Rg w/no norm,buffer regr out,Inliers,1,Linear,80/20,-1.0240121525407697,1.6426734573544899
Rg w/no norm,buffer regr out,All,1,Ridge,80/20,-0.5190458820159713,1.3737441788593407
Rg w/no norm,buffer regr out,Inliers,1,Ridge,80/20,-0.7350612362820361,1.520904992389629
Rg w/no norm,buffer regr out,All,1,Lasso,80/20,-0.8344980084518141,1.5096596297203386
Rg w/no norm,buffer regr out,Inliers,1,Lasso,80/20,-0.5271179534954207,1.4268587189237663
Rg w/no norm,buffer regr out,All,1,Kernel Ridge,80/20,-5.7080707149878185,2.8868168754608314
Rg w/no norm,buffer regr out,Inliers,1,Kernel Ridge,80/20,-0.023275907489854752,1.1679951957046815
Rg w/no norm,buffer regr out,All,1,GPR,80/20,-0.052628765157380686,1.1435575780417144
Rg w/no norm,buffer regr out,Inliers,1,GPR,80/20,-0.04319635918440268,1.179309272445475
Rg w/no norm,buffer regr out,All,1,Linear,85/15,-1.5861748060743315,1.815926907390592
Rg w/no norm,buffer regr out,Inliers,1,Linear,85/15,-1.0526094234964392,1.8010998015334514
Rg w/no norm,buffer regr out,All,1,Ridge,85/15,-0.2777328412856619,1.276407814142117
Rg w/no norm,buffer regr out,Inliers,1,Ridge,85/15,-0.4998150235666481,1.5395842831822222
Rg w/no norm,buffer regr out,All,1,Lasso,85/15,-0.2586451626309063,1.2668379972509403
Rg w/no norm,buffer regr out,Inliers,1,Lasso,85/15,-0.5694761890379048,1.5749326439621893
Rg w/no norm,buffer regr out,All,1,Kernel Ridge,85/15,-7.279536303638478,3.249169986593235
Rg w/no norm,buffer regr out,Inliers,1,Kernel Ridge,85/15,-0.042961666950970256,1.2838633237018489
Rg w/no norm,buffer regr out,All,1,GPR,85/15,-0.2852939962330425,1.280178900355674
Rg w/no norm,buffer regr out,Inliers,1,GPR,85/15,-0.055604120909207744,1.2916211790584635
Rg w/no norm,buffer regr out,All,1,Linear,90/10,-1.1706461535132795,1.7708785580782591
Rg w/no norm,buffer regr out,Inliers,1,Linear,90/10,0.48127334521390586,0.8561044960232715
Rg w/no norm,buffer regr out,All,1,Ridge,90/10,0.05168960852071136,1.1704948784914428
Rg w/no norm,buffer regr out,Inliers,1,Ridge,90/10,0.32938831626280596,0.9734038357642899
Rg w/no norm,buffer regr out,All,1,Lasso,90/10,0.0751761325456709,1.1559093525676087
Rg w/no norm,buffer regr out,Inliers,1,Lasso,90/10,0.3314133465144652,0.9719330423163962
Rg w/no norm,buffer regr out,All,1,Kernel Ridge,90/10,-9.774540758855775,3.94542368329198
Rg w/no norm,buffer regr out,Inliers,1,Kernel Ridge,90/10,0.0037530924418277545,1.1864269100100764
Rg w/no norm,buffer regr out,All,1,GPR,90/10,-12.407617684758135,4.401189537013175
Rg w/no norm,buffer regr out,Inliers,1,GPR,90/10,0.029508700832744816,1.1709903564585196
Rg norm w/0.427,buffer regr out,All,1,Linear,80/20,-2.8745951792280664,0.2217483603305802
Rg norm w/0.427,buffer regr out,Inliers,1,Linear,80/20,-1.368801500175611,0.1769020790007192
Rg norm w/0.427,buffer regr out,All,1,Ridge,80/20,-0.3042180107330663,0.12865371962264835
Rg norm w/0.427,buffer regr out,Inliers,1,Ridge,80/20,-1.213712995169995,0.1710130526684124
Rg norm w/0.427,buffer regr out,All,1,Lasso,80/20,-0.35859969514991774,0.1313085503489438
Rg norm w/0.427,buffer regr out,Inliers,1,Lasso,80/20,-0.9705315311097336,0.1613467777115176
Rg norm w/0.427,buffer regr out,All,1,Kernel Ridge,80/20,-0.6132771130813028,0.14308751345763396
Rg norm w/0.427,buffer regr out,Inliers,1,Kernel Ridge,80/20,-0.1388714119285297,0.1226608437814297
Rg norm w/0.427,buffer regr out,All,1,GPR,80/20,-9.109659321080768,0.35819169386672306
Rg norm w/0.427,buffer regr out,Inliers,1,GPR,80/20,-0.19209837262500784,0.12549448761887513
Rg norm w/0.427,buffer regr out,All,1,Linear,85/15,-1.4899044516477575,0.19296474735351757
Rg norm w/0.427,buffer regr out,Inliers,1,Linear,85/15,-2.0493691735893242,0.19883828177039828
Rg norm w/0.427,buffer regr out,All,1,Ridge,85/15,-0.02422255980022392,0.12376099807659488
Rg norm w/0.427,buffer regr out,Inliers,1,Ridge,85/15,-1.8209033367132101,0.19124456469071885
Rg norm w/0.427,buffer regr out,All,1,Lasso,85/15,-0.34125524351018166,0.14162579174365725
Rg norm w/0.427,buffer regr out,Inliers,1,Lasso,85/15,-1.4353846277203268,0.1776964612004083
Rg norm w/0.427,buffer regr out,All,1,Kernel Ridge,85/15,-0.6431439155623049,0.15675609491029904
Rg norm w/0.427,buffer regr out,Inliers,1,Kernel Ridge,85/15,-0.11537760146335141,0.1202557796291307
Rg norm w/0.427,buffer regr out,All,1,GPR,85/15,-10.254045642201147,0.4102428026044201
Rg norm w/0.427,buffer regr out,Inliers,1,GPR,85/15,-0.19950995571773822,0.12470875030201269
Rg norm w/0.427,buffer regr out,All,1,Linear,90/10,-1.2038574070908958,0.17069217622582486
Rg norm w/0.427,buffer regr out,Inliers,1,Linear,90/10,0.10979180469123206,0.09664205346535884
Rg norm w/0.427,buffer regr out,All,1,Ridge,90/10,-0.07895880532529054,0.11943298902982244
Rg norm w/0.427,buffer regr out,Inliers,1,Ridge,90/10,-0.12039959070250106,0.1084193566842579
Rg norm w/0.427,buffer regr out,All,1,Lasso,90/10,-0.43339482141666186,0.13765905541564535
Rg norm w/0.427,buffer regr out,Inliers,1,Lasso,90/10,-0.41021899723835653,0.1216364217283752
Rg norm w/0.427,buffer regr out,All,1,Kernel Ridge,90/10,-0.5100047255768079,0.1412898691278772
Rg norm w/0.427,buffer regr out,Inliers,1,Kernel Ridge,90/10,-0.044709416541905744,0.10469311212533085
Rg norm w/0.427,buffer regr out,All,1,GPR,90/10,-17.86896567972544,0.4994544844958543
Rg norm w/0.427,buffer regr out,Inliers,1,GPR,90/10,0.0047134655013605364,0.1021867106220683
Rg norm w/0.427,buffer regr out,All,2,Linear,80/20,-2.816153754590465,0.2200696650689049
Rg norm w/0.427,buffer regr out,Inliers,2,Linear,80/20,-1.1605724491468647,0.16894798603606112
Rg norm w/0.427,buffer regr out,All,2,Ridge,80/20,-0.2964150087133868,0.12826828127188883
Rg norm w/0.427,buffer regr out,Inliers,2,Ridge,80/20,-1.2611001305998681,0.1728337287926263
Rg norm w/0.427,buffer regr out,All,2,Lasso,80/20,-0.4022116936819704,0.13339945110822424
Rg norm w/0.427,buffer regr out,Inliers,2,Lasso,80/20,-0.9320353493140656,0.15976297396403463
Rg norm w/0.427,buffer regr out,All,2,Kernel Ridge,80/20,-5.32980092432429,0.2834276892488574
Rg norm w/0.427,buffer regr out,Inliers,2,Kernel Ridge,80/20,-0.1399145556169923,0.12271700622331225
Rg norm w/0.427,buffer regr out,All,2,GPR,80/20,-10.357788273459901,0.37965938035329827
Rg norm w/0.427,buffer regr out,Inliers,2,GPR,80/20,-0.1951207381708302,0.12565347202899646
Rg norm w/0.427,buffer regr out,All,2,Linear,85/15,-1.577632850521503,0.19633474528367778
Rg norm w/0.427,buffer regr out,Inliers,2,Linear,85/15,-1.6577902682991237,0.18563307218812153
Rg norm w/0.427,buffer regr out,All,2,Ridge,85/15,-0.07099553061491681,0.12655533669532348
Rg norm w/0.427,buffer regr out,Inliers,2,Ridge,85/15,-1.486109196917635,0.1795374691465851
Rg norm w/0.427,buffer regr out,All,2,Lasso,85/15,-0.34125524351018166,0.14162579174365725
Rg norm w/0.427,buffer regr out,Inliers,2,Lasso,85/15,-1.3127899109783847,0.17316618566760325
Rg norm w/0.427,buffer regr out,All,2,Kernel Ridge,85/15,-5.887288341419357,0.32093033323564824
Rg norm w/0.427,buffer regr out,Inliers,2,Kernel Ridge,85/15,-0.11674323712596113,0.12032937593570135
Rg norm w/0.427,buffer regr out,All,2,GPR,85/15,-11.591821878984346,0.4339412345068554
Rg norm w/0.427,buffer regr out,Inliers,2,GPR,85/15,-0.20207405548887114,0.1248419692779732
Rg norm w/0.427,buffer regr out,All,2,Linear,90/10,-1.3108533668328421,0.17478657163009687
Rg norm w/0.427,buffer regr out,Inliers,2,Linear,90/10,0.10063720198869708,0.09713769970249032
Rg norm w/0.427,buffer regr out,All,2,Ridge,90/10,-0.1781573727897623,0.12480256818052254
Rg norm w/0.427,buffer regr out,Inliers,2,Ridge,90/10,-0.2321850927771283,0.11369944124501367
Rg norm w/0.427,buffer regr out,All,2,Lasso,90/10,-0.43339482141666186,0.13765905541564535
Rg norm w/0.427,buffer regr out,Inliers,2,Lasso,90/10,-0.3087295307649889,0.11717779094272165
Rg norm w/0.427,buffer regr out,All,2,Kernel Ridge,90/10,-5.002102471666702,0.2816913897890408
Rg norm w/0.427,buffer regr out,Inliers,2,Kernel Ridge,90/10,-0.0475844785804187,0.10483707195907069
Rg norm w/0.427,buffer regr out,All,2,GPR,90/10,-20.10353032524661,0.5282012516856963
Rg norm w/0.427,buffer regr out,Inliers,2,GPR,90/10,0.0026356098892788005,0.10229332239596607
Rg norm w/0.427,buffer regr out,All,1,Linear,80/20,-2.8745951792280664,0.2217483603305802
Rg norm w/0.427,buffer regr out,Inliers,1,Linear,80/20,-1.368801500175611,0.1769020790007192
Rg norm w/0.427,buffer regr out,All,1,Ridge,80/20,-0.3042180107330663,0.12865371962264835
Rg norm w/0.427,buffer regr out,Inliers,1,Ridge,80/20,-1.213712995169995,0.1710130526684124
Rg norm w/0.427,buffer regr out,All,1,Lasso,80/20,-0.35859969514991774,0.1313085503489438
Rg norm w/0.427,buffer regr out,Inliers,1,Lasso,80/20,-0.9705315311097336,0.1613467777115176
Rg norm w/0.427,buffer regr out,All,1,Kernel Ridge,80/20,-0.6132771130813028,0.14308751345763396
Rg norm w/0.427,buffer regr out,Inliers,1,Kernel Ridge,80/20,-0.1388714119285297,0.1226608437814297
Rg norm w/0.427,buffer regr out,All,1,GPR,80/20,-9.109829418899258,0.358194707191283
Rg norm w/0.427,buffer regr out,Inliers,1,GPR,80/20,-0.1921005960383373,0.12549460465031856
Rg norm w/0.427,buffer regr out,All,1,Linear,85/15,-1.4899044516477575,0.19296474735351757
Rg norm w/0.427,buffer regr out,Inliers,1,Linear,85/15,-2.0493691735893242,0.19883828177039828
Rg norm w/0.427,buffer regr out,All,1,Ridge,85/15,-0.02422255980022392,0.12376099807659488
Rg norm w/0.427,buffer regr out,Inliers,1,Ridge,85/15,-1.8209033367132101,0.19124456469071885
Rg norm w/0.427,buffer regr out,All,1,Lasso,85/15,-0.34125524351018166,0.14162579174365725
Rg norm w/0.427,buffer regr out,Inliers,1,Lasso,85/15,-1.4353846277203268,0.1776964612004083
Rg norm w/0.427,buffer regr out,All,1,Kernel Ridge,85/15,-0.6431439155623049,0.15675609491029904
Rg norm w/0.427,buffer regr out,Inliers,1,Kernel Ridge,85/15,-0.11537760146335141,0.1202557796291307
Rg norm w/0.427,buffer regr out,All,1,GPR,85/15,-10.251513160232792,0.41019664182867643
Rg norm w/0.427,buffer regr out,Inliers,1,GPR,85/15,-0.20207405566669912,0.12484196928720741
Rg norm w/0.427,buffer regr out,All,1,Linear,90/10,-1.2038574070908958,0.17069217622582486
Rg norm w/0.427,buffer regr out,Inliers,1,Linear,90/10,0.10979180469123206,0.09664205346535884
Rg norm w/0.427,buffer regr out,All,1,Ridge,90/10,-0.07895880532529054,0.11943298902982244
Rg norm w/0.427,buffer regr out,Inliers,1,Ridge,90/10,-0.12039959070250106,0.1084193566842579
Rg norm w/0.427,buffer regr out,All,1,Lasso,90/10,-0.43339482141666186,0.13765905541564535
Rg norm w/0.427,buffer regr out,Inliers,1,Lasso,90/10,-0.41021899723835653,0.1216364217283752
Rg norm w/0.427,buffer regr out,All,1,Kernel Ridge,90/10,-0.5100047255768079,0.1412898691278772
Rg norm w/0.427,buffer regr out,Inliers,1,Kernel Ridge,90/10,-0.044709416541905744,0.10469311212533085
Rg norm w/0.427,buffer regr out,All,1,GPR,90/10,-17.872098765781733,0.4994959485844297
Rg norm w/0.427,buffer regr out,Inliers,1,GPR,90/10,0.004706875361842444,0.10218704892844632
Rg norm w/0.5,buffer regr out,All,1,Linear,80/20,-2.6174716714027193,0.1552862298699064
Rg norm w/0.5,buffer regr out,Inliers,1,Linear,80/20,-1.187548528482485,0.12209600615588892
Rg norm w/0.5,buffer regr out,All,1,Ridge,80/20,-0.23296172884172095,0.09065779978517333
Rg norm w/0.5,buffer regr out,Inliers,1,Ridge,80/20,-1.066488518885679,0.1186694988726535
Rg norm w/0.5,buffer regr out,All,1,Lasso,80/20,-0.3168069911615834,0.093689611575178
Rg norm w/0.5,buffer regr out,Inliers,1,Lasso,80/20,-0.7835459024220635,0.11024648597952988
Rg norm w/0.5,buffer regr out,All,1,Kernel Ridge,80/20,-6.693061423856649,0.2264539897328603
Rg norm w/0.5,buffer regr out,Inliers,1,Kernel Ridge,80/20,-0.12755587657270184,0.08765801792461722
Rg norm w/0.5,buffer regr out,All,1,GPR,80/20,0.05234513016671394,0.07947956398727414
Rg norm w/0.5,buffer regr out,Inliers,1,GPR,80/20,-0.1986368148351476,0.09037876785541894
Rg norm w/0.5,buffer regr out,All,1,Linear,85/15,-1.2761823869792823,0.13466733874041836
Rg norm w/0.5,buffer regr out,Inliers,1,Linear,85/15,-2.072027376977403,0.13715186299098767
Rg norm w/0.5,buffer regr out,All,1,Ridge,85/15,0.04312923788925849,0.08731430286567204
Rg norm w/0.5,buffer regr out,Inliers,1,Ridge,85/15,-1.8465695128896091,0.13202314289439546
Rg norm w/0.5,buffer regr out,All,1,Lasso,85/15,-0.21663995498894417,0.09845545554307444
Rg norm w/0.5,buffer regr out,Inliers,1,Lasso,85/15,-1.335832354087,0.11959416891808272
Rg norm w/0.5,buffer regr out,All,1,Kernel Ridge,85/15,-7.370657679049852,0.25824893512020564
Rg norm w/0.5,buffer regr out,Inliers,1,Kernel Ridge,85/15,-0.10367856994936386,0.08220731718168223
Rg norm w/0.5,buffer regr out,All,1,GPR,85/15,-9.205461262121647,0.2851511108866245
Rg norm w/0.5,buffer regr out,Inliers,1,GPR,85/15,-0.18810770349133343,0.08529372394665076
Rg norm w/0.5,buffer regr out,All,1,Linear,90/10,-1.093835942812286,0.11712664569796508
Rg norm w/0.5,buffer regr out,Inliers,1,Linear,90/10,0.04505057046014305,0.06823967530123545
Rg norm w/0.5,buffer regr out,All,1,Ridge,90/10,-0.09696527934848276,0.08477754217095802
Rg norm w/0.5,buffer regr out,Inliers,1,Ridge,90/10,-0.21255449140682559,0.07689487533927253
Rg norm w/0.5,buffer regr out,All,1,Lasso,90/10,-0.41163678787040814,0.09617138368322074
Rg norm w/0.5,buffer regr out,Inliers,1,Lasso,90/10,-0.19799131309243334,0.07643171408483547
Rg norm w/0.5,buffer regr out,All,1,Kernel Ridge,90/10,-6.740307512890285,0.225197460214647
Rg norm w/0.5,buffer regr out,Inliers,1,Kernel Ridge,90/10,-0.06203728311199974,0.07196422395216906
Rg norm w/0.5,buffer regr out,All,1,GPR,90/10,-17.28104726759904,0.34608670532156527
Rg norm w/0.5,buffer regr out,Inliers,1,GPR,90/10,0.005583953468415115,0.06963552060034073
Rg norm w/0.5,buffer regr out,All,2,Linear,80/20,-2.572058929150996,0.1543084411920807
Rg norm w/0.5,buffer regr out,Inliers,2,Linear,80/20,-1.0177220319247988,0.11726091483746683
Rg norm w/0.5,buffer regr out,All,2,Ridge,80/20,-0.1820635481662407,0.088766846000519
Rg norm w/0.5,buffer regr out,Inliers,2,Ridge,80/20,-1.128736659319041,0.12044355889310111
Rg norm w/0.5,buffer regr out,All,2,Lasso,80/20,-0.3457603560312923,0.09471401386586806
Rg norm w/0.5,buffer regr out,Inliers,2,Lasso,80/20,-0.7715188852056332,0.10987414365450358
Rg norm w/0.5,buffer regr out,All,2,Kernel Ridge,80/20,-4.8409582883291735,0.19732060076032312
Rg norm w/0.5,buffer regr out,Inliers,2,Kernel Ridge,80/20,-0.128532534493913,0.08769597319082542
Rg norm w/0.5,buffer regr out,All,2,GPR,80/20,-9.411635395466439,0.2634449343740949
Rg norm w/0.5,buffer regr out,Inliers,2,GPR,80/20,-0.1828261040603789,0.08978071511132377
Rg norm w/0.5,buffer regr out,All,2,Linear,85/15,-1.362280454093216,0.13719063833499315
Rg norm w/0.5,buffer regr out,Inliers,2,Linear,85/15,-1.6933687178218082,0.12842130421548764
Rg norm w/0.5,buffer regr out,All,2,Ridge,85/15,0.04155452528763259,0.08738611946643918
Rg norm w/0.5,buffer regr out,Inliers,2,Ridge,85/15,-1.8337678732534917,0.13172594003725954
Rg norm w/0.5,buffer regr out,All,2,Lasso,85/15,-0.21663995498894417,0.09845545554307444
Rg norm w/0.5,buffer regr out,Inliers,2,Lasso,85/15,-1.284431937954846,0.11827100357506792
Rg norm w/0.5,buffer regr out,All,2,Kernel Ridge,85/15,-9.150077483913915,0.2843763183450483
Rg norm w/0.5,buffer regr out,Inliers,2,Kernel Ridge,85/15,-0.10508116173006932,0.0822595365057506
Rg norm w/0.5,buffer regr out,All,2,GPR,85/15,-10.402605803824622,0.30141218405533293
Rg norm w/0.5,buffer regr out,Inliers,2,GPR,85/15,-0.19364890757819353,0.08549239286282784
Rg norm w/0.5,buffer regr out,All,2,Linear,90/10,-1.2086322550334754,0.12029458711958371
Rg norm w/0.5,buffer regr out,Inliers,2,Linear,90/10,0.034538555533004445,0.06861423606711217
Rg norm w/0.5,buffer regr out,All,2,Ridge,90/10,-0.20905121189458575,0.08900342699238238
Rg norm w/0.5,buffer regr out,Inliers,2,Ridge,90/10,-0.2670189577662643,0.07860285513041444
Rg norm w/0.5,buffer regr out,All,2,Lasso,90/10,-0.41163678787040814,0.09617138368322074
Rg norm w/0.5,buffer regr out,Inliers,2,Lasso,90/10,-0.14795333965642232,0.07481848033015515
Rg norm w/0.5,buffer regr out,All,2,Kernel Ridge,90/10,-8.371933254561554,0.24779867177838724
Rg norm w/0.5,buffer regr out,Inliers,2,Kernel Ridge,90/10,-0.06508951115614225,0.0720675600762621
Rg norm w/0.5,buffer regr out,All,2,GPR,90/10,-19.43430371075711,0.3659015950425661
Rg norm w/0.5,buffer regr out,Inliers,2,GPR,90/10,0.0006571974000225689,0.06980780932044986
Rg norm w/0.5,buffer regr out,All,1,Linear,80/20,-2.6174716714027193,0.1552862298699064
Rg norm w/0.5,buffer regr out,Inliers,1,Linear,80/20,-1.187548528482485,0.12209600615588892
Rg norm w/0.5,buffer regr out,All,1,Ridge,80/20,-0.23296172884172095,0.09065779978517333
Rg norm w/0.5,buffer regr out,Inliers,1,Ridge,80/20,-1.066488518885679,0.1186694988726535
Rg norm w/0.5,buffer regr out,All,1,Lasso,80/20,-0.3168069911615834,0.093689611575178
Rg norm w/0.5,buffer regr out,Inliers,1,Lasso,80/20,-0.7835459024220635,0.11024648597952988
Rg norm w/0.5,buffer regr out,All,1,Kernel Ridge,80/20,-6.693061423856649,0.2264539897328603
Rg norm w/0.5,buffer regr out,Inliers,1,Kernel Ridge,80/20,-0.12755587657270184,0.08765801792461722
Rg norm w/0.5,buffer regr out,All,1,GPR,80/20,0.052345130107136595,0.0794795639897725
Rg norm w/0.5,buffer regr out,Inliers,1,GPR,80/20,-0.17692572429552667,0.08955650522891107
Rg norm w/0.5,buffer regr out,All,1,Linear,85/15,-1.2761823869792823,0.13466733874041836
Rg norm w/0.5,buffer regr out,Inliers,1,Linear,85/15,-2.072027376977403,0.13715186299098767
Rg norm w/0.5,buffer regr out,All,1,Ridge,85/15,0.04312923788925849,0.08731430286567204
Rg norm w/0.5,buffer regr out,Inliers,1,Ridge,85/15,-1.8465695128896091,0.13202314289439546
Rg norm w/0.5,buffer regr out,All,1,Lasso,85/15,-0.21663995498894417,0.09845545554307444
Rg norm w/0.5,buffer regr out,Inliers,1,Lasso,85/15,-1.335832354087,0.11959416891808272
Rg norm w/0.5,buffer regr out,All,1,Kernel Ridge,85/15,-7.370657679049852,0.25824893512020564
Rg norm w/0.5,buffer regr out,Inliers,1,Kernel Ridge,85/15,-0.10367856994936386,0.08220731718168223
Rg norm w/0.5,buffer regr out,All,1,GPR,85/15,-9.204853844462711,0.28514262482249175
Rg norm w/0.5,buffer regr out,Inliers,1,GPR,85/15,-0.19522600353969333,0.08554885217866338
Rg norm w/0.5,buffer regr out,All,1,Linear,90/10,-1.093835942812286,0.11712664569796508
Rg norm w/0.5,buffer regr out,Inliers,1,Linear,90/10,0.04505057046014305,0.06823967530123545
Rg norm w/0.5,buffer regr out,All,1,Ridge,90/10,-0.09696527934848276,0.08477754217095802
Rg norm w/0.5,buffer regr out,Inliers,1,Ridge,90/10,-0.21255449140682559,0.07689487533927253
Rg norm w/0.5,buffer regr out,All,1,Lasso,90/10,-0.41163678787040814,0.09617138368322074
Rg norm w/0.5,buffer regr out,Inliers,1,Lasso,90/10,-0.19799131309243334,0.07643171408483547
Rg norm w/0.5,buffer regr out,All,1,Kernel Ridge,90/10,-6.740307512890285,0.225197460214647
Rg norm w/0.5,buffer regr out,Inliers,1,Kernel Ridge,90/10,-0.06203728311199974,0.07196422395216906
Rg norm w/0.5,buffer regr out,All,1,GPR,90/10,-17.281107756756036,0.3460872778947726
Rg norm w/0.5,buffer regr out,Inliers,1,GPR,90/10,0.00558377942012378,0.06963552669434077
Rg norm w/0.418,buffer regr out,All,1,Linear,80/20,-2.898065545364851,0.23181195930621024
Rg norm w/0.418,buffer regr out,Inliers,1,Linear,80/20,-1.3857106210866936,0.18523679027479875
Rg norm w/0.418,buffer regr out,All,1,Ridge,80/20,-0.31244459370194555,0.13450912826564262
Rg norm w/0.418,buffer regr out,Inliers,1,Ridge,80/20,-1.2263403238101223,0.17894276398164402
Rg norm w/0.418,buffer regr out,All,1,Lasso,80/20,-0.36406574700078953,0.13712887741379942
Rg norm w/0.418,buffer regr out,Inliers,1,Lasso,80/20,-0.9895967138763051,0.16916125267693274
Rg norm w/0.418,buffer regr out,All,1,Kernel Ridge,80/20,-0.6216006170113799,0.1495144678515891
Rg norm w/0.418,buffer regr out,Inliers,1,Kernel Ridge,80/20,-0.1390847977909544,0.12799599859335567
Rg norm w/0.418,buffer regr out,All,1,GPR,80/20,-9.188770951483297,0.37477634253310166
Rg norm w/0.418,buffer regr out,Inliers,1,GPR,80/20,-0.20104855924856713,0.1314312530264219
Rg norm w/0.418,buffer regr out,All,1,Linear,85/15,-1.51326587352656,0.20184047246493844
Rg norm w/0.418,buffer regr out,Inliers,1,Linear,85/15,-2.0411047742658623,0.2081945440472667
Rg norm w/0.418,buffer regr out,All,1,Ridge,85/15,-0.03299743594044968,0.12940130577367753
Rg norm w/0.418,buffer regr out,Inliers,1,Ridge,85/15,-1.8123870574293535,0.2002125043421716
Rg norm w/0.418,buffer regr out,All,1,Lasso,85/15,-0.35752233070702855,0.1483414528468102
Rg norm w/0.418,buffer regr out,Inliers,1,Lasso,85/15,-1.4408529907395864,0.18651959522417083
Rg norm w/0.418,buffer regr out,All,1,Kernel Ridge,85/15,-0.6526558309433053,0.16367420763321988
Rg norm w/0.418,buffer regr out,Inliers,1,Kernel Ridge,85/15,-0.1158886876548253,0.12611422928344684
Rg norm w/0.418,buffer regr out,All,1,GPR,85/15,0.10438988454033349,0.1204893140792182
Rg norm w/0.418,buffer regr out,Inliers,1,GPR,85/15,-0.20188627563203076,0.13088363277584092
Rg norm w/0.418,buffer regr out,All,1,Linear,90/10,-1.214080043111181,0.17892952012383936
Rg norm w/0.418,buffer regr out,Inliers,1,Linear,90/10,0.11824279805246662,0.10094542569348025
Rg norm w/0.418,buffer regr out,All,1,Ridge,90/10,-0.07528006052193392,0.12469416597538782
Rg norm w/0.418,buffer regr out,Inliers,1,Ridge,90/10,-0.11340173377941709,0.1134326511851103
Rg norm w/0.418,buffer regr out,All,1,Lasso,90/10,-0.4343879276243514,0.1440186213366838
Rg norm w/0.418,buffer regr out,Inliers,1,Lasso,90/10,-0.40135071322405236,0.12725813536453134
Rg norm w/0.418,buffer regr out,All,1,Kernel Ridge,90/10,-0.5136344881275003,0.14794348531448223
Rg norm w/0.418,buffer regr out,Inliers,1,Kernel Ridge,90/10,-0.04219701268848919,0.10974558252030614
Rg norm w/0.418,buffer regr out,All,1,GPR,90/10,-17.8990935237007,0.5227641844248666
Rg norm w/0.418,buffer regr out,Inliers,1,GPR,90/10,0.005053273077159082,0.1072289491448253
Rg norm w/0.418,buffer regr out,All,2,Linear,80/20,-2.8382156250692194,0.23002548417936117
Rg norm w/0.418,buffer regr out,Inliers,2,Linear,80/20,-1.1726226463546965,0.17677079540866408
Rg norm w/0.418,buffer regr out,All,2,Ridge,80/20,-0.309500504737624,0.13435817744718445
Rg norm w/0.418,buffer regr out,Inliers,2,Ridge,80/20,-1.2714872773067585,0.18074800787214604
Rg norm w/0.418,buffer regr out,All,2,Lasso,80/20,-0.40709998660020785,0.13927518641797543
Rg norm w/0.418,buffer regr out,Inliers,2,Lasso,80/20,-0.9532553502139676,0.16760920893316836
Rg norm w/0.418,buffer regr out,All,2,Kernel Ridge,80/20,-5.377402729048685,0.29650579831203416
Rg norm w/0.418,buffer regr out,Inliers,2,Kernel Ridge,80/20,-0.14013341381262,0.12805490016926574
Rg norm w/0.418,buffer regr out,All,2,GPR,80/20,-10.447350883415048,0.39724987248350346
Rg norm w/0.418,buffer regr out,Inliers,2,GPR,80/20,-0.19514887526762847,0.13110805317981822
Rg norm w/0.418,buffer regr out,All,2,Linear,85/15,-1.6010104820941211,0.20533363155676762
Rg norm w/0.418,buffer regr out,Inliers,2,Linear,85/15,-1.6480072343705645,0.1942733532244677
Rg norm w/0.418,buffer regr out,All,2,Ridge,85/15,-0.08479251848488989,0.13260575655742088
Rg norm w/0.418,buffer regr out,Inliers,2,Ridge,85/15,-1.4770781270645754,0.18789858297372156
Rg norm w/0.418,buffer regr out,All,2,Lasso,85/15,-0.35752233070702855,0.1483414528468102
Rg norm w/0.418,buffer regr out,Inliers,2,Lasso,85/15,-1.3102163879481323,0.18145961404394376
Rg norm w/0.418,buffer regr out,All,2,Kernel Ridge,85/15,-5.951675805054246,0.3356864352393114
Rg norm w/0.418,buffer regr out,Inliers,2,Kernel Ridge,85/15,-0.11724753081977446,0.12619099201165324
Rg norm w/0.418,buffer regr out,All,2,GPR,85/15,0.10442859213503697,0.12048671032237797
Rg norm w/0.418,buffer regr out,Inliers,2,GPR,85/15,-0.20130850197064154,0.13085216964674357
Rg norm w/0.418,buffer regr out,All,2,Linear,90/10,-1.3197849652473348,0.18315096160391633
Rg norm w/0.418,buffer regr out,Inliers,2,Linear,90/10,0.1091161033009792,0.10146650244341504
Rg norm w/0.418,buffer regr out,All,2,Ridge,90/10,-0.1788915030602618,0.13056364238113694
Rg norm w/0.418,buffer regr out,Inliers,2,Ridge,90/10,-0.22679196504872956,0.11906869602241571
Rg norm w/0.418,buffer regr out,All,2,Lasso,90/10,-0.4343879276243514,0.1440186213366838
Rg norm w/0.418,buffer regr out,Inliers,2,Lasso,90/10,-0.29991730614904566,0.12256599603858422
Rg norm w/0.418,buffer regr out,All,2,Kernel Ridge,90/10,-5.012918989168694,0.29486825172347214
Rg norm w/0.418,buffer regr out,Inliers,2,Kernel Ridge,90/10,-0.04504595404853173,0.10989547997084569
Rg norm w/0.418,buffer regr out,All,2,GPR,90/10,-20.1325452877378,0.5527913551344782
Rg norm w/0.418,buffer regr out,Inliers,2,GPR,90/10,0.00301382003500128,0.10733879243987127
Rg norm w/0.418,buffer regr out,All,1,Linear,80/20,-2.898065545364851,0.23181195930621024
Rg norm w/0.418,buffer regr out,Inliers,1,Linear,80/20,-1.3857106210866936,0.18523679027479875
Rg norm w/0.418,buffer regr out,All,1,Ridge,80/20,-0.31244459370194555,0.13450912826564262
Rg norm w/0.418,buffer regr out,Inliers,1,Ridge,80/20,-1.2263403238101223,0.17894276398164402
Rg norm w/0.418,buffer regr out,All,1,Lasso,80/20,-0.36406574700078953,0.13712887741379942
Rg norm w/0.418,buffer regr out,Inliers,1,Lasso,80/20,-0.9895967138763051,0.16916125267693274
Rg norm w/0.418,buffer regr out,All,1,Kernel Ridge,80/20,-0.6216006170113799,0.1495144678515891
Rg norm w/0.418,buffer regr out,Inliers,1,Kernel Ridge,80/20,-0.1390847977909544,0.12799599859335567
Rg norm w/0.418,buffer regr out,All,1,GPR,80/20,-9.190820002980654,0.37481402604879294
Rg norm w/0.418,buffer regr out,Inliers,1,GPR,80/20,-0.20104855926228393,0.13143125302717243
Rg norm w/0.418,buffer regr out,All,1,Linear,85/15,-1.51326587352656,0.20184047246493844
Rg norm w/0.418,buffer regr out,Inliers,1,Linear,85/15,-2.0411047742658623,0.2081945440472667
Rg norm w/0.418,buffer regr out,All,1,Ridge,85/15,-0.03299743594044968,0.12940130577367753
Rg norm w/0.418,buffer regr out,Inliers,1,Ridge,85/15,-1.8123870574293535,0.2002125043421716
Rg norm w/0.418,buffer regr out,All,1,Lasso,85/15,-0.35752233070702855,0.1483414528468102
Rg norm w/0.418,buffer regr out,Inliers,1,Lasso,85/15,-1.4408529907395864,0.18651959522417083
Rg norm w/0.418,buffer regr out,All,1,Kernel Ridge,85/15,-0.6526558309433053,0.16367420763321988
Rg norm w/0.418,buffer regr out,Inliers,1,Kernel Ridge,85/15,-0.1158886876548253,0.12611422928344684
Rg norm w/0.418,buffer regr out,All,1,GPR,85/15,-10.364200689578855,0.42919878546445733
Rg norm w/0.418,buffer regr out,Inliers,1,GPR,85/15,-0.19948338304592395,0.13075273159715184
Rg norm w/0.418,buffer regr out,All,1,Linear,90/10,-1.214080043111181,0.17892952012383936
Rg norm w/0.418,buffer regr out,Inliers,1,Linear,90/10,0.11824279805246662,0.10094542569348025
Rg norm w/0.418,buffer regr out,All,1,Ridge,90/10,-0.07528006052193392,0.12469416597538782
Rg norm w/0.418,buffer regr out,Inliers,1,Ridge,90/10,-0.11340173377941709,0.1134326511851103
Rg norm w/0.418,buffer regr out,All,1,Lasso,90/10,-0.4343879276243514,0.1440186213366838
Rg norm w/0.418,buffer regr out,Inliers,1,Lasso,90/10,-0.40135071322405236,0.12725813536453134
Rg norm w/0.418,buffer regr out,All,1,Kernel Ridge,90/10,-0.5136344881275003,0.14794348531448223
Rg norm w/0.418,buffer regr out,Inliers,1,Kernel Ridge,90/10,-0.04219701268848919,0.10974558252030614
Rg norm w/0.418,buffer regr out,All,1,GPR,90/10,-17.899224233550903,0.5227659921917313
Rg norm w/0.418,buffer regr out,Inliers,1,GPR,90/10,0.005057912501081119,0.10722869914092142
Rg w/no norm,expr pH only regr out,All,1,Linear,80/20,0.03447321110757007,2.1329128106115043
Rg w/no norm,expr pH only regr out,Inliers,1,Linear,80/20,0.16845174578401767,1.8565052504956177
Rg w/no norm,expr pH only regr out,All,1,Ridge,80/20,0.08047323165452702,2.081484240011963
Rg w/no norm,expr pH only regr out,Inliers,1,Ridge,80/20,0.16081847491414858,1.865006762181218
Rg w/no norm,expr pH only regr out,All,1,Lasso,80/20,0.08132251948318159,2.0805227739260985
Rg w/no norm,expr pH only regr out,Inliers,1,Lasso,80/20,0.2101247312221134,1.8093880254965458
Rg w/no norm,expr pH only regr out,All,1,Kernel Ridge,80/20,-1.2944176615261602,3.28796493451951
Rg w/no norm,expr pH only regr out,Inliers,1,Kernel Ridge,80/20,-0.06111448324727653,2.097169702547092
Rg w/no norm,expr pH only regr out,All,1,GPR,80/20,0.03996174655592444,2.1268419011096062
Rg w/no norm,expr pH only regr out,Inliers,1,GPR,80/20,-0.14269089697660786,2.1762903563179576
Rg w/no norm,expr pH only regr out,All,1,Linear,85/15,-0.033315950329704025,2.231422570648283
Rg w/no norm,expr pH only regr out,Inliers,1,Linear,85/15,0.23195344108558158,1.7629937746330637
Rg w/no norm,expr pH only regr out,All,1,Ridge,85/15,0.061181319024619096,2.126944297796674
Rg w/no norm,expr pH only regr out,Inliers,1,Ridge,85/15,0.20636606528362944,1.7921201362213308
Rg w/no norm,expr pH only regr out,All,1,Lasso,85/15,0.09405171434680615,2.0893777172959638
Rg w/no norm,expr pH only regr out,Inliers,1,Lasso,85/15,0.2044851193026609,1.79424257964321
Rg w/no norm,expr pH only regr out,All,1,Kernel Ridge,85/15,-0.8441643929354801,2.9810212453882947
Rg w/no norm,expr pH only regr out,Inliers,1,Kernel Ridge,85/15,-0.1208116792581555,2.129724018520873
Rg w/no norm,expr pH only regr out,All,1,GPR,85/15,0.061706022725773635,2.1263498424742178
Rg w/no norm,expr pH only regr out,Inliers,1,GPR,85/15,-0.25220655563682093,2.25110105463673
Rg w/no norm,expr pH only regr out,All,1,Linear,90/10,0.028042288130153747,2.2863193876262127
Rg w/no norm,expr pH only regr out,Inliers,1,Linear,90/10,0.48259079760435053,1.6726550060729262
Rg w/no norm,expr pH only regr out,All,1,Ridge,90/10,0.21886744443607065,2.049630539078078
Rg w/no norm,expr pH only regr out,Inliers,1,Ridge,90/10,0.4802548809904964,1.6764264722983198
Rg w/no norm,expr pH only regr out,All,1,Lasso,90/10,0.1875295314211174,2.0903403617327396
Rg w/no norm,expr pH only regr out,Inliers,1,Lasso,90/10,0.4707319075794396,1.691714831196024
Rg w/no norm,expr pH only regr out,All,1,Kernel Ridge,90/10,-2.3292834019979876,4.231443992722124
Rg w/no norm,expr pH only regr out,Inliers,1,Kernel Ridge,90/10,-0.17724458551775402,2.5230313750610898
Rg w/no norm,expr pH only regr out,All,1,GPR,90/10,0.05268525787769507,2.257149692145306
Rg w/no norm,expr pH only regr out,Inliers,1,GPR,90/10,-0.2660580131753514,2.6164720723262382
Rg w/no norm,expr pH only regr out,All,2,Linear,80/20,-0.004100108219293519,2.175101088133773
Rg w/no norm,expr pH only regr out,Inliers,2,Linear,80/20,0.28033586642789987,1.7270995986290076
Rg w/no norm,expr pH only regr out,All,2,Ridge,80/20,0.047457926827542574,2.1185222147395084
Rg w/no norm,expr pH only regr out,Inliers,2,Ridge,80/20,0.23842849795013976,1.776674200771183
Rg w/no norm,expr pH only regr out,All,2,Lasso,80/20,0.028146559998726728,2.1398893969547443
Rg w/no norm,expr pH only regr out,Inliers,2,Lasso,80/20,0.22299771711017702,1.7945832139296982
Rg w/no norm,expr pH only regr out,All,2,Kernel Ridge,80/20,-1.6218445798013224,3.5147497645770174
Rg w/no norm,expr pH only regr out,Inliers,2,Kernel Ridge,80/20,-0.06164061331273962,2.0976895556412125
Rg w/no norm,expr pH only regr out,All,2,GPR,80/20,0.03996174655689999,2.126841901108526
Rg w/no norm,expr pH only regr out,Inliers,2,GPR,80/20,-0.12960703740367308,2.1637951769953467
Rg w/no norm,expr pH only regr out,All,2,Linear,85/15,-0.15754199488224518,2.361748417069225
Rg w/no norm,expr pH only regr out,Inliers,2,Linear,85/15,0.3255414108385858,1.6520936036311307
Rg w/no norm,expr pH only regr out,All,2,Ridge,85/15,-0.05616441054807719,2.2559580495801432
Rg w/no norm,expr pH only regr out,Inliers,2,Ridge,85/15,0.2932516601244213,1.6911783232059887
Rg w/no norm,expr pH only regr out,All,2,Lasso,85/15,-0.02969053178583314,2.227504626142047
Rg w/no norm,expr pH only regr out,Inliers,2,Lasso,85/15,0.30035016885388,1.6826638778166323
Rg w/no norm,expr pH only regr out,All,2,Kernel Ridge,85/15,-0.8736614577911779,3.0047671082954373
Rg w/no norm,expr pH only regr out,Inliers,2,Kernel Ridge,85/15,-0.1215073421247519,2.1303848521471394
Rg w/no norm,expr pH only regr out,All,2,GPR,85/15,-2.241842383173276,3.9524028420952053
Rg w/no norm,expr pH only regr out,Inliers,2,GPR,85/15,-0.23596023691248869,2.2364503151561994
Rg w/no norm,expr pH only regr out,All,2,Linear,90/10,-0.05695561904886337,2.3841939965851418
Rg w/no norm,expr pH only regr out,Inliers,2,Linear,90/10,0.4378885127924047,1.7434140060000287
Rg w/no norm,expr pH only regr out,All,2,Ridge,90/10,0.09901487985695123,2.201263454361463
Rg w/no norm,expr pH only regr out,Inliers,2,Ridge,90/10,0.42082233320826556,1.7696818790449595
Rg w/no norm,expr pH only regr out,All,2,Lasso,90/10,0.10770580086951276,2.1906210115729263
Rg w/no norm,expr pH only regr out,Inliers,2,Lasso,90/10,0.42288293869926297,1.7665309758909056
Rg w/no norm,expr pH only regr out,All,2,Kernel Ridge,90/10,-2.9059903093799817,4.583305381618753
Rg w/no norm,expr pH only regr out,Inliers,2,Kernel Ridge,90/10,-0.1779845109974867,2.523824142331059
Rg w/no norm,expr pH only regr out,All,2,GPR,90/10,0.05268525788652867,2.257149692134782
Rg w/no norm,expr pH only regr out,Inliers,2,GPR,90/10,-0.2660580131753514,2.6164720723262382
Rg w/no norm,expr pH only regr out,All,1,Linear,80/20,0.03447321110757007,2.1329128106115043
Rg w/no norm,expr pH only regr out,Inliers,1,Linear,80/20,0.16845174578401767,1.8565052504956177
Rg w/no norm,expr pH only regr out,All,1,Ridge,80/20,0.08047323165452702,2.081484240011963
Rg w/no norm,expr pH only regr out,Inliers,1,Ridge,80/20,0.16081847491414858,1.865006762181218
Rg w/no norm,expr pH only regr out,All,1,Lasso,80/20,0.08132251948318159,2.0805227739260985
Rg w/no norm,expr pH only regr out,Inliers,1,Lasso,80/20,0.2101247312221134,1.8093880254965458
Rg w/no norm,expr pH only regr out,All,1,Kernel Ridge,80/20,-1.2944176615261602,3.28796493451951
Rg w/no norm,expr pH only regr out,Inliers,1,Kernel Ridge,80/20,-0.06111448324727653,2.097169702547092
Rg w/no norm,expr pH only regr out,All,1,GPR,80/20,0.03996174655953555,2.1268419011056063
Rg w/no norm,expr pH only regr out,Inliers,1,GPR,80/20,-0.13980922131281415,2.1735445036120056
Rg w/no norm,expr pH only regr out,All,1,Linear,85/15,-0.033315950329704025,2.231422570648283
Rg w/no norm,expr pH only regr out,Inliers,1,Linear,85/15,0.23195344108558158,1.7629937746330637
Rg w/no norm,expr pH only regr out,All,1,Ridge,85/15,0.061181319024619096,2.126944297796674
Rg w/no norm,expr pH only regr out,Inliers,1,Ridge,85/15,0.20636606528362944,1.7921201362213308
Rg w/no norm,expr pH only regr out,All,1,Lasso,85/15,0.09405171434680615,2.0893777172959638
Rg w/no norm,expr pH only regr out,Inliers,1,Lasso,85/15,0.2044851193026609,1.79424257964321
Rg w/no norm,expr pH only regr out,All,1,Kernel Ridge,85/15,-0.8441643929354801,2.9810212453882947
Rg w/no norm,expr pH only regr out,Inliers,1,Kernel Ridge,85/15,-0.1208116792581555,2.129724018520873
Rg w/no norm,expr pH only regr out,All,1,GPR,85/15,-1.9694503352590815,3.7827120942910293
Rg w/no norm,expr pH only regr out,Inliers,1,GPR,85/15,-0.249665048526853,2.2488154511858514
Rg w/no norm,expr pH only regr out,All,1,Linear,90/10,0.028042288130153747,2.2863193876262127
Rg w/no norm,expr pH only regr out,Inliers,1,Linear,90/10,0.48259079760435053,1.6726550060729262
Rg w/no norm,expr pH only regr out,All,1,Ridge,90/10,0.21886744443607065,2.049630539078078
Rg w/no norm,expr pH only regr out,Inliers,1,Ridge,90/10,0.4802548809904964,1.6764264722983198
Rg w/no norm,expr pH only regr out,All,1,Lasso,90/10,0.1875295314211174,2.0903403617327396
Rg w/no norm,expr pH only regr out,Inliers,1,Lasso,90/10,0.4707319075794396,1.691714831196024
Rg w/no norm,expr pH only regr out,All,1,Kernel Ridge,90/10,-2.3292834019979876,4.231443992722124
Rg w/no norm,expr pH only regr out,Inliers,1,Kernel Ridge,90/10,-0.17724458551775402,2.5230313750610898
Rg w/no norm,expr pH only regr out,All,1,GPR,90/10,-2.984414004418985,4.629088065810567
Rg w/no norm,expr pH only regr out,Inliers,1,GPR,90/10,-0.2660580131753514,2.6164720723262382
Rg norm w/0.427,expr pH only regr out,All,1,Linear,80/20,-0.3104376723879052,0.2446989368701112
Rg norm w/0.427,expr pH only regr out,Inliers,1,Linear,80/20,0.11762241206442792,0.19445081213250243
Rg norm w/0.427,expr pH only regr out,All,1,Ridge,80/20,-0.06791946156965722,0.2208986939857353
Rg norm w/0.427,expr pH only regr out,Inliers,1,Ridge,80/20,0.061314558291456156,0.2005591905623843
Rg norm w/0.427,expr pH only regr out,All,1,Lasso,80/20,-0.07254264574296476,0.22137632946136673
Rg norm w/0.427,expr pH only regr out,Inliers,1,Lasso,80/20,0.12675065908021288,0.19344239488794163
Rg norm w/0.427,expr pH only regr out,All,1,Kernel Ridge,80/20,-1.1916071149616752,0.316450108203334
Rg norm w/0.427,expr pH only regr out,Inliers,1,Kernel Ridge,80/20,-0.19319223783717931,0.22611935435498143
Rg norm w/0.427,expr pH only regr out,All,1,GPR,80/20,-2.5382234610373566,0.4020837545555371
Rg norm w/0.427,expr pH only regr out,Inliers,1,GPR,80/20,-0.3065819959260514,0.23661967949940446
Rg norm w/0.427,expr pH only regr out,All,1,Linear,85/15,-0.2653432447000448,0.24767513463229668
Rg norm w/0.427,expr pH only regr out,Inliers,1,Linear,85/15,0.10389942526569995,0.17958688503599785
Rg norm w/0.427,expr pH only regr out,All,1,Ridge,85/15,-0.07584276281213276,0.22837714197104347
Rg norm w/0.427,expr pH only regr out,Inliers,1,Ridge,85/15,0.06062463022078546,0.18387209489712572
Rg norm w/0.427,expr pH only regr out,All,1,Lasso,85/15,-0.08245056020423447,0.22907741149802135
Rg norm w/0.427,expr pH only regr out,Inliers,1,Lasso,85/15,0.11848640411419398,0.17811920462142566
Rg norm w/0.427,expr pH only regr out,All,1,Kernel Ridge,85/15,-1.298578249967453,0.3338165610610303
Rg norm w/0.427,expr pH only regr out,Inliers,1,Kernel Ridge,85/15,-0.22445503581353687,0.20992669115247078
Rg norm w/0.427,expr pH only regr out,All,1,GPR,85/15,-0.0015520845920600213,0.22035098789816435
Rg norm w/0.427,expr pH only regr out,Inliers,1,GPR,85/15,-0.37485125487728777,0.2224457419300725
Rg norm w/0.427,expr pH only regr out,All,1,Linear,90/10,-0.21644909599625262,0.25507903073516225
Rg norm w/0.427,expr pH only regr out,Inliers,1,Linear,90/10,0.2559730620464771,0.18818470242368007
Rg norm w/0.427,expr pH only regr out,All,1,Ridge,90/10,-0.007919615508805933,0.23218851647106267
Rg norm w/0.427,expr pH only regr out,Inliers,1,Ridge,90/10,0.24442843630333633,0.18963905788431173
Rg norm w/0.427,expr pH only regr out,All,1,Lasso,90/10,-0.01583405191117193,0.233098335026185
Rg norm w/0.427,expr pH only regr out,Inliers,1,Lasso,90/10,0.2396161746716433,0.1902420082408087
Rg norm w/0.427,expr pH only regr out,All,1,Kernel Ridge,90/10,-1.982218785855328,0.399390323849289
Rg norm w/0.427,expr pH only regr out,Inliers,1,Kernel Ridge,90/10,-0.2943815478023113,0.24821106805767887
Rg norm w/0.427,expr pH only regr out,All,1,GPR,90/10,-4.2753122855603,0.531192427213558
Rg norm w/0.427,expr pH only regr out,Inliers,1,GPR,90/10,-0.45096528445614315,0.2627958469365952
Rg norm w/0.427,expr pH only regr out,All,2,Linear,80/20,-0.3342442351909838,0.2469116406264851
Rg norm w/0.427,expr pH only regr out,Inliers,2,Linear,80/20,0.18078419201343954,0.1873620756733999
Rg norm w/0.427,expr pH only regr out,All,2,Ridge,80/20,-0.11882233051052693,0.22610202949100747
Rg norm w/0.427,expr pH only regr out,Inliers,2,Ridge,80/20,0.0991620692283689,0.19647434932948163
Rg norm w/0.427,expr pH only regr out,All,2,Lasso,80/20,-0.21682479483088302,0.2357968086787745
Rg norm w/0.427,expr pH only regr out,Inliers,2,Lasso,80/20,-0.13518251269513137,0.22055422067279765
Rg norm w/0.427,expr pH only regr out,All,2,Kernel Ridge,80/20,-1.2256254664832382,0.31889663654249484
Rg norm w/0.427,expr pH only regr out,Inliers,2,Kernel Ridge,80/20,-0.19342006316061267,0.22614094067383655
Rg norm w/0.427,expr pH only regr out,All,2,GPR,80/20,-0.0493500275792893,0.21896973198462755
Rg norm w/0.427,expr pH only regr out,Inliers,2,GPR,80/20,-0.2884927185735373,0.2349760025998934
Rg norm w/0.427,expr pH only regr out,All,2,Linear,85/15,-0.4105504250576537,0.26150051011057956
Rg norm w/0.427,expr pH only regr out,Inliers,2,Linear,85/15,0.11038156958344769,0.17893616512947996
Rg norm w/0.427,expr pH only regr out,All,2,Ridge,85/15,-0.1934240601435424,0.24053353112117623
Rg norm w/0.427,expr pH only regr out,Inliers,2,Ridge,85/15,0.08285560664206737,0.1816833367477571
Rg norm w/0.427,expr pH only regr out,All,2,Lasso,85/15,-0.22775375460479785,0.24396856278325144
Rg norm w/0.427,expr pH only regr out,Inliers,2,Lasso,85/15,0.11722647640571804,0.17824645007228931
Rg norm w/0.427,expr pH only regr out,All,2,Kernel Ridge,85/15,-1.3400704095004108,0.3368159851667101
Rg norm w/0.427,expr pH only regr out,Inliers,2,Kernel Ridge,85/15,-0.22478204089067355,0.20995472097356863
Rg norm w/0.427,expr pH only regr out,All,2,GPR,85/15,-3.3186708659592288,0.4575655148926609
Rg norm w/0.427,expr pH only regr out,Inliers,2,GPR,85/15,-0.420852531483523,0.22613653968687997
Rg norm w/0.427,expr pH only regr out,All,2,Linear,90/10,-0.3293821353764197,0.2666568270995993
Rg norm w/0.427,expr pH only regr out,Inliers,2,Linear,90/10,0.2001298090810104,0.19511908144515674
Rg norm w/0.427,expr pH only regr out,All,2,Ridge,90/10,-0.12023072642252375,0.24478315515827462
Rg norm w/0.427,expr pH only regr out,Inliers,2,Ridge,90/10,0.16335868769880402,0.1995536333743831
Rg norm w/0.427,expr pH only regr out,All,2,Lasso,90/10,-0.10652444295897978,0.2432810569717781
Rg norm w/0.427,expr pH only regr out,Inliers,2,Lasso,90/10,0.15719950944376837,0.20028682249645105
Rg norm w/0.427,expr pH only regr out,All,2,Kernel Ridge,90/10,-2.038976756791484,0.40317303439044316
Rg norm w/0.427,expr pH only regr out,Inliers,2,Kernel Ridge,90/10,-0.2947118966111548,0.24824273993980794
Rg norm w/0.427,expr pH only regr out,All,2,GPR,90/10,-0.06374113321256525,0.23853151392639174
Rg norm w/0.427,expr pH only regr out,Inliers,2,GPR,90/10,-0.4521277076635042,0.26290109371132814
Rg norm w/0.427,expr pH only regr out,All,1,Linear,80/20,-0.3104376723879052,0.2446989368701112
Rg norm w/0.427,expr pH only regr out,Inliers,1,Linear,80/20,0.11762241206442792,0.19445081213250243
Rg norm w/0.427,expr pH only regr out,All,1,Ridge,80/20,-0.06791946156965722,0.2208986939857353
Rg norm w/0.427,expr pH only regr out,Inliers,1,Ridge,80/20,0.061314558291456156,0.2005591905623843
Rg norm w/0.427,expr pH only regr out,All,1,Lasso,80/20,-0.07254264574296476,0.22137632946136673
Rg norm w/0.427,expr pH only regr out,Inliers,1,Lasso,80/20,0.12675065908021288,0.19344239488794163
Rg norm w/0.427,expr pH only regr out,All,1,Kernel Ridge,80/20,-1.1916071149616752,0.316450108203334
Rg norm w/0.427,expr pH only regr out,Inliers,1,Kernel Ridge,80/20,-0.19319223783717931,0.22611935435498143
Rg norm w/0.427,expr pH only regr out,All,1,GPR,80/20,-0.049350006732262974,0.21896972980953452
Rg norm w/0.427,expr pH only regr out,Inliers,1,GPR,80/20,-0.3065794525710439,0.23661944920075445
Rg norm w/0.427,expr pH only regr out,All,1,Linear,85/15,-0.2653432447000448,0.24767513463229668
Rg norm w/0.427,expr pH only regr out,Inliers,1,Linear,85/15,0.10389942526569995,0.17958688503599785
Rg norm w/0.427,expr pH only regr out,All,1,Ridge,85/15,-0.07584276281213276,0.22837714197104347
Rg norm w/0.427,expr pH only regr out,Inliers,1,Ridge,85/15,0.06062463022078546,0.18387209489712572
Rg norm w/0.427,expr pH only regr out,All,1,Lasso,85/15,-0.08245056020423447,0.22907741149802135
Rg norm w/0.427,expr pH only regr out,Inliers,1,Lasso,85/15,0.11848640411419398,0.17811920462142566
Rg norm w/0.427,expr pH only regr out,All,1,Kernel Ridge,85/15,-1.298578249967453,0.3338165610610303
Rg norm w/0.427,expr pH only regr out,Inliers,1,Kernel Ridge,85/15,-0.22445503581353687,0.20992669115247078
Rg norm w/0.427,expr pH only regr out,All,1,GPR,85/15,-2.8472568209284854,0.4318707804036508
Rg norm w/0.427,expr pH only regr out,Inliers,1,GPR,85/15,-0.4293656676160449,0.22681298431141642
Rg norm w/0.427,expr pH only regr out,All,1,Linear,90/10,-0.21644909599625262,0.25507903073516225
Rg norm w/0.427,expr pH only regr out,Inliers,1,Linear,90/10,0.2559730620464771,0.18818470242368007
Rg norm w/0.427,expr pH only regr out,All,1,Ridge,90/10,-0.007919615508805933,0.23218851647106267
Rg norm w/0.427,expr pH only regr out,Inliers,1,Ridge,90/10,0.24442843630333633,0.18963905788431173
Rg norm w/0.427,expr pH only regr out,All,1,Lasso,90/10,-0.01583405191117193,0.233098335026185
Rg norm w/0.427,expr pH only regr out,Inliers,1,Lasso,90/10,0.2396161746716433,0.1902420082408087
Rg norm w/0.427,expr pH only regr out,All,1,Kernel Ridge,90/10,-1.982218785855328,0.399390323849289
Rg norm w/0.427,expr pH only regr out,Inliers,1,Kernel Ridge,90/10,-0.2943815478023113,0.24821106805767887
Rg norm w/0.427,expr pH only regr out,All,1,GPR,90/10,-0.06347553606461798,0.23850173353957768
Rg norm w/0.427,expr pH only regr out,Inliers,1,GPR,90/10,-0.45097261412682177,0.2627965107031931
Rg norm w/0.5,expr pH only regr out,All,1,Linear,80/20,-0.06258805656943944,0.2149259437342231
Rg norm w/0.5,expr pH only regr out,Inliers,1,Linear,80/20,0.12583953209463794,0.13532065781416697
Rg norm w/0.5,expr pH only regr out,All,1,Ridge,80/20,-0.002414664302277547,0.20875172983049634
Rg norm w/0.5,expr pH only regr out,Inliers,1,Ridge,80/20,0.06444583885115862,0.1399919253022041
Rg norm w/0.5,expr pH only regr out,All,1,Lasso,80/20,-0.009187416283269245,0.20945575166537164
Rg norm w/0.5,expr pH only regr out,Inliers,1,Lasso,80/20,-0.13116185229163824,0.15393270255223995
Rg norm w/0.5,expr pH only regr out,All,1,Kernel Ridge,80/20,-0.7534587190633142,0.27609220820360225
Rg norm w/0.5,expr pH only regr out,Inliers,1,Kernel Ridge,80/20,-0.2011334873392696,0.15862226852380135
Rg norm w/0.5,expr pH only regr out,All,1,GPR,80/20,-1.33932977188815,0.31889822452528827
Rg norm w/0.5,expr pH only regr out,Inliers,1,GPR,80/20,-0.32068535172246837,0.16632908541296323
Rg norm w/0.5,expr pH only regr out,All,1,Linear,85/15,-0.08885645628735062,0.22216622754622348
Rg norm w/0.5,expr pH only regr out,Inliers,1,Linear,85/15,0.0828696007165809,0.12425590099505579
Rg norm w/0.5,expr pH only regr out,All,1,Ridge,85/15,0.03353731934863102,0.20930773096346383
Rg norm w/0.5,expr pH only regr out,Inliers,1,Ridge,85/15,0.03755816437454995,0.1272883698955891
Rg norm w/0.5,expr pH only regr out,All,1,Lasso,85/15,0.01811847806254918,0.21097076073393317
Rg norm w/0.5,expr pH only regr out,Inliers,1,Lasso,85/15,0.1116014600137154,0.12229406936102719
Rg norm w/0.5,expr pH only regr out,All,1,Kernel Ridge,85/15,-0.7489533899815202,0.28156705804414817
Rg norm w/0.5,expr pH only regr out,Inliers,1,Kernel Ridge,85/15,-0.2266601757403781,0.14370226430794963
Rg norm w/0.5,expr pH only regr out,All,1,GPR,85/15,-1.3390026035011657,0.3256177551913292
Rg norm w/0.5,expr pH only regr out,Inliers,1,GPR,85/15,-0.45166889322161174,0.15632745720100735
Rg norm w/0.5,expr pH only regr out,All,1,Linear,90/10,-0.07574044877942221,0.23374450757131776
Rg norm w/0.5,expr pH only regr out,Inliers,1,Linear,90/10,0.216295347248473,0.13147539895504076
Rg norm w/0.5,expr pH only regr out,All,1,Ridge,90/10,0.034517741694410575,0.22144190770413497
Rg norm w/0.5,expr pH only regr out,Inliers,1,Ridge,90/10,0.20485854990610441,0.13243125097305625
Rg norm w/0.5,expr pH only regr out,All,1,Lasso,90/10,0.02183424173574211,0.22289169831025027
Rg norm w/0.5,expr pH only regr out,Inliers,1,Lasso,90/10,0.20212267932757322,0.132658885717142
Rg norm w/0.5,expr pH only regr out,All,1,Kernel Ridge,90/10,-1.2069386081507214,0.33479795111184785
Rg norm w/0.5,expr pH only regr out,Inliers,1,Kernel Ridge,90/10,-0.30465123814154116,0.16963501446118245
Rg norm w/0.5,expr pH only regr out,All,1,GPR,90/10,-2.1648918685560012,0.4009286610989516
Rg norm w/0.5,expr pH only regr out,Inliers,1,GPR,90/10,-0.4800826033962313,0.18068049087580104
Rg norm w/0.5,expr pH only regr out,All,2,Linear,80/20,-0.09268257365536581,0.21794824976666113
Rg norm w/0.5,expr pH only regr out,Inliers,2,Linear,80/20,0.17719614984847698,0.13128547404104235
Rg norm w/0.5,expr pH only regr out,All,2,Ridge,80/20,-0.034973291288787456,0.2121147886216988
Rg norm w/0.5,expr pH only regr out,Inliers,2,Ridge,80/20,0.10100879279491592,0.13722910820323755
Rg norm w/0.5,expr pH only regr out,All,2,Lasso,80/20,-0.035002857134732945,0.21211781831745447
Rg norm w/0.5,expr pH only regr out,Inliers,2,Lasso,80/20,-0.13116185229163824,0.15393270255223995
Rg norm w/0.5,expr pH only regr out,All,2,Kernel Ridge,80/20,-0.7718565065223524,0.2775368476758915
Rg norm w/0.5,expr pH only regr out,Inliers,2,Kernel Ridge,80/20,-0.20129910440816845,0.1586332038819202
Rg norm w/0.5,expr pH only regr out,All,2,GPR,80/20,-0.1535384884419866,0.22393522945758443
Rg norm w/0.5,expr pH only regr out,Inliers,2,GPR,80/20,-0.3152373164556881,0.16598566403152348
Rg norm w/0.5,expr pH only regr out,All,2,Linear,85/15,-0.1954909426584588,0.2327908308809527
Rg norm w/0.5,expr pH only regr out,Inliers,2,Linear,85/15,0.0709356622775229,0.1250617131014403
Rg norm w/0.5,expr pH only regr out,All,2,Ridge,85/15,-0.08633591662066054,0.2219089377867314
Rg norm w/0.5,expr pH only regr out,Inliers,2,Ridge,85/15,0.056958296754548554,0.1259989504936828
Rg norm w/0.5,expr pH only regr out,All,2,Lasso,85/15,-0.07513914796138255,0.22076237781822722
Rg norm w/0.5,expr pH only regr out,Inliers,2,Lasso,85/15,0.08722220069600894,0.12396069790993668
Rg norm w/0.5,expr pH only regr out,All,2,Kernel Ridge,85/15,-0.7714432553805606,0.2833716166876671
Rg norm w/0.5,expr pH only regr out,Inliers,2,Kernel Ridge,85/15,-0.2268965584435756,0.1437161096638363
Rg norm w/0.5,expr pH only regr out,All,2,GPR,85/15,-1.6601480656538015,0.3472526994843855
Rg norm w/0.5,expr pH only regr out,Inliers,2,GPR,85/15,-0.4451549527599368,0.1559763259398211
Rg norm w/0.5,expr pH only regr out,All,2,Linear,90/10,-0.16080001654292553,0.2428098877671586
Rg norm w/0.5,expr pH only regr out,Inliers,2,Linear,90/10,0.1596027259984132,0.136147791933264
Rg norm w/0.5,expr pH only regr out,All,2,Ridge,90/10,-0.04559224356170222,0.23044582365075383
Rg norm w/0.5,expr pH only regr out,Inliers,2,Ridge,90/10,0.1177534909404776,0.13949648325431696
Rg norm w/0.5,expr pH only regr out,All,2,Lasso,90/10,-0.046031132847478506,0.2304941836076849
Rg norm w/0.5,expr pH only regr out,Inliers,2,Lasso,90/10,0.1129413278778747,0.1398764036851596
Rg norm w/0.5,expr pH only regr out,All,2,Kernel Ridge,90/10,-1.2368442566881623,0.33705869797163834
Rg norm w/0.5,expr pH only regr out,Inliers,2,Kernel Ridge,90/10,-0.3048823506414744,0.16965003879682222
Rg norm w/0.5,expr pH only regr out,All,2,GPR,90/10,-0.1930485972413556,0.2461595745485563
Rg norm w/0.5,expr pH only regr out,Inliers,2,GPR,90/10,-0.4833472882215548,0.1808796486595677
Rg norm w/0.5,expr pH only regr out,All,1,Linear,80/20,-0.06258805656943944,0.2149259437342231
Rg norm w/0.5,expr pH only regr out,Inliers,1,Linear,80/20,0.12583953209463794,0.13532065781416697
Rg norm w/0.5,expr pH only regr out,All,1,Ridge,80/20,-0.002414664302277547,0.20875172983049634
Rg norm w/0.5,expr pH only regr out,Inliers,1,Ridge,80/20,0.06444583885115862,0.1399919253022041
Rg norm w/0.5,expr pH only regr out,All,1,Lasso,80/20,-0.009187416283269245,0.20945575166537164
Rg norm w/0.5,expr pH only regr out,Inliers,1,Lasso,80/20,-0.13116185229163824,0.15393270255223995
Rg norm w/0.5,expr pH only regr out,All,1,Kernel Ridge,80/20,-0.7534587190633142,0.27609220820360225
Rg norm w/0.5,expr pH only regr out,Inliers,1,Kernel Ridge,80/20,-0.2011334873392696,0.15862226852380135
Rg norm w/0.5,expr pH only regr out,All,1,GPR,80/20,-1.3392837023351012,0.3188950844013132
Rg norm w/0.5,expr pH only regr out,Inliers,1,GPR,80/20,-0.32069867659027973,0.1663299244877221
Rg norm w/0.5,expr pH only regr out,All,1,Linear,85/15,-0.08885645628735062,0.22216622754622348
Rg norm w/0.5,expr pH only regr out,Inliers,1,Linear,85/15,0.0828696007165809,0.12425590099505579
Rg norm w/0.5,expr pH only regr out,All,1,Ridge,85/15,0.03353731934863102,0.20930773096346383
Rg norm w/0.5,expr pH only regr out,Inliers,1,Ridge,85/15,0.03755816437454995,0.1272883698955891
Rg norm w/0.5,expr pH only regr out,All,1,Lasso,85/15,0.01811847806254918,0.21097076073393317
Rg norm w/0.5,expr pH only regr out,Inliers,1,Lasso,85/15,0.1116014600137154,0.12229406936102719
Rg norm w/0.5,expr pH only regr out,All,1,Kernel Ridge,85/15,-0.7489533899815202,0.28156705804414817
Rg norm w/0.5,expr pH only regr out,Inliers,1,Kernel Ridge,85/15,-0.2266601757403781,0.14370226430794963
Rg norm w/0.5,expr pH only regr out,All,1,GPR,85/15,-1.338167615091506,0.32555962970648017
Rg norm w/0.5,expr pH only regr out,Inliers,1,GPR,85/15,-0.45166761967370106,0.15632738862801832
Rg norm w/0.5,expr pH only regr out,All,1,Linear,90/10,-0.07574044877942221,0.23374450757131776
Rg norm w/0.5,expr pH only regr out,Inliers,1,Linear,90/10,0.216295347248473,0.13147539895504076
Rg norm w/0.5,expr pH only regr out,All,1,Ridge,90/10,0.034517741694410575,0.22144190770413497
Rg norm w/0.5,expr pH only regr out,Inliers,1,Ridge,90/10,0.20485854990610441,0.13243125097305625
Rg norm w/0.5,expr pH only regr out,All,1,Lasso,90/10,0.02183424173574211,0.22289169831025027
Rg norm w/0.5,expr pH only regr out,Inliers,1,Lasso,90/10,0.20212267932757322,0.132658885717142
Rg norm w/0.5,expr pH only regr out,All,1,Kernel Ridge,90/10,-1.2069386081507214,0.33479795111184785
Rg norm w/0.5,expr pH only regr out,Inliers,1,Kernel Ridge,90/10,-0.30465123814154116,0.16963501446118245
Rg norm w/0.5,expr pH only regr out,All,1,GPR,90/10,-2.1647254918153953,0.4009181226535153
Rg norm w/0.5,expr pH only regr out,Inliers,1,GPR,90/10,-0.47851936389452066,0.18058504975033485
Rg norm w/0.418,expr pH only regr out,All,1,Linear,80/20,-0.8621136992081433,0.2244100317291941
Rg norm w/0.418,expr pH only regr out,Inliers,1,Linear,80/20,0.1171675982304069,0.20348154824144787
Rg norm w/0.418,expr pH only regr out,All,1,Ridge,80/20,-0.18088636838533212,0.17870768306142398
Rg norm w/0.418,expr pH only regr out,Inliers,1,Ridge,80/20,0.06151158133994372,0.20979752480684405
Rg norm w/0.418,expr pH only regr out,All,1,Lasso,80/20,-0.195807418898432,0.1798331664684671
Rg norm w/0.418,expr pH only regr out,Inliers,1,Lasso,80/20,0.1272012221366533,0.20232193316743297
Rg norm w/0.418,expr pH only regr out,All,1,Kernel Ridge,80/20,-3.6273321344867666,0.35375656317873916
Rg norm w/0.418,expr pH only regr out,Inliers,1,Kernel Ridge,80/20,-0.19161323671737307,0.23640331416573573
Rg norm w/0.418,expr pH only regr out,All,1,GPR,80/20,0.06143164712062765,0.15932066950607346
Rg norm w/0.418,expr pH only regr out,Inliers,1,GPR,80/20,-0.30417162813494336,0.2473166045019674
Rg norm w/0.418,expr pH only regr out,All,1,Linear,85/15,-0.6081313245782836,0.21781887860003135
Rg norm w/0.418,expr pH only regr out,Inliers,1,Linear,85/15,0.10666154124962024,0.18805834078866004
Rg norm w/0.418,expr pH only regr out,All,1,Ridge,85/15,-0.1299016441207015,0.18258079019141074
Rg norm w/0.418,expr pH only regr out,Inliers,1,Ridge,85/15,0.06365369649697183,0.19253196119596044
Rg norm w/0.418,expr pH only regr out,All,1,Lasso,85/15,-0.17384288673892323,0.1860971612152557
Rg norm w/0.418,expr pH only regr out,Inliers,1,Lasso,85/15,0.12097099991665694,0.18654610522900159
Rg norm w/0.418,expr pH only regr out,All,1,Kernel Ridge,85/15,-4.229470325878859,0.3927928859895197
Rg norm w/0.418,expr pH only regr out,Inliers,1,Kernel Ridge,85/15,-0.22367342969750736,0.22009863521314604
Rg norm w/0.418,expr pH only regr out,All,1,GPR,85/15,-5.345210962818237,0.43267100760082
Rg norm w/0.418,expr pH only regr out,Inliers,1,GPR,85/15,-0.4262696677309037,0.23762132196460536
Rg norm w/0.418,expr pH only regr out,All,1,Linear,90/10,-0.5202661912234803,0.21987035889209508
Rg norm w/0.418,expr pH only regr out,Inliers,1,Linear,90/10,0.26102893759166224,0.19679055954874172
Rg norm w/0.418,expr pH only regr out,All,1,Ridge,90/10,-0.07231815659276486,0.1846582418841835
Rg norm w/0.418,expr pH only regr out,Inliers,1,Ridge,90/10,0.24945632963816444,0.19832548632713165
Rg norm w/0.418,expr pH only regr out,All,1,Lasso,90/10,-0.07531586140218849,0.18491617119752848
Rg norm w/0.418,expr pH only regr out,Inliers,1,Lasso,90/10,0.24445134574695504,0.19898565214346814
Rg norm w/0.418,expr pH only regr out,All,1,Kernel Ridge,90/10,-6.17898930091511,0.47779161036964607
Rg norm w/0.418,expr pH only regr out,Inliers,1,Kernel Ridge,90/10,-0.29274038043245776,0.26028323865903813
Rg norm w/0.418,expr pH only regr out,All,1,GPR,90/10,0.09060925568018985,0.17005215166697502
Rg norm w/0.418,expr pH only regr out,Inliers,1,GPR,90/10,-0.44715495827976337,0.275389934676067
Rg norm w/0.418,expr pH only regr out,All,2,Linear,80/20,-0.8719475569807036,0.22500180827966684
Rg norm w/0.418,expr pH only regr out,Inliers,2,Linear,80/20,0.18182984837940408,0.19588794808828036
Rg norm w/0.418,expr pH only regr out,All,2,Ridge,80/20,-0.2556471276238066,0.18427778071130987
Rg norm w/0.418,expr pH only regr out,Inliers,2,Ridge,80/20,0.09955369087467669,0.20550141301498712
Rg norm w/0.418,expr pH only regr out,All,2,Lasso,80/20,-0.29349968248624725,0.1870347626203404
Rg norm w/0.418,expr pH only regr out,Inliers,2,Lasso,80/20,0.14420721149161375,0.20034117312758365
Rg norm w/0.418,expr pH only regr out,All,2,Kernel Ridge,80/20,-4.518698657682105,0.38632917784694776
Rg norm w/0.418,expr pH only regr out,Inliers,2,Kernel Ridge,80/20,-0.1918488009343644,0.23642667972092235
Rg norm w/0.418,expr pH only regr out,All,2,GPR,80/20,0.06143160863893582,0.1593206727721802
Rg norm w/0.418,expr pH only regr out,Inliers,2,GPR,80/20,-0.29708058419387795,0.24664333296904886
Rg norm w/0.418,expr pH only regr out,All,2,Linear,85/15,-0.8050782433950181,0.2307718214415096
Rg norm w/0.418,expr pH only regr out,Inliers,2,Linear,85/15,0.11553127225440596,0.18712242007667468
Rg norm w/0.418,expr pH only regr out,All,2,Ridge,85/15,-0.26659022953366684,0.19330933588744273
Rg norm w/0.418,expr pH only regr out,Inliers,2,Ridge,85/15,0.08625975571362221,0.19019362727093356
Rg norm w/0.418,expr pH only regr out,All,2,Lasso,85/15,-0.28570721191567716,0.19476270694435313
Rg norm w/0.418,expr pH only regr out,Inliers,2,Lasso,85/15,0.12119689753194907,0.18652213387650982
Rg norm w/0.418,expr pH only regr out,All,2,Kernel Ridge,85/15,-5.300356334278769,0.43113900834936575
Rg norm w/0.418,expr pH only regr out,Inliers,2,Kernel Ridge,85/15,-0.22401131779315753,0.22012902059777034
Rg norm w/0.418,expr pH only regr out,All,2,GPR,85/15,-6.097377412862325,0.4575975726596458
Rg norm w/0.418,expr pH only regr out,Inliers,2,GPR,85/15,-0.417343268658392,0.23687657081894573
Rg norm w/0.418,expr pH only regr out,All,2,Linear,90/10,-0.6722461013460903,0.23059875734891755
Rg norm w/0.418,expr pH only regr out,Inliers,2,Linear,90/10,0.20532178321587147,0.20407330539458846
Rg norm w/0.418,expr pH only regr out,All,2,Ridge,90/10,-0.10011818243178938,0.18703657361038933
Rg norm w/0.418,expr pH only regr out,Inliers,2,Ridge,90/10,0.16864248839714413,0.20872980007176978
Rg norm w/0.418,expr pH only regr out,All,2,Lasso,90/10,-0.22559208429036293,0.19741486002268252
Rg norm w/0.418,expr pH only regr out,Inliers,2,Lasso,90/10,0.16274627288465726,0.20946867680551212
Rg norm w/0.418,expr pH only regr out,All,2,Kernel Ridge,90/10,-7.696740305365056,0.5258781391015798
Rg norm w/0.418,expr pH only regr out,Inliers,2,Kernel Ridge,90/10,-0.2930825737969034,0.2603176853682018
Rg norm w/0.418,expr pH only regr out,All,2,GPR,90/10,-1.2298225662641613,0.2662821284653522
Rg norm w/0.418,expr pH only regr out,Inliers,2,GPR,90/10,-0.4555486517524081,0.27618742929142504
Rg norm w/0.418,expr pH only regr out,All,1,Linear,80/20,-0.8621136992081433,0.2244100317291941
Rg norm w/0.418,expr pH only regr out,Inliers,1,Linear,80/20,0.1171675982304069,0.20348154824144787
Rg norm w/0.418,expr pH only regr out,All,1,Ridge,80/20,-0.18088636838533212,0.17870768306142398
Rg norm w/0.418,expr pH only regr out,Inliers,1,Ridge,80/20,0.06151158133994372,0.20979752480684405
Rg norm w/0.418,expr pH only regr out,All,1,Lasso,80/20,-0.195807418898432,0.1798331664684671
Rg norm w/0.418,expr pH only regr out,Inliers,1,Lasso,80/20,0.1272012221366533,0.20232193316743297
Rg norm w/0.418,expr pH only regr out,All,1,Kernel Ridge,80/20,-3.6273321344867666,0.35375656317873916
Rg norm w/0.418,expr pH only regr out,Inliers,1,Kernel Ridge,80/20,-0.19161323671737307,0.23640331416573573
Rg norm w/0.418,expr pH only regr out,All,1,GPR,80/20,0.061431647115176236,0.15932066950653614
Rg norm w/0.418,expr pH only regr out,Inliers,1,GPR,80/20,-0.2867034605885861,0.24565473283991823
Rg norm w/0.418,expr pH only regr out,All,1,Linear,85/15,-0.6081313245782836,0.21781887860003135
Rg norm w/0.418,expr pH only regr out,Inliers,1,Linear,85/15,0.10666154124962024,0.18805834078866004
Rg norm w/0.418,expr pH only regr out,All,1,Ridge,85/15,-0.1299016441207015,0.18258079019141074
Rg norm w/0.418,expr pH only regr out,Inliers,1,Ridge,85/15,0.06365369649697183,0.19253196119596044
Rg norm w/0.418,expr pH only regr out,All,1,Lasso,85/15,-0.17384288673892323,0.1860971612152557
Rg norm w/0.418,expr pH only regr out,Inliers,1,Lasso,85/15,0.12097099991665694,0.18654610522900159
Rg norm w/0.418,expr pH only regr out,All,1,Kernel Ridge,85/15,-4.229470325878859,0.3927928859895197
Rg norm w/0.418,expr pH only regr out,Inliers,1,Kernel Ridge,85/15,-0.22367342969750736,0.22009863521314604
Rg norm w/0.418,expr pH only regr out,All,1,GPR,85/15,0.11151310487218136,0.16190500533408955
Rg norm w/0.418,expr pH only regr out,Inliers,1,GPR,85/15,-0.42618547734942336,0.23761430866080055
Rg norm w/0.418,expr pH only regr out,All,1,Linear,90/10,-0.5202661912234803,0.21987035889209508
Rg norm w/0.418,expr pH only regr out,Inliers,1,Linear,90/10,0.26102893759166224,0.19679055954874172
Rg norm w/0.418,expr pH only regr out,All,1,Ridge,90/10,-0.07231815659276486,0.1846582418841835
Rg norm w/0.418,expr pH only regr out,Inliers,1,Ridge,90/10,0.24945632963816444,0.19832548632713165
Rg norm w/0.418,expr pH only regr out,All,1,Lasso,90/10,-0.07531586140218849,0.18491617119752848
Rg norm w/0.418,expr pH only regr out,Inliers,1,Lasso,90/10,0.24445134574695504,0.19898565214346814
Rg norm w/0.418,expr pH only regr out,All,1,Kernel Ridge,90/10,-6.17898930091511,0.47779161036964607
Rg norm w/0.418,expr pH only regr out,Inliers,1,Kernel Ridge,90/10,-0.29274038043245776,0.26028323865903813
Rg norm w/0.418,expr pH only regr out,All,1,GPR,90/10,0.09130463900012553,0.1699871223905126
Rg norm w/0.418,expr pH only regr out,Inliers,1,GPR,90/10,-0.4471547312377917,0.2753899130733092
Rg w/no norm,expr buffer only regr out,All,1,Linear,80/20,-0.27874334340547136,2.2943946621919467
Rg w/no norm,expr buffer only regr out,Inliers,1,Linear,80/20,0.2570411476256176,1.61687264263947
Rg w/no norm,expr buffer only regr out,All,1,Ridge,80/20,-0.045885920949898296,2.075002331635304
Rg w/no norm,expr buffer only regr out,Inliers,1,Ridge,80/20,0.27547494023117536,1.5966882807889335
Rg w/no norm,expr buffer only regr out,All,1,Lasso,80/20,-0.04013918703038244,2.0692938163488974
Rg w/no norm,expr buffer only regr out,Inliers,1,Lasso,80/20,0.2567609779879704,1.6171774750824712
Rg w/no norm,expr buffer only regr out,All,1,Kernel Ridge,80/20,-1.1150802390626349,2.9508005415182237
Rg w/no norm,expr buffer only regr out,Inliers,1,Kernel Ridge,80/20,-0.30880222798752754,2.146003593384597
Rg w/no norm,expr buffer only regr out,All,1,GPR,80/20,-2.2090915765223094,3.6346909188570655
Rg w/no norm,expr buffer only regr out,Inliers,1,GPR,80/20,-0.392471128648342,2.2135357050479523
Rg w/no norm,expr buffer only regr out,All,1,Linear,85/15,-0.42232721617303226,2.3952049166335208
Rg w/no norm,expr buffer only regr out,Inliers,1,Linear,85/15,0.20904252551358438,1.6917115330615524
Rg w/no norm,expr buffer only regr out,All,1,Ridge,85/15,-0.08927095081475445,2.096094581104991
Rg w/no norm,expr buffer only regr out,Inliers,1,Ridge,85/15,0.26463898438385225,1.6311730748160818
Rg w/no norm,expr buffer only regr out,All,1,Lasso,85/15,-0.08626462181543504,2.093200028599658
Rg w/no norm,expr buffer only regr out,Inliers,1,Lasso,85/15,0.2630944593774919,1.632885203981675
Rg w/no norm,expr buffer only regr out,All,1,Kernel Ridge,85/15,-1.3656629147853452,3.0890102200660423
Rg w/no norm,expr buffer only regr out,Inliers,1,Kernel Ridge,85/15,-0.33138638938402054,2.194834606938199
Rg w/no norm,expr buffer only regr out,All,1,GPR,85/15,-2.7924230473819147,3.911121457566464
Rg w/no norm,expr buffer only regr out,Inliers,1,GPR,85/15,-0.5385058173775403,2.359387717376774
Rg w/no norm,expr buffer only regr out,All,1,Linear,90/10,-0.12985409451868724,2.310030560577575
Rg w/no norm,expr buffer only regr out,Inliers,1,Linear,90/10,0.4056668651377827,1.6447608139642702
Rg w/no norm,expr buffer only regr out,All,1,Ridge,90/10,0.19064675613038717,1.9551298185416806
Rg w/no norm,expr buffer only regr out,Inliers,1,Ridge,90/10,0.399380714423029,1.6534360992604202
Rg w/no norm,expr buffer only regr out,All,1,Lasso,90/10,0.2212017472479625,1.9178693904234705
Rg w/no norm,expr buffer only regr out,Inliers,1,Lasso,90/10,0.3980398581176653,1.655280682261227
Rg w/no norm,expr buffer only regr out,All,1,Kernel Ridge,90/10,-3.150470178050319,4.427465567832675
Rg w/no norm,expr buffer only regr out,Inliers,1,Kernel Ridge,90/10,-0.38173112364643735,2.5078384050222784
Rg w/no norm,expr buffer only regr out,All,1,GPR,90/10,-0.12037922731505346,2.300324301836378
Rg w/no norm,expr buffer only regr out,Inliers,1,GPR,90/10,-0.36329517892455776,2.4910516260644293
Rg w/no norm,expr buffer only regr out,All,2,Linear,80/20,-0.32429557823613897,2.3349032792713986
Rg w/no norm,expr buffer only regr out,Inliers,2,Linear,80/20,0.14136731365802457,1.7381895739070081
Rg w/no norm,expr buffer only regr out,All,2,Ridge,80/20,-0.1329187338885065,2.159612386938174
Rg w/no norm,expr buffer only regr out,Inliers,2,Ridge,80/20,0.19250429355308163,1.685635010394622
Rg w/no norm,expr buffer only regr out,All,2,Lasso,80/20,-0.13363947663828468,2.160299231212173
Rg w/no norm,expr buffer only regr out,Inliers,2,Lasso,80/20,0.178021340071974,1.7006843032036671
Rg w/no norm,expr buffer only regr out,All,2,Kernel Ridge,80/20,-1.145115119734224,2.9716778873109972
Rg w/no norm,expr buffer only regr out,Inliers,2,Kernel Ridge,80/20,-0.3093905505201566,2.1464858665622955
Rg w/no norm,expr buffer only regr out,All,2,GPR,80/20,-2.4967458408952017,3.794097299228557
Rg w/no norm,expr buffer only regr out,Inliers,2,GPR,80/20,-0.392471128648342,2.2135357050479523
Rg w/no norm,expr buffer only regr out,All,2,Linear,85/15,-0.5546240223755377,2.5041226785953667
Rg w/no norm,expr buffer only regr out,Inliers,2,Linear,85/15,0.03012294009206329,1.8733032495702073
Rg w/no norm,expr buffer only regr out,All,2,Ridge,85/15,-0.23182378088405953,2.2290366351511066
Rg w/no norm,expr buffer only regr out,Inliers,2,Ridge,85/15,0.15040971097880085,1.7532930557124746
Rg w/no norm,expr buffer only regr out,All,2,Lasso,85/15,-0.2219004673792313,2.220040154730149
Rg w/no norm,expr buffer only regr out,Inliers,2,Lasso,85/15,0.15585042233068602,1.7476700615073437
Rg w/no norm,expr buffer only regr out,All,2,Kernel Ridge,85/15,-1.405308514159771,3.11478667839724
Rg w/no norm,expr buffer only regr out,Inliers,2,Kernel Ridge,85/15,-0.3320992284103701,2.195422097696529
Rg w/no norm,expr buffer only regr out,All,2,GPR,85/15,-0.07258973430287585,2.07998274571521
Rg w/no norm,expr buffer only regr out,Inliers,2,GPR,85/15,-0.4411431252412159,2.283512009590485
Rg w/no norm,expr buffer only regr out,All,2,Linear,90/10,-0.22110125454483498,2.4014988458084523
Rg w/no norm,expr buffer only regr out,Inliers,2,Linear,90/10,0.3607944849630045,1.7057211537619994
Rg w/no norm,expr buffer only regr out,All,2,Ridge,90/10,-0.03803156425931453,2.2141743905967357
Rg w/no norm,expr buffer only regr out,Inliers,2,Ridge,90/10,0.32051087268928957,1.758648454377419
Rg w/no norm,expr buffer only regr out,All,2,Lasso,90/10,-0.01811504330445346,2.192830033501268
Rg w/no norm,expr buffer only regr out,Inliers,2,Lasso,90/10,0.31465432884129074,1.7662111241343608
Rg w/no norm,expr buffer only regr out,All,2,Kernel Ridge,90/10,-3.865125356569618,4.793509153278598
Rg w/no norm,expr buffer only regr out,Inliers,2,Kernel Ridge,90/10,-0.38253279106541305,2.5085658116718554
Rg w/no norm,expr buffer only regr out,All,2,GPR,90/10,-0.12037943232628923,2.3003245122973963
Rg w/no norm,expr buffer only regr out,Inliers,2,GPR,90/10,-0.4535758893192534,2.5722112543183746
Rg w/no norm,expr buffer only regr out,All,1,Linear,80/20,-0.27874334340547136,2.2943946621919467
Rg w/no norm,expr buffer only regr out,Inliers,1,Linear,80/20,0.2570411476256176,1.61687264263947
Rg w/no norm,expr buffer only regr out,All,1,Ridge,80/20,-0.045885920949898296,2.075002331635304
Rg w/no norm,expr buffer only regr out,Inliers,1,Ridge,80/20,0.27547494023117536,1.5966882807889335
Rg w/no norm,expr buffer only regr out,All,1,Lasso,80/20,-0.04013918703038244,2.0692938163488974
Rg w/no norm,expr buffer only regr out,Inliers,1,Lasso,80/20,0.2567609779879704,1.6171774750824712
Rg w/no norm,expr buffer only regr out,All,1,Kernel Ridge,80/20,-1.1150802390626349,2.9508005415182237
Rg w/no norm,expr buffer only regr out,Inliers,1,Kernel Ridge,80/20,-0.30880222798752754,2.146003593384597
Rg w/no norm,expr buffer only regr out,All,1,GPR,80/20,-0.08853168178718729,2.116883547133637
Rg w/no norm,expr buffer only regr out,Inliers,1,GPR,80/20,-0.4580775789184961,2.2650810562710992
Rg w/no norm,expr buffer only regr out,All,1,Linear,85/15,-0.42232721617303226,2.3952049166335208
Rg w/no norm,expr buffer only regr out,Inliers,1,Linear,85/15,0.20904252551358438,1.6917115330615524
Rg w/no norm,expr buffer only regr out,All,1,Ridge,85/15,-0.08927095081475445,2.096094581104991
Rg w/no norm,expr buffer only regr out,Inliers,1,Ridge,85/15,0.26463898438385225,1.6311730748160818
Rg w/no norm,expr buffer only regr out,All,1,Lasso,85/15,-0.08626462181543504,2.093200028599658
Rg w/no norm,expr buffer only regr out,Inliers,1,Lasso,85/15,0.2630944593774919,1.632885203981675
Rg w/no norm,expr buffer only regr out,All,1,Kernel Ridge,85/15,-1.3656629147853452,3.0890102200660423
Rg w/no norm,expr buffer only regr out,Inliers,1,Kernel Ridge,85/15,-0.33138638938402054,2.194834606938199
Rg w/no norm,expr buffer only regr out,All,1,GPR,85/15,-2.843310273605014,3.9372739888552384
Rg w/no norm,expr buffer only regr out,Inliers,1,GPR,85/15,-0.44114312525400123,2.2835120096006145
Rg w/no norm,expr buffer only regr out,All,1,Linear,90/10,-0.12985409451868724,2.310030560577575
Rg w/no norm,expr buffer only regr out,Inliers,1,Linear,90/10,0.4056668651377827,1.6447608139642702
Rg w/no norm,expr buffer only regr out,All,1,Ridge,90/10,0.19064675613038717,1.9551298185416806
Rg w/no norm,expr buffer only regr out,Inliers,1,Ridge,90/10,0.399380714423029,1.6534360992604202
Rg w/no norm,expr buffer only regr out,All,1,Lasso,90/10,0.2212017472479625,1.9178693904234705
Rg w/no norm,expr buffer only regr out,Inliers,1,Lasso,90/10,0.3980398581176653,1.655280682261227
Rg w/no norm,expr buffer only regr out,All,1,Kernel Ridge,90/10,-3.150470178050319,4.427465567832675
Rg w/no norm,expr buffer only regr out,Inliers,1,Kernel Ridge,90/10,-0.38173112364643735,2.5078384050222784
Rg w/no norm,expr buffer only regr out,All,1,GPR,90/10,-4.003053281637059,4.8609830595283325
Rg w/no norm,expr buffer only regr out,Inliers,1,GPR,90/10,-0.5834982525428161,2.684705008355025
Rg norm w/0.427,expr buffer only regr out,All,1,Linear,80/20,-0.5669490081478297,0.2567787588558784
Rg norm w/0.427,expr buffer only regr out,Inliers,1,Linear,80/20,0.13981599779116993,0.1795399343712287
Rg norm w/0.427,expr buffer only regr out,All,1,Ridge,80/20,-0.010129987246642935,0.20616754308593613
Rg norm w/0.427,expr buffer only regr out,Inliers,1,Ridge,80/20,0.039287998544696445,0.18974135142570203
Rg norm w/0.427,expr buffer only regr out,All,1,Lasso,80/20,-0.010044454107367207,0.20615881424375243
Rg norm w/0.427,expr buffer only regr out,Inliers,1,Lasso,80/20,0.04313308243931324,0.18936126724136207
Rg norm w/0.427,expr buffer only regr out,All,1,Kernel Ridge,80/20,-1.4845711266635786,0.3233384710911397
Rg norm w/0.427,expr buffer only regr out,Inliers,1,Kernel Ridge,80/20,-0.4899944248468926,0.23629672537662347
Rg norm w/0.427,expr buffer only regr out,All,1,GPR,80/20,-3.008027144733343,0.41067379407188587
Rg norm w/0.427,expr buffer only regr out,Inliers,1,GPR,80/20,-0.6551961462990856,0.24905204649114487
Rg norm w/0.427,expr buffer only regr out,All,1,Linear,85/15,-0.48527549587360697,0.25772661924710605
Rg norm w/0.427,expr buffer only regr out,Inliers,1,Linear,85/15,-0.08015659011422271,0.18689285442216086
Rg norm w/0.427,expr buffer only regr out,All,1,Ridge,85/15,0.028719581401485894,0.20841457422778722
Rg norm w/0.427,expr buffer only regr out,Inliers,1,Ridge,85/15,0.004409880163094737,0.1794277562411135
Rg norm w/0.427,expr buffer only regr out,All,1,Lasso,85/15,0.02768673735172722,0.20852535714547804
Rg norm w/0.427,expr buffer only regr out,Inliers,1,Lasso,85/15,-0.05332186068897693,0.1845567297361335
Rg norm w/0.427,expr buffer only regr out,All,1,Kernel Ridge,85/15,-1.6462625270486893,0.34401092287230356
Rg norm w/0.427,expr buffer only regr out,Inliers,1,Kernel Ridge,85/15,-0.49865367817223194,0.22014051554665742
Rg norm w/0.427,expr buffer only regr out,All,1,GPR,85/15,-0.18445252120671274,0.23015191731273377
Rg norm w/0.427,expr buffer only regr out,Inliers,1,GPR,85/15,-0.7911837679698224,0.24066858785860806
Rg norm w/0.427,expr buffer only regr out,All,1,Linear,90/10,-0.28842594421385015,0.24854801866387122
Rg norm w/0.427,expr buffer only regr out,Inliers,1,Linear,90/10,0.19770320730269608,0.18306218833147636
Rg norm w/0.427,expr buffer only regr out,All,1,Ridge,90/10,0.03848505481677034,0.21471312571915924
Rg norm w/0.427,expr buffer only regr out,Inliers,1,Ridge,90/10,0.21076974354308498,0.18156535567950727
Rg norm w/0.427,expr buffer only regr out,All,1,Lasso,90/10,0.03819141128993664,0.2147459095603234
Rg norm w/0.427,expr buffer only regr out,Inliers,1,Lasso,90/10,0.2083891458248338,0.1818389821756022
Rg norm w/0.427,expr buffer only regr out,All,1,Kernel Ridge,90/10,-4.163317276280653,0.497559452203185
Rg norm w/0.427,expr buffer only regr out,Inliers,1,Kernel Ridge,90/10,-0.4940809019752508,0.24981480847112728
Rg norm w/0.427,expr buffer only regr out,All,1,GPR,90/10,-5.217233412675006,0.5459830508317881
Rg norm w/0.427,expr buffer only regr out,Inliers,1,GPR,90/10,-0.7330358590869197,0.2690511769013649
Rg norm w/0.427,expr buffer only regr out,All,2,Linear,80/20,-0.5723592244927995,0.25722166782952927
Rg norm w/0.427,expr buffer only regr out,Inliers,2,Linear,80/20,-0.005116748865355181,0.19407680610422087
Rg norm w/0.427,expr buffer only regr out,All,2,Ridge,80/20,-0.0721467040839705,0.21240208268941377
Rg norm w/0.427,expr buffer only regr out,Inliers,2,Ridge,80/20,0.0938970457288667,0.1842697958395744
Rg norm w/0.427,expr buffer only regr out,All,2,Lasso,80/20,-0.19413683478541288,0.22416030606439521
Rg norm w/0.427,expr buffer only regr out,Inliers,2,Lasso,80/20,-0.03587068777455027,0.19702355610365094
Rg norm w/0.427,expr buffer only regr out,All,2,Kernel Ridge,80/20,-1.522918833411607,0.32582417390165247
Rg norm w/0.427,expr buffer only regr out,Inliers,2,Kernel Ridge,80/20,-0.4900726477153843,0.23630292793845126
Rg norm w/0.427,expr buffer only regr out,All,2,GPR,80/20,-0.5757382398585889,0.2574979054409418
Rg norm w/0.427,expr buffer only regr out,Inliers,2,GPR,80/20,-0.6529970859259691,0.2488865487289089
Rg norm w/0.427,expr buffer only regr out,All,2,Linear,85/15,-0.5979479375475505,0.2673234649223726
Rg norm w/0.427,expr buffer only regr out,Inliers,2,Linear,85/15,-0.3563237690577794,0.20942620529525438
Rg norm w/0.427,expr buffer only regr out,All,2,Ridge,85/15,-0.05679862546120096,0.21739617006065082
Rg norm w/0.427,expr buffer only regr out,Inliers,2,Ridge,85/15,-0.17285691418686655,0.1947474830424554
Rg norm w/0.427,expr buffer only regr out,All,2,Lasso,85/15,-0.13283620371437532,0.22508125541842
Rg norm w/0.427,expr buffer only regr out,Inliers,2,Lasso,85/15,-0.2089238673968683,0.1977191856947752
Rg norm w/0.427,expr buffer only regr out,All,2,Kernel Ridge,85/15,-1.6930106770415398,0.34703622177362786
Rg norm w/0.427,expr buffer only regr out,Inliers,2,Kernel Ridge,85/15,-0.4987273767990019,0.22014592835632543
Rg norm w/0.427,expr buffer only regr out,All,2,GPR,85/15,-3.958670336022794,0.4709105139843629
Rg norm w/0.427,expr buffer only regr out,Inliers,2,GPR,85/15,-0.7789564787230432,0.2398457343531057
Rg norm w/0.427,expr buffer only regr out,All,2,Linear,90/10,-0.3965405155995705,0.2587660786920949
Rg norm w/0.427,expr buffer only regr out,Inliers,2,Linear,90/10,0.15734679654018469,0.18760981693580564
Rg norm w/0.427,expr buffer only regr out,All,2,Ridge,90/10,-0.1699062814564194,0.23684057738958963
Rg norm w/0.427,expr buffer only regr out,Inliers,2,Ridge,90/10,0.13471679214837118,0.1901123190011702
Rg norm w/0.427,expr buffer only regr out,All,2,Lasso,90/10,-0.10530092775706512,0.2302082280644334
Rg norm w/0.427,expr buffer only regr out,Inliers,2,Lasso,90/10,0.12325333524364412,0.19136749977459205
Rg norm w/0.427,expr buffer only regr out,All,2,Kernel Ridge,90/10,-5.121301188548025,0.5417544023913655
Rg norm w/0.427,expr buffer only regr out,Inliers,2,Kernel Ridge,90/10,-0.4941268267134371,0.2498186478186148
Rg norm w/0.427,expr buffer only regr out,All,2,GPR,90/10,-5.879352868988537,0.5743205657231796
Rg norm w/0.427,expr buffer only regr out,Inliers,2,GPR,90/10,-0.6983165150179098,0.26634247923242327
Rg norm w/0.427,expr buffer only regr out,All,1,Linear,80/20,-0.5669490081478297,0.2567787588558784
Rg norm w/0.427,expr buffer only regr out,Inliers,1,Linear,80/20,0.13981599779116993,0.1795399343712287
Rg norm w/0.427,expr buffer only regr out,All,1,Ridge,80/20,-0.010129987246642935,0.20616754308593613
Rg norm w/0.427,expr buffer only regr out,Inliers,1,Ridge,80/20,0.039287998544696445,0.18974135142570203
Rg norm w/0.427,expr buffer only regr out,All,1,Lasso,80/20,-0.010044454107367207,0.20615881424375243
Rg norm w/0.427,expr buffer only regr out,Inliers,1,Lasso,80/20,0.04313308243931324,0.18936126724136207
Rg norm w/0.427,expr buffer only regr out,All,1,Kernel Ridge,80/20,-1.4845711266635786,0.3233384710911397
Rg norm w/0.427,expr buffer only regr out,Inliers,1,Kernel Ridge,80/20,-0.4899944248468926,0.23629672537662347
Rg norm w/0.427,expr buffer only regr out,All,1,GPR,80/20,-0.24158041319246082,0.22856992709761972
Rg norm w/0.427,expr buffer only regr out,Inliers,1,GPR,80/20,-0.6626334144658168,0.24961095028997354
Rg norm w/0.427,expr buffer only regr out,All,1,Linear,85/15,-0.48527549587360697,0.25772661924710605
Rg norm w/0.427,expr buffer only regr out,Inliers,1,Linear,85/15,-0.08015659011422271,0.18689285442216086
Rg norm w/0.427,expr buffer only regr out,All,1,Ridge,85/15,0.028719581401485894,0.20841457422778722
Rg norm w/0.427,expr buffer only regr out,Inliers,1,Ridge,85/15,0.004409880163094737,0.1794277562411135
Rg norm w/0.427,expr buffer only regr out,All,1,Lasso,85/15,0.02768673735172722,0.20852535714547804
Rg norm w/0.427,expr buffer only regr out,Inliers,1,Lasso,85/15,-0.05332186068897693,0.1845567297361335
Rg norm w/0.427,expr buffer only regr out,All,1,Kernel Ridge,85/15,-1.6462625270486893,0.34401092287230356
Rg norm w/0.427,expr buffer only regr out,Inliers,1,Kernel Ridge,85/15,-0.49865367817223194,0.22014051554665742
Rg norm w/0.427,expr buffer only regr out,All,1,GPR,85/15,-3.4709836025763012,0.447154192860489
Rg norm w/0.427,expr buffer only regr out,Inliers,1,GPR,85/15,-0.7912235111515724,0.2406712578477357
Rg norm w/0.427,expr buffer only regr out,All,1,Linear,90/10,-0.28842594421385015,0.24854801866387122
Rg norm w/0.427,expr buffer only regr out,Inliers,1,Linear,90/10,0.19770320730269608,0.18306218833147636
Rg norm w/0.427,expr buffer only regr out,All,1,Ridge,90/10,0.03848505481677034,0.21471312571915924
Rg norm w/0.427,expr buffer only regr out,Inliers,1,Ridge,90/10,0.21076974354308498,0.18156535567950727
Rg norm w/0.427,expr buffer only regr out,All,1,Lasso,90/10,0.03819141128993664,0.2147459095603234
Rg norm w/0.427,expr buffer only regr out,Inliers,1,Lasso,90/10,0.2083891458248338,0.1818389821756022
Rg norm w/0.427,expr buffer only regr out,All,1,Kernel Ridge,90/10,-4.163317276280653,0.497559452203185
Rg norm w/0.427,expr buffer only regr out,Inliers,1,Kernel Ridge,90/10,-0.4940809019752508,0.24981480847112728
Rg norm w/0.427,expr buffer only regr out,All,1,GPR,90/10,-5.215676036332969,0.5459146639557081
Rg norm w/0.427,expr buffer only regr out,Inliers,1,GPR,90/10,-0.7329669231148215,0.269045825745827
Rg norm w/0.5,expr buffer only regr out,All,1,Linear,80/20,-0.21083250130256448,0.22062981438198104
Rg norm w/0.5,expr buffer only regr out,Inliers,1,Linear,80/20,0.1403771780110471,0.12589788223347778
Rg norm w/0.5,expr buffer only regr out,All,1,Ridge,80/20,0.03448008492825094,0.19701658310138084
Rg norm w/0.5,expr buffer only regr out,Inliers,1,Ridge,80/20,0.0325903328720365,0.13355792642360034
Rg norm w/0.5,expr buffer only regr out,All,1,Lasso,80/20,0.03317291823496282,0.197149903194067
Rg norm w/0.5,expr buffer only regr out,Inliers,1,Lasso,80/20,0.031190643487981617,0.13365451014038107
Rg norm w/0.5,expr buffer only regr out,All,1,Kernel Ridge,80/20,-0.9350632582468514,0.2789136365442339
Rg norm w/0.5,expr buffer only regr out,Inliers,1,Kernel Ridge,80/20,-0.4871617550508629,0.16559360480985483
Rg norm w/0.5,expr buffer only regr out,All,1,GPR,80/20,-0.3098991179829118,0.22947801764446546
Rg norm w/0.5,expr buffer only regr out,Inliers,1,GPR,80/20,-0.6597103333248835,0.1749365692816752
Rg norm w/0.5,expr buffer only regr out,All,1,Linear,85/15,-0.2165898124591279,0.22568555244815283
Rg norm w/0.5,expr buffer only regr out,Inliers,1,Linear,85/15,-0.11781675729808772,0.13012020140565622
Rg norm w/0.5,expr buffer only regr out,All,1,Ridge,85/15,0.05100245751625765,0.1993261205422395
Rg norm w/0.5,expr buffer only regr out,Inliers,1,Ridge,85/15,-0.031073418049707424,0.12496955234981687
Rg norm w/0.5,expr buffer only regr out,All,1,Lasso,85/15,0.05523014818658423,0.19888163582910698
Rg norm w/0.5,expr buffer only regr out,Inliers,1,Lasso,85/15,-0.09201050065571281,0.12860943376632478
Rg norm w/0.5,expr buffer only regr out,All,1,Kernel Ridge,85/15,-0.9649542484422526,0.2868189831227198
Rg norm w/0.5,expr buffer only regr out,Inliers,1,Kernel Ridge,85/15,-0.4968256455760667,0.15057227999342862
Rg norm w/0.5,expr buffer only regr out,All,1,GPR,85/15,-1.6992708287218745,0.3361668626053095
Rg norm w/0.5,expr buffer only regr out,Inliers,1,GPR,85/15,-0.8045525680794279,0.16532715329375386
Rg norm w/0.5,expr buffer only regr out,All,1,Linear,90/10,-0.0919395908573235,0.22513541232376694
Rg norm w/0.5,expr buffer only regr out,Inliers,1,Linear,90/10,0.1603090621565677,0.12785243558032267
Rg norm w/0.5,expr buffer only regr out,All,1,Ridge,90/10,0.0376405160188491,0.21135531374550387
Rg norm w/0.5,expr buffer only regr out,Inliers,1,Ridge,90/10,0.1732096750876454,0.1268665020072527
Rg norm w/0.5,expr buffer only regr out,All,1,Lasso,90/10,0.03699447211283058,0.21142624457039458
Rg norm w/0.5,expr buffer only regr out,Inliers,1,Lasso,90/10,0.17230591648943971,0.12693582150281874
Rg norm w/0.5,expr buffer only regr out,All,1,Kernel Ridge,90/10,-1.4719651288821072,0.3387393702012477
Rg norm w/0.5,expr buffer only regr out,Inliers,1,Kernel Ridge,90/10,-0.4933648487163167,0.17050308248287405
Rg norm w/0.5,expr buffer only regr out,All,1,GPR,90/10,-2.629779223903489,0.41047301465148434
Rg norm w/0.5,expr buffer only regr out,Inliers,1,GPR,90/10,-0.740234051262513,0.18405732408788547
Rg norm w/0.5,expr buffer only regr out,All,2,Linear,80/20,-0.22910052577276852,0.22228792248590815
Rg norm w/0.5,expr buffer only regr out,Inliers,2,Linear,80/20,0.004824690290647471,0.13546099228491068
Rg norm w/0.5,expr buffer only regr out,All,2,Ridge,80/20,-0.10030903965251081,0.21031948282641422
Rg norm w/0.5,expr buffer only regr out,Inliers,2,Ridge,80/20,-0.03335878186874597,0.1380352555412854
Rg norm w/0.5,expr buffer only regr out,All,2,Lasso,80/20,-0.03524496290148926,0.20400636974851727
Rg norm w/0.5,expr buffer only regr out,Inliers,2,Lasso,80/20,-0.04099542013133939,0.13854436475356813
Rg norm w/0.5,expr buffer only regr out,All,2,Kernel Ridge,80/20,-0.9554183873486297,0.28037675951526153
Rg norm w/0.5,expr buffer only regr out,Inliers,2,Kernel Ridge,80/20,-0.4871506609650793,0.165592987152402
Rg norm w/0.5,expr buffer only regr out,All,2,GPR,80/20,-0.30987854242271373,0.22947621534639415
Rg norm w/0.5,expr buffer only regr out,Inliers,2,GPR,80/20,-0.6520730232348979,0.1745336118111247
Rg norm w/0.5,expr buffer only regr out,All,2,Linear,85/15,-0.3027206431599956,0.2335378716216134
Rg norm w/0.5,expr buffer only regr out,Inliers,2,Linear,85/15,-0.39337250129991763,0.14527572001150152
Rg norm w/0.5,expr buffer only regr out,All,2,Ridge,85/15,-0.0671525684753207,0.2113707689486547
Rg norm w/0.5,expr buffer only regr out,Inliers,2,Ridge,85/15,-0.20850452959631927,0.13529556485430907
Rg norm w/0.5,expr buffer only regr out,All,2,Lasso,85/15,-0.03377319151584213,0.20803878231690368
Rg norm w/0.5,expr buffer only regr out,Inliers,2,Lasso,85/15,-0.19506482310075413,0.1345411546156109
Rg norm w/0.5,expr buffer only regr out,All,2,Kernel Ridge,85/15,-0.9899181935236132,0.28863519208212807
Rg norm w/0.5,expr buffer only regr out,Inliers,2,Kernel Ridge,85/15,-0.4967634307678386,0.1505691507302121
Rg norm w/0.5,expr buffer only regr out,All,2,GPR,85/15,-0.26360344869493435,0.23000489116670977
Rg norm w/0.5,expr buffer only regr out,Inliers,2,GPR,85/15,-0.7668355113722838,0.16359027355732494
Rg norm w/0.5,expr buffer only regr out,All,2,Linear,90/10,-0.17342860300817242,0.2333849467775213
Rg norm w/0.5,expr buffer only regr out,Inliers,2,Linear,90/10,0.12051364719462121,0.13084701664227133
Rg norm w/0.5,expr buffer only regr out,All,2,Ridge,90/10,-0.05364712028182028,0.22115262466001098
Rg norm w/0.5,expr buffer only regr out,Inliers,2,Ridge,90/10,0.1010897116714834,0.13228403946028944
Rg norm w/0.5,expr buffer only regr out,All,2,Lasso,90/10,-0.04572621986703185,0.22031978769096858
Rg norm w/0.5,expr buffer only regr out,Inliers,2,Lasso,90/10,0.07986722929435552,0.13383648493701913
Rg norm w/0.5,expr buffer only regr out,All,2,Kernel Ridge,90/10,-1.5057503500633334,0.34104634972939785
Rg norm w/0.5,expr buffer only regr out,Inliers,2,Kernel Ridge,90/10,-0.49325810308346596,0.17049698859874657
Rg norm w/0.5,expr buffer only regr out,All,2,GPR,90/10,-3.0187090092920057,0.4319045566857294
Rg norm w/0.5,expr buffer only regr out,Inliers,2,GPR,90/10,-0.742330121236068,0.18416813703550514
Rg norm w/0.5,expr buffer only regr out,All,1,Linear,80/20,-0.21083250130256448,0.22062981438198104
Rg norm w/0.5,expr buffer only regr out,Inliers,1,Linear,80/20,0.1403771780110471,0.12589788223347778
Rg norm w/0.5,expr buffer only regr out,All,1,Ridge,80/20,0.03448008492825094,0.19701658310138084
Rg norm w/0.5,expr buffer only regr out,Inliers,1,Ridge,80/20,0.0325903328720365,0.13355792642360034
Rg norm w/0.5,expr buffer only regr out,All,1,Lasso,80/20,0.03317291823496282,0.197149903194067
Rg norm w/0.5,expr buffer only regr out,Inliers,1,Lasso,80/20,0.031190643487981617,0.13365451014038107
Rg norm w/0.5,expr buffer only regr out,All,1,Kernel Ridge,80/20,-0.9350632582468514,0.2789136365442339
Rg norm w/0.5,expr buffer only regr out,Inliers,1,Kernel Ridge,80/20,-0.4871617550508629,0.16559360480985483
Rg norm w/0.5,expr buffer only regr out,All,1,GPR,80/20,-1.60839574957707,0.3238239057279936
Rg norm w/0.5,expr buffer only regr out,Inliers,1,GPR,80/20,-0.6596935196953257,0.17493568318545039
Rg norm w/0.5,expr buffer only regr out,All,1,Linear,85/15,-0.2165898124591279,0.22568555244815283
Rg norm w/0.5,expr buffer only regr out,Inliers,1,Linear,85/15,-0.11781675729808772,0.13012020140565622
Rg norm w/0.5,expr buffer only regr out,All,1,Ridge,85/15,0.05100245751625765,0.1993261205422395
Rg norm w/0.5,expr buffer only regr out,Inliers,1,Ridge,85/15,-0.031073418049707424,0.12496955234981687
Rg norm w/0.5,expr buffer only regr out,All,1,Lasso,85/15,0.05523014818658423,0.19888163582910698
Rg norm w/0.5,expr buffer only regr out,Inliers,1,Lasso,85/15,-0.09201050065571281,0.12860943376632478
Rg norm w/0.5,expr buffer only regr out,All,1,Kernel Ridge,85/15,-0.9649542484422526,0.2868189831227198
Rg norm w/0.5,expr buffer only regr out,Inliers,1,Kernel Ridge,85/15,-0.4968256455760667,0.15057227999342862
Rg norm w/0.5,expr buffer only regr out,All,1,GPR,85/15,-1.6994047502670075,0.3361752017883941
Rg norm w/0.5,expr buffer only regr out,Inliers,1,GPR,85/15,-0.7668355113606578,0.1635902735567867
Rg norm w/0.5,expr buffer only regr out,All,1,Linear,90/10,-0.0919395908573235,0.22513541232376694
Rg norm w/0.5,expr buffer only regr out,Inliers,1,Linear,90/10,0.1603090621565677,0.12785243558032267
Rg norm w/0.5,expr buffer only regr out,All,1,Ridge,90/10,0.0376405160188491,0.21135531374550387
Rg norm w/0.5,expr buffer only regr out,Inliers,1,Ridge,90/10,0.1732096750876454,0.1268665020072527
Rg norm w/0.5,expr buffer only regr out,All,1,Lasso,90/10,0.03699447211283058,0.21142624457039458
Rg norm w/0.5,expr buffer only regr out,Inliers,1,Lasso,90/10,0.17230591648943971,0.12693582150281874
Rg norm w/0.5,expr buffer only regr out,All,1,Kernel Ridge,90/10,-1.4719651288821072,0.3387393702012477
Rg norm w/0.5,expr buffer only regr out,Inliers,1,Kernel Ridge,90/10,-0.4933648487163167,0.17050308248287405
Rg norm w/0.5,expr buffer only regr out,All,1,GPR,90/10,-2.6296331586083155,0.41046475568289037
Rg norm w/0.5,expr buffer only regr out,Inliers,1,GPR,90/10,-0.7402289791494776,0.1840570558595307
Rg norm w/0.418,expr buffer only regr out,All,1,Linear,80/20,-1.2381389723209555,0.24021893086679688
Rg norm w/0.418,expr buffer only regr out,Inliers,1,Linear,80/20,0.14036427594639334,0.18768996172224922
Rg norm w/0.418,expr buffer only regr out,All,1,Ridge,80/20,-0.08286080376096505,0.16708983181498516
Rg norm w/0.418,expr buffer only regr out,Inliers,1,Ridge,80/20,0.040644260217314154,0.19827760172814035
Rg norm w/0.418,expr buffer only regr out,All,1,Lasso,80/20,-0.10571667474587176,0.16884400085195775
Rg norm w/0.418,expr buffer only regr out,Inliers,1,Lasso,80/20,0.044891239487274914,0.19783823661497302
Rg norm w/0.418,expr buffer only regr out,All,1,Kernel Ridge,80/20,-4.130256584295302,0.36369158129838713
Rg norm w/0.418,expr buffer only regr out,Inliers,1,Kernel Ridge,80/20,-0.48932969440259133,0.2470468054452309
Rg norm w/0.418,expr buffer only regr out,All,1,GPR,80/20,-0.16214867577455805,0.17309899674825324
Rg norm w/0.418,expr buffer only regr out,Inliers,1,GPR,80/20,-0.6614225598072594,0.26092991317473396
Rg norm w/0.418,expr buffer only regr out,All,1,Linear,85/15,-0.9032856604372839,0.23280740926781351
Rg norm w/0.418,expr buffer only regr out,Inliers,1,Linear,85/15,-0.07493798303059584,0.19551934174424587
Rg norm w/0.418,expr buffer only regr out,All,1,Ridge,85/15,0.00780205016085489,0.16809081109411708
Rg norm w/0.418,expr buffer only regr out,Inliers,1,Ridge,85/15,0.009240133669716655,0.18770775903625925
Rg norm w/0.418,expr buffer only regr out,All,1,Lasso,85/15,0.006127630330891587,0.1682325851940982
Rg norm w/0.418,expr buffer only regr out,Inliers,1,Lasso,85/15,-0.043941494034679174,0.19267976233204445
Rg norm w/0.418,expr buffer only regr out,All,1,Kernel Ridge,85/15,-4.757454206389959,0.4049114485975935
Rg norm w/0.418,expr buffer only regr out,Inliers,1,Kernel Ridge,85/15,-0.49795073695465675,0.2308058368057793
Rg norm w/0.418,expr buffer only regr out,All,1,GPR,85/15,-6.026880779543628,0.44732802013204453
Rg norm w/0.418,expr buffer only regr out,Inliers,1,GPR,85/15,-0.7884783436946554,0.2521969701881335
Rg norm w/0.418,expr buffer only regr out,All,1,Linear,90/10,-0.6793702560988724,0.21952092668709705
Rg norm w/0.418,expr buffer only regr out,Inliers,1,Linear,90/10,0.20235013887107045,0.19145027042657584
Rg norm w/0.418,expr buffer only regr out,All,1,Ridge,90/10,0.004930115381374667,0.16897773723627288
Rg norm w/0.418,expr buffer only regr out,Inliers,1,Ridge,90/10,0.21532122913616392,0.1898872429028699
Rg norm w/0.418,expr buffer only regr out,All,1,Lasso,90/10,-0.01706716277145004,0.17083526090889412
Rg norm w/0.418,expr buffer only regr out,Inliers,1,Lasso,90/10,0.21308501543330371,0.19015762510844195
Rg norm w/0.418,expr buffer only regr out,All,1,Kernel Ridge,90/10,-7.361341042831615,0.4898246849114474
Rg norm w/0.418,expr buffer only regr out,Inliers,1,Kernel Ridge,90/10,-0.4935988253777601,0.26197920437910427
Rg norm w/0.418,expr buffer only regr out,All,1,GPR,90/10,-9.391673755699161,0.5460663948837321
Rg norm w/0.418,expr buffer only regr out,Inliers,1,GPR,90/10,-0.7315130625179751,0.28207378313760084
Rg norm w/0.418,expr buffer only regr out,All,2,Linear,80/20,-1.2175674159275407,0.23911241223163823
Rg norm w/0.418,expr buffer only regr out,Inliers,2,Linear,80/20,-0.005332684312992164,0.20297320956613987
Rg norm w/0.418,expr buffer only regr out,All,2,Ridge,80/20,-0.18758899250128058,0.17498337418458013
Rg norm w/0.418,expr buffer only regr out,Inliers,2,Ridge,80/20,0.0944427269360143,0.19263791968348176
Rg norm w/0.418,expr buffer only regr out,All,2,Lasso,80/20,-0.22974664941703415,0.1780621155543457
Rg norm w/0.418,expr buffer only regr out,Inliers,2,Lasso,80/20,-0.03472871882040218,0.20591930778559955
Rg norm w/0.418,expr buffer only regr out,All,2,Kernel Ridge,80/20,-5.0988668879292955,0.39654116875490114
Rg norm w/0.418,expr buffer only regr out,Inliers,2,Kernel Ridge,80/20,-0.48941955710150764,0.24705425844838758
Rg norm w/0.418,expr buffer only regr out,All,2,GPR,80/20,-5.867445053034705,0.42078601903088264
Rg norm w/0.418,expr buffer only regr out,Inliers,2,GPR,80/20,-0.6519975976050898,0.2601887554801918
Rg norm w/0.418,expr buffer only regr out,All,2,Linear,85/15,-1.0423613062973662,0.24116323287821223
Rg norm w/0.418,expr buffer only regr out,Inliers,2,Linear,85/15,-0.35057845152681,0.21915830357757557
Rg norm w/0.418,expr buffer only regr out,All,2,Ridge,85/15,-0.1039398072227915,0.17730358099438984
Rg norm w/0.418,expr buffer only regr out,Inliers,2,Ridge,85/15,-0.16760869029956948,0.20377301969781952
Rg norm w/0.418,expr buffer only regr out,All,2,Lasso,85/15,-0.18752798907071488,0.18389365185829698
Rg norm w/0.418,expr buffer only regr out,Inliers,2,Lasso,85/15,-0.20876535777441596,0.20733328294324813
Rg norm w/0.418,expr buffer only regr out,All,2,Kernel Ridge,85/15,-5.907326847147466,0.4435063206313235
Rg norm w/0.418,expr buffer only regr out,Inliers,2,Kernel Ridge,85/15,-0.4980413171815019,0.23081281504895465
Rg norm w/0.418,expr buffer only regr out,All,2,GPR,85/15,-0.09095172811022634,0.17625748845025918
Rg norm w/0.418,expr buffer only regr out,Inliers,2,GPR,85/15,-0.7483314868842361,0.24935030943532582
Rg norm w/0.418,expr buffer only regr out,All,2,Linear,90/10,-0.8197421906804652,0.22851127369556337
Rg norm w/0.418,expr buffer only regr out,Inliers,2,Linear,90/10,0.1619063960984649,0.19624387025834172
Rg norm w/0.418,expr buffer only regr out,All,2,Ridge,90/10,-0.11849269067292956,0.17915101540822043
Rg norm w/0.418,expr buffer only regr out,Inliers,2,Ridge,90/10,0.13886268765051135,0.19892347658840953
Rg norm w/0.418,expr buffer only regr out,All,2,Lasso,90/10,-0.14155716466359292,0.18098872930672466
Rg norm w/0.418,expr buffer only regr out,Inliers,2,Lasso,90/10,0.12812921442038538,0.20015935829316894
Rg norm w/0.418,expr buffer only regr out,All,2,Kernel Ridge,90/10,-9.102523026594454,0.5384155860785014
Rg norm w/0.418,expr buffer only regr out,Inliers,2,Kernel Ridge,90/10,-0.4936636875571039,0.2619848927732605
Rg norm w/0.418,expr buffer only regr out,All,2,GPR,90/10,-10.523897068214222,0.5750457315576482
Rg norm w/0.418,expr buffer only regr out,Inliers,2,GPR,90/10,-0.7309371873749291,0.28202687249274605
Rg norm w/0.418,expr buffer only regr out,All,1,Linear,80/20,-1.2381389723209555,0.24021893086679688
Rg norm w/0.418,expr buffer only regr out,Inliers,1,Linear,80/20,0.14036427594639334,0.18768996172224922
Rg norm w/0.418,expr buffer only regr out,All,1,Ridge,80/20,-0.08286080376096505,0.16708983181498516
Rg norm w/0.418,expr buffer only regr out,Inliers,1,Ridge,80/20,0.040644260217314154,0.19827760172814035
Rg norm w/0.418,expr buffer only regr out,All,1,Lasso,80/20,-0.10571667474587176,0.16884400085195775
Rg norm w/0.418,expr buffer only regr out,Inliers,1,Lasso,80/20,0.044891239487274914,0.19783823661497302
Rg norm w/0.418,expr buffer only regr out,All,1,Kernel Ridge,80/20,-4.130256584295302,0.36369158129838713
Rg norm w/0.418,expr buffer only regr out,Inliers,1,Kernel Ridge,80/20,-0.48932969440259133,0.2470468054452309
Rg norm w/0.418,expr buffer only regr out,All,1,GPR,80/20,-0.16214867577455805,0.17309899674825324
Rg norm w/0.418,expr buffer only regr out,Inliers,1,GPR,80/20,-0.6613854246775586,0.2609269970832627
Rg norm w/0.418,expr buffer only regr out,All,1,Linear,85/15,-0.9032856604372839,0.23280740926781351
Rg norm w/0.418,expr buffer only regr out,Inliers,1,Linear,85/15,-0.07493798303059584,0.19551934174424587
Rg norm w/0.418,expr buffer only regr out,All,1,Ridge,85/15,0.00780205016085489,0.16809081109411708
Rg norm w/0.418,expr buffer only regr out,Inliers,1,Ridge,85/15,0.009240133669716655,0.18770775903625925
Rg norm w/0.418,expr buffer only regr out,All,1,Lasso,85/15,0.006127630330891587,0.1682325851940982
Rg norm w/0.418,expr buffer only regr out,Inliers,1,Lasso,85/15,-0.043941494034679174,0.19267976233204445
Rg norm w/0.418,expr buffer only regr out,All,1,Kernel Ridge,85/15,-4.757454206389959,0.4049114485975935
Rg norm w/0.418,expr buffer only regr out,Inliers,1,Kernel Ridge,85/15,-0.49795073695465675,0.2308058368057793
Rg norm w/0.418,expr buffer only regr out,All,1,GPR,85/15,-6.026433955014204,0.4473137975832418
Rg norm w/0.418,expr buffer only regr out,Inliers,1,GPR,85/15,-0.7884805523040777,0.2521971259083396
Rg norm w/0.418,expr buffer only regr out,All,1,Linear,90/10,-0.6793702560988724,0.21952092668709705
Rg norm w/0.418,expr buffer only regr out,Inliers,1,Linear,90/10,0.20235013887107045,0.19145027042657584
Rg norm w/0.418,expr buffer only regr out,All,1,Ridge,90/10,0.004930115381374667,0.16897773723627288
Rg norm w/0.418,expr buffer only regr out,Inliers,1,Ridge,90/10,0.21532122913616392,0.1898872429028699
Rg norm w/0.418,expr buffer only regr out,All,1,Lasso,90/10,-0.01706716277145004,0.17083526090889412
Rg norm w/0.418,expr buffer only regr out,Inliers,1,Lasso,90/10,0.21308501543330371,0.19015762510844195
Rg norm w/0.418,expr buffer only regr out,All,1,Kernel Ridge,90/10,-7.361341042831615,0.4898246849114474
Rg norm w/0.418,expr buffer only regr out,Inliers,1,Kernel Ridge,90/10,-0.4935988253777601,0.26197920437910427
Rg norm w/0.418,expr buffer only regr out,All,1,GPR,90/10,-9.390524721507672,0.5460362040637103
Rg norm w/0.418,expr buffer only regr out,Inliers,1,GPR,90/10,-0.7315202066255342,0.2820743650458207
