Normlaization,Regressing out,Points,Feature Selection,Regression Type,Test Split,Test R2 Score,RMSE Score
Rg w/no norm,No regr out,All,1,Linear,80/20,0.40516931871981343,2.0491200374350553
Rg w/no norm,No regr out,Inliers,1,Linear,80/20,0.5145755316866378,0.7988022080324705
Rg w/no norm,No regr out,All,1,Ridge,80/20,0.32644176875356956,2.180511057689554
Rg w/no norm,No regr out,Inliers,1,Ridge,80/20,0.5519440551267625,0.7674402039161726
Rg w/no norm,No regr out,All,1,Lasso,80/20,0.25632673517306104,2.29119368636036
Rg w/no norm,No regr out,Inliers,1,Lasso,80/20,0.5936223813247159,0.7308753509916974
Rg w/no norm,No regr out,All,1,Kernel Ridge,80/20,-0.005123424923981101,2.6636699836416886
Rg w/no norm,No regr out,Inliers,1,Kernel Ridge,80/20,-6.105600583944245,3.056179235097355
Rg w/no norm,No regr out,All,1,GPR,80/20,-0.6197070299728693,3.3813408640451503
Rg w/no norm,No regr out,Inliers,1,GPR,80/20,-5.739676358029621,2.9764455757023702
Rg w/no norm,No regr out,All,1,Linear,85/15,0.4093626747639939,2.2252536535798515
Rg w/no norm,No regr out,Inliers,1,Linear,85/15,0.41823547576193587,0.8538868274566771
Rg w/no norm,No regr out,All,1,Ridge,85/15,0.2820520577074612,2.453384154423768
Rg w/no norm,No regr out,Inliers,1,Ridge,85/15,0.5256383743500068,0.7710480994103814
Rg w/no norm,No regr out,All,1,Lasso,85/15,0.1983099675823835,2.592521223555637
Rg w/no norm,No regr out,Inliers,1,Lasso,85/15,0.5017339699251511,0.7902369569272383
Rg w/no norm,No regr out,All,1,Kernel Ridge,85/15,0.3076471369617523,2.4092553089626314
Rg w/no norm,No regr out,Inliers,1,Kernel Ridge,85/15,-6.087704618965072,2.980433948825497
Rg w/no norm,No regr out,All,1,GPR,85/15,-0.4430282650073041,3.4782155899753624
Rg w/no norm,No regr out,Inliers,1,GPR,85/15,-9.750146905214821,3.6705732575983294
Rg w/no norm,No regr out,All,1,Linear,90/10,-0.48748240788746355,1.5218036872805512
Rg w/no norm,No regr out,Inliers,1,Linear,90/10,0.2777463922111989,0.8859139265312399
Rg w/no norm,No regr out,All,1,Ridge,90/10,0.2319087623222773,1.0935511921012395
Rg w/no norm,No regr out,Inliers,1,Ridge,90/10,0.36472990666762695,0.8308562174635041
Rg w/no norm,No regr out,All,1,Lasso,90/10,0.13789659501015716,1.1585436286658166
Rg w/no norm,No regr out,Inliers,1,Lasso,90/10,0.4000647470544114,0.8074188050733003
Rg w/no norm,No regr out,All,1,Kernel Ridge,90/10,-1.6965711748798578,2.048984423499296
Rg w/no norm,No regr out,Inliers,1,Kernel Ridge,90/10,-5.373842399408941,2.631766347599849
Rg w/no norm,No regr out,All,1,GPR,90/10,-5.001812631516418,3.05684860087546
Rg w/no norm,No regr out,Inliers,1,GPR,90/10,-5.015334451883398,2.556681084914768
Rg w/no norm,No regr out,All,2,Linear,80/20,0.28398755304958523,2.24817961440989
Rg w/no norm,No regr out,Inliers,2,Linear,80/20,0.5246028553874917,0.7905088007628186
Rg w/no norm,No regr out,All,2,Ridge,80/20,0.23374478981990454,2.325720065039455
Rg w/no norm,No regr out,Inliers,2,Ridge,80/20,0.562967091655175,0.7579411651801103
Rg w/no norm,No regr out,All,2,Lasso,80/20,0.2249812403078323,2.338981716188616
Rg w/no norm,No regr out,Inliers,2,Lasso,80/20,0.5813024397946533,0.7418714190076933
Rg w/no norm,No regr out,All,2,Kernel Ridge,80/20,-0.3158639021858536,3.047728007480236
Rg w/no norm,No regr out,Inliers,2,Kernel Ridge,80/20,-6.082334240326391,3.0511716064127268
Rg w/no norm,No regr out,All,2,GPR,80/20,-0.6196130832310165,3.38124279984037
Rg w/no norm,No regr out,Inliers,2,GPR,80/20,-6.066430231951258,3.0477438430480674
Rg w/no norm,No regr out,All,2,Linear,85/15,0.28454651579988477,2.4491183932120846
Rg w/no norm,No regr out,Inliers,2,Linear,85/15,0.4342621588844138,0.8420430798325074
Rg w/no norm,No regr out,All,2,Ridge,85/15,0.22795300006758046,2.5441396608620357
Rg w/no norm,No regr out,Inliers,2,Ridge,85/15,0.4959813449572369,0.7947856224376499
Rg w/no norm,No regr out,All,2,Lasso,85/15,0.2292096967566809,2.542068210541543
Rg w/no norm,No regr out,Inliers,2,Lasso,85/15,0.5189509168185841,0.7764641204553758
Rg w/no norm,No regr out,All,2,Kernel Ridge,85/15,-0.12580580069407343,3.0722094411362373
Rg w/no norm,No regr out,Inliers,2,Kernel Ridge,85/15,-6.08317566717375,2.9794815672445063
Rg w/no norm,No regr out,All,2,GPR,85/15,-0.4430282659144271,3.4782155910686083
Rg w/no norm,No regr out,Inliers,2,GPR,85/15,-6.075203399768664,2.9778043597069006
Rg w/no norm,No regr out,All,2,Linear,90/10,-0.5565622602157634,1.556739557683635
Rg w/no norm,No regr out,Inliers,2,Linear,90/10,0.31897527531032854,0.8602567887077689
Rg w/no norm,No regr out,All,2,Ridge,90/10,0.21550983174223404,1.1051633279763418
Rg w/no norm,No regr out,Inliers,2,Ridge,90/10,0.40631707474822065,0.8032004592524062
Rg w/no norm,No regr out,All,2,Lasso,90/10,0.3153061750618511,1.0324782663531384
Rg w/no norm,No regr out,Inliers,2,Lasso,90/10,0.3627503327547983,0.8321497318307355
Rg w/no norm,No regr out,All,2,Kernel Ridge,90/10,-1.7272292023062037,2.0605992254700203
Rg w/no norm,No regr out,Inliers,2,Kernel Ridge,90/10,-5.357160563595473,2.628320117295287
Rg w/no norm,No regr out,All,2,GPR,90/10,-5.000672494773168,3.0565582393500192
Rg w/no norm,No regr out,Inliers,2,GPR,90/10,-5.319659159555928,2.6205563141189923
Rg w/no norm,No regr out,All,1,Linear,80/20,0.40516931871981343,2.0491200374350553
Rg w/no norm,No regr out,Inliers,1,Linear,80/20,0.5145755316866378,0.7988022080324705
Rg w/no norm,No regr out,All,1,Ridge,80/20,0.32644176875356956,2.180511057689554
Rg w/no norm,No regr out,Inliers,1,Ridge,80/20,0.5519440551267625,0.7674402039161726
Rg w/no norm,No regr out,All,1,Lasso,80/20,0.25632673517306104,2.29119368636036
Rg w/no norm,No regr out,Inliers,1,Lasso,80/20,0.5936223813247159,0.7308753509916974
Rg w/no norm,No regr out,All,1,Kernel Ridge,80/20,-0.005123424923981101,2.6636699836416886
Rg w/no norm,No regr out,Inliers,1,Kernel Ridge,80/20,-6.105600583944245,3.056179235097355
Rg w/no norm,No regr out,All,1,GPR,80/20,-0.6197070300160199,3.381340864090191
Rg w/no norm,No regr out,Inliers,1,GPR,80/20,-5.740519881607056,2.9766318326777106
Rg w/no norm,No regr out,All,1,Linear,85/15,0.4093626747639939,2.2252536535798515
Rg w/no norm,No regr out,Inliers,1,Linear,85/15,0.41823547576193587,0.8538868274566771
Rg w/no norm,No regr out,All,1,Ridge,85/15,0.2820520577074612,2.453384154423768
Rg w/no norm,No regr out,Inliers,1,Ridge,85/15,0.5256383743500068,0.7710480994103814
Rg w/no norm,No regr out,All,1,Lasso,85/15,0.1983099675823835,2.592521223555637
Rg w/no norm,No regr out,Inliers,1,Lasso,85/15,0.5017339699251511,0.7902369569272383
Rg w/no norm,No regr out,All,1,Kernel Ridge,85/15,0.3076471369617523,2.4092553089626314
Rg w/no norm,No regr out,Inliers,1,Kernel Ridge,85/15,-6.087704618965072,2.980433948825497
Rg w/no norm,No regr out,All,1,GPR,85/15,-0.43427361572134515,3.467648616405298
Rg w/no norm,No regr out,Inliers,1,GPR,85/15,-9.75014690521222,3.6705732575978858
Rg w/no norm,No regr out,All,1,Linear,90/10,-0.48748240788746355,1.5218036872805512
Rg w/no norm,No regr out,Inliers,1,Linear,90/10,0.2777463922111989,0.8859139265312399
Rg w/no norm,No regr out,All,1,Ridge,90/10,0.2319087623222773,1.0935511921012395
Rg w/no norm,No regr out,Inliers,1,Ridge,90/10,0.36472990666762695,0.8308562174635041
Rg w/no norm,No regr out,All,1,Lasso,90/10,0.13789659501015716,1.1585436286658166
Rg w/no norm,No regr out,Inliers,1,Lasso,90/10,0.4000647470544114,0.8074188050733003
Rg w/no norm,No regr out,All,1,Kernel Ridge,90/10,-1.6965711748798578,2.048984423499296
Rg w/no norm,No regr out,Inliers,1,Kernel Ridge,90/10,-5.373842399408941,2.631766347599849
Rg w/no norm,No regr out,All,1,GPR,90/10,-4.897891676773678,3.030268483242564
Rg w/no norm,No regr out,Inliers,1,GPR,90/10,-10.008454908746595,3.458675780973803
Rg norm w/0.427,No regr out,All,1,Linear,80/20,0.30611755006662034,0.24056668054604768
Rg norm w/0.427,No regr out,Inliers,1,Linear,80/20,0.09142636438988061,0.09200709474340876
Rg norm w/0.427,No regr out,All,1,Ridge,80/20,0.08032015010211813,0.2769560519539216
Rg norm w/0.427,No regr out,Inliers,1,Ridge,80/20,0.11315115865903491,0.0909004542781083
Rg norm w/0.427,No regr out,All,1,Lasso,80/20,0.07501827473262446,0.27775321863543884
Rg norm w/0.427,No regr out,Inliers,1,Lasso,80/20,0.2136531681686693,0.08559498552663442
Rg norm w/0.427,No regr out,All,1,Kernel Ridge,80/20,0.0998877276099267,0.27399388197935365
Rg norm w/0.427,No regr out,Inliers,1,Kernel Ridge,80/20,-8.963896360485618,0.3046883527978002
Rg norm w/0.427,No regr out,All,1,GPR,80/20,-0.7102034244026765,0.3776734103219074
Rg norm w/0.427,No regr out,Inliers,1,GPR,80/20,-8.58822210398262,0.2988892497752277
Rg norm w/0.427,No regr out,All,1,Linear,85/15,0.3445954372063975,0.26154884339087026
Rg norm w/0.427,No regr out,Inliers,1,Linear,85/15,-0.4699152706515102,0.09670178978586765
Rg norm w/0.427,No regr out,All,1,Ridge,85/15,0.0769505697097933,0.31039202401043897
Rg norm w/0.427,No regr out,Inliers,1,Ridge,85/15,-0.4128588855711526,0.09480642165055513
Rg norm w/0.427,No regr out,All,1,Lasso,85/15,0.07137430894926178,0.31132817143451663
Rg norm w/0.427,No regr out,Inliers,1,Lasso,85/15,-0.05175375189532616,0.08179851065232038
Rg norm w/0.427,No regr out,All,1,Kernel Ridge,85/15,0.4780595535282841,0.23340413725123646
Rg norm w/0.427,No regr out,Inliers,1,Kernel Ridge,85/15,-10.614421942699238,0.2718236007562315
Rg norm w/0.427,No regr out,All,1,GPR,85/15,-0.4303914116742815,0.3863896818747527
Rg norm w/0.427,No regr out,Inliers,1,GPR,85/15,-10.231921965687864,0.2673101195303259
Rg norm w/0.427,No regr out,All,1,Linear,90/10,-5.537520817533613,0.18904773218380483
Rg norm w/0.427,No regr out,Inliers,1,Linear,90/10,-0.45292125784580195,0.09845528328768274
Rg norm w/0.427,No regr out,All,1,Ridge,90/10,-0.5704578852246214,0.09265696629696472
Rg norm w/0.427,No regr out,Inliers,1,Ridge,90/10,-0.38405034469133925,0.09609348210130743
Rg norm w/0.427,No regr out,All,1,Lasso,90/10,-0.49939275650414094,0.09053627744473539
Rg norm w/0.427,No regr out,Inliers,1,Lasso,90/10,0.004506839395323037,0.08149615655199646
Rg norm w/0.427,No regr out,All,1,Kernel Ridge,90/10,-10.672960547565335,0.2526128498538094
Rg norm w/0.427,No regr out,Inliers,1,Kernel Ridge,90/10,-10.53739234186645,0.27744175173287944
Rg norm w/0.427,No regr out,All,1,GPR,90/10,-20.896596561209012,0.34598178731193674
Rg norm w/0.427,No regr out,Inliers,1,GPR,90/10,-10.110903841624372,0.27226554277938303
Rg norm w/0.427,No regr out,All,2,Linear,80/20,0.10990636584617453,0.27246478007735714
Rg norm w/0.427,No regr out,Inliers,2,Linear,80/20,0.08104851112785849,0.09253106164321225
Rg norm w/0.427,No regr out,All,2,Ridge,80/20,0.012697767953924854,0.28695750223540684
Rg norm w/0.427,No regr out,Inliers,2,Ridge,80/20,0.10306328851041657,0.09141598690123261
Rg norm w/0.427,No regr out,All,2,Lasso,80/20,0.006281661744717448,0.28788840677363775
Rg norm w/0.427,No regr out,Inliers,2,Lasso,80/20,0.20492860799693124,0.08606851615990609
Rg norm w/0.427,No regr out,All,2,Kernel Ridge,80/20,0.041232056564208475,0.2827803817780586
Rg norm w/0.427,No regr out,Inliers,2,Kernel Ridge,80/20,-8.888851710070599,0.303538780067394
Rg norm w/0.427,No regr out,All,2,GPR,80/20,-0.7357089900977929,0.380479253171735
Rg norm w/0.427,No regr out,Inliers,2,GPR,80/20,-9.035573860243574,0.3057823105590789
Rg norm w/0.427,No regr out,All,2,Linear,85/15,0.16485749001541916,0.2952421564976014
Rg norm w/0.427,No regr out,Inliers,2,Linear,85/15,-0.4479794383880613,0.09597752771859008
Rg norm w/0.427,No regr out,All,2,Ridge,85/15,0.08751960203908582,0.3086098940197787
Rg norm w/0.427,No regr out,Inliers,2,Ridge,85/15,-0.3872615967560875,0.09394367454749492
Rg norm w/0.427,No regr out,All,2,Lasso,85/15,0.008858730622289923,0.321636889501995
Rg norm w/0.427,No regr out,Inliers,2,Lasso,85/15,0.1243525773086036,0.07463679779220032
Rg norm w/0.427,No regr out,All,2,Kernel Ridge,85/15,-0.03899353121138982,0.3293096788618789
Rg norm w/0.427,No regr out,Inliers,2,Kernel Ridge,85/15,-10.600233774896688,0.271657520281968
Rg norm w/0.427,No regr out,All,2,GPR,85/15,-0.4567632415172058,0.3899353072444979
Rg norm w/0.427,No regr out,Inliers,2,GPR,85/15,-10.804270699759764,0.2740362030896103
Rg norm w/0.427,No regr out,All,2,Linear,90/10,-5.480394433831227,0.18821994825630706
Rg norm w/0.427,No regr out,Inliers,2,Linear,90/10,-0.3991437986411086,0.09661602442112577
Rg norm w/0.427,No regr out,All,2,Ridge,90/10,-0.6953623504786908,0.09627115821252188
Rg norm w/0.427,No regr out,Inliers,2,Ridge,90/10,-0.32590555994597725,0.09405335305105751
Rg norm w/0.427,No regr out,All,2,Lasso,90/10,-0.5383084030317487,0.09170365292821243
Rg norm w/0.427,No regr out,Inliers,2,Lasso,90/10,0.005839519120619863,0.08144158829728278
Rg norm w/0.427,No regr out,All,2,Kernel Ridge,90/10,-10.688686283325088,0.2527829517688897
Rg norm w/0.427,No regr out,Inliers,2,Kernel Ridge,90/10,-10.480907251194939,0.2767617648623173
Rg norm w/0.427,No regr out,All,2,GPR,90/10,-21.65136144013863,0.35189418038040315
Rg norm w/0.427,No regr out,Inliers,2,GPR,90/10,-10.753944802368126,0.280033385285446
Rg norm w/0.427,No regr out,All,1,Linear,80/20,0.30611755006662034,0.24056668054604768
Rg norm w/0.427,No regr out,Inliers,1,Linear,80/20,0.09142636438988061,0.09200709474340876
Rg norm w/0.427,No regr out,All,1,Ridge,80/20,0.08032015010211813,0.2769560519539216
Rg norm w/0.427,No regr out,Inliers,1,Ridge,80/20,0.11315115865903491,0.0909004542781083
Rg norm w/0.427,No regr out,All,1,Lasso,80/20,0.07501827473262446,0.27775321863543884
Rg norm w/0.427,No regr out,Inliers,1,Lasso,80/20,0.2136531681686693,0.08559498552663442
Rg norm w/0.427,No regr out,All,1,Kernel Ridge,80/20,0.0998877276099267,0.27399388197935365
Rg norm w/0.427,No regr out,Inliers,1,Kernel Ridge,80/20,-8.963896360485618,0.3046883527978002
Rg norm w/0.427,No regr out,All,1,GPR,80/20,-0.7101941200075985,0.37767238295073347
Rg norm w/0.427,No regr out,Inliers,1,GPR,80/20,-8.588127604300071,0.2988877768739688
Rg norm w/0.427,No regr out,All,1,Linear,85/15,0.3445954372063975,0.26154884339087026
Rg norm w/0.427,No regr out,Inliers,1,Linear,85/15,-0.4699152706515102,0.09670178978586765
Rg norm w/0.427,No regr out,All,1,Ridge,85/15,0.0769505697097933,0.31039202401043897
Rg norm w/0.427,No regr out,Inliers,1,Ridge,85/15,-0.4128588855711526,0.09480642165055513
Rg norm w/0.427,No regr out,All,1,Lasso,85/15,0.07137430894926178,0.31132817143451663
Rg norm w/0.427,No regr out,Inliers,1,Lasso,85/15,-0.05175375189532616,0.08179851065232038
Rg norm w/0.427,No regr out,All,1,Kernel Ridge,85/15,0.4780595535282841,0.23340413725123646
Rg norm w/0.427,No regr out,Inliers,1,Kernel Ridge,85/15,-10.614421942699238,0.2718236007562315
Rg norm w/0.427,No regr out,All,1,GPR,85/15,-0.4568860588200161,0.38995174429891594
Rg norm w/0.427,No regr out,Inliers,1,GPR,85/15,-10.231929841684346,0.2673102132512936
Rg norm w/0.427,No regr out,All,1,Linear,90/10,-5.537520817533613,0.18904773218380483
Rg norm w/0.427,No regr out,Inliers,1,Linear,90/10,-0.45292125784580195,0.09845528328768274
Rg norm w/0.427,No regr out,All,1,Ridge,90/10,-0.5704578852246214,0.09265696629696472
Rg norm w/0.427,No regr out,Inliers,1,Ridge,90/10,-0.38405034469133925,0.09609348210130743
Rg norm w/0.427,No regr out,All,1,Lasso,90/10,-0.49939275650414094,0.09053627744473539
Rg norm w/0.427,No regr out,Inliers,1,Lasso,90/10,0.004506839395323037,0.08149615655199646
Rg norm w/0.427,No regr out,All,1,Kernel Ridge,90/10,-10.672960547565335,0.2526128498538094
Rg norm w/0.427,No regr out,Inliers,1,Kernel Ridge,90/10,-10.53739234186645,0.27744175173287944
Rg norm w/0.427,No regr out,All,1,GPR,90/10,-20.89578594653013,0.34597538310865494
Rg norm w/0.427,No regr out,Inliers,1,GPR,90/10,-10.110899797215824,0.2722654932265651
Rg norm w/0.5,No regr out,All,1,Linear,80/20,0.3071953300972632,0.2515941740742977
Rg norm w/0.5,No regr out,Inliers,1,Linear,80/20,0.21686520686502064,0.06499954356929177
Rg norm w/0.5,No regr out,All,1,Ridge,80/20,0.07951447291451175,0.29000378045865804
Rg norm w/0.5,No regr out,Inliers,1,Ridge,80/20,0.23519661349562926,0.06423429302284052
Rg norm w/0.5,No regr out,All,1,Lasso,80/20,0.05368436219605621,0.29404458468205913
Rg norm w/0.5,No regr out,Inliers,1,Lasso,80/20,0.2968382657178562,0.06159134125665641
Rg norm w/0.5,No regr out,All,1,Kernel Ridge,80/20,0.09910354314750569,0.28690136636900526
Rg norm w/0.5,No regr out,Inliers,1,Kernel Ridge,80/20,-7.189933353029128,0.21019976744249566
Rg norm w/0.5,No regr out,All,1,GPR,80/20,-0.7303484152515796,0.3976142649516304
Rg norm w/0.5,No regr out,Inliers,1,GPR,80/20,-6.895441256862622,0.20638600795097134
Rg norm w/0.5,No regr out,All,1,Linear,85/15,0.3451278157005101,0.27356124529704823
Rg norm w/0.5,No regr out,Inliers,1,Linear,85/15,-0.348465201548362,0.06722730342740622
Rg norm w/0.5,No regr out,All,1,Ridge,85/15,0.07608013280819925,0.3249327251555636
Rg norm w/0.5,No regr out,Inliers,1,Ridge,85/15,-0.2948515029784633,0.06587730169314367
Rg norm w/0.5,No regr out,All,1,Lasso,85/15,0.07081694880825395,0.3258569135769286
Rg norm w/0.5,No regr out,Inliers,1,Lasso,85/15,0.08800042644734751,0.05528701433391815
Rg norm w/0.5,No regr out,All,1,Kernel Ridge,85/15,-0.02703722016433696,0.3425858265597022
Rg norm w/0.5,No regr out,Inliers,1,Kernel Ridge,85/15,-9.075732572952244,0.18376556566479504
Rg norm w/0.5,No regr out,All,1,GPR,85/15,-0.4533868892524717,0.4075368826066282
Rg norm w/0.5,No regr out,Inliers,1,GPR,85/15,-17.696457810746413,0.250325727309362
Rg norm w/0.5,No regr out,All,1,Linear,90/10,-5.504993530604823,0.19742247778485408
Rg norm w/0.5,No regr out,Inliers,1,Linear,90/10,-0.461935660016191,0.06867014286527277
Rg norm w/0.5,No regr out,All,1,Ridge,90/10,-0.6100549556777788,0.09821854896724587
Rg norm w/0.5,No regr out,Inliers,1,Ridge,90/10,-0.39067332082252126,0.06697556448395961
Rg norm w/0.5,No regr out,All,1,Lasso,90/10,-0.5442145219508654,0.09618934777409596
Rg norm w/0.5,No regr out,Inliers,1,Lasso,90/10,0.05839246633679873,0.05511106242300691
Rg norm w/0.5,No regr out,All,1,Kernel Ridge,90/10,-10.618710542677885,0.26384698141745444
Rg norm w/0.5,No regr out,Inliers,1,Kernel Ridge,90/10,-10.362761523005076,0.19144576648798983
Rg norm w/0.5,No regr out,All,1,GPR,90/10,-20.7645455628989,0.3611170264476029
Rg norm w/0.5,No regr out,Inliers,1,GPR,90/10,-9.972016665997488,0.18812523280915908
Rg norm w/0.5,No regr out,All,2,Linear,80/20,0.11178340040895995,0.2848751847172266
Rg norm w/0.5,No regr out,Inliers,2,Linear,80/20,0.2048241908633801,0.06549733464436185
Rg norm w/0.5,No regr out,All,2,Ridge,80/20,0.011186925200741382,0.300574599640945
Rg norm w/0.5,No regr out,Inliers,2,Ridge,80/20,0.22332833137798314,0.06473077087382538
Rg norm w/0.5,No regr out,All,2,Lasso,80/20,0.004864830547866683,0.3015339484816151
Rg norm w/0.5,No regr out,Inliers,2,Lasso,80/20,0.27644211957979226,0.062478225510017485
Rg norm w/0.5,No regr out,All,2,Kernel Ridge,80/20,0.04064629993022839,0.29606328568186197
Rg norm w/0.5,No regr out,Inliers,2,Kernel Ridge,80/20,-7.122856500398186,0.20933721298628902
Rg norm w/0.5,No regr out,All,2,GPR,80/20,-0.7302327200709866,0.3976009720151438
Rg norm w/0.5,No regr out,Inliers,2,GPR,80/20,-7.246024439882344,0.21091834562727346
Rg norm w/0.5,No regr out,All,2,Linear,85/15,0.16587635772632126,0.30873901584485947
Rg norm w/0.5,No regr out,Inliers,2,Linear,85/15,-0.326020624409066,0.06666547213747209
Rg norm w/0.5,No regr out,All,2,Ridge,85/15,0.08778621085265881,0.32286771221151167
Rg norm w/0.5,No regr out,Inliers,2,Ridge,85/15,-0.26890520172429455,0.06521393534876163
Rg norm w/0.5,No regr out,All,2,Lasso,85/15,0.007226234443517665,0.3368227722898603
Rg norm w/0.5,No regr out,Inliers,2,Lasso,85/15,0.2544498442469175,0.04998782633662228
Rg norm w/0.5,No regr out,All,2,Kernel Ridge,85/15,-0.0387799780454714,0.3445387589945117
Rg norm w/0.5,No regr out,Inliers,2,Kernel Ridge,85/15,-9.062876119668644,0.18364828746569248
Rg norm w/0.5,No regr out,All,2,GPR,85/15,-0.4533900214515052,0.40753732174845325
Rg norm w/0.5,No regr out,Inliers,2,GPR,85/15,-9.24746202131034,0.18532498704849124
Rg norm w/0.5,No regr out,All,2,Linear,90/10,-5.455824121857563,0.19667493211009476
Rg norm w/0.5,No regr out,Inliers,2,Linear,90/10,-0.4052047888582604,0.06732457672852686
Rg norm w/0.5,No regr out,All,2,Ridge,90/10,-0.745984965313929,0.10228063452906343
Rg norm w/0.5,No regr out,Inliers,2,Ridge,90/10,-0.3294076873758305,0.06548365533359744
Rg norm w/0.5,No regr out,All,2,Lasso,90/10,-0.5892661698934984,0.09758239730635603
Rg norm w/0.5,No regr out,Inliers,2,Lasso,90/10,0.07673044573149379,0.05457177480816863
Rg norm w/0.5,No regr out,All,2,Kernel Ridge,90/10,-10.634056644479784,0.2640211697022712
Rg norm w/0.5,No regr out,Inliers,2,Kernel Ridge,90/10,-10.303439159663538,0.19094536536593842
Rg norm w/0.5,No regr out,All,2,GPR,90/10,-21.4942835733701,0.3671210160787615
Rg norm w/0.5,No regr out,Inliers,2,GPR,90/10,-10.58570204862579,0.19331475297111758
Rg norm w/0.5,No regr out,All,1,Linear,80/20,0.3071953300972632,0.2515941740742977
Rg norm w/0.5,No regr out,Inliers,1,Linear,80/20,0.21686520686502064,0.06499954356929177
Rg norm w/0.5,No regr out,All,1,Ridge,80/20,0.07951447291451175,0.29000378045865804
Rg norm w/0.5,No regr out,Inliers,1,Ridge,80/20,0.23519661349562926,0.06423429302284052
Rg norm w/0.5,No regr out,All,1,Lasso,80/20,0.05368436219605621,0.29404458468205913
Rg norm w/0.5,No regr out,Inliers,1,Lasso,80/20,0.2968382657178562,0.06159134125665641
Rg norm w/0.5,No regr out,All,1,Kernel Ridge,80/20,0.09910354314750569,0.28690136636900526
Rg norm w/0.5,No regr out,Inliers,1,Kernel Ridge,80/20,-7.189933353029128,0.21019976744249566
Rg norm w/0.5,No regr out,All,1,GPR,80/20,-0.7055391620379488,0.39475353259033563
Rg norm w/0.5,No regr out,Inliers,1,GPR,80/20,-6.895431908283682,0.20638588576549774
Rg norm w/0.5,No regr out,All,1,Linear,85/15,0.3451278157005101,0.27356124529704823
Rg norm w/0.5,No regr out,Inliers,1,Linear,85/15,-0.348465201548362,0.06722730342740622
Rg norm w/0.5,No regr out,All,1,Ridge,85/15,0.07608013280819925,0.3249327251555636
Rg norm w/0.5,No regr out,Inliers,1,Ridge,85/15,-0.2948515029784633,0.06587730169314367
Rg norm w/0.5,No regr out,All,1,Lasso,85/15,0.07081694880825395,0.3258569135769286
Rg norm w/0.5,No regr out,Inliers,1,Lasso,85/15,0.08800042644734751,0.05528701433391815
Rg norm w/0.5,No regr out,All,1,Kernel Ridge,85/15,-0.02703722016433696,0.3425858265597022
Rg norm w/0.5,No regr out,Inliers,1,Kernel Ridge,85/15,-9.075732572952244,0.18376556566479504
Rg norm w/0.5,No regr out,All,1,GPR,85/15,-0.45339001975235194,0.407537321510228
Rg norm w/0.5,No regr out,Inliers,1,GPR,85/15,-8.758522646928794,0.18084972674455452
Rg norm w/0.5,No regr out,All,1,Linear,90/10,-5.504993530604823,0.19742247778485408
Rg norm w/0.5,No regr out,Inliers,1,Linear,90/10,-0.461935660016191,0.06867014286527277
Rg norm w/0.5,No regr out,All,1,Ridge,90/10,-0.6100549556777788,0.09821854896724587
Rg norm w/0.5,No regr out,Inliers,1,Ridge,90/10,-0.39067332082252126,0.06697556448395961
Rg norm w/0.5,No regr out,All,1,Lasso,90/10,-0.5442145219508654,0.09618934777409596
Rg norm w/0.5,No regr out,Inliers,1,Lasso,90/10,0.05839246633679873,0.05511106242300691
Rg norm w/0.5,No regr out,All,1,Kernel Ridge,90/10,-10.618710542677885,0.26384698141745444
Rg norm w/0.5,No regr out,Inliers,1,Kernel Ridge,90/10,-10.362761523005076,0.19144576648798983
Rg norm w/0.5,No regr out,All,1,GPR,90/10,-20.764465372295707,0.3611163611863237
Rg norm w/0.5,No regr out,Inliers,1,GPR,90/10,-9.972023346439885,0.18812529008028928
Rg norm w/0.418,No regr out,All,1,Linear,80/20,0.30131122597554283,0.16720278195830107
Rg norm w/0.418,No regr out,Inliers,1,Linear,80/20,0.0790051511383697,0.09605820629891722
Rg norm w/0.418,No regr out,All,1,Ridge,80/20,0.09023756479676925,0.19079439692916147
Rg norm w/0.418,No regr out,Inliers,1,Ridge,80/20,0.1010686137767246,0.09490064064512697
Rg norm w/0.418,No regr out,All,1,Lasso,80/20,0.08085390398201464,0.1917758382888038
Rg norm w/0.418,No regr out,Inliers,1,Lasso,80/20,0.2034757823074984,0.08933165181790777
Rg norm w/0.418,No regr out,All,1,Kernel Ridge,80/20,0.10563612550507262,0.18917282120918183
Rg norm w/0.418,No regr out,Inliers,1,Kernel Ridge,80/20,-9.163853878340918,0.3191060796807861
Rg norm w/0.418,No regr out,All,1,GPR,80/20,-0.7832105533894862,0.2671178615218449
Rg norm w/0.418,No regr out,Inliers,1,GPR,80/20,-14.998786786224093,0.4003588171825331
Rg norm w/0.418,No regr out,All,1,Linear,85/15,0.34327453870572533,0.1816207313652634
Rg norm w/0.418,No regr out,Inliers,1,Linear,85/15,-0.4767710518066226,0.10113770349755247
Rg norm w/0.418,No regr out,All,1,Ridge,85/15,0.08628184936103012,0.2142296701522797
Rg norm w/0.418,No regr out,Inliers,1,Ridge,85/15,-0.41959713029011225,0.09916058017697299
Rg norm w/0.418,No regr out,All,1,Lasso,85/15,0.07702047355506547,0.21531264044727452
Rg norm w/0.418,No regr out,Inliers,1,Lasso,85/15,-0.1620572156989719,0.08971607361283068
Rg norm w/0.418,No regr out,All,1,Kernel Ridge,85/15,0.4860455303879858,0.16067037847322713
Rg norm w/0.418,No regr out,Inliers,1,Kernel Ridge,85/15,-10.758267565129419,0.28538304795480607
Rg norm w/0.418,No regr out,All,1,GPR,85/15,-0.45765205797947783,0.27058295050957165
Rg norm w/0.418,No regr out,Inliers,1,GPR,85/15,-10.368670704634471,0.2806152999789164
Rg norm w/0.418,No regr out,All,1,Linear,90/10,-4.987083601512881,0.13291160790430434
Rg norm w/0.418,No regr out,Inliers,1,Linear,90/10,-0.4448822890179276,0.10294274746931298
Rg norm w/0.418,No regr out,All,1,Ridge,90/10,-0.15828530033738875,0.05846056698310647
Rg norm w/0.418,No regr out,Inliers,1,Ridge,90/10,-0.3766165006051667,0.10048147618032899
Rg norm w/0.418,No regr out,All,1,Lasso,90/10,-0.06806884556175241,0.056137733481625554
Rg norm w/0.418,No regr out,Inliers,1,Lasso,90/10,0.0038138383595166525,0.08547709885395087
Rg norm w/0.418,No regr out,All,1,Kernel Ridge,90/10,-9.816282188631876,0.17864639437609064
Rg norm w/0.418,No regr out,Inliers,1,Kernel Ridge,90/10,-10.50815665525667,0.2905242601059596
Rg norm w/0.418,No regr out,All,1,GPR,90/10,-19.46912963359206,0.24575645790488396
Rg norm w/0.418,No regr out,Inliers,1,GPR,90/10,-10.07862150416325,0.285050878530308
Rg norm w/0.418,No regr out,All,2,Linear,80/20,0.10089956327777871,0.18967309053523715
Rg norm w/0.418,No regr out,Inliers,2,Linear,80/20,0.06901573075697531,0.096577741167836
Rg norm w/0.418,No regr out,All,2,Ridge,80/20,0.02874540661207503,0.19713700725099875
Rg norm w/0.418,No regr out,Inliers,2,Ridge,80/20,0.09137724921587775,0.09541083037142126
Rg norm w/0.418,No regr out,All,2,Lasso,80/20,0.020780159307780655,0.19794371579575873
Rg norm w/0.418,No regr out,Inliers,2,Lasso,80/20,0.1929350779178156,0.0899207888202595
Rg norm w/0.418,No regr out,All,2,Kernel Ridge,80/20,0.04570802125001283,0.19540796098772245
Rg norm w/0.418,No regr out,Inliers,2,Kernel Ridge,80/20,-9.08818066260941,0.31791593573344706
Rg norm w/0.418,No regr out,All,2,GPR,80/20,-0.7830763237728731,0.2671078078008077
Rg norm w/0.418,No regr out,Inliers,2,GPR,80/20,-9.23675700076623,0.32024847420030617
Rg norm w/0.418,No regr out,All,2,Linear,85/15,0.16131817318997566,0.20524477471843902
Rg norm w/0.418,No regr out,Inliers,2,Linear,85/15,-0.45480781705909146,0.10038280238716908
Rg norm w/0.418,No regr out,All,2,Ridge,85/15,0.03077643211056047,0.2206406234949888
Rg norm w/0.418,No regr out,Inliers,2,Ridge,85/15,-0.3939842923257655,0.09826196455998024
Rg norm w/0.418,No regr out,All,2,Lasso,85/15,0.02394502017766964,0.2214168326129785
Rg norm w/0.418,No regr out,Inliers,2,Lasso,85/15,0.11009947027814393,0.07851040819647517
Rg norm w/0.418,No regr out,All,2,Kernel Ridge,85/15,-0.0432925831460087,0.2289162131927123
Rg norm w/0.418,No regr out,Inliers,2,Kernel Ridge,85/15,-10.744000676587888,0.28520986070971266
Rg norm w/0.418,No regr out,All,2,GPR,85/15,-0.4908625859541975,0.27364801430451685
Rg norm w/0.418,No regr out,Inliers,2,GPR,85/15,-10.948701429929859,0.2876847609698094
Rg norm w/0.418,No regr out,All,2,Linear,90/10,-4.875316195165203,0.13166516047368698
Rg norm w/0.418,No regr out,Inliers,2,Linear,90/10,-0.3914086386061668,0.1010198848055129
Rg norm w/0.418,No regr out,All,2,Ridge,90/10,-0.1920659929805364,0.05930692405756584
Rg norm w/0.418,No regr out,Inliers,2,Ridge,90/10,-0.31883094801832845,0.09834993702963994
Rg norm w/0.418,No regr out,All,2,Lasso,90/10,-0.0658924640009082,0.056080508972427105
Rg norm w/0.418,No regr out,Inliers,2,Lasso,90/10,0.007014360199940173,0.0853396790539531
Rg norm w/0.418,No regr out,All,2,Kernel Ridge,90/10,-9.8328933837144,0.17878352058904623
Rg norm w/0.418,No regr out,Inliers,2,Kernel Ridge,90/10,-10.452313123735008,0.2898185158780914
Rg norm w/0.418,No regr out,All,2,GPR,90/10,-20.348174288350176,0.2509779805786785
Rg norm w/0.418,No regr out,Inliers,2,GPR,90/10,-10.721882660506507,0.2932096139183466
Rg norm w/0.418,No regr out,All,1,Linear,80/20,0.30131122597554283,0.16720278195830107
Rg norm w/0.418,No regr out,Inliers,1,Linear,80/20,0.0790051511383697,0.09605820629891722
Rg norm w/0.418,No regr out,All,1,Ridge,80/20,0.09023756479676925,0.19079439692916147
Rg norm w/0.418,No regr out,Inliers,1,Ridge,80/20,0.1010686137767246,0.09490064064512697
Rg norm w/0.418,No regr out,All,1,Lasso,80/20,0.08085390398201464,0.1917758382888038
Rg norm w/0.418,No regr out,Inliers,1,Lasso,80/20,0.2034757823074984,0.08933165181790777
Rg norm w/0.418,No regr out,All,1,Kernel Ridge,80/20,0.10563612550507262,0.18917282120918183
Rg norm w/0.418,No regr out,Inliers,1,Kernel Ridge,80/20,-9.163853878340918,0.3191060796807861
Rg norm w/0.418,No regr out,All,1,GPR,80/20,-0.7511584711694095,0.26470633865053417
Rg norm w/0.418,No regr out,Inliers,1,GPR,80/20,-8.778116313271987,0.3129921689678907
Rg norm w/0.418,No regr out,All,1,Linear,85/15,0.34327453870572533,0.1816207313652634
Rg norm w/0.418,No regr out,Inliers,1,Linear,85/15,-0.4767710518066226,0.10113770349755247
Rg norm w/0.418,No regr out,All,1,Ridge,85/15,0.08628184936103012,0.2142296701522797
Rg norm w/0.418,No regr out,Inliers,1,Ridge,85/15,-0.41959713029011225,0.09916058017697299
Rg norm w/0.418,No regr out,All,1,Lasso,85/15,0.07702047355506547,0.21531264044727452
Rg norm w/0.418,No regr out,Inliers,1,Lasso,85/15,-0.1620572156989719,0.08971607361283068
Rg norm w/0.418,No regr out,All,1,Kernel Ridge,85/15,0.4860455303879858,0.16067037847322713
Rg norm w/0.418,No regr out,Inliers,1,Kernel Ridge,85/15,-10.758267565129419,0.28538304795480607
Rg norm w/0.418,No regr out,All,1,GPR,85/15,-0.4576528340961381,0.2705830225445634
Rg norm w/0.418,No regr out,Inliers,1,GPR,85/15,-20.283642819079528,0.3839542540389255
Rg norm w/0.418,No regr out,All,1,Linear,90/10,-4.987083601512881,0.13291160790430434
Rg norm w/0.418,No regr out,Inliers,1,Linear,90/10,-0.4448822890179276,0.10294274746931298
Rg norm w/0.418,No regr out,All,1,Ridge,90/10,-0.15828530033738875,0.05846056698310647
Rg norm w/0.418,No regr out,Inliers,1,Ridge,90/10,-0.3766165006051667,0.10048147618032899
Rg norm w/0.418,No regr out,All,1,Lasso,90/10,-0.06806884556175241,0.056137733481625554
Rg norm w/0.418,No regr out,Inliers,1,Lasso,90/10,0.0038138383595166525,0.08547709885395087
Rg norm w/0.418,No regr out,All,1,Kernel Ridge,90/10,-9.816282188631876,0.17864639437609064
Rg norm w/0.418,No regr out,Inliers,1,Kernel Ridge,90/10,-10.50815665525667,0.2905242601059596
Rg norm w/0.418,No regr out,All,1,GPR,90/10,-20.355910503976443,0.25102345153742045
Rg norm w/0.418,No regr out,Inliers,1,GPR,90/10,-10.078843094051392,0.28505372924943495
Rg w/no norm,pH regr out,All,1,Linear,80/20,0.4051769277326879,2.0490773497609767
Rg w/no norm,pH regr out,Inliers,1,Linear,80/20,0.51455581383633,0.7988089667979734
Rg w/no norm,pH regr out,All,1,Ridge,80/20,0.32648001547404126,2.1804176710640792
Rg w/no norm,pH regr out,Inliers,1,Ridge,80/20,0.5519569511798845,0.7674200667564943
Rg w/no norm,pH regr out,All,1,Lasso,80/20,0.2563650925107517,2.2911015222060516
Rg w/no norm,pH regr out,Inliers,1,Lasso,80/20,0.5936379729017752,0.7308526705428849
Rg w/no norm,pH regr out,All,1,Kernel Ridge,80/20,0.609537393134824,1.6601761653908906
Rg w/no norm,pH regr out,Inliers,1,Kernel Ridge,80/20,-0.07138452045215304,1.186713718390822
Rg w/no norm,pH regr out,All,1,GPR,80/20,0.49368996359944917,1.8904827458818936
Rg w/no norm,pH regr out,Inliers,1,GPR,80/20,-0.02447981460616777,1.1604461235532637
Rg w/no norm,pH regr out,All,1,Linear,85/15,0.40937827309546215,2.2251863988477454
Rg w/no norm,pH regr out,Inliers,1,Linear,85/15,0.41816760213393545,0.8539103356499694
Rg w/no norm,pH regr out,All,1,Ridge,85/15,0.2820946766128064,2.453269581708665
Rg w/no norm,pH regr out,Inliers,1,Ridge,85/15,0.5255898052468495,0.7710638220933458
Rg w/no norm,pH regr out,All,1,Lasso,85/15,0.19834569199025642,2.592419338944422
Rg w/no norm,pH regr out,Inliers,1,Lasso,85/15,0.5016788869601687,0.7902562951715071
Rg w/no norm,pH regr out,All,1,Kernel Ridge,85/15,0.6553255914553412,1.69987194655414
Rg w/no norm,pH regr out,Inliers,1,Kernel Ridge,85/15,-0.32944052301896454,1.290766770508375
Rg w/no norm,pH regr out,All,1,GPR,85/15,0.5274579354984645,1.9903613254177368
Rg w/no norm,pH regr out,Inliers,1,GPR,85/15,-0.2980675899826717,1.2754456985620735
Rg w/no norm,pH regr out,All,1,Linear,90/10,-0.48730375060338926,1.5218354728664685
Rg w/no norm,pH regr out,Inliers,1,Linear,90/10,0.2776443243014959,0.8859468474467262
Rg w/no norm,pH regr out,All,1,Ridge,90/10,0.23195235725620633,1.09360867525517
Rg w/no norm,pH regr out,Inliers,1,Ridge,90/10,0.3646420411344129,0.8308858435285865
Rg w/no norm,pH regr out,All,1,Lasso,90/10,0.13796851996929416,1.1585890759822175
Rg w/no norm,pH regr out,Inliers,1,Lasso,90/10,0.39998315278102436,0.8074466641794292
Rg w/no norm,pH regr out,All,1,Kernel Ridge,90/10,-0.16495974756151544,1.3468627014571484
Rg w/no norm,pH regr out,Inliers,1,Kernel Ridge,90/10,-0.3481130918292783,1.2103062764425307
Rg w/no norm,pH regr out,All,1,GPR,90/10,-0.16362161431078626,1.346088940983957
Rg w/no norm,pH regr out,Inliers,1,GPR,90/10,-0.2689578354682767,1.1742368848595834
Rg w/no norm,pH regr out,All,2,Linear,80/20,0.2839690218908598,2.248176250990671
Rg w/no norm,pH regr out,Inliers,2,Linear,80/20,0.5245954701105937,0.7905055747166216
Rg w/no norm,pH regr out,All,2,Ridge,80/20,0.23377090902518372,2.3256468522286045
Rg w/no norm,pH regr out,Inliers,2,Ridge,80/20,0.5629866917614312,0.7579151887313311
Rg w/no norm,pH regr out,All,2,Lasso,80/20,0.2250126535197281,2.3389005480691636
Rg w/no norm,pH regr out,Inliers,2,Lasso,80/20,0.581320829838756,0.741846336834826
Rg w/no norm,pH regr out,All,2,Kernel Ridge,80/20,0.6095364001198816,1.6601782764492379
Rg w/no norm,pH regr out,Inliers,2,Kernel Ridge,80/20,-0.07958879905901295,1.1912487671356433
Rg w/no norm,pH regr out,All,2,GPR,80/20,0.4936899636081753,1.8904827458656026
Rg w/no norm,pH regr out,Inliers,2,GPR,80/20,-0.01197299304403976,1.1533410249804523
Rg w/no norm,pH regr out,All,2,Linear,85/15,0.2845362676117702,2.4490942522479835
Rg w/no norm,pH regr out,Inliers,2,Linear,85/15,0.4342108349750152,0.8420553380873032
Rg w/no norm,pH regr out,All,2,Ridge,85/15,0.22798009796051055,2.5440517147560877
Rg w/no norm,pH regr out,Inliers,2,Ridge,85/15,0.49593762828313936,0.7947956096033076
Rg w/no norm,pH regr out,All,2,Lasso,85/15,0.22923385457095313,2.541985111497931
Rg w/no norm,pH regr out,Inliers,2,Lasso,85/15,0.5189100177296164,0.7764732113910054
Rg w/no norm,pH regr out,All,2,Kernel Ridge,85/15,0.6553244958682473,1.6998746481708542
Rg w/no norm,pH regr out,Inliers,2,Kernel Ridge,85/15,-0.3332134320123641,1.2925970499304118
Rg w/no norm,pH regr out,All,2,GPR,85/15,0.5274579358631103,1.9903613246497875
Rg w/no norm,pH regr out,Inliers,2,GPR,85/15,-0.08218499167074866,1.164565911292559
Rg w/no norm,pH regr out,All,2,Linear,90/10,-0.5563465638238143,1.5567576981759905
Rg w/no norm,pH regr out,Inliers,2,Linear,90/10,0.3189066501846237,0.8602713156085244
Rg w/no norm,pH regr out,All,2,Ridge,90/10,0.21555964673235783,1.1052176954257193
Rg w/no norm,pH regr out,Inliers,2,Ridge,90/10,0.40626067570728963,0.8032117060749596
Rg w/no norm,pH regr out,All,2,Lasso,90/10,0.31539447795639197,1.0324952570624797
Rg w/no norm,pH regr out,Inliers,2,Lasso,90/10,0.3626872295132362,0.8321630589007735
Rg w/no norm,pH regr out,All,2,Kernel Ridge,90/10,-0.1649687335294745,1.346867895989306
Rg w/no norm,pH regr out,Inliers,2,Kernel Ridge,90/10,-0.3522659442460958,1.2121690127794278
Rg w/no norm,pH regr out,All,2,GPR,90/10,-0.1636215910923169,1.34608892755428
Rg w/no norm,pH regr out,Inliers,2,GPR,90/10,-0.262101425000701,1.1710602801504166
Rg w/no norm,pH regr out,All,1,Linear,80/20,0.4051769277326879,2.0490773497609767
Rg w/no norm,pH regr out,Inliers,1,Linear,80/20,0.51455581383633,0.7988089667979734
Rg w/no norm,pH regr out,All,1,Ridge,80/20,0.32648001547404126,2.1804176710640792
Rg w/no norm,pH regr out,Inliers,1,Ridge,80/20,0.5519569511798845,0.7674200667564943
Rg w/no norm,pH regr out,All,1,Lasso,80/20,0.2563650925107517,2.2911015222060516
Rg w/no norm,pH regr out,Inliers,1,Lasso,80/20,0.5936379729017752,0.7308526705428849
Rg w/no norm,pH regr out,All,1,Kernel Ridge,80/20,0.609537393134824,1.6601761653908906
Rg w/no norm,pH regr out,Inliers,1,Kernel Ridge,80/20,-0.07138452045215304,1.186713718390822
Rg w/no norm,pH regr out,All,1,GPR,80/20,0.49368996358897044,1.8904827459014566
Rg w/no norm,pH regr out,Inliers,1,GPR,80/20,0.14072601378998895,1.062769570834322
Rg w/no norm,pH regr out,All,1,Linear,85/15,0.40937827309546215,2.2251863988477454
Rg w/no norm,pH regr out,Inliers,1,Linear,85/15,0.41816760213393545,0.8539103356499694
Rg w/no norm,pH regr out,All,1,Ridge,85/15,0.2820946766128064,2.453269581708665
Rg w/no norm,pH regr out,Inliers,1,Ridge,85/15,0.5255898052468495,0.7710638220933458
Rg w/no norm,pH regr out,All,1,Lasso,85/15,0.19834569199025642,2.592419338944422
Rg w/no norm,pH regr out,Inliers,1,Lasso,85/15,0.5016788869601687,0.7902562951715071
Rg w/no norm,pH regr out,All,1,Kernel Ridge,85/15,0.6553255914553412,1.69987194655414
Rg w/no norm,pH regr out,Inliers,1,Kernel Ridge,85/15,-0.32944052301896454,1.290766770508375
Rg w/no norm,pH regr out,All,1,GPR,85/15,0.5292812809019162,1.9865176212972218
Rg w/no norm,pH regr out,Inliers,1,GPR,85/15,-0.29798063031228317,1.2754029757500975
Rg w/no norm,pH regr out,All,1,Linear,90/10,-0.48730375060338926,1.5218354728664685
Rg w/no norm,pH regr out,Inliers,1,Linear,90/10,0.2776443243014959,0.8859468474467262
Rg w/no norm,pH regr out,All,1,Ridge,90/10,0.23195235725620633,1.09360867525517
Rg w/no norm,pH regr out,Inliers,1,Ridge,90/10,0.3646420411344129,0.8308858435285865
Rg w/no norm,pH regr out,All,1,Lasso,90/10,0.13796851996929416,1.1585890759822175
Rg w/no norm,pH regr out,Inliers,1,Lasso,90/10,0.39998315278102436,0.8074466641794292
Rg w/no norm,pH regr out,All,1,Kernel Ridge,90/10,-0.16495974756151544,1.3468627014571484
Rg w/no norm,pH regr out,Inliers,1,Kernel Ridge,90/10,-0.3481130918292783,1.2103062764425307
Rg w/no norm,pH regr out,All,1,GPR,90/10,-0.16362161431065236,1.3460889409838794
Rg w/no norm,pH regr out,Inliers,1,GPR,90/10,-0.26894844990662126,1.1742325423618458
Rg norm w/0.427,pH regr out,All,1,Linear,80/20,0.306101293620312,0.24055969481104422
Rg norm w/0.427,pH regr out,Inliers,1,Linear,80/20,0.09140065824841248,0.09200746090929872
Rg norm w/0.427,pH regr out,All,1,Ridge,80/20,0.08033163761907747,0.276943035741417
Rg norm w/0.427,pH regr out,Inliers,1,Ridge,80/20,0.11312574294353006,0.09090083265596063
Rg norm w/0.427,pH regr out,All,1,Lasso,80/20,0.07503002434572448,0.27774013555106175
Rg norm w/0.427,pH regr out,Inliers,1,Lasso,80/20,0.21368043563654782,0.08559263128217659
Rg norm w/0.427,pH regr out,All,1,Kernel Ridge,80/20,0.7366773031261645,0.14819002536744824
Rg norm w/0.427,pH regr out,Inliers,1,Kernel Ridge,80/20,-0.11589103931849554,0.10196420371806277
Rg norm w/0.427,pH regr out,All,1,GPR,80/20,0.5955702902690716,0.1836522912798753
Rg norm w/0.427,pH regr out,Inliers,1,GPR,80/20,-0.14985322050678462,0.10350421594102019
Rg norm w/0.427,pH regr out,All,1,Linear,85/15,0.3445922695110155,0.261538309776782
Rg norm w/0.427,pH regr out,Inliers,1,Linear,85/15,-0.46997943132069553,0.09670278357235079
Rg norm w/0.427,pH regr out,All,1,Ridge,85/15,0.076961954627214,0.31037685911169355
Rg norm w/0.427,pH regr out,Inliers,1,Ridge,85/15,-0.41292063251162126,0.09480739853327852
Rg norm w/0.427,pH regr out,All,1,Lasso,85/15,0.07138517635522779,0.3113130590733353
Rg norm w/0.427,pH regr out,Inliers,1,Lasso,85/15,-0.05171561504187694,0.08179608308613498
Rg norm w/0.427,pH regr out,All,1,Kernel Ridge,85/15,0.7630300331169856,0.15726286628267072
Rg norm w/0.427,pH regr out,Inliers,1,Kernel Ridge,85/15,-0.12822867614207745,0.08471921312494766
Rg norm w/0.427,pH regr out,All,1,GPR,85/15,0.6152690031879859,0.20038173002069534
Rg norm w/0.427,pH regr out,Inliers,1,GPR,85/15,-0.2138953274226003,0.08787674584845856
Rg norm w/0.427,pH regr out,All,1,Linear,90/10,-5.535262385588014,0.18904745655987373
Rg norm w/0.427,pH regr out,Inliers,1,Linear,90/10,-0.4530387537063114,0.0984568341366623
Rg norm w/0.427,pH regr out,All,1,Ridge,90/10,-0.5703986110377128,0.09267109092379916
Rg norm w/0.427,pH regr out,Inliers,1,Ridge,90/10,-0.3841631282113478,0.09609502550169491
Rg norm w/0.427,pH regr out,All,1,Lasso,90/10,-0.4993901833040142,0.09055170996857917
Rg norm w/0.427,pH regr out,Inliers,1,Lasso,90/10,0.004532280485476603,0.08149310381788241
Rg norm w/0.427,pH regr out,All,1,Kernel Ridge,90/10,0.04624318126905369,0.07222011111404207
Rg norm w/0.427,pH regr out,Inliers,1,Kernel Ridge,90/10,-0.29380237015284005,0.09290546032062644
Rg norm w/0.427,pH regr out,All,1,GPR,90/10,0.05006494900055791,0.0720752704500999
Rg norm w/0.427,pH regr out,Inliers,1,GPR,90/10,-0.3577968319185685,0.09517538971281798
Rg norm w/0.427,pH regr out,All,2,Linear,80/20,0.10983896253383807,0.272463992258234
Rg norm w/0.427,pH regr out,Inliers,2,Linear,80/20,0.0810316493763088,0.09253096984221156
Rg norm w/0.427,pH regr out,All,2,Ridge,80/20,0.012696582075649054,0.2869459804041681
Rg norm w/0.427,pH regr out,Inliers,2,Ridge,80/20,0.10304656778655785,0.09141590960464614
Rg norm w/0.427,pH regr out,All,2,Lasso,80/20,0.006283628208924252,0.2878763898374143
Rg norm w/0.427,pH regr out,Inliers,2,Lasso,80/20,0.20494567968906996,0.08606671712791049
Rg norm w/0.427,pH regr out,All,2,Kernel Ridge,80/20,0.7366773031301861,0.14819002536631665
Rg norm w/0.427,pH regr out,Inliers,2,Kernel Ridge,80/20,-0.1186193591112068,0.10208877731476616
Rg norm w/0.427,pH regr out,All,2,GPR,80/20,0.595570290299739,0.18365229127291224
Rg norm w/0.427,pH regr out,Inliers,2,GPR,80/20,-0.16398777283404642,0.10413843482245784
Rg norm w/0.427,pH regr out,All,2,Linear,85/15,0.1648095040162031,0.2952380340653076
Rg norm w/0.427,pH regr out,Inliers,2,Linear,85/15,-0.44801946001775805,0.09597774580408917
Rg norm w/0.427,pH regr out,All,2,Ridge,85/15,0.08753031382502374,0.308594907973181
Rg norm w/0.427,pH regr out,Inliers,2,Ridge,85/15,-0.38729782009193814,0.09394381622891142
Rg norm w/0.427,pH regr out,All,2,Lasso,85/15,0.008856575455867155,0.32162350834392595
Rg norm w/0.427,pH regr out,Inliers,2,Lasso,85/15,0.12439891822472637,0.07463396097453982
Rg norm w/0.427,pH regr out,All,2,Kernel Ridge,85/15,0.7630300331211965,0.15726286628127348
Rg norm w/0.427,pH regr out,Inliers,2,Kernel Ridge,85/15,-0.12953459827125324,0.08476823009314294
Rg norm w/0.427,pH regr out,All,2,GPR,85/15,0.6152690033279908,0.20038172998423556
Rg norm w/0.427,pH regr out,Inliers,2,GPR,85/15,-0.23991929237618304,0.08881371878170403
Rg norm w/0.427,pH regr out,All,2,Linear,90/10,-5.478208575017283,0.18822044143510805
Rg norm w/0.427,pH regr out,Inliers,2,Linear,90/10,-0.3992235813531586,0.09661639440502906
Rg norm w/0.427,pH regr out,All,2,Ridge,90/10,-0.6953992864105558,0.09628869978585558
Rg norm w/0.427,pH regr out,Inliers,2,Ridge,90/10,-0.32597904981218373,0.09405363815407286
Rg norm w/0.427,pH regr out,All,2,Lasso,90/10,-0.5383783087674361,0.09172144713116469
Rg norm w/0.427,pH regr out,Inliers,2,Lasso,90/10,0.005820636011250602,0.08144035168875356
Rg norm w/0.427,pH regr out,All,2,Kernel Ridge,90/10,0.04624318140978412,0.07222011110871389
Rg norm w/0.427,pH regr out,Inliers,2,Kernel Ridge,90/10,-0.29629775880423104,0.0929950116917508
Rg norm w/0.427,pH regr out,All,2,GPR,90/10,0.050064948946986654,0.07207527045213223
Rg norm w/0.427,pH regr out,Inliers,2,GPR,90/10,-0.4037307525220042,0.09677187938830975
Rg norm w/0.427,pH regr out,All,1,Linear,80/20,0.306101293620312,0.24055969481104422
Rg norm w/0.427,pH regr out,Inliers,1,Linear,80/20,0.09140065824841248,0.09200746090929872
Rg norm w/0.427,pH regr out,All,1,Ridge,80/20,0.08033163761907747,0.276943035741417
Rg norm w/0.427,pH regr out,Inliers,1,Ridge,80/20,0.11312574294353006,0.09090083265596063
Rg norm w/0.427,pH regr out,All,1,Lasso,80/20,0.07503002434572448,0.27774013555106175
Rg norm w/0.427,pH regr out,Inliers,1,Lasso,80/20,0.21368043563654782,0.08559263128217659
Rg norm w/0.427,pH regr out,All,1,Kernel Ridge,80/20,0.7366773031261645,0.14819002536744824
Rg norm w/0.427,pH regr out,Inliers,1,Kernel Ridge,80/20,-0.11589103931849554,0.10196420371806277
Rg norm w/0.427,pH regr out,All,1,GPR,80/20,0.5955702902996066,0.1836522912729423
Rg norm w/0.427,pH regr out,Inliers,1,GPR,80/20,-0.1498531921087789,0.10350421466289474
Rg norm w/0.427,pH regr out,All,1,Linear,85/15,0.3445922695110155,0.261538309776782
Rg norm w/0.427,pH regr out,Inliers,1,Linear,85/15,-0.46997943132069553,0.09670278357235079
Rg norm w/0.427,pH regr out,All,1,Ridge,85/15,0.076961954627214,0.31037685911169355
Rg norm w/0.427,pH regr out,Inliers,1,Ridge,85/15,-0.41292063251162126,0.09480739853327852
Rg norm w/0.427,pH regr out,All,1,Lasso,85/15,0.07138517635522779,0.3113130590733353
Rg norm w/0.427,pH regr out,Inliers,1,Lasso,85/15,-0.05171561504187694,0.08179608308613498
Rg norm w/0.427,pH regr out,All,1,Kernel Ridge,85/15,0.7630300331169856,0.15726286628267072
Rg norm w/0.427,pH regr out,Inliers,1,Kernel Ridge,85/15,-0.12822867614207745,0.08471921312494766
Rg norm w/0.427,pH regr out,All,1,GPR,85/15,0.615269003326909,0.2003817299845173
Rg norm w/0.427,pH regr out,Inliers,1,GPR,85/15,0.04291702698041577,0.07802937734731047
Rg norm w/0.427,pH regr out,All,1,Linear,90/10,-5.535262385588014,0.18904745655987373
Rg norm w/0.427,pH regr out,Inliers,1,Linear,90/10,-0.4530387537063114,0.0984568341366623
Rg norm w/0.427,pH regr out,All,1,Ridge,90/10,-0.5703986110377128,0.09267109092379916
Rg norm w/0.427,pH regr out,Inliers,1,Ridge,90/10,-0.3841631282113478,0.09609502550169491
Rg norm w/0.427,pH regr out,All,1,Lasso,90/10,-0.4993901833040142,0.09055170996857917
Rg norm w/0.427,pH regr out,Inliers,1,Lasso,90/10,0.004532280485476603,0.08149310381788241
Rg norm w/0.427,pH regr out,All,1,Kernel Ridge,90/10,0.04624318126905369,0.07222011111404207
Rg norm w/0.427,pH regr out,Inliers,1,Kernel Ridge,90/10,-0.29380237015284005,0.09290546032062644
Rg norm w/0.427,pH regr out,All,1,GPR,90/10,0.050064949001377035,0.07207527045006881
Rg norm w/0.427,pH regr out,Inliers,1,GPR,90/10,-0.35780394218782074,0.09517563891127877
Rg norm w/0.5,pH regr out,All,1,Linear,80/20,0.30128516671412386,0.16719750514148216
Rg norm w/0.5,pH regr out,Inliers,1,Linear,80/20,0.21685227613225522,0.06499944537295914
Rg norm w/0.5,pH regr out,All,1,Ridge,80/20,0.0902496339810368,0.19078355221284665
Rg norm w/0.5,pH regr out,Inliers,1,Ridge,80/20,0.23518289630575628,0.06423424171892458
Rg norm w/0.5,pH regr out,All,1,Lasso,80/20,0.08086768494725438,0.19176477220364976
Rg norm w/0.5,pH regr out,Inliers,1,Lasso,80/20,0.29685735059157314,0.061589903894801755
Rg norm w/0.5,pH regr out,All,1,Kernel Ridge,80/20,0.7371845696945643,0.10254281631483765
Rg norm w/0.5,pH regr out,Inliers,1,Kernel Ridge,80/20,-0.06072332585203011,0.0756465046320645
Rg norm w/0.5,pH regr out,All,1,GPR,80/20,0.5954609161578921,0.12722136603434864
Rg norm w/0.5,pH regr out,Inliers,1,GPR,80/20,-0.008690948114536967,0.07376780613297632
Rg norm w/0.5,pH regr out,All,1,Linear,85/15,0.3432636990934842,0.18161283792350708
Rg norm w/0.5,pH regr out,Inliers,1,Linear,85/15,-0.3485116620822044,0.0672274048391537
Rg norm w/0.5,pH regr out,All,1,Ridge,85/15,0.0862942440581499,0.21421713864370856
Rg norm w/0.5,pH regr out,Inliers,1,Ridge,85/15,-0.2948960449820226,0.06587739925465602
Rg norm w/0.5,pH regr out,All,1,Lasso,85/15,0.07703318179663177,0.21530002367246914
Rg norm w/0.5,pH regr out,Inliers,1,Lasso,85/15,0.08805207534902326,0.05528457979601998
Rg norm w/0.5,pH regr out,All,1,Kernel Ridge,85/15,0.7618307984961995,0.10936889743577474
Rg norm w/0.5,pH regr out,Inliers,1,Kernel Ridge,85/15,-0.02463296639492074,0.05860074747678787
Rg norm w/0.5,pH regr out,All,1,GPR,85/15,0.6138783363467963,0.1392557440227508
Rg norm w/0.5,pH regr out,Inliers,1,GPR,85/15,-0.09481930051670129,0.06057455268995251
Rg norm w/0.5,pH regr out,All,1,Linear,90/10,-4.986268851433546,0.13291106373752432
Rg norm w/0.5,pH regr out,Inliers,1,Linear,90/10,-0.46206026821951385,0.06867041229512479
Rg norm w/0.5,pH regr out,All,1,Ridge,90/10,-0.1584057051453014,0.05846734444584314
Rg norm w/0.5,pH regr out,Inliers,1,Ridge,90/10,-0.3907922603171805,0.06697583702503196
Rg norm w/0.5,pH regr out,All,1,Lasso,90/10,-0.06819028106681624,0.05614451519864637
Rg norm w/0.5,pH regr out,Inliers,1,Lasso,90/10,0.05842770356851901,0.055107898931922354
Rg norm w/0.5,pH regr out,All,1,Kernel Ridge,90/10,0.14358907853828895,0.050271763876953875
Rg norm w/0.5,pH regr out,Inliers,1,Kernel Ridge,90/10,-0.22415457301414032,0.06283551037171539
Rg norm w/0.5,pH regr out,All,1,GPR,90/10,0.14712272534173154,0.05016794322518767
Rg norm w/0.5,pH regr out,Inliers,1,GPR,90/10,-0.27642744181135637,0.06416306233647048
Rg norm w/0.5,pH regr out,All,2,Linear,80/20,0.1008162109697841,0.1896723589286761
Rg norm w/0.5,pH regr out,Inliers,2,Linear,80/20,0.20481461153419722,0.06549708948560755
Rg norm w/0.5,pH regr out,All,2,Ridge,80/20,0.028744254353775145,0.19712722653218043
Rg norm w/0.5,pH regr out,Inliers,2,Ridge,80/20,0.22331804671695,0.06473056726556799
Rg norm w/0.5,pH regr out,All,2,Lasso,80/20,0.02078402560770698,0.1979333868866328
Rg norm w/0.5,pH regr out,Inliers,2,Lasso,80/20,0.27644577677591053,0.062477457429571635
Rg norm w/0.5,pH regr out,All,2,Kernel Ridge,80/20,0.7371845697006446,0.10254281631365146
Rg norm w/0.5,pH regr out,Inliers,2,Kernel Ridge,80/20,-0.0627939394871071,0.07572030253671015
Rg norm w/0.5,pH regr out,All,2,GPR,80/20,0.5954609161500195,0.12722136603558654
Rg norm w/0.5,pH regr out,Inliers,2,GPR,80/20,-0.09771873807180564,0.07695438021148548
Rg norm w/0.5,pH regr out,All,2,Linear,85/15,0.16125777679951203,0.20524155048441767
Rg norm w/0.5,pH regr out,Inliers,2,Linear,85/15,-0.3260506797117204,0.06666517976743776
Rg norm w/0.5,pH regr out,All,2,Ridge,85/15,0.0307725308678376,0.2206296574386964
Rg norm w/0.5,pH regr out,Inliers,2,Ridge,85/15,-0.2689315079246559,0.0652135862722605
Rg norm w/0.5,pH regr out,All,2,Lasso,85/15,0.023945239952302244,0.22140535746047235
Rg norm w/0.5,pH regr out,Inliers,2,Lasso,85/15,0.25449033637755203,0.04998568315377187
Rg norm w/0.5,pH regr out,All,2,Kernel Ridge,85/15,0.7618307985025464,0.10936889743431745
Rg norm w/0.5,pH regr out,Inliers,2,Kernel Ridge,85/15,-0.02526790970990822,0.05861890148490264
Rg norm w/0.5,pH regr out,All,2,GPR,85/15,0.6138783363489607,0.13925574402236052
Rg norm w/0.5,pH regr out,Inliers,2,GPR,85/15,-0.11636646324923006,0.061167732864460596
Rg norm w/0.5,pH regr out,All,2,Linear,90/10,-4.874588174799644,0.13166542288968677
Rg norm w/0.5,pH regr out,Inliers,2,Linear,90/10,-0.40529940240113627,0.06732423822578754
Rg norm w/0.5,pH regr out,All,2,Ridge,90/10,-0.19230446401357626,0.05931664923283052
Rg norm w/0.5,pH regr out,Inliers,2,Ridge,90/10,-0.3294942346645997,0.06548325312224815
Rg norm w/0.5,pH regr out,All,2,Lasso,90/10,-0.06608553913380866,0.0560891748792275
Rg norm w/0.5,pH regr out,Inliers,2,Lasso,90/10,0.07677718355882068,0.05456828211481321
Rg norm w/0.5,pH regr out,All,2,Kernel Ridge,90/10,0.14358907870533777,0.05027176387205095
Rg norm w/0.5,pH regr out,Inliers,2,Kernel Ridge,90/10,-0.22597347316112848,0.0628821748609471
Rg norm w/0.5,pH regr out,All,2,GPR,90/10,0.14712272534115056,0.05016794322520475
Rg norm w/0.5,pH regr out,Inliers,2,GPR,90/10,-0.319433227569639,0.06523500885677147
Rg norm w/0.5,pH regr out,All,1,Linear,80/20,0.30128516671412386,0.16719750514148216
Rg norm w/0.5,pH regr out,Inliers,1,Linear,80/20,0.21685227613225522,0.06499944537295914
Rg norm w/0.5,pH regr out,All,1,Ridge,80/20,0.0902496339810368,0.19078355221284665
Rg norm w/0.5,pH regr out,Inliers,1,Ridge,80/20,0.23518289630575628,0.06423424171892458
Rg norm w/0.5,pH regr out,All,1,Lasso,80/20,0.08086768494725438,0.19176477220364976
Rg norm w/0.5,pH regr out,Inliers,1,Lasso,80/20,0.29685735059157314,0.061589903894801755
Rg norm w/0.5,pH regr out,All,1,Kernel Ridge,80/20,0.7371845696945643,0.10254281631483765
Rg norm w/0.5,pH regr out,Inliers,1,Kernel Ridge,80/20,-0.06072332585203011,0.0756465046320645
Rg norm w/0.5,pH regr out,All,1,GPR,80/20,0.5954609161640771,0.12722136603337608
Rg norm w/0.5,pH regr out,Inliers,1,GPR,80/20,-0.08696597238854675,0.07657654718190833
Rg norm w/0.5,pH regr out,All,1,Linear,85/15,0.3432636990934842,0.18161283792350708
Rg norm w/0.5,pH regr out,Inliers,1,Linear,85/15,-0.3485116620822044,0.0672274048391537
Rg norm w/0.5,pH regr out,All,1,Ridge,85/15,0.0862942440581499,0.21421713864370856
Rg norm w/0.5,pH regr out,Inliers,1,Ridge,85/15,-0.2948960449820226,0.06587739925465602
Rg norm w/0.5,pH regr out,All,1,Lasso,85/15,0.07703318179663177,0.21530002367246914
Rg norm w/0.5,pH regr out,Inliers,1,Lasso,85/15,0.08805207534902326,0.05528457979601998
Rg norm w/0.5,pH regr out,All,1,Kernel Ridge,85/15,0.7618307984961995,0.10936889743577474
Rg norm w/0.5,pH regr out,Inliers,1,Kernel Ridge,85/15,-0.02463296639492074,0.05860074747678787
Rg norm w/0.5,pH regr out,All,1,GPR,85/15,0.6138783360550774,0.13925574407535538
Rg norm w/0.5,pH regr out,Inliers,1,GPR,85/15,-0.09482054476031121,0.060574587110919814
Rg norm w/0.5,pH regr out,All,1,Linear,90/10,-4.986268851433546,0.13291106373752432
Rg norm w/0.5,pH regr out,Inliers,1,Linear,90/10,-0.46206026821951385,0.06867041229512479
Rg norm w/0.5,pH regr out,All,1,Ridge,90/10,-0.1584057051453014,0.05846734444584314
Rg norm w/0.5,pH regr out,Inliers,1,Ridge,90/10,-0.3907922603171805,0.06697583702503196
Rg norm w/0.5,pH regr out,All,1,Lasso,90/10,-0.06819028106681624,0.05614451519864637
Rg norm w/0.5,pH regr out,Inliers,1,Lasso,90/10,0.05842770356851901,0.055107898931922354
Rg norm w/0.5,pH regr out,All,1,Kernel Ridge,90/10,0.14358907853828895,0.050271763876953875
Rg norm w/0.5,pH regr out,Inliers,1,Kernel Ridge,90/10,-0.22415457301414032,0.06283551037171539
Rg norm w/0.5,pH regr out,All,1,GPR,90/10,0.1471227253427987,0.050167943225156275
Rg norm w/0.5,pH regr out,Inliers,1,GPR,90/10,-0.2764291518740738,0.06416310531690964
Rg norm w/0.418,pH regr out,All,1,Linear,80/20,0.30718014047331477,0.25158693927487685
Rg norm w/0.418,pH regr out,Inliers,1,Linear,80/20,0.07897783886149812,0.09605864660797049
Rg norm w/0.418,pH regr out,All,1,Ridge,80/20,0.07952590660581227,0.28999046110496174
Rg norm w/0.418,pH regr out,Inliers,1,Ridge,80/20,0.10104174191502724,0.09490108693764013
Rg norm w/0.418,pH regr out,All,1,Lasso,80/20,0.05369327898307019,0.29403152060723287
Rg norm w/0.418,pH regr out,Inliers,1,Lasso,80/20,0.20350325353206555,0.08932919627220043
Rg norm w/0.418,pH regr out,All,1,Kernel Ridge,80/20,0.7360041862687777,0.1553017850913592
Rg norm w/0.418,pH regr out,Inliers,1,Kernel Ridge,80/20,-0.12141083494473626,0.10599461393830463
Rg norm w/0.418,pH regr out,All,1,GPR,80/20,0.5950871275942844,0.19233517604915104
Rg norm w/0.418,pH regr out,Inliers,1,GPR,80/20,-0.033867580177409984,0.1017733059035874
Rg norm w/0.418,pH regr out,All,1,Linear,85/15,0.34512547678661043,0.2735503256840341
Rg norm w/0.418,pH regr out,Inliers,1,Linear,85/15,-0.47683784571606713,0.1011388371882467
Rg norm w/0.418,pH regr out,All,1,Ridge,85/15,0.0760914070814156,0.32491719229456745
Rg norm w/0.418,pH regr out,Inliers,1,Ridge,85/15,-0.41966142563123854,0.09916169475742243
Rg norm w/0.418,pH regr out,All,1,Lasso,85/15,0.07082760636165375,0.3258414559332519
Rg norm w/0.418,pH regr out,Inliers,1,Lasso,85/15,-0.16209088702679808,0.08971635016993522
Rg norm w/0.418,pH regr out,All,1,Kernel Ridge,85/15,0.7626328748109523,0.16469047173581722
Rg norm w/0.418,pH regr out,Inliers,1,Kernel Ridge,85/15,-0.14115604024658324,0.08890456600917808
Rg norm w/0.418,pH regr out,All,1,GPR,85/15,0.6149860127663425,0.20974733052078917
Rg norm w/0.418,pH regr out,Inliers,1,GPR,85/15,-0.2283241905149489,0.09223761228525301
Rg norm w/0.418,pH regr out,All,1,Linear,90/10,-5.502625822957776,0.19742225895838095
Rg norm w/0.418,pH regr out,Inliers,1,Linear,90/10,-0.44499942780070634,0.10294449977547392
Rg norm w/0.418,pH regr out,All,1,Ridge,90/10,-0.6099684040660827,0.09823367942991804
Rg norm w/0.418,pH regr out,Inliers,1,Ridge,90/10,-0.37672899479767685,0.1004832190629969
Rg norm w/0.418,pH regr out,All,1,Lasso,90/10,-0.5441885732716092,0.0962059432419236
Rg norm w/0.418,pH regr out,Inliers,1,Lasso,90/10,0.0038375481210246587,0.08547407194808908
Rg norm w/0.418,pH regr out,All,1,Kernel Ridge,90/10,0.03141153491057935,0.07619410658613597
Rg norm w/0.418,pH regr out,Inliers,1,Kernel Ridge,90/10,-0.30007838387603525,0.09764591487142774
Rg norm w/0.418,pH regr out,All,1,GPR,90/10,0.035216969974177004,0.07604428182047636
Rg norm w/0.418,pH regr out,Inliers,1,GPR,90/10,-0.36467884090077285,0.1000425007167236
Rg norm w/0.418,pH regr out,All,2,Linear,80/20,0.11171779696732154,0.2848743899065654
Rg norm w/0.418,pH regr out,Inliers,2,Linear,80/20,0.06899797014176046,0.09657767307278782
Rg norm w/0.418,pH regr out,All,2,Ridge,80/20,0.011185760004765677,0.30056283858250704
Rg norm w/0.418,pH regr out,Inliers,2,Ridge,80/20,0.09135974783911283,0.09541077188574601
Rg norm w/0.418,pH regr out,All,2,Lasso,80/20,0.004866615428696042,0.3015217018257833
Rg norm w/0.418,pH regr out,Inliers,2,Lasso,80/20,0.1929525090119949,0.08991889665550369
Rg norm w/0.418,pH regr out,All,2,Kernel Ridge,80/20,0.7360041862725553,0.15530178509024808
Rg norm w/0.418,pH regr out,Inliers,2,Kernel Ridge,80/20,-0.1242153997511648,0.10612707348166156
Rg norm w/0.418,pH regr out,All,2,GPR,80/20,0.5950871276559002,0.19233517603451716
Rg norm w/0.418,pH regr out,Inliers,2,GPR,80/20,-0.17026797238104052,0.10827896184401993
Rg norm w/0.418,pH regr out,All,2,Linear,85/15,0.1658297620126583,0.30873476363218605
Rg norm w/0.418,pH regr out,Inliers,2,Linear,85/15,-0.4548496345325832,0.10038310021679926
Rg norm w/0.418,pH regr out,All,2,Ridge,85/15,0.08779770550474608,0.3228522137877407
Rg norm w/0.418,pH regr out,Inliers,2,Ridge,85/15,-0.394022289169925,0.09826218306091923
Rg norm w/0.418,pH regr out,All,2,Lasso,85/15,0.007223835618916596,0.33680913294415843
Rg norm w/0.418,pH regr out,Inliers,2,Lasso,85/15,0.11014408527989228,0.07850754473379062
Rg norm w/0.418,pH regr out,All,2,Kernel Ridge,85/15,0.76263287481491,0.16469047173444426
Rg norm w/0.418,pH regr out,Inliers,2,Kernel Ridge,85/15,-0.142541027663299,0.08895850007393125
Rg norm w/0.418,pH regr out,All,2,GPR,85/15,0.6149860127539928,0.20974733052415306
Rg norm w/0.418,pH regr out,Inliers,2,GPR,85/15,-0.25467105867620643,0.09322158650093719
Rg norm w/0.418,pH regr out,All,2,Linear,90/10,-5.4535236654324635,0.19667546616771503
Rg norm w/0.418,pH regr out,Inliers,2,Linear,90/10,-0.39148730602613413,0.10102036526472086
Rg norm w/0.418,pH regr out,All,2,Ridge,90/10,-0.7459881885516799,0.10229923485894957
Rg norm w/0.418,pH regr out,Inliers,2,Ridge,90/10,-0.3189034889275748,0.09835032935875145
Rg norm w/0.418,pH regr out,All,2,Lasso,90/10,-0.5893101833125398,0.09760140461264703
Rg norm w/0.418,pH regr out,Inliers,2,Lasso,90/10,0.006991098190010425,0.08533867212988382
Rg norm w/0.418,pH regr out,All,2,Kernel Ridge,90/10,0.031411535046875216,0.07619410658077512
Rg norm w/0.418,pH regr out,Inliers,2,Kernel Ridge,90/10,-0.30264519188022887,0.09774226087990506
Rg norm w/0.418,pH regr out,All,2,GPR,90/10,0.035216969965204736,0.07604428182082995
Rg norm w/0.418,pH regr out,Inliers,2,GPR,90/10,-0.410645519957475,0.10171341995913119
Rg norm w/0.418,pH regr out,All,1,Linear,80/20,0.30718014047331477,0.25158693927487685
Rg norm w/0.418,pH regr out,Inliers,1,Linear,80/20,0.07897783886149812,0.09605864660797049
Rg norm w/0.418,pH regr out,All,1,Ridge,80/20,0.07952590660581227,0.28999046110496174
Rg norm w/0.418,pH regr out,Inliers,1,Ridge,80/20,0.10104174191502724,0.09490108693764013
Rg norm w/0.418,pH regr out,All,1,Lasso,80/20,0.05369327898307019,0.29403152060723287
Rg norm w/0.418,pH regr out,Inliers,1,Lasso,80/20,0.20350325353206555,0.08932919627220043
Rg norm w/0.418,pH regr out,All,1,Kernel Ridge,80/20,0.7360041862687777,0.1553017850913592
Rg norm w/0.418,pH regr out,Inliers,1,Kernel Ridge,80/20,-0.12141083494473626,0.10599461393830463
Rg norm w/0.418,pH regr out,All,1,GPR,80/20,0.5950871274536627,0.19233517608254894
Rg norm w/0.418,pH regr out,Inliers,1,GPR,80/20,-0.15581729797203137,0.10760836142389071
Rg norm w/0.418,pH regr out,All,1,Linear,85/15,0.34512547678661043,0.2735503256840341
Rg norm w/0.418,pH regr out,Inliers,1,Linear,85/15,-0.47683784571606713,0.1011388371882467
Rg norm w/0.418,pH regr out,All,1,Ridge,85/15,0.0760914070814156,0.32491719229456745
Rg norm w/0.418,pH regr out,Inliers,1,Ridge,85/15,-0.41966142563123854,0.09916169475742243
Rg norm w/0.418,pH regr out,All,1,Lasso,85/15,0.07082760636165375,0.3258414559332519
Rg norm w/0.418,pH regr out,Inliers,1,Lasso,85/15,-0.16209088702679808,0.08971635016993522
Rg norm w/0.418,pH regr out,All,1,Kernel Ridge,85/15,0.7626328748109523,0.16469047173581722
Rg norm w/0.418,pH regr out,Inliers,1,Kernel Ridge,85/15,-0.14115604024658324,0.08890456600917808
Rg norm w/0.418,pH regr out,All,1,GPR,85/15,0.6149860125727863,0.20974733057351178
Rg norm w/0.418,pH regr out,Inliers,1,GPR,85/15,-0.2283232592084472,0.09223757731830172
Rg norm w/0.418,pH regr out,All,1,Linear,90/10,-5.502625822957776,0.19742225895838095
Rg norm w/0.418,pH regr out,Inliers,1,Linear,90/10,-0.44499942780070634,0.10294449977547392
Rg norm w/0.418,pH regr out,All,1,Ridge,90/10,-0.6099684040660827,0.09823367942991804
Rg norm w/0.418,pH regr out,Inliers,1,Ridge,90/10,-0.37672899479767685,0.1004832190629969
Rg norm w/0.418,pH regr out,All,1,Lasso,90/10,-0.5441885732716092,0.0962059432419236
Rg norm w/0.418,pH regr out,Inliers,1,Lasso,90/10,0.0038375481210246587,0.08547407194808908
Rg norm w/0.418,pH regr out,All,1,Kernel Ridge,90/10,0.03141153491057935,0.07619410658613597
Rg norm w/0.418,pH regr out,Inliers,1,Kernel Ridge,90/10,-0.30007838387603525,0.09764591487142774
Rg norm w/0.418,pH regr out,All,1,GPR,90/10,0.03521696997748891,0.07604428182034584
Rg norm w/0.418,pH regr out,Inliers,1,GPR,90/10,-0.08749169069051921,0.08930633845364515
Rg w/no norm,buffer regr out,All,1,Linear,80/20,0.35565888091791065,2.0472506374071004
Rg w/no norm,buffer regr out,Inliers,1,Linear,80/20,0.3773373068602569,1.1521352396272588
Rg w/no norm,buffer regr out,All,1,Ridge,80/20,0.2021412338391525,2.2781174044509855
Rg w/no norm,buffer regr out,Inliers,1,Ridge,80/20,0.36664913749826444,1.16198151855528
Rg w/no norm,buffer regr out,All,1,Lasso,80/20,0.030041057980668917,2.5118272465591485
Rg w/no norm,buffer regr out,Inliers,1,Lasso,80/20,0.32319546266902777,1.2011815925095486
Rg w/no norm,buffer regr out,All,1,Kernel Ridge,80/20,0.7847827858572503,1.1831821094274544
Rg w/no norm,buffer regr out,Inliers,1,Kernel Ridge,80/20,-0.07913901625643627,1.5167560461433605
Rg w/no norm,buffer regr out,All,1,GPR,80/20,0.3776290240707343,2.0120453127066757
Rg w/no norm,buffer regr out,Inliers,1,GPR,80/20,0.017355721045014816,1.4473554555209827
Rg w/no norm,buffer regr out,All,1,Linear,85/15,0.3558074842352159,2.2328759280434283
Rg w/no norm,buffer regr out,Inliers,1,Linear,85/15,0.3029302889947836,1.2267647646299218
Rg w/no norm,buffer regr out,All,1,Ridge,85/15,0.20340510375998044,2.48299310797012
Rg w/no norm,buffer regr out,Inliers,1,Ridge,85/15,0.29263602567026115,1.235789942312567
Rg w/no norm,buffer regr out,All,1,Lasso,85/15,0.18683081972513693,2.5086912173332863
Rg w/no norm,buffer regr out,Inliers,1,Lasso,85/15,0.2946319973211652,1.2340451940323287
Rg w/no norm,buffer regr out,All,1,Kernel Ridge,85/15,0.5459985672837894,1.8744996600452157
Rg w/no norm,buffer regr out,Inliers,1,Kernel Ridge,85/15,-0.2117233027538079,1.6174278523217591
Rg w/no norm,buffer regr out,All,1,GPR,85/15,0.36647655971888804,2.2143083537495203
Rg w/no norm,buffer regr out,Inliers,1,GPR,85/15,-0.1394853856514493,1.5684748787054692
Rg w/no norm,buffer regr out,All,1,Linear,90/10,-0.5521576833393875,1.591749597752905
Rg w/no norm,buffer regr out,Inliers,1,Linear,90/10,0.3109455228759539,1.2325359688655482
Rg w/no norm,buffer regr out,All,1,Ridge,90/10,-0.29620541610628437,1.454600542348288
Rg w/no norm,buffer regr out,Inliers,1,Ridge,90/10,0.26919027074610435,1.2693312811798207
Rg w/no norm,buffer regr out,All,1,Lasso,90/10,-0.26358484752973776,1.4361805272005028
Rg w/no norm,buffer regr out,Inliers,1,Lasso,90/10,0.256257365283164,1.2805135004517503
Rg w/no norm,buffer regr out,All,1,Kernel Ridge,90/10,0.019569324650067332,1.2650720907072106
Rg w/no norm,buffer regr out,Inliers,1,Kernel Ridge,90/10,-0.14932234362707852,1.5918192322396922
Rg w/no norm,buffer regr out,All,1,GPR,90/10,0.028269036424807936,1.2594468658541325
Rg w/no norm,buffer regr out,Inliers,1,GPR,90/10,-0.10790158035329989,1.5628720108588015
Rg w/no norm,buffer regr out,All,2,Linear,80/20,0.23899960297284395,2.2248745752680255
Rg w/no norm,buffer regr out,Inliers,2,Linear,80/20,0.3805136572444032,1.149192824498713
Rg w/no norm,buffer regr out,All,2,Ridge,80/20,0.13358346811612376,2.373976724704497
Rg w/no norm,buffer regr out,Inliers,2,Ridge,80/20,0.3682348843084575,1.1605259562472126
Rg w/no norm,buffer regr out,All,2,Lasso,80/20,0.12826222449163538,2.3812556553399964
Rg w/no norm,buffer regr out,Inliers,2,Lasso,80/20,0.32533814426223107,1.1992786871487446
Rg w/no norm,buffer regr out,All,2,Kernel Ridge,80/20,0.7847826743189439,1.1831824160249356
Rg w/no norm,buffer regr out,Inliers,2,Kernel Ridge,80/20,-0.08011493761966859,1.5174417317195283
Rg w/no norm,buffer regr out,All,2,GPR,80/20,0.3776290230539202,2.0120453143502908
Rg w/no norm,buffer regr out,Inliers,2,GPR,80/20,-0.007047591178722223,1.4652172903896623
Rg w/no norm,buffer regr out,All,2,Linear,85/15,0.24661594743817938,2.414709917245899
Rg w/no norm,buffer regr out,Inliers,2,Linear,85/15,0.2859762860621523,1.2415937144814948
Rg w/no norm,buffer regr out,All,2,Ridge,85/15,0.1502364812878817,2.564518258888466
Rg w/no norm,buffer regr out,Inliers,2,Ridge,85/15,0.2986910039804763,1.2304894440838106
Rg w/no norm,buffer regr out,All,2,Lasso,85/15,0.07927149418416579,2.6694546599912785
Rg w/no norm,buffer regr out,Inliers,2,Lasso,85/15,0.29302115332912604,1.2354534806720474
Rg w/no norm,buffer regr out,All,2,Kernel Ridge,85/15,0.545998335777448,1.874500137971574
Rg w/no norm,buffer regr out,Inliers,2,Kernel Ridge,85/15,-0.21249754107593066,1.617944502719734
Rg w/no norm,buffer regr out,All,2,GPR,85/15,0.3664765581852547,2.2143083564297186
Rg w/no norm,buffer regr out,Inliers,2,GPR,85/15,-0.14269080518296096,1.5706794217881295
Rg w/no norm,buffer regr out,All,2,Linear,90/10,-0.6797487882648336,1.655880521623848
Rg w/no norm,buffer regr out,Inliers,2,Linear,90/10,0.2884732538810766,1.2524731877410504
Rg w/no norm,buffer regr out,All,2,Ridge,90/10,-0.3184354282326147,1.467020766528006
Rg w/no norm,buffer regr out,Inliers,2,Ridge,90/10,0.26870493766608505,1.2697526947089608
Rg w/no norm,buffer regr out,All,2,Lasso,90/10,-0.34402503633838744,1.4811891041594998
Rg w/no norm,buffer regr out,Inliers,2,Lasso,90/10,0.26316297909968667,1.274554884367334
Rg w/no norm,buffer regr out,All,2,Kernel Ridge,90/10,0.019568418639501206,1.2650726752301376
Rg w/no norm,buffer regr out,Inliers,2,Kernel Ridge,90/10,-0.15061143014084566,1.59271167884389
Rg w/no norm,buffer regr out,All,2,GPR,90/10,0.02826903623131838,1.2594468659795222
Rg w/no norm,buffer regr out,Inliers,2,GPR,90/10,-0.09587244234702097,1.5543643450892903
Rg w/no norm,buffer regr out,All,1,Linear,80/20,0.35565888091791065,2.0472506374071004
Rg w/no norm,buffer regr out,Inliers,1,Linear,80/20,0.3773373068602569,1.1521352396272588
Rg w/no norm,buffer regr out,All,1,Ridge,80/20,0.2021412338391525,2.2781174044509855
Rg w/no norm,buffer regr out,Inliers,1,Ridge,80/20,0.36664913749826444,1.16198151855528
Rg w/no norm,buffer regr out,All,1,Lasso,80/20,0.030041057980668917,2.5118272465591485
Rg w/no norm,buffer regr out,Inliers,1,Lasso,80/20,0.32319546266902777,1.2011815925095486
Rg w/no norm,buffer regr out,All,1,Kernel Ridge,80/20,0.7847827858572503,1.1831821094274544
Rg w/no norm,buffer regr out,Inliers,1,Kernel Ridge,80/20,-0.07913901625643627,1.5167560461433605
Rg w/no norm,buffer regr out,All,1,GPR,80/20,0.3776290238607377,2.012045313046122
Rg w/no norm,buffer regr out,Inliers,1,GPR,80/20,-0.003566781605356839,1.4626828733741246
Rg w/no norm,buffer regr out,All,1,Linear,85/15,0.3558074842352159,2.2328759280434283
Rg w/no norm,buffer regr out,Inliers,1,Linear,85/15,0.3029302889947836,1.2267647646299218
Rg w/no norm,buffer regr out,All,1,Ridge,85/15,0.20340510375998044,2.48299310797012
Rg w/no norm,buffer regr out,Inliers,1,Ridge,85/15,0.29263602567026115,1.235789942312567
Rg w/no norm,buffer regr out,All,1,Lasso,85/15,0.18683081972513693,2.5086912173332863
Rg w/no norm,buffer regr out,Inliers,1,Lasso,85/15,0.2946319973211652,1.2340451940323287
Rg w/no norm,buffer regr out,All,1,Kernel Ridge,85/15,0.5459985672837894,1.8744996600452157
Rg w/no norm,buffer regr out,Inliers,1,Kernel Ridge,85/15,-0.2117233027538079,1.6174278523217591
Rg w/no norm,buffer regr out,All,1,GPR,85/15,0.3664765583824383,2.214308356085118
Rg w/no norm,buffer regr out,Inliers,1,GPR,85/15,-0.13894052089051812,1.5680998370918287
Rg w/no norm,buffer regr out,All,1,Linear,90/10,-0.5521576833393875,1.591749597752905
Rg w/no norm,buffer regr out,Inliers,1,Linear,90/10,0.3109455228759539,1.2325359688655482
Rg w/no norm,buffer regr out,All,1,Ridge,90/10,-0.29620541610628437,1.454600542348288
Rg w/no norm,buffer regr out,Inliers,1,Ridge,90/10,0.26919027074610435,1.2693312811798207
Rg w/no norm,buffer regr out,All,1,Lasso,90/10,-0.26358484752973776,1.4361805272005028
Rg w/no norm,buffer regr out,Inliers,1,Lasso,90/10,0.256257365283164,1.2805135004517503
Rg w/no norm,buffer regr out,All,1,Kernel Ridge,90/10,0.019569324650067332,1.2650720907072106
Rg w/no norm,buffer regr out,Inliers,1,Kernel Ridge,90/10,-0.14932234362707852,1.5918192322396922
Rg w/no norm,buffer regr out,All,1,GPR,90/10,0.028269036330607178,1.2594468659151787
Rg w/no norm,buffer regr out,Inliers,1,GPR,90/10,-0.07222940880362594,1.5375055070290116
Rg norm w/0.427,buffer regr out,All,1,Linear,80/20,0.28464088343140237,0.24651086519255502
Rg norm w/0.427,buffer regr out,Inliers,1,Linear,80/20,0.1834555535538719,0.11380088128432574
Rg norm w/0.427,buffer regr out,All,1,Ridge,80/20,0.08001473451133922,0.2795531844282706
Rg norm w/0.427,buffer regr out,Inliers,1,Ridge,80/20,0.1702075260129532,0.11472034816721423
Rg norm w/0.427,buffer regr out,All,1,Lasso,80/20,0.056361634561936214,0.28312407645050136
Rg norm w/0.427,buffer regr out,Inliers,1,Lasso,80/20,0.1572379608928529,0.11561340531423622
Rg norm w/0.427,buffer regr out,All,1,Kernel Ridge,80/20,0.6796383655219291,0.16496592943823046
Rg norm w/0.427,buffer regr out,Inliers,1,Kernel Ridge,80/20,-0.0690257657644473,0.13021163644401323
Rg norm w/0.427,buffer regr out,All,1,GPR,80/20,0.5270360835110472,0.20044166988373383
Rg norm w/0.427,buffer regr out,Inliers,1,GPR,80/20,-0.0572206973627325,0.12949068819408463
Rg norm w/0.427,buffer regr out,All,1,Linear,85/15,0.33589315829753985,0.26566951761832924
Rg norm w/0.427,buffer regr out,Inliers,1,Linear,85/15,0.029171145636538665,0.1224833080169829
Rg norm w/0.427,buffer regr out,All,1,Ridge,85/15,0.07666359306836434,0.3132584033263156
Rg norm w/0.427,buffer regr out,Inliers,1,Ridge,85/15,0.11664637075095041,0.11683497453240278
Rg norm w/0.427,buffer regr out,All,1,Lasso,85/15,0.07668178611041077,0.3132553171535329
Rg norm w/0.427,buffer regr out,Inliers,1,Lasso,85/15,0.12184547735277418,0.11649064249043596
Rg norm w/0.427,buffer regr out,All,1,Kernel Ridge,85/15,0.6928551339777341,0.18067346772757345
Rg norm w/0.427,buffer regr out,Inliers,1,Kernel Ridge,85/15,-0.04792330149211321,0.12725367053512568
Rg norm w/0.427,buffer regr out,All,1,GPR,85/15,0.5329994035946607,0.22278270233486544
Rg norm w/0.427,buffer regr out,Inliers,1,GPR,85/15,0.01101531766888919,0.12362330555450034
Rg norm w/0.427,buffer regr out,All,1,Linear,90/10,-2.018033638377226,0.19671197746111566
Rg norm w/0.427,buffer regr out,Inliers,1,Linear,90/10,0.1255612779238574,0.11842564559838868
Rg norm w/0.427,buffer regr out,All,1,Ridge,90/10,-0.29994024175645273,0.12910125387408417
Rg norm w/0.427,buffer regr out,Inliers,1,Ridge,90/10,0.13407445839626853,0.11784776364339578
Rg norm w/0.427,buffer regr out,All,1,Lasso,90/10,-0.2620007596469953,0.12720335743587805
Rg norm w/0.427,buffer regr out,Inliers,1,Lasso,90/10,0.13654803744782984,0.11767932292874712
Rg norm w/0.427,buffer regr out,All,1,Kernel Ridge,90/10,0.08956984849990535,0.1080418674811285
Rg norm w/0.427,buffer regr out,Inliers,1,Kernel Ridge,90/10,-0.14404987248963397,0.13545765377632132
Rg norm w/0.427,buffer regr out,All,1,GPR,90/10,0.0900364234303288,0.10801417942245395
Rg norm w/0.427,buffer regr out,Inliers,1,GPR,90/10,0.0048844846201565595,0.12633329379523955
Rg norm w/0.427,buffer regr out,All,2,Linear,80/20,0.11150365673685836,0.27472730776777243
Rg norm w/0.427,buffer regr out,Inliers,2,Linear,80/20,0.21902624218296962,0.11129455852761566
Rg norm w/0.427,buffer regr out,All,2,Ridge,80/20,0.04888645121157975,0.2842432708472525
Rg norm w/0.427,buffer regr out,Inliers,2,Ridge,80/20,0.1378303866055376,0.11693703201036046
Rg norm w/0.427,buffer regr out,All,2,Lasso,80/20,0.027242783927347913,0.28745921710591377
Rg norm w/0.427,buffer regr out,Inliers,2,Lasso,80/20,0.09824339639125201,0.11959151738348686
Rg norm w/0.427,buffer regr out,All,2,Kernel Ridge,80/20,0.6796383654172412,0.16496592946518432
Rg norm w/0.427,buffer regr out,Inliers,2,Kernel Ridge,80/20,-0.07028441512340144,0.13028826817073844
Rg norm w/0.427,buffer regr out,All,2,GPR,80/20,0.5270360838346944,0.20044166981515316
Rg norm w/0.427,buffer regr out,Inliers,2,GPR,80/20,-0.0538195517536173,0.12928223055149418
Rg norm w/0.427,buffer regr out,All,2,Linear,85/15,0.17937971207433245,0.29532069025868446
Rg norm w/0.427,buffer regr out,Inliers,2,Linear,85/15,0.06296856517924576,0.12033241966259814
Rg norm w/0.427,buffer regr out,All,2,Ridge,85/15,0.05373716815424978,0.3171236569145079
Rg norm w/0.427,buffer regr out,Inliers,2,Ridge,85/15,0.1329851308993768,0.11574942497419505
Rg norm w/0.427,buffer regr out,All,2,Lasso,85/15,0.028767468678271846,0.32128049503902834
Rg norm w/0.427,buffer regr out,Inliers,2,Lasso,85/15,0.1335039414188368,0.11571478831009856
Rg norm w/0.427,buffer regr out,All,2,Kernel Ridge,85/15,0.6928551338680902,0.18067346775982168
Rg norm w/0.427,buffer regr out,Inliers,2,Kernel Ridge,85/15,-0.04811293091285607,0.1272651837576216
Rg norm w/0.427,buffer regr out,All,2,GPR,85/15,0.532999403846691,0.22278270227474992
Rg norm w/0.427,buffer regr out,Inliers,2,GPR,85/15,0.019591821849541113,0.12308610589936918
Rg norm w/0.427,buffer regr out,All,2,Linear,90/10,-2.280911210940877,0.20510016272654252
Rg norm w/0.427,buffer regr out,Inliers,2,Linear,90/10,0.16487868236139025,0.11573263877701986
Rg norm w/0.427,buffer regr out,All,2,Ridge,90/10,-0.48353397351241334,0.13791690873051712
Rg norm w/0.427,buffer regr out,Inliers,2,Ridge,90/10,0.08047737594228344,0.12144014583755307
Rg norm w/0.427,buffer regr out,All,2,Lasso,90/10,-0.42479590535445433,0.13515903904203902
Rg norm w/0.427,buffer regr out,Inliers,2,Lasso,90/10,0.015502733439320182,0.12565747477882472
Rg norm w/0.427,buffer regr out,All,2,Kernel Ridge,90/10,0.08956982648557088,0.10804186878736259
Rg norm w/0.427,buffer regr out,Inliers,2,Kernel Ridge,90/10,-0.14488663426949722,0.13550718180495097
Rg norm w/0.427,buffer regr out,All,2,GPR,90/10,0.09003642342883378,0.10801417942254268
Rg norm w/0.427,buffer regr out,Inliers,2,GPR,90/10,-0.09003185297329841,0.1322210693013882
Rg norm w/0.427,buffer regr out,All,1,Linear,80/20,0.28464088343140237,0.24651086519255502
Rg norm w/0.427,buffer regr out,Inliers,1,Linear,80/20,0.1834555535538719,0.11380088128432574
Rg norm w/0.427,buffer regr out,All,1,Ridge,80/20,0.08001473451133922,0.2795531844282706
Rg norm w/0.427,buffer regr out,Inliers,1,Ridge,80/20,0.1702075260129532,0.11472034816721423
Rg norm w/0.427,buffer regr out,All,1,Lasso,80/20,0.056361634561936214,0.28312407645050136
Rg norm w/0.427,buffer regr out,Inliers,1,Lasso,80/20,0.1572379608928529,0.11561340531423622
Rg norm w/0.427,buffer regr out,All,1,Kernel Ridge,80/20,0.6796383655219291,0.16496592943823046
Rg norm w/0.427,buffer regr out,Inliers,1,Kernel Ridge,80/20,-0.0690257657644473,0.13021163644401323
Rg norm w/0.427,buffer regr out,All,1,GPR,80/20,0.5270360831905773,0.20044166995164128
Rg norm w/0.427,buffer regr out,Inliers,1,GPR,80/20,-0.057239127746181895,0.12949181688587125
Rg norm w/0.427,buffer regr out,All,1,Linear,85/15,0.33589315829753985,0.26566951761832924
Rg norm w/0.427,buffer regr out,Inliers,1,Linear,85/15,0.029171145636538665,0.1224833080169829
Rg norm w/0.427,buffer regr out,All,1,Ridge,85/15,0.07666359306836434,0.3132584033263156
Rg norm w/0.427,buffer regr out,Inliers,1,Ridge,85/15,0.11664637075095041,0.11683497453240278
Rg norm w/0.427,buffer regr out,All,1,Lasso,85/15,0.07668178611041077,0.3132553171535329
Rg norm w/0.427,buffer regr out,Inliers,1,Lasso,85/15,0.12184547735277418,0.11649064249043596
Rg norm w/0.427,buffer regr out,All,1,Kernel Ridge,85/15,0.6928551339777341,0.18067346772757345
Rg norm w/0.427,buffer regr out,Inliers,1,Kernel Ridge,85/15,-0.04792330149211321,0.12725367053512568
Rg norm w/0.427,buffer regr out,All,1,GPR,85/15,0.5329994038119281,0.2227827022830417
Rg norm w/0.427,buffer regr out,Inliers,1,GPR,85/15,0.08018923318011018,0.11922156373724771
Rg norm w/0.427,buffer regr out,All,1,Linear,90/10,-2.018033638377226,0.19671197746111566
Rg norm w/0.427,buffer regr out,Inliers,1,Linear,90/10,0.1255612779238574,0.11842564559838868
Rg norm w/0.427,buffer regr out,All,1,Ridge,90/10,-0.29994024175645273,0.12910125387408417
Rg norm w/0.427,buffer regr out,Inliers,1,Ridge,90/10,0.13407445839626853,0.11784776364339578
Rg norm w/0.427,buffer regr out,All,1,Lasso,90/10,-0.2620007596469953,0.12720335743587805
Rg norm w/0.427,buffer regr out,Inliers,1,Lasso,90/10,0.13654803744782984,0.11767932292874712
Rg norm w/0.427,buffer regr out,All,1,Kernel Ridge,90/10,0.08956984849990535,0.1080418674811285
Rg norm w/0.427,buffer regr out,Inliers,1,Kernel Ridge,90/10,-0.14404987248963397,0.13545765377632132
Rg norm w/0.427,buffer regr out,All,1,GPR,90/10,0.09003642343085472,0.10801417942242274
Rg norm w/0.427,buffer regr out,Inliers,1,GPR,90/10,0.004207455032395169,0.1263762620906618
Rg norm w/0.5,buffer regr out,All,1,Linear,80/20,0.27484289976116116,0.17301264854337547
Rg norm w/0.5,buffer regr out,Inliers,1,Linear,80/20,0.24701115553689335,0.07902964965215653
Rg norm w/0.5,buffer regr out,All,1,Ridge,80/20,0.09274158626918705,0.19352064592729937
Rg norm w/0.5,buffer regr out,Inliers,1,Ridge,80/20,0.24785049030244988,0.07898559134509096
Rg norm w/0.5,buffer regr out,All,1,Lasso,80/20,0.08303688873017223,0.19455291177218628
Rg norm w/0.5,buffer regr out,Inliers,1,Lasso,80/20,0.24242935866789272,0.07926972535119205
Rg norm w/0.5,buffer regr out,All,1,Kernel Ridge,80/20,0.6867291871059552,0.11371605102920733
Rg norm w/0.5,buffer regr out,Inliers,1,Kernel Ridge,80/20,-0.02567161376302618,0.0922358923368429
Rg norm w/0.5,buffer regr out,All,1,GPR,80/20,0.5400360425219406,0.13779190477479888
Rg norm w/0.5,buffer regr out,Inliers,1,GPR,80/20,0.017206197511856036,0.09028736742255704
Rg norm w/0.5,buffer regr out,All,1,Linear,85/15,0.33306184463142563,0.18581681825003382
Rg norm w/0.5,buffer regr out,Inliers,1,Linear,85/15,0.05945159266675404,0.08459379372263459
Rg norm w/0.5,buffer regr out,All,1,Ridge,85/15,0.08898948025690323,0.2171720512141974
Rg norm w/0.5,buffer regr out,Inliers,1,Ridge,85/15,0.17990944189328872,0.07899122185278493
Rg norm w/0.5,buffer regr out,All,1,Lasso,85/15,0.08618717260997255,0.2175058100447765
Rg norm w/0.5,buffer regr out,Inliers,1,Lasso,85/15,0.18145884338111018,0.07891656730535149
Rg norm w/0.5,buffer regr out,All,1,Kernel Ridge,85/15,0.7014908348565492,0.12431429525503876
Rg norm w/0.5,buffer regr out,Inliers,1,Kernel Ridge,85/15,0.02384988091028095,0.0861799487611815
Rg norm w/0.5,buffer regr out,All,1,GPR,85/15,0.5482340855012556,0.15293221109946756
Rg norm w/0.5,buffer regr out,Inliers,1,GPR,85/15,0.048953641115782154,0.08506458142749504
Rg norm w/0.5,buffer regr out,All,1,Linear,90/10,-1.9334864355698178,0.13994570025529854
Rg norm w/0.5,buffer regr out,Inliers,1,Linear,90/10,0.10625397650091417,0.08141206669218048
Rg norm w/0.5,buffer regr out,All,1,Ridge,90/10,-0.12500803116515358,0.08666531677714073
Rg norm w/0.5,buffer regr out,Inliers,1,Ridge,90/10,0.14512741697616616,0.07962187727004212
Rg norm w/0.5,buffer regr out,All,1,Lasso,90/10,-0.12409249898787711,0.08663004545761897
Rg norm w/0.5,buffer regr out,Inliers,1,Lasso,90/10,0.14103407868984363,0.07981227410294818
Rg norm w/0.5,buffer regr out,All,1,Kernel Ridge,90/10,0.0832648128319643,0.07823290697018181
Rg norm w/0.5,buffer regr out,Inliers,1,Kernel Ridge,90/10,-0.10551906015964407,0.0905450756130342
Rg norm w/0.5,buffer regr out,All,1,GPR,90/10,0.0845004033121185,0.07818016740608608
Rg norm w/0.5,buffer regr out,Inliers,1,GPR,90/10,-0.07998034923183628,0.08949311916604696
Rg norm w/0.5,buffer regr out,All,2,Linear,80/20,0.09994007796499316,0.19275138823674667
Rg norm w/0.5,buffer regr out,Inliers,2,Linear,80/20,0.28067885848592866,0.07724265588224652
Rg norm w/0.5,buffer regr out,All,2,Ridge,80/20,0.06184252693569037,0.19678848120319636
Rg norm w/0.5,buffer regr out,Inliers,2,Ridge,80/20,0.2279562252548143,0.0800233537049592
Rg norm w/0.5,buffer regr out,All,2,Lasso,80/20,0.04422747863719301,0.1986273611566119
Rg norm w/0.5,buffer regr out,Inliers,2,Lasso,80/20,0.21769412590578363,0.08055343808756703
Rg norm w/0.5,buffer regr out,All,2,Kernel Ridge,80/20,0.6867291869824887,0.11371605105161622
Rg norm w/0.5,buffer regr out,Inliers,2,Kernel Ridge,80/20,-0.026735877278444953,0.09228373310903333
Rg norm w/0.5,buffer regr out,All,2,GPR,80/20,0.5400360432862827,0.1377919046603115
Rg norm w/0.5,buffer regr out,Inliers,2,GPR,80/20,-0.03652086938336363,0.09272243130791974
Rg norm w/0.5,buffer regr out,All,2,Linear,85/15,0.1748084520437565,0.20669007501564637
Rg norm w/0.5,buffer regr out,Inliers,2,Linear,85/15,0.10248012922124694,0.08263612843864261
Rg norm w/0.5,buffer regr out,All,2,Ridge,85/15,0.06737975835222876,0.2197326816508095
Rg norm w/0.5,buffer regr out,Inliers,2,Ridge,85/15,0.1187877479852133,0.08188195233580843
Rg norm w/0.5,buffer regr out,All,2,Lasso,85/15,0.06131916118980607,0.22044548772670647
Rg norm w/0.5,buffer regr out,Inliers,2,Lasso,85/15,0.1802432396284448,0.07897514449751208
Rg norm w/0.5,buffer regr out,All,2,Kernel Ridge,85/15,0.7014908347275539,0.12431429528189882
Rg norm w/0.5,buffer regr out,Inliers,2,Kernel Ridge,85/15,0.023879558883946328,0.0861786386831309
Rg norm w/0.5,buffer regr out,All,2,GPR,85/15,0.5482340863826508,0.1529322109502822
Rg norm w/0.5,buffer regr out,Inliers,2,GPR,85/15,0.04997175999278469,0.08501903735587633
Rg norm w/0.5,buffer regr out,All,2,Linear,90/10,-2.1798978020092403,0.14570488036526658
Rg norm w/0.5,buffer regr out,Inliers,2,Linear,90/10,0.15827289226090147,0.07900732817862267
Rg norm w/0.5,buffer regr out,All,2,Ridge,90/10,-0.3210677019799315,0.09391393866130414
Rg norm w/0.5,buffer regr out,Inliers,2,Ridge,90/10,0.07592811682010003,0.08278174873872261
Rg norm w/0.5,buffer regr out,All,2,Lasso,90/10,-0.08083618131496673,0.08494688434594298
Rg norm w/0.5,buffer regr out,Inliers,2,Lasso,90/10,0.05607095366314385,0.08366645991887403
Rg norm w/0.5,buffer regr out,All,2,Kernel Ridge,90/10,0.08326473545229485,0.07823291027191848
Rg norm w/0.5,buffer regr out,Inliers,2,Kernel Ridge,90/10,-0.10613118720750103,0.09057013959506809
Rg norm w/0.5,buffer regr out,All,2,GPR,90/10,0.08450040331530317,0.0781801674059501
Rg norm w/0.5,buffer regr out,Inliers,2,GPR,90/10,-0.08940338705044315,0.08988269363649685
Rg norm w/0.5,buffer regr out,All,1,Linear,80/20,0.27484289976116116,0.17301264854337547
Rg norm w/0.5,buffer regr out,Inliers,1,Linear,80/20,0.24701115553689335,0.07902964965215653
Rg norm w/0.5,buffer regr out,All,1,Ridge,80/20,0.09274158626918705,0.19352064592729937
Rg norm w/0.5,buffer regr out,Inliers,1,Ridge,80/20,0.24785049030244988,0.07898559134509096
Rg norm w/0.5,buffer regr out,All,1,Lasso,80/20,0.08303688873017223,0.19455291177218628
Rg norm w/0.5,buffer regr out,Inliers,1,Lasso,80/20,0.24242935866789272,0.07926972535119205
Rg norm w/0.5,buffer regr out,All,1,Kernel Ridge,80/20,0.6867291871059552,0.11371605102920733
Rg norm w/0.5,buffer regr out,Inliers,1,Kernel Ridge,80/20,-0.02567161376302618,0.0922358923368429
Rg norm w/0.5,buffer regr out,All,1,GPR,80/20,0.5400360425219406,0.13779190477479888
Rg norm w/0.5,buffer regr out,Inliers,1,GPR,80/20,-0.03532032449614375,0.0926687181140912
Rg norm w/0.5,buffer regr out,All,1,Linear,85/15,0.33306184463142563,0.18581681825003382
Rg norm w/0.5,buffer regr out,Inliers,1,Linear,85/15,0.05945159266675404,0.08459379372263459
Rg norm w/0.5,buffer regr out,All,1,Ridge,85/15,0.08898948025690323,0.2171720512141974
Rg norm w/0.5,buffer regr out,Inliers,1,Ridge,85/15,0.17990944189328872,0.07899122185278493
Rg norm w/0.5,buffer regr out,All,1,Lasso,85/15,0.08618717260997255,0.2175058100447765
Rg norm w/0.5,buffer regr out,Inliers,1,Lasso,85/15,0.18145884338111018,0.07891656730535149
Rg norm w/0.5,buffer regr out,All,1,Kernel Ridge,85/15,0.7014908348565492,0.12431429525503876
Rg norm w/0.5,buffer regr out,Inliers,1,Kernel Ridge,85/15,0.02384988091028095,0.0861799487611815
Rg norm w/0.5,buffer regr out,All,1,GPR,85/15,0.5482340855012556,0.15293221109946756
Rg norm w/0.5,buffer regr out,Inliers,1,GPR,85/15,0.04893961432876681,0.08506520872518436
Rg norm w/0.5,buffer regr out,All,1,Linear,90/10,-1.9334864355698178,0.13994570025529854
Rg norm w/0.5,buffer regr out,Inliers,1,Linear,90/10,0.10625397650091417,0.08141206669218048
Rg norm w/0.5,buffer regr out,All,1,Ridge,90/10,-0.12500803116515358,0.08666531677714073
Rg norm w/0.5,buffer regr out,Inliers,1,Ridge,90/10,0.14512741697616616,0.07962187727004212
Rg norm w/0.5,buffer regr out,All,1,Lasso,90/10,-0.12409249898787711,0.08663004545761897
Rg norm w/0.5,buffer regr out,Inliers,1,Lasso,90/10,0.14103407868984363,0.07981227410294818
Rg norm w/0.5,buffer regr out,All,1,Kernel Ridge,90/10,0.0832648128319643,0.07823290697018181
Rg norm w/0.5,buffer regr out,Inliers,1,Kernel Ridge,90/10,-0.10551906015964407,0.0905450756130342
Rg norm w/0.5,buffer regr out,All,1,GPR,90/10,0.08450040331237829,0.07818016740607499
Rg norm w/0.5,buffer regr out,Inliers,1,GPR,90/10,-0.07997993966587047,0.08949310219659964
Rg norm w/0.418,buffer regr out,All,1,Linear,80/20,0.28605387751963607,0.2575298105069458
Rg norm w/0.418,buffer regr out,Inliers,1,Linear,80/20,0.1778032043022444,0.1191142592247555
Rg norm w/0.418,buffer regr out,All,1,Ridge,80/20,0.07868097723343037,0.292549801522444
Rg norm w/0.418,buffer regr out,Inliers,1,Ridge,80/20,0.16206282900693125,0.12024903292525961
Rg norm w/0.418,buffer regr out,All,1,Lasso,80/20,0.05645188722850558,0.2960580087676733
Rg norm w/0.418,buffer regr out,Inliers,1,Lasso,80/20,0.14944680571068014,0.12115088869072634
Rg norm w/0.418,buffer regr out,All,1,Kernel Ridge,80/20,0.6783518339891558,0.17285634606502673
Rg norm w/0.418,buffer regr out,Inliers,1,Kernel Ridge,80/20,-0.07374857539851765,0.13612163740140756
Rg norm w/0.418,buffer regr out,All,1,GPR,80/20,0.5251266787426236,0.21003113259030637
Rg norm w/0.418,buffer regr out,Inliers,1,GPR,80/20,-0.013007149543449614,0.13221542321689503
Rg norm w/0.418,buffer regr out,All,1,Linear,85/15,0.33637331960330863,0.27765341797524473
Rg norm w/0.418,buffer regr out,Inliers,1,Linear,85/15,0.02748025440494173,0.1282648606207084
Rg norm w/0.418,buffer regr out,All,1,Ridge,85/15,0.07526584709257766,0.3277551721942444
Rg norm w/0.418,buffer regr out,Inliers,1,Ridge,85/15,0.11186708480408303,0.1225737470447554
Rg norm w/0.418,buffer regr out,All,1,Lasso,85/15,0.0755020998529854,0.32771330177654534
Rg norm w/0.418,buffer regr out,Inliers,1,Lasso,85/15,0.1169049832652288,0.12222560529728858
Rg norm w/0.418,buffer regr out,All,1,Kernel Ridge,85/15,0.6913983379655271,0.1893390681805942
Rg norm w/0.418,buffer regr out,Inliers,1,Kernel Ridge,85/15,-0.05670220430170669,0.13370104027439467
Rg norm w/0.418,buffer regr out,All,1,GPR,85/15,0.5308083199661984,0.23346202934320043
Rg norm w/0.418,buffer regr out,Inliers,1,GPR,85/15,0.008583465056661743,0.12950500666741352
Rg norm w/0.418,buffer regr out,All,1,Linear,90/10,-2.0145236774642243,0.20516868159505608
Rg norm w/0.418,buffer regr out,Inliers,1,Linear,90/10,0.12899628696572452,0.12409651502964283
Rg norm w/0.418,buffer regr out,All,1,Ridge,90/10,-0.31968523394769544,0.13574908054447415
Rg norm w/0.418,buffer regr out,Inliers,1,Ridge,90/10,0.13402361999366363,0.12373786136394739
Rg norm w/0.418,buffer regr out,All,1,Lasso,90/10,-0.28328198473348176,0.13386368212657698
Rg norm w/0.418,buffer regr out,Inliers,1,Lasso,90/10,0.1363581620415949,0.12357095947252786
Rg norm w/0.418,buffer regr out,All,1,Kernel Ridge,90/10,0.08954748895793618,0.11275358704573712
Rg norm w/0.418,buffer regr out,Inliers,1,Kernel Ridge,90/10,-0.14791423968244666,0.1424637277146098
Rg norm w/0.418,buffer regr out,All,1,GPR,90/10,0.08991871386454653,0.11273059781409898
Rg norm w/0.418,buffer regr out,Inliers,1,GPR,90/10,-0.09063317611263222,0.13886376450135426
Rg norm w/0.418,buffer regr out,All,2,Linear,80/20,0.11336416777897906,0.2869904386446167
Rg norm w/0.418,buffer regr out,Inliers,2,Linear,80/20,0.2133751056065144,0.11650906244266947
Rg norm w/0.418,buffer regr out,All,2,Ridge,80/20,0.047755437425789915,0.2974192262155648
Rg norm w/0.418,buffer regr out,Inliers,2,Ridge,80/20,0.12815897568140733,0.12265761466107139
Rg norm w/0.418,buffer regr out,All,2,Lasso,80/20,0.024778562175672647,0.3009860783756252
Rg norm w/0.418,buffer regr out,Inliers,2,Lasso,80/20,0.08676372075411631,0.1255357559705011
Rg norm w/0.418,buffer regr out,All,2,Kernel Ridge,80/20,0.6783518338872311,0.17285634609241432
Rg norm w/0.418,buffer regr out,Inliers,2,Kernel Ridge,80/20,-0.07502705323469838,0.13620265111761373
Rg norm w/0.418,buffer regr out,All,2,GPR,80/20,0.5251255001015389,0.21003139323999676
Rg norm w/0.418,buffer regr out,Inliers,2,GPR,80/20,-0.013007149579272959,0.13221542321923282
Rg norm w/0.418,buffer regr out,All,2,Linear,85/15,0.18024475598885814,0.3085909652275978
Rg norm w/0.418,buffer regr out,Inliers,2,Linear,85/15,0.060047297088842044,0.12609895287076983
Rg norm w/0.418,buffer regr out,All,2,Ridge,85/15,0.05233925707384146,0.3317932528332718
Rg norm w/0.418,buffer regr out,Inliers,2,Ridge,85/15,0.12790509326163613,0.12146197951406355
Rg norm w/0.418,buffer regr out,All,2,Lasso,85/15,0.02658266614967797,0.33627195042068686
Rg norm w/0.418,buffer regr out,Inliers,2,Lasso,85/15,0.1295591138945682,0.12134674207461629
Rg norm w/0.418,buffer regr out,All,2,Kernel Ridge,85/15,0.691398337858727,0.18933906821335722
Rg norm w/0.418,buffer regr out,Inliers,2,Kernel Ridge,85/15,-0.05691874799000041,0.1337147388515234
Rg norm w/0.418,buffer regr out,All,2,GPR,85/15,0.5308069679228671,0.23346236572017165
Rg norm w/0.418,buffer regr out,Inliers,2,GPR,85/15,0.014943647127523163,0.12908893498252563
Rg norm w/0.418,buffer regr out,All,2,Linear,90/10,-2.278025858999855,0.2139478397000672
Rg norm w/0.418,buffer regr out,Inliers,2,Linear,90/10,0.1667156099404251,0.12137974071118465
Rg norm w/0.418,buffer regr out,All,2,Ridge,90/10,-0.49913150423135844,0.14468435864628365
Rg norm w/0.418,buffer regr out,Inliers,2,Ridge,90/10,0.07814824103039764,0.12766743314795967
Rg norm w/0.418,buffer regr out,All,2,Lasso,90/10,-0.46655274309217876,0.14310360066984965
Rg norm w/0.418,buffer regr out,Inliers,2,Lasso,90/10,0.013239529129229544,0.13208559414651638
Rg norm w/0.418,buffer regr out,All,2,Kernel Ridge,90/10,0.0895474496421097,0.11275358948024106
Rg norm w/0.418,buffer regr out,Inliers,2,Kernel Ridge,90/10,-0.14877596664476744,0.14251719068255736
Rg norm w/0.418,buffer regr out,All,2,GPR,90/10,0.08991871386268024,0.11273059781421456
Rg norm w/0.418,buffer regr out,Inliers,2,GPR,90/10,-0.08838333055649183,0.13872046090532367
Rg norm w/0.418,buffer regr out,All,1,Linear,80/20,0.28605387751963607,0.2575298105069458
Rg norm w/0.418,buffer regr out,Inliers,1,Linear,80/20,0.1778032043022444,0.1191142592247555
Rg norm w/0.418,buffer regr out,All,1,Ridge,80/20,0.07868097723343037,0.292549801522444
Rg norm w/0.418,buffer regr out,Inliers,1,Ridge,80/20,0.16206282900693125,0.12024903292525961
Rg norm w/0.418,buffer regr out,All,1,Lasso,80/20,0.05645188722850558,0.2960580087676733
Rg norm w/0.418,buffer regr out,Inliers,1,Lasso,80/20,0.14944680571068014,0.12115088869072634
Rg norm w/0.418,buffer regr out,All,1,Kernel Ridge,80/20,0.6783518339891558,0.17285634606502673
Rg norm w/0.418,buffer regr out,Inliers,1,Kernel Ridge,80/20,-0.07374857539851765,0.13612163740140756
Rg norm w/0.418,buffer regr out,All,1,GPR,80/20,0.5251267506425049,0.2100311166900511
Rg norm w/0.418,buffer regr out,Inliers,1,GPR,80/20,-0.057657246373566506,0.13509781930428993
Rg norm w/0.418,buffer regr out,All,1,Linear,85/15,0.33637331960330863,0.27765341797524473
Rg norm w/0.418,buffer regr out,Inliers,1,Linear,85/15,0.02748025440494173,0.1282648606207084
Rg norm w/0.418,buffer regr out,All,1,Ridge,85/15,0.07526584709257766,0.3277551721942444
Rg norm w/0.418,buffer regr out,Inliers,1,Ridge,85/15,0.11186708480408303,0.1225737470447554
Rg norm w/0.418,buffer regr out,All,1,Lasso,85/15,0.0755020998529854,0.32771330177654534
Rg norm w/0.418,buffer regr out,Inliers,1,Lasso,85/15,0.1169049832652288,0.12222560529728858
Rg norm w/0.418,buffer regr out,All,1,Kernel Ridge,85/15,0.6913983379655271,0.1893390681805942
Rg norm w/0.418,buffer regr out,Inliers,1,Kernel Ridge,85/15,-0.05670220430170669,0.13370104027439467
Rg norm w/0.418,buffer regr out,All,1,GPR,85/15,0.5308069681100396,0.23346236567360473
Rg norm w/0.418,buffer regr out,Inliers,1,GPR,85/15,0.008585700777274274,0.12950486064545108
Rg norm w/0.418,buffer regr out,All,1,Linear,90/10,-2.0145236774642243,0.20516868159505608
Rg norm w/0.418,buffer regr out,Inliers,1,Linear,90/10,0.12899628696572452,0.12409651502964283
Rg norm w/0.418,buffer regr out,All,1,Ridge,90/10,-0.31968523394769544,0.13574908054447415
Rg norm w/0.418,buffer regr out,Inliers,1,Ridge,90/10,0.13402361999366363,0.12373786136394739
Rg norm w/0.418,buffer regr out,All,1,Lasso,90/10,-0.28328198473348176,0.13386368212657698
Rg norm w/0.418,buffer regr out,Inliers,1,Lasso,90/10,0.1363581620415949,0.12357095947252786
Rg norm w/0.418,buffer regr out,All,1,Kernel Ridge,90/10,0.08954748895793618,0.11275358704573712
Rg norm w/0.418,buffer regr out,Inliers,1,Kernel Ridge,90/10,-0.14791423968244666,0.1424637277146098
Rg norm w/0.418,buffer regr out,All,1,GPR,90/10,0.08991871386454653,0.11273059781409898
Rg norm w/0.418,buffer regr out,Inliers,1,GPR,90/10,-0.09060970781412636,0.13886227045464827
Rg w/no norm,expr pH only regr out,All,1,Linear,80/20,0.3132072474527562,2.6437324937567075
Rg w/no norm,expr pH only regr out,Inliers,1,Linear,80/20,0.2063580913143659,1.7877102904175863
Rg w/no norm,expr pH only regr out,All,1,Ridge,80/20,0.08443475255846378,3.052455258182638
Rg w/no norm,expr pH only regr out,Inliers,1,Ridge,80/20,0.19495800843988798,1.8005040832539276
Rg w/no norm,expr pH only regr out,All,1,Lasso,80/20,0.12147223716507483,2.9900772065045667
Rg w/no norm,expr pH only regr out,Inliers,1,Lasso,80/20,0.1606995071344025,1.8384151176928172
Rg w/no norm,expr pH only regr out,All,1,Kernel Ridge,80/20,0.43852803079521874,2.3903896344824194
Rg w/no norm,expr pH only regr out,Inliers,1,Kernel Ridge,80/20,-0.4834884969666249,2.4441448204676552
Rg w/no norm,expr pH only regr out,All,1,GPR,80/20,0.24598434359380372,2.7700961199361345
Rg w/no norm,expr pH only regr out,Inliers,1,GPR,80/20,-0.4304957135976404,2.4000932967156734
Rg w/no norm,expr pH only regr out,All,1,Linear,85/15,0.368452939018028,2.6940120166298667
Rg w/no norm,expr pH only regr out,Inliers,1,Linear,85/15,0.11216321842351551,1.793853729684839
Rg w/no norm,expr pH only regr out,All,1,Ridge,85/15,0.2656454010607703,2.905023024552824
Rg w/no norm,expr pH only regr out,Inliers,1,Ridge,85/15,0.20223612197491647,1.7004256417091999
Rg w/no norm,expr pH only regr out,All,1,Lasso,85/15,0.26883030914661,2.898716612829416
Rg w/no norm,expr pH only regr out,Inliers,1,Lasso,85/15,0.16906937792384147,1.7354129880205627
Rg w/no norm,expr pH only regr out,All,1,Kernel Ridge,85/15,0.4940316931475176,2.411339311471287
Rg w/no norm,expr pH only regr out,Inliers,1,Kernel Ridge,85/15,-0.6366331636986797,2.4355448697136013
Rg w/no norm,expr pH only regr out,All,1,GPR,85/15,0.26871280675116094,2.898949522143659
Rg w/no norm,expr pH only regr out,Inliers,1,GPR,85/15,-0.745674974743674,2.5153716069886225
Rg w/no norm,expr pH only regr out,All,1,Linear,90/10,-0.31319564322197047,2.4534010854195194
Rg w/no norm,expr pH only regr out,Inliers,1,Linear,90/10,0.19043832266430938,1.7090514217052413
Rg w/no norm,expr pH only regr out,All,1,Ridge,90/10,-0.29686635620068236,2.4380996288340957
Rg w/no norm,expr pH only regr out,Inliers,1,Ridge,90/10,0.187132662494347,1.7125371275883385
Rg w/no norm,expr pH only regr out,All,1,Lasso,90/10,-0.12363508158149039,2.2694283797007646
Rg w/no norm,expr pH only regr out,Inliers,1,Lasso,90/10,0.18952931285444063,1.710010649828192
Rg w/no norm,expr pH only regr out,All,1,Kernel Ridge,90/10,0.04764886045492289,2.08930762561748
Rg w/no norm,expr pH only regr out,Inliers,1,Kernel Ridge,90/10,-0.4082999344579117,2.2541236659707247
Rg w/no norm,expr pH only regr out,All,1,GPR,90/10,0.04809585041045228,2.0888172554735247
Rg w/no norm,expr pH only regr out,Inliers,1,GPR,90/10,-0.4475846420942071,2.2853469539053046
Rg w/no norm,expr pH only regr out,All,2,Linear,80/20,0.1351294056150386,2.9667450252992866
Rg w/no norm,expr pH only regr out,Inliers,2,Linear,80/20,0.21187576011531328,1.7814850662303359
Rg w/no norm,expr pH only regr out,All,2,Ridge,80/20,0.16780921969595652,2.9101549078344777
Rg w/no norm,expr pH only regr out,Inliers,2,Ridge,80/20,0.192686829871918,1.8030420789345654
Rg w/no norm,expr pH only regr out,All,2,Lasso,80/20,0.15643371069845624,2.9299773641339764
Rg w/no norm,expr pH only regr out,Inliers,2,Lasso,80/20,0.17954027361915725,1.8176634629811717
Rg w/no norm,expr pH only regr out,All,2,Kernel Ridge,80/20,0.43852765804488436,2.3903904279489114
Rg w/no norm,expr pH only regr out,Inliers,2,Kernel Ridge,80/20,-0.48581094490523946,2.4460572650884034
Rg w/no norm,expr pH only regr out,All,2,GPR,80/20,0.2459843438816569,2.770096119407378
Rg w/no norm,expr pH only regr out,Inliers,2,GPR,80/20,-0.4372154159845849,2.4057238682663784
Rg w/no norm,expr pH only regr out,All,2,Linear,85/15,0.22397979117038325,2.9862982854730244
Rg w/no norm,expr pH only regr out,Inliers,2,Linear,85/15,0.13720732221516552,1.7683722318269168
Rg w/no norm,expr pH only regr out,All,2,Ridge,85/15,0.18619751944182783,3.0581316254284867
Rg w/no norm,expr pH only regr out,Inliers,2,Ridge,85/15,0.1490763438753394,1.7561667895286253
Rg w/no norm,expr pH only regr out,All,2,Lasso,85/15,0.16741677565351876,3.093217776632984
Rg w/no norm,expr pH only regr out,Inliers,2,Lasso,85/15,0.16608330462884058,1.7385284244676145
Rg w/no norm,expr pH only regr out,All,2,Kernel Ridge,85/15,0.4940312606141506,2.411340342152927
Rg w/no norm,expr pH only regr out,Inliers,2,Kernel Ridge,85/15,-0.6392265072881262,2.4374737395097377
Rg w/no norm,expr pH only regr out,All,2,GPR,85/15,0.2687128067534753,2.8989495221390715
Rg w/no norm,expr pH only regr out,Inliers,2,GPR,85/15,-0.6133887311075594,2.4181874947129223
Rg w/no norm,expr pH only regr out,All,2,Linear,90/10,-0.17385222964312352,2.319586385631701
Rg w/no norm,expr pH only regr out,Inliers,2,Linear,90/10,0.18963971502278265,1.7098941771930565
Rg w/no norm,expr pH only regr out,All,2,Ridge,90/10,-0.08724328944110638,2.2323752781674924
Rg w/no norm,expr pH only regr out,Inliers,2,Ridge,90/10,0.16717670143157604,1.7334311325356573
Rg w/no norm,expr pH only regr out,All,2,Lasso,90/10,0.05781403265545737,2.0781273223593377
Rg w/no norm,expr pH only regr out,Inliers,2,Lasso,90/10,0.157140471067319,1.7438445150222213
Rg w/no norm,expr pH only regr out,All,2,Kernel Ridge,90/10,0.04764583864795391,2.089310940297892
Rg w/no norm,expr pH only regr out,Inliers,2,Kernel Ridge,90/10,-0.4096835389858371,2.2552306922437433
Rg w/no norm,expr pH only regr out,All,2,GPR,90/10,0.04809585040814368,2.088817255476058
Rg w/no norm,expr pH only regr out,Inliers,2,GPR,90/10,-0.5662463605809618,2.3771697578434985
Rg w/no norm,expr pH only regr out,All,1,Linear,80/20,0.3132072474527562,2.6437324937567075
Rg w/no norm,expr pH only regr out,Inliers,1,Linear,80/20,0.2063580913143659,1.7877102904175863
Rg w/no norm,expr pH only regr out,All,1,Ridge,80/20,0.08443475255846378,3.052455258182638
Rg w/no norm,expr pH only regr out,Inliers,1,Ridge,80/20,0.19495800843988798,1.8005040832539276
Rg w/no norm,expr pH only regr out,All,1,Lasso,80/20,0.12147223716507483,2.9900772065045667
Rg w/no norm,expr pH only regr out,Inliers,1,Lasso,80/20,0.1606995071344025,1.8384151176928172
Rg w/no norm,expr pH only regr out,All,1,Kernel Ridge,80/20,0.43852803079521874,2.3903896344824194
Rg w/no norm,expr pH only regr out,Inliers,1,Kernel Ridge,80/20,-0.4834884969666249,2.4441448204676552
Rg w/no norm,expr pH only regr out,All,1,GPR,80/20,0.249172485359749,2.7642336327450425
Rg w/no norm,expr pH only regr out,Inliers,1,GPR,80/20,-0.5404855240761364,2.4906554599205455
Rg w/no norm,expr pH only regr out,All,1,Linear,85/15,0.368452939018028,2.6940120166298667
Rg w/no norm,expr pH only regr out,Inliers,1,Linear,85/15,0.11216321842351551,1.793853729684839
Rg w/no norm,expr pH only regr out,All,1,Ridge,85/15,0.2656454010607703,2.905023024552824
Rg w/no norm,expr pH only regr out,Inliers,1,Ridge,85/15,0.20223612197491647,1.7004256417091999
Rg w/no norm,expr pH only regr out,All,1,Lasso,85/15,0.26883030914661,2.898716612829416
Rg w/no norm,expr pH only regr out,Inliers,1,Lasso,85/15,0.16906937792384147,1.7354129880205627
Rg w/no norm,expr pH only regr out,All,1,Kernel Ridge,85/15,0.4940316931475176,2.411339311471287
Rg w/no norm,expr pH only regr out,Inliers,1,Kernel Ridge,85/15,-0.6366331636986797,2.4355448697136013
Rg w/no norm,expr pH only regr out,All,1,GPR,85/15,0.27189145480165244,2.892642304225831
Rg w/no norm,expr pH only regr out,Inliers,1,GPR,85/15,-0.60475763450313,2.41171056871187
Rg w/no norm,expr pH only regr out,All,1,Linear,90/10,-0.31319564322197047,2.4534010854195194
Rg w/no norm,expr pH only regr out,Inliers,1,Linear,90/10,0.19043832266430938,1.7090514217052413
Rg w/no norm,expr pH only regr out,All,1,Ridge,90/10,-0.29686635620068236,2.4380996288340957
Rg w/no norm,expr pH only regr out,Inliers,1,Ridge,90/10,0.187132662494347,1.7125371275883385
Rg w/no norm,expr pH only regr out,All,1,Lasso,90/10,-0.12363508158149039,2.2694283797007646
Rg w/no norm,expr pH only regr out,Inliers,1,Lasso,90/10,0.18952931285444063,1.710010649828192
Rg w/no norm,expr pH only regr out,All,1,Kernel Ridge,90/10,0.04764886045492289,2.08930762561748
Rg w/no norm,expr pH only regr out,Inliers,1,Kernel Ridge,90/10,-0.4082999344579117,2.2541236659707247
Rg w/no norm,expr pH only regr out,All,1,GPR,90/10,0.04809585040837017,2.0888172554758095
Rg w/no norm,expr pH only regr out,Inliers,1,GPR,90/10,-0.4475915795994163,2.285352430126501
Rg norm w/0.427,expr pH only regr out,All,1,Linear,80/20,0.18913336013412296,0.3028083869771085
Rg norm w/0.427,expr pH only regr out,Inliers,1,Linear,80/20,0.09583746348138256,0.2040229289094522
Rg norm w/0.427,expr pH only regr out,All,1,Ridge,80/20,0.062354840564990854,0.32562102652318586
Rg norm w/0.427,expr pH only regr out,Inliers,1,Ridge,80/20,0.09333922972097763,0.2043045958421683
Rg norm w/0.427,expr pH only regr out,All,1,Lasso,80/20,0.060214650186417695,0.32599243236256326
Rg norm w/0.427,expr pH only regr out,Inliers,1,Lasso,80/20,0.02825544564623006,0.21151042676367393
Rg norm w/0.427,expr pH only regr out,All,1,Kernel Ridge,80/20,0.06469149900547522,0.3252150415232204
Rg norm w/0.427,expr pH only regr out,Inliers,1,Kernel Ridge,80/20,-0.43279485344017066,0.25683116998623007
Rg norm w/0.427,expr pH only regr out,All,1,GPR,80/20,0.26276107830644657,0.2887335899995743
Rg norm w/0.427,expr pH only regr out,Inliers,1,GPR,80/20,-0.3712649344384409,0.2512559811927885
Rg norm w/0.427,expr pH only regr out,All,1,Linear,85/15,0.2834212441080506,0.30646197996947566
Rg norm w/0.427,expr pH only regr out,Inliers,1,Linear,85/15,-0.24798665558626398,0.20022585932843992
Rg norm w/0.427,expr pH only regr out,All,1,Ridge,85/15,0.2889108150608355,0.3052858502001245
Rg norm w/0.427,expr pH only regr out,Inliers,1,Ridge,85/15,0.019491161538165436,0.17747653940532837
Rg norm w/0.427,expr pH only regr out,All,1,Lasso,85/15,0.10082831935076708,0.34329379127907106
Rg norm w/0.427,expr pH only regr out,Inliers,1,Lasso,85/15,-0.21455368478661518,0.19752567447433966
Rg norm w/0.427,expr pH only regr out,All,1,Kernel Ridge,85/15,0.06722822882112534,0.3496490366209543
Rg norm w/0.427,expr pH only regr out,Inliers,1,Kernel Ridge,85/15,-0.5152804608349533,0.22062854810814134
Rg norm w/0.427,expr pH only regr out,All,1,GPR,85/15,0.3208414885597878,0.2983528650422178
Rg norm w/0.427,expr pH only regr out,Inliers,1,GPR,85/15,-0.41795127227693407,0.2134252745508729
Rg norm w/0.427,expr pH only regr out,All,1,Linear,90/10,-1.5059181090159979,0.28095243111142765
Rg norm w/0.427,expr pH only regr out,Inliers,1,Linear,90/10,-0.019818797939844535,0.18794276639158153
Rg norm w/0.427,expr pH only regr out,All,1,Ridge,90/10,-0.4172982796463489,0.21129050793608484
Rg norm w/0.427,expr pH only regr out,Inliers,1,Ridge,90/10,-0.016868066851336128,0.1876706737945369
Rg norm w/0.427,expr pH only regr out,All,1,Lasso,90/10,-0.43026551713381167,0.21225488354686667
Rg norm w/0.427,expr pH only regr out,Inliers,1,Lasso,90/10,-0.05860610151244061,0.19148347706739385
Rg norm w/0.427,expr pH only regr out,All,1,Kernel Ridge,90/10,0.02061997004511884,0.1756406272152543
Rg norm w/0.427,expr pH only regr out,Inliers,1,Kernel Ridge,90/10,-0.45831643642507136,0.22474497692393833
Rg norm w/0.427,expr pH only regr out,All,1,GPR,90/10,0.01710525870673929,0.17595550664178583
Rg norm w/0.427,expr pH only regr out,Inliers,1,GPR,90/10,-0.4680299498866396,0.22549222221959941
Rg norm w/0.427,expr pH only regr out,All,2,Linear,80/20,-0.052920071460269114,0.3450570343678282
Rg norm w/0.427,expr pH only regr out,Inliers,2,Linear,80/20,0.07889234024942915,0.2059258753066388
Rg norm w/0.427,expr pH only regr out,All,2,Ridge,80/20,0.005577935605823536,0.3353347487218201
Rg norm w/0.427,expr pH only regr out,Inliers,2,Ridge,80/20,0.08219878725109253,0.20555594291246496
Rg norm w/0.427,expr pH only regr out,All,2,Lasso,80/20,-0.02536896168626379,0.3405126626282836
Rg norm w/0.427,expr pH only regr out,Inliers,2,Lasso,80/20,0.04036759600031392,0.21018812495695866
Rg norm w/0.427,expr pH only regr out,All,2,Kernel Ridge,80/20,0.06470920705559491,0.3252119628857937
Rg norm w/0.427,expr pH only regr out,Inliers,2,Kernel Ridge,80/20,-0.4352677189374592,0.25705270733312185
Rg norm w/0.427,expr pH only regr out,All,2,GPR,80/20,0.26276107914866265,0.2887335898346508
Rg norm w/0.427,expr pH only regr out,Inliers,2,GPR,80/20,-0.3784725475615984,0.2519154389017257
Rg norm w/0.427,expr pH only regr out,All,2,Linear,85/15,0.09014097013238431,0.34532792063028095
Rg norm w/0.427,expr pH only regr out,Inliers,2,Linear,85/15,-0.24596934885620958,0.20006396643816082
Rg norm w/0.427,expr pH only regr out,All,2,Ridge,85/15,-0.003522487840567523,0.3626671281559258
Rg norm w/0.427,expr pH only regr out,Inliers,2,Ridge,85/15,-0.19222442749600477,0.19570152206224886
Rg norm w/0.427,expr pH only regr out,All,2,Lasso,85/15,-0.0054382618376696,0.3630131378278591
Rg norm w/0.427,expr pH only regr out,Inliers,2,Lasso,85/15,-0.2128743884444657,0.19738907331649555
Rg norm w/0.427,expr pH only regr out,All,2,Kernel Ridge,85/15,0.06671303324564848,0.3497455836945915
Rg norm w/0.427,expr pH only regr out,Inliers,2,Kernel Ridge,85/15,-0.5186236062069802,0.2208717990906917
Rg norm w/0.427,expr pH only regr out,All,2,GPR,85/15,0.32084148896340614,0.2983528649535635
Rg norm w/0.427,expr pH only regr out,Inliers,2,GPR,85/15,-0.42833200389649995,0.21420508638622648
Rg norm w/0.427,expr pH only regr out,All,2,Linear,90/10,-1.1709956943192643,0.26150430223929966
Rg norm w/0.427,expr pH only regr out,Inliers,2,Linear,90/10,-0.06144719388235642,0.19174025705452358
Rg norm w/0.427,expr pH only regr out,All,2,Ridge,90/10,-0.627962961286247,0.22644963085239234
Rg norm w/0.427,expr pH only regr out,Inliers,2,Ridge,90/10,-0.07616657973276841,0.19306513769849334
Rg norm w/0.427,expr pH only regr out,All,2,Lasso,90/10,-0.53537608030196,0.21991595683022985
Rg norm w/0.427,expr pH only regr out,Inliers,2,Lasso,90/10,-0.09657561398980197,0.19488723790085713
Rg norm w/0.427,expr pH only regr out,All,2,Kernel Ridge,90/10,0.014372502161405287,0.17619994268463274
Rg norm w/0.427,expr pH only regr out,Inliers,2,Kernel Ridge,90/10,-0.4595774779619006,0.22484212713840004
Rg norm w/0.427,expr pH only regr out,All,2,GPR,90/10,0.015055713924667313,0.17613886345214663
Rg norm w/0.427,expr pH only regr out,Inliers,2,GPR,90/10,-0.4790294665161081,0.22633541915954208
Rg norm w/0.427,expr pH only regr out,All,1,Linear,80/20,0.18913336013412296,0.3028083869771085
Rg norm w/0.427,expr pH only regr out,Inliers,1,Linear,80/20,0.09583746348138256,0.2040229289094522
Rg norm w/0.427,expr pH only regr out,All,1,Ridge,80/20,0.062354840564990854,0.32562102652318586
Rg norm w/0.427,expr pH only regr out,Inliers,1,Ridge,80/20,0.09333922972097763,0.2043045958421683
Rg norm w/0.427,expr pH only regr out,All,1,Lasso,80/20,0.060214650186417695,0.32599243236256326
Rg norm w/0.427,expr pH only regr out,Inliers,1,Lasso,80/20,0.02825544564623006,0.21151042676367393
Rg norm w/0.427,expr pH only regr out,All,1,Kernel Ridge,80/20,0.06469149900547522,0.3252150415232204
Rg norm w/0.427,expr pH only regr out,Inliers,1,Kernel Ridge,80/20,-0.43279485344017066,0.25683116998623007
Rg norm w/0.427,expr pH only regr out,All,1,GPR,80/20,0.26313588915415886,0.28866018486813416
Rg norm w/0.427,expr pH only regr out,Inliers,1,GPR,80/20,-0.5720193037904306,0.2690200574545535
Rg norm w/0.427,expr pH only regr out,All,1,Linear,85/15,0.2834212441080506,0.30646197996947566
Rg norm w/0.427,expr pH only regr out,Inliers,1,Linear,85/15,-0.24798665558626398,0.20022585932843992
Rg norm w/0.427,expr pH only regr out,All,1,Ridge,85/15,0.2889108150608355,0.3052858502001245
Rg norm w/0.427,expr pH only regr out,Inliers,1,Ridge,85/15,0.019491161538165436,0.17747653940532837
Rg norm w/0.427,expr pH only regr out,All,1,Lasso,85/15,0.10082831935076708,0.34329379127907106
Rg norm w/0.427,expr pH only regr out,Inliers,1,Lasso,85/15,-0.21455368478661518,0.19752567447433966
Rg norm w/0.427,expr pH only regr out,All,1,Kernel Ridge,85/15,0.06722822882112534,0.3496490366209543
Rg norm w/0.427,expr pH only regr out,Inliers,1,Kernel Ridge,85/15,-0.5152804608349533,0.22062854810814134
Rg norm w/0.427,expr pH only regr out,All,1,GPR,85/15,0.3208414889633041,0.2983528649535859
Rg norm w/0.427,expr pH only regr out,Inliers,1,GPR,85/15,-0.4179541732549732,0.21342549287350848
Rg norm w/0.427,expr pH only regr out,All,1,Linear,90/10,-1.5059181090159979,0.28095243111142765
Rg norm w/0.427,expr pH only regr out,Inliers,1,Linear,90/10,-0.019818797939844535,0.18794276639158153
Rg norm w/0.427,expr pH only regr out,All,1,Ridge,90/10,-0.4172982796463489,0.21129050793608484
Rg norm w/0.427,expr pH only regr out,Inliers,1,Ridge,90/10,-0.016868066851336128,0.1876706737945369
Rg norm w/0.427,expr pH only regr out,All,1,Lasso,90/10,-0.43026551713381167,0.21225488354686667
Rg norm w/0.427,expr pH only regr out,Inliers,1,Lasso,90/10,-0.05860610151244061,0.19148347706739385
Rg norm w/0.427,expr pH only regr out,All,1,Kernel Ridge,90/10,0.02061997004511884,0.1756406272152543
Rg norm w/0.427,expr pH only regr out,Inliers,1,Kernel Ridge,90/10,-0.45831643642507136,0.22474497692393833
Rg norm w/0.427,expr pH only regr out,All,1,GPR,90/10,0.017104032724169937,0.17595561637801077
Rg norm w/0.427,expr pH only regr out,Inliers,1,GPR,90/10,-0.46803394310644286,0.2254925289025097
Rg norm w/0.5,expr pH only regr out,All,1,Linear,80/20,0.09818296418837769,0.25805992991122567
Rg norm w/0.5,expr pH only regr out,Inliers,1,Linear,80/20,0.12258947091260841,0.142928969049948
Rg norm w/0.5,expr pH only regr out,All,1,Ridge,80/20,0.05293346957785472,0.2644548899525488
Rg norm w/0.5,expr pH only regr out,Inliers,1,Ridge,80/20,0.12025686593330254,0.14311883201783696
Rg norm w/0.5,expr pH only regr out,All,1,Lasso,80/20,0.0531936643266111,0.2644185596113084
Rg norm w/0.5,expr pH only regr out,Inliers,1,Lasso,80/20,0.06906577705865247,0.14722390685317585
Rg norm w/0.5,expr pH only regr out,All,1,Kernel Ridge,80/20,-0.05416731193178692,0.2790076621395622
Rg norm w/0.5,expr pH only regr out,Inliers,1,Kernel Ridge,80/20,-0.3907088037207278,0.17994382266522574
Rg norm w/0.5,expr pH only regr out,All,1,GPR,80/20,0.032661922490330064,0.2672701756622553
Rg norm w/0.5,expr pH only regr out,Inliers,1,GPR,80/20,-0.3289645643913024,0.1759039293303786
Rg norm w/0.5,expr pH only regr out,All,1,Linear,85/15,0.20187012447221842,0.2540601295527668
Rg norm w/0.5,expr pH only regr out,Inliers,1,Linear,85/15,-0.24761530266663212,0.13921815139536925
Rg norm w/0.5,expr pH only regr out,All,1,Ridge,85/15,0.2242978651593125,0.25046510303966085
Rg norm w/0.5,expr pH only regr out,Inliers,1,Ridge,85/15,0.004243251520649305,0.12437472841076812
Rg norm w/0.5,expr pH only regr out,All,1,Lasso,85/15,0.2197434538673011,0.2511993098630075
Rg norm w/0.5,expr pH only regr out,Inliers,1,Lasso,85/15,-0.17157500146532634,0.13490888855539587
Rg norm w/0.5,expr pH only regr out,All,1,Kernel Ridge,85/15,0.23969282564559913,0.24796722148048664
Rg norm w/0.5,expr pH only regr out,Inliers,1,Kernel Ridge,85/15,-0.4435768677638472,0.1497529799815236
Rg norm w/0.5,expr pH only regr out,All,1,GPR,85/15,0.10007366928011596,0.2697759377764257
Rg norm w/0.5,expr pH only regr out,Inliers,1,GPR,85/15,-0.34081830776668864,0.1443246396547204
Rg norm w/0.5,expr pH only regr out,All,1,Linear,90/10,-1.097077125353898,0.24679058528528972
Rg norm w/0.5,expr pH only regr out,Inliers,1,Linear,90/10,-0.04598882875757182,0.13081283180112357
Rg norm w/0.5,expr pH only regr out,All,1,Ridge,90/10,-0.7554993478365362,0.22579884840903217
Rg norm w/0.5,expr pH only regr out,Inliers,1,Ridge,90/10,-0.04183157065801035,0.1305526167210481
Rg norm w/0.5,expr pH only regr out,All,1,Lasso,90/10,-0.7294889204131199,0.22411982697072694
Rg norm w/0.5,expr pH only regr out,Inliers,1,Lasso,90/10,-0.04450463870600574,0.13071999140977017
Rg norm w/0.5,expr pH only regr out,All,1,Kernel Ridge,90/10,-0.06622769210464297,0.17597313264864103
Rg norm w/0.5,expr pH only regr out,Inliers,1,Kernel Ridge,90/10,-0.4378639938978477,0.15337187550943715
Rg norm w/0.5,expr pH only regr out,All,1,GPR,90/10,-0.06616693887480718,0.1759681191376679
Rg norm w/0.5,expr pH only regr out,Inliers,1,GPR,90/10,-0.4437995041504863,0.15368810945265096
Rg norm w/0.5,expr pH only regr out,All,2,Linear,80/20,-0.11066460172792558,0.28638668520102933
Rg norm w/0.5,expr pH only regr out,Inliers,2,Linear,80/20,0.10557916107687026,0.1443077963616331
Rg norm w/0.5,expr pH only regr out,All,2,Ridge,80/20,-0.046511480821465945,0.2779926771973541
Rg norm w/0.5,expr pH only regr out,Inliers,2,Ridge,80/20,0.10889133107254734,0.1440403521935707
Rg norm w/0.5,expr pH only regr out,All,2,Lasso,80/20,-0.05494031541014399,0.2791099392486345
Rg norm w/0.5,expr pH only regr out,Inliers,2,Lasso,80/20,0.07490893006585098,0.1467611427169728
Rg norm w/0.5,expr pH only regr out,All,2,Kernel Ridge,80/20,-0.05373766997409746,0.278950799432209
Rg norm w/0.5,expr pH only regr out,Inliers,2,Kernel Ridge,80/20,-0.39306377331807574,0.18009611298897346
Rg norm w/0.5,expr pH only regr out,All,2,GPR,80/20,0.032661922293604984,0.26727017568943234
Rg norm w/0.5,expr pH only regr out,Inliers,2,GPR,80/20,-0.3353586021197199,0.17632658422147024
Rg norm w/0.5,expr pH only regr out,All,2,Linear,85/15,0.051514983930904035,0.27695867231884286
Rg norm w/0.5,expr pH only regr out,Inliers,2,Linear,85/15,-0.24714302120508602,0.13919179857032832
Rg norm w/0.5,expr pH only regr out,All,2,Ridge,85/15,-0.002058524666316508,0.2846729978808191
Rg norm w/0.5,expr pH only regr out,Inliers,2,Ridge,85/15,-0.19129103026880623,0.1360393199038811
Rg norm w/0.5,expr pH only regr out,All,2,Lasso,85/15,-0.0022985475114496445,0.284707089667897
Rg norm w/0.5,expr pH only regr out,Inliers,2,Lasso,85/15,-0.1670960625793796,0.13465076283383945
Rg norm w/0.5,expr pH only regr out,All,2,Kernel Ridge,85/15,0.233453557951104,0.24898258266813164
Rg norm w/0.5,expr pH only regr out,Inliers,2,Kernel Ridge,85/15,-0.4468675590127327,0.14992356677785182
Rg norm w/0.5,expr pH only regr out,All,2,GPR,85/15,0.09919430923932382,0.26990771092700305
Rg norm w/0.5,expr pH only regr out,Inliers,2,GPR,85/15,-0.3502727134818122,0.14483257826918064
Rg norm w/0.5,expr pH only regr out,All,2,Linear,90/10,-0.7802980451625161,0.22738810580568905
Rg norm w/0.5,expr pH only regr out,Inliers,2,Linear,90/10,-0.0902913182244578,0.13355436939729182
Rg norm w/0.5,expr pH only regr out,All,2,Ridge,90/10,-0.5166013140195533,0.20987325606063723
Rg norm w/0.5,expr pH only regr out,Inliers,2,Ridge,90/10,-0.10238256813774571,0.13429288156061464
Rg norm w/0.5,expr pH only regr out,All,2,Lasso,90/10,-0.5740262570802104,0.21380968456899963
Rg norm w/0.5,expr pH only regr out,Inliers,2,Lasso,90/10,-0.0778864331089213,0.13279243267023239
Rg norm w/0.5,expr pH only regr out,All,2,Kernel Ridge,90/10,-0.06679071219567567,0.17601958770418774
Rg norm w/0.5,expr pH only regr out,Inliers,2,Kernel Ridge,90/10,-0.439054038918155,0.15343533133267415
Rg norm w/0.5,expr pH only regr out,All,2,GPR,90/10,-0.06641865284340431,0.17598889028426803
Rg norm w/0.5,expr pH only regr out,Inliers,2,GPR,90/10,-0.767378703152533,0.1700402100795965
Rg norm w/0.5,expr pH only regr out,All,1,Linear,80/20,0.09818296418837769,0.25805992991122567
Rg norm w/0.5,expr pH only regr out,Inliers,1,Linear,80/20,0.12258947091260841,0.142928969049948
Rg norm w/0.5,expr pH only regr out,All,1,Ridge,80/20,0.05293346957785472,0.2644548899525488
Rg norm w/0.5,expr pH only regr out,Inliers,1,Ridge,80/20,0.12025686593330254,0.14311883201783696
Rg norm w/0.5,expr pH only regr out,All,1,Lasso,80/20,0.0531936643266111,0.2644185596113084
Rg norm w/0.5,expr pH only regr out,Inliers,1,Lasso,80/20,0.06906577705865247,0.14722390685317585
Rg norm w/0.5,expr pH only regr out,All,1,Kernel Ridge,80/20,-0.05416731193178692,0.2790076621395622
Rg norm w/0.5,expr pH only regr out,Inliers,1,Kernel Ridge,80/20,-0.3907088037207278,0.17994382266522574
Rg norm w/0.5,expr pH only regr out,All,1,GPR,80/20,0.0326619227177688,0.26727017563083527
Rg norm w/0.5,expr pH only regr out,Inliers,1,GPR,80/20,-0.32896438281551577,0.17590391731354374
Rg norm w/0.5,expr pH only regr out,All,1,Linear,85/15,0.20187012447221842,0.2540601295527668
Rg norm w/0.5,expr pH only regr out,Inliers,1,Linear,85/15,-0.24761530266663212,0.13921815139536925
Rg norm w/0.5,expr pH only regr out,All,1,Ridge,85/15,0.2242978651593125,0.25046510303966085
Rg norm w/0.5,expr pH only regr out,Inliers,1,Ridge,85/15,0.004243251520649305,0.12437472841076812
Rg norm w/0.5,expr pH only regr out,All,1,Lasso,85/15,0.2197434538673011,0.2511993098630075
Rg norm w/0.5,expr pH only regr out,Inliers,1,Lasso,85/15,-0.17157500146532634,0.13490888855539587
Rg norm w/0.5,expr pH only regr out,All,1,Kernel Ridge,85/15,0.23969282564559913,0.24796722148048664
Rg norm w/0.5,expr pH only regr out,Inliers,1,Kernel Ridge,85/15,-0.4435768677638472,0.1497529799815236
Rg norm w/0.5,expr pH only regr out,All,1,GPR,85/15,0.09919430968130194,0.26990771086078824
Rg norm w/0.5,expr pH only regr out,Inliers,1,GPR,85/15,-0.7049669027050354,0.16274718768930652
Rg norm w/0.5,expr pH only regr out,All,1,Linear,90/10,-1.097077125353898,0.24679058528528972
Rg norm w/0.5,expr pH only regr out,Inliers,1,Linear,90/10,-0.04598882875757182,0.13081283180112357
Rg norm w/0.5,expr pH only regr out,All,1,Ridge,90/10,-0.7554993478365362,0.22579884840903217
Rg norm w/0.5,expr pH only regr out,Inliers,1,Ridge,90/10,-0.04183157065801035,0.1305526167210481
Rg norm w/0.5,expr pH only regr out,All,1,Lasso,90/10,-0.7294889204131199,0.22411982697072694
Rg norm w/0.5,expr pH only regr out,Inliers,1,Lasso,90/10,-0.04450463870600574,0.13071999140977017
Rg norm w/0.5,expr pH only regr out,All,1,Kernel Ridge,90/10,-0.06622769210464297,0.17597313264864103
Rg norm w/0.5,expr pH only regr out,Inliers,1,Kernel Ridge,90/10,-0.4378639938978477,0.15337187550943715
Rg norm w/0.5,expr pH only regr out,All,1,GPR,90/10,-0.06616519389936704,0.17596797513574824
Rg norm w/0.5,expr pH only regr out,Inliers,1,GPR,90/10,-0.44379624755124114,0.15368793612496176
Rg norm w/0.418,expr pH only regr out,All,1,Linear,80/20,0.23606177784347626,0.2811178314926254
Rg norm w/0.418,expr pH only regr out,Inliers,1,Linear,80/20,0.09348821385152273,0.21322676229505907
Rg norm w/0.418,expr pH only regr out,All,1,Ridge,80/20,0.06829871506084528,0.3104542585203505
Rg norm w/0.418,expr pH only regr out,Inliers,1,Ridge,80/20,0.0909704908684128,0.21352266229845926
Rg norm w/0.418,expr pH only regr out,All,1,Lasso,80/20,0.06542591543624321,0.3109325161182251
Rg norm w/0.418,expr pH only regr out,Inliers,1,Lasso,80/20,0.024349084079607897,0.22120870498269304
Rg norm w/0.418,expr pH only regr out,All,1,Kernel Ridge,80/20,0.6957200912733468,0.1774172784268127
Rg norm w/0.418,expr pH only regr out,Inliers,1,Kernel Ridge,80/20,-0.43739773598576526,0.2684994888278626
Rg norm w/0.418,expr pH only regr out,All,1,GPR,80/20,0.4244301831026164,0.24401036799521525
Rg norm w/0.418,expr pH only regr out,Inliers,1,GPR,80/20,-0.3758710157933116,0.2626901847285672
Rg norm w/0.418,expr pH only regr out,All,1,Linear,85/15,0.31651667923742444,0.29239600732962445
Rg norm w/0.418,expr pH only regr out,Inliers,1,Linear,85/15,-0.24639768634583814,0.20943781478434514
Rg norm w/0.418,expr pH only regr out,All,1,Ridge,85/15,0.09506449600110933,0.33644671430120193
Rg norm w/0.418,expr pH only regr out,Inliers,1,Ridge,85/15,0.02206849724540494,0.1855158408505149
Rg norm w/0.418,expr pH only regr out,All,1,Lasso,85/15,0.09016315856177537,0.33735662003679107
Rg norm w/0.418,expr pH only regr out,Inliers,1,Lasso,85/15,-0.21773175116212218,0.20701537223422237
Rg norm w/0.418,expr pH only regr out,All,1,Kernel Ridge,85/15,0.1420297549706694,0.3275997720258104
Rg norm w/0.418,expr pH only regr out,Inliers,1,Kernel Ridge,85/15,-0.5234519837473535,0.2315480704038533
Rg norm w/0.418,expr pH only regr out,All,1,GPR,85/15,0.46627035609927026,0.2583855009171135
Rg norm w/0.418,expr pH only regr out,Inliers,1,GPR,85/15,-0.42699251746898015,0.22409781844810872
Rg norm w/0.418,expr pH only regr out,All,1,Linear,90/10,-2.303787133579466,0.2504046595811298
Rg norm w/0.418,expr pH only regr out,Inliers,1,Linear,90/10,-0.015956820758485035,0.19657974439693646
Rg norm w/0.418,expr pH only regr out,All,1,Ridge,90/10,-0.5339978199434732,0.17062739033771257
Rg norm w/0.418,expr pH only regr out,Inliers,1,Ridge,90/10,-0.01314012952991539,0.19630705133406606
Rg norm w/0.418,expr pH only regr out,All,1,Lasso,90/10,-0.5497709523273897,0.17150237380062036
Rg norm w/0.418,expr pH only regr out,Inliers,1,Lasso,90/10,-0.059056472949214456,0.2007061592809376
Rg norm w/0.418,expr pH only regr out,All,1,Kernel Ridge,90/10,0.07696137909357181,0.13235681677018551
Rg norm w/0.418,expr pH only regr out,Inliers,1,Kernel Ridge,90/10,-0.4600933299170751,0.23566302571518122
Rg norm w/0.418,expr pH only regr out,All,1,GPR,90/10,0.07819690936971657,0.13226820421880117
Rg norm w/0.418,expr pH only regr out,Inliers,1,GPR,90/10,-0.4703033823341247,0.23648555536989188
Rg norm w/0.418,expr pH only regr out,All,2,Linear,80/20,-0.017145814691641004,0.32437761959064537
Rg norm w/0.418,expr pH only regr out,Inliers,2,Linear,80/20,0.07666868230413715,0.21519578871258677
Rg norm w/0.418,expr pH only regr out,All,2,Ridge,80/20,0.0339504928531571,0.316125089921489
Rg norm w/0.418,expr pH only regr out,Inliers,2,Ridge,80/20,0.07995375521237147,0.21481263060137976
Rg norm w/0.418,expr pH only regr out,All,2,Lasso,80/20,-0.010768033059995297,0.3233590523403029
Rg norm w/0.418,expr pH only regr out,Inliers,2,Lasso,80/20,0.03710726695450561,0.21975761825632686
Rg norm w/0.418,expr pH only regr out,All,2,Kernel Ridge,80/20,0.6979652941992527,0.17676150834032997
Rg norm w/0.418,expr pH only regr out,Inliers,2,Kernel Ridge,80/20,-0.4398825809349083,0.26873146759434635
Rg norm w/0.418,expr pH only regr out,All,2,GPR,80/20,0.4244301831141053,0.24401036799277992
Rg norm w/0.418,expr pH only regr out,Inliers,2,GPR,80/20,-0.3831636956517681,0.26338544743253545
Rg norm w/0.418,expr pH only regr out,All,2,Linear,85/15,0.10561344292214336,0.33447996501847455
Rg norm w/0.418,expr pH only regr out,Inliers,2,Linear,85/15,-0.24406278054921193,0.20924155045799972
Rg norm w/0.418,expr pH only regr out,All,2,Ridge,85/15,0.0010125910734084531,0.3534984263909509
Rg norm w/0.418,expr pH only regr out,Inliers,2,Ridge,85/15,-0.1906992760969135,0.20470470542169492
Rg norm w/0.418,expr pH only regr out,All,2,Lasso,85/15,-0.0018768945251710356,0.3540092892259485
Rg norm w/0.418,expr pH only regr out,Inliers,2,Lasso,85/15,-0.21605073587116852,0.20687243591577026
Rg norm w/0.418,expr pH only regr out,All,2,Kernel Ridge,85/15,0.14139383845138087,0.32772115590834827
Rg norm w/0.418,expr pH only regr out,Inliers,2,Kernel Ridge,85/15,-0.5267973490050588,0.23180216048987842
Rg norm w/0.418,expr pH only regr out,All,2,GPR,85/15,0.46602627499425064,0.2584445755915518
Rg norm w/0.418,expr pH only regr out,Inliers,2,GPR,85/15,-0.4374479328711256,0.224917290034134
Rg norm w/0.418,expr pH only regr out,All,2,Linear,90/10,-1.9412076584064861,0.23626490795555474
Rg norm w/0.418,expr pH only regr out,Inliers,2,Linear,90/10,-0.05707648771950269,0.20051845392485154
Rg norm w/0.418,expr pH only regr out,All,2,Ridge,90/10,-0.7051576190601259,0.17989481340062952
Rg norm w/0.418,expr pH only regr out,Inliers,2,Ridge,90/10,-0.07209778864600325,0.2019381349780267
Rg norm w/0.418,expr pH only regr out,All,2,Lasso,90/10,-0.6777997103134092,0.17844584282421452
Rg norm w/0.418,expr pH only regr out,Inliers,2,Lasso,90/10,-0.09719208991519435,0.2042878203900715
Rg norm w/0.418,expr pH only regr out,All,2,Kernel Ridge,90/10,0.07696039484230432,0.13235688733729234
Rg norm w/0.418,expr pH only regr out,Inliers,2,Kernel Ridge,90/10,-0.46136194506538075,0.23576538245041095
Rg norm w/0.418,expr pH only regr out,All,2,GPR,90/10,0.07819690936970214,0.1322682042188022
Rg norm w/0.418,expr pH only regr out,Inliers,2,GPR,90/10,-0.4814108729858493,0.23737714644355787
Rg norm w/0.418,expr pH only regr out,All,1,Linear,80/20,0.23606177784347626,0.2811178314926254
Rg norm w/0.418,expr pH only regr out,Inliers,1,Linear,80/20,0.09348821385152273,0.21322676229505907
Rg norm w/0.418,expr pH only regr out,All,1,Ridge,80/20,0.06829871506084528,0.3104542585203505
Rg norm w/0.418,expr pH only regr out,Inliers,1,Ridge,80/20,0.0909704908684128,0.21352266229845926
Rg norm w/0.418,expr pH only regr out,All,1,Lasso,80/20,0.06542591543624321,0.3109325161182251
Rg norm w/0.418,expr pH only regr out,Inliers,1,Lasso,80/20,0.024349084079607897,0.22120870498269304
Rg norm w/0.418,expr pH only regr out,All,1,Kernel Ridge,80/20,0.6957200912733468,0.1774172784268127
Rg norm w/0.418,expr pH only regr out,Inliers,1,Kernel Ridge,80/20,-0.43739773598576526,0.2684994888278626
Rg norm w/0.418,expr pH only regr out,All,1,GPR,80/20,0.42465772031056626,0.24396213151325077
Rg norm w/0.418,expr pH only regr out,Inliers,1,GPR,80/20,-0.3758730583035772,0.26269037971312376
Rg norm w/0.418,expr pH only regr out,All,1,Linear,85/15,0.31651667923742444,0.29239600732962445
Rg norm w/0.418,expr pH only regr out,Inliers,1,Linear,85/15,-0.24639768634583814,0.20943781478434514
Rg norm w/0.418,expr pH only regr out,All,1,Ridge,85/15,0.09506449600110933,0.33644671430120193
Rg norm w/0.418,expr pH only regr out,Inliers,1,Ridge,85/15,0.02206849724540494,0.1855158408505149
Rg norm w/0.418,expr pH only regr out,All,1,Lasso,85/15,0.09016315856177537,0.33735662003679107
Rg norm w/0.418,expr pH only regr out,Inliers,1,Lasso,85/15,-0.21773175116212218,0.20701537223422237
Rg norm w/0.418,expr pH only regr out,All,1,Kernel Ridge,85/15,0.1420297549706694,0.3275997720258104
Rg norm w/0.418,expr pH only regr out,Inliers,1,Kernel Ridge,85/15,-0.5234519837473535,0.2315480704038533
Rg norm w/0.418,expr pH only regr out,All,1,GPR,85/15,0.4662722432645867,0.2583850441160044
Rg norm w/0.418,expr pH only regr out,Inliers,1,GPR,85/15,-0.7779306845590432,0.2501406036079759
Rg norm w/0.418,expr pH only regr out,All,1,Linear,90/10,-2.303787133579466,0.2504046595811298
Rg norm w/0.418,expr pH only regr out,Inliers,1,Linear,90/10,-0.015956820758485035,0.19657974439693646
Rg norm w/0.418,expr pH only regr out,All,1,Ridge,90/10,-0.5339978199434732,0.17062739033771257
Rg norm w/0.418,expr pH only regr out,Inliers,1,Ridge,90/10,-0.01314012952991539,0.19630705133406606
Rg norm w/0.418,expr pH only regr out,All,1,Lasso,90/10,-0.5497709523273897,0.17150237380062036
Rg norm w/0.418,expr pH only regr out,Inliers,1,Lasso,90/10,-0.059056472949214456,0.2007061592809376
Rg norm w/0.418,expr pH only regr out,All,1,Kernel Ridge,90/10,0.07696137909357181,0.13235681677018551
Rg norm w/0.418,expr pH only regr out,Inliers,1,Kernel Ridge,90/10,-0.4600933299170751,0.23566302571518122
Rg norm w/0.418,expr pH only regr out,All,1,GPR,90/10,0.07819690937186596,0.13226820421864696
Rg norm w/0.418,expr pH only regr out,Inliers,1,GPR,90/10,-0.47030289981426243,0.23648551656531988
Rg w/no norm,expr buffer only regr out,All,1,Linear,80/20,0.22492139786865462,2.615325179370532
Rg w/no norm,expr buffer only regr out,Inliers,1,Linear,80/20,0.23010602140878467,1.9011614533136896
Rg w/no norm,expr buffer only regr out,All,1,Ridge,80/20,0.025300480794556823,2.9328388279918585
Rg w/no norm,expr buffer only regr out,Inliers,1,Ridge,80/20,0.2151338838833592,1.9195583974824388
Rg w/no norm,expr buffer only regr out,All,1,Lasso,80/20,0.016420811945519476,2.946167855330591
Rg w/no norm,expr buffer only regr out,Inliers,1,Lasso,80/20,0.22506748798522314,1.907372337172835
Rg w/no norm,expr buffer only regr out,All,1,Kernel Ridge,80/20,0.4185984716882961,2.265118389359912
Rg w/no norm,expr buffer only regr out,Inliers,1,Kernel Ridge,80/20,-0.4808721943904237,2.636709767972712
Rg w/no norm,expr buffer only regr out,All,1,GPR,80/20,0.09625564450374235,2.8240710597261662
Rg w/no norm,expr buffer only regr out,Inliers,1,GPR,80/20,-0.5189073698919346,2.6703561229313864
Rg w/no norm,expr buffer only regr out,All,1,Linear,85/15,0.30589374012909387,2.6301402988125413
Rg w/no norm,expr buffer only regr out,Inliers,1,Linear,85/15,0.09830213562467094,1.9419622504733027
Rg w/no norm,expr buffer only regr out,All,1,Ridge,85/15,0.07649969289581471,3.033782606494484
Rg w/no norm,expr buffer only regr out,Inliers,1,Ridge,85/15,0.12569344281387274,1.9122388210071497
Rg w/no norm,expr buffer only regr out,All,1,Lasso,85/15,0.0670882778046824,3.0492020987750674
Rg w/no norm,expr buffer only regr out,Inliers,1,Lasso,85/15,0.1568252265540293,1.8778853126043276
Rg w/no norm,expr buffer only regr out,All,1,Kernel Ridge,85/15,0.46051153421986035,2.318766497865092
Rg w/no norm,expr buffer only regr out,Inliers,1,Kernel Ridge,85/15,-0.6319522152647188,2.6125462168304585
Rg w/no norm,expr buffer only regr out,All,1,GPR,85/15,0.08118178011639543,3.026082292623546
Rg w/no norm,expr buffer only regr out,Inliers,1,GPR,85/15,-0.5548713504976168,2.5501016582768536
Rg w/no norm,expr buffer only regr out,All,1,Linear,90/10,-0.47346305796387766,2.4856759300223064
Rg w/no norm,expr buffer only regr out,Inliers,1,Linear,90/10,0.20970143229274307,1.858791491540517
Rg w/no norm,expr buffer only regr out,All,1,Ridge,90/10,-0.41427672596700105,2.4352417355106293
Rg w/no norm,expr buffer only regr out,Inliers,1,Ridge,90/10,0.18574991227417958,1.8867483786306276
Rg w/no norm,expr buffer only regr out,All,1,Lasso,90/10,-0.43481729721144524,2.45286238171756
Rg w/no norm,expr buffer only regr out,Inliers,1,Lasso,90/10,0.18208353214838902,1.8909914037936917
Rg w/no norm,expr buffer only regr out,All,1,Kernel Ridge,90/10,-0.016136967858831897,2.064196354531906
Rg w/no norm,expr buffer only regr out,Inliers,1,Kernel Ridge,90/10,-0.36177024134658864,2.4399841102100925
Rg w/no norm,expr buffer only regr out,All,1,GPR,90/10,-0.012636455955849613,2.0606377901307713
Rg w/no norm,expr buffer only regr out,Inliers,1,GPR,90/10,-0.4397768416258585,2.508896064920058
Rg w/no norm,expr buffer only regr out,All,2,Linear,80/20,-0.002769464656521503,2.9747698542004035
Rg w/no norm,expr buffer only regr out,Inliers,2,Linear,80/20,0.23429801612985734,1.8959785728589373
Rg w/no norm,expr buffer only regr out,All,2,Ridge,80/20,0.022010777267677972,2.937783963842729
Rg w/no norm,expr buffer only regr out,Inliers,2,Ridge,80/20,0.21910182356025676,1.9147000255591182
Rg w/no norm,expr buffer only regr out,All,2,Lasso,80/20,0.01789327838741006,2.943961750236028
Rg w/no norm,expr buffer only regr out,Inliers,2,Lasso,80/20,0.2056078963833804,1.9311721869892062
Rg w/no norm,expr buffer only regr out,All,2,Kernel Ridge,80/20,0.4185983914596849,2.2651185456437255
Rg w/no norm,expr buffer only regr out,Inliers,2,Kernel Ridge,80/20,-0.4834661423060922,2.639018034473042
Rg w/no norm,expr buffer only regr out,All,2,GPR,80/20,0.09625564412775034,2.824071060313627
Rg w/no norm,expr buffer only regr out,Inliers,2,GPR,80/20,-0.5189073699022788,2.6703561229404795
Rg w/no norm,expr buffer only regr out,All,2,Linear,85/15,0.13592305166440732,2.9345542638570996
Rg w/no norm,expr buffer only regr out,Inliers,2,Linear,85/15,0.17800965571552863,1.8541446866408295
Rg w/no norm,expr buffer only regr out,All,2,Ridge,85/15,0.08015905802670975,3.027765966506546
Rg w/no norm,expr buffer only regr out,Inliers,2,Ridge,85/15,0.14637284096153536,1.8894890307884211
Rg w/no norm,expr buffer only regr out,All,2,Lasso,85/15,0.0634313551883835,3.055172540461687
Rg w/no norm,expr buffer only regr out,Inliers,2,Lasso,85/15,0.12552586317203018,1.9124220730599837
Rg w/no norm,expr buffer only regr out,All,2,Kernel Ridge,85/15,0.4605114411329433,2.318766697912756
Rg w/no norm,expr buffer only regr out,Inliers,2,Kernel Ridge,85/15,-0.634840894230664,2.614857396833435
Rg w/no norm,expr buffer only regr out,All,2,GPR,85/15,0.08118177995845821,3.026082292883625
Rg w/no norm,expr buffer only regr out,Inliers,2,GPR,85/15,-0.6777893717145198,2.6489818484491723
Rg w/no norm,expr buffer only regr out,All,2,Linear,90/10,-0.37446756832110384,2.4007234205683994
Rg w/no norm,expr buffer only regr out,Inliers,2,Linear,90/10,0.2705334595260721,1.785820345830525
Rg w/no norm,expr buffer only regr out,All,2,Ridge,90/10,-0.35108886271872564,2.380218563311029
Rg w/no norm,expr buffer only regr out,Inliers,2,Ridge,90/10,0.19515335787669397,1.8758220934765342
Rg w/no norm,expr buffer only regr out,All,2,Lasso,90/10,-0.28880143980484396,2.3247052008114877
Rg w/no norm,expr buffer only regr out,Inliers,2,Lasso,90/10,0.17710556783484777,1.8967371057318487
Rg w/no norm,expr buffer only regr out,All,2,Kernel Ridge,90/10,-0.016137312815657223,2.0641967049071916
Rg w/no norm,expr buffer only regr out,Inliers,2,Kernel Ridge,90/10,-0.36301600412580304,2.4410999175751464
Rg w/no norm,expr buffer only regr out,All,2,GPR,90/10,-0.01263645597014973,2.060637790145321
Rg w/no norm,expr buffer only regr out,Inliers,2,GPR,90/10,-0.33693818374344153,2.4176350429967592
Rg w/no norm,expr buffer only regr out,All,1,Linear,80/20,0.22492139786865462,2.615325179370532
Rg w/no norm,expr buffer only regr out,Inliers,1,Linear,80/20,0.23010602140878467,1.9011614533136896
Rg w/no norm,expr buffer only regr out,All,1,Ridge,80/20,0.025300480794556823,2.9328388279918585
Rg w/no norm,expr buffer only regr out,Inliers,1,Ridge,80/20,0.2151338838833592,1.9195583974824388
Rg w/no norm,expr buffer only regr out,All,1,Lasso,80/20,0.016420811945519476,2.946167855330591
Rg w/no norm,expr buffer only regr out,Inliers,1,Lasso,80/20,0.22506748798522314,1.907372337172835
Rg w/no norm,expr buffer only regr out,All,1,Kernel Ridge,80/20,0.4185984716882961,2.265118389359912
Rg w/no norm,expr buffer only regr out,Inliers,1,Kernel Ridge,80/20,-0.4808721943904237,2.636709767972712
Rg w/no norm,expr buffer only regr out,All,1,GPR,80/20,0.09717060405065481,2.822641139258679
Rg w/no norm,expr buffer only regr out,Inliers,1,GPR,80/20,-0.5189073698992714,2.670356122937836
Rg w/no norm,expr buffer only regr out,All,1,Linear,85/15,0.30589374012909387,2.6301402988125413
Rg w/no norm,expr buffer only regr out,Inliers,1,Linear,85/15,0.09830213562467094,1.9419622504733027
Rg w/no norm,expr buffer only regr out,All,1,Ridge,85/15,0.07649969289581471,3.033782606494484
Rg w/no norm,expr buffer only regr out,Inliers,1,Ridge,85/15,0.12569344281387274,1.9122388210071497
Rg w/no norm,expr buffer only regr out,All,1,Lasso,85/15,0.0670882778046824,3.0492020987750674
Rg w/no norm,expr buffer only regr out,Inliers,1,Lasso,85/15,0.1568252265540293,1.8778853126043276
Rg w/no norm,expr buffer only regr out,All,1,Kernel Ridge,85/15,0.46051153421986035,2.318766497865092
Rg w/no norm,expr buffer only regr out,Inliers,1,Kernel Ridge,85/15,-0.6319522152647188,2.6125462168304585
Rg w/no norm,expr buffer only regr out,All,1,GPR,85/15,0.08118177999453013,3.0260822928242246
Rg w/no norm,expr buffer only regr out,Inliers,1,GPR,85/15,-0.5542079173451506,2.5495575610153485
Rg w/no norm,expr buffer only regr out,All,1,Linear,90/10,-0.47346305796387766,2.4856759300223064
Rg w/no norm,expr buffer only regr out,Inliers,1,Linear,90/10,0.20970143229274307,1.858791491540517
Rg w/no norm,expr buffer only regr out,All,1,Ridge,90/10,-0.41427672596700105,2.4352417355106293
Rg w/no norm,expr buffer only regr out,Inliers,1,Ridge,90/10,0.18574991227417958,1.8867483786306276
Rg w/no norm,expr buffer only regr out,All,1,Lasso,90/10,-0.43481729721144524,2.45286238171756
Rg w/no norm,expr buffer only regr out,Inliers,1,Lasso,90/10,0.18208353214838902,1.8909914037936917
Rg w/no norm,expr buffer only regr out,All,1,Kernel Ridge,90/10,-0.016136967858831897,2.064196354531906
Rg w/no norm,expr buffer only regr out,Inliers,1,Kernel Ridge,90/10,-0.36177024134658864,2.4399841102100925
Rg w/no norm,expr buffer only regr out,All,1,GPR,90/10,-0.012635766211308797,2.060637088341941
Rg w/no norm,expr buffer only regr out,Inliers,1,GPR,90/10,-0.42728114807221274,2.4979850979972205
Rg norm w/0.427,expr buffer only regr out,All,1,Linear,80/20,0.16798956086082384,0.2979828721331495
Rg norm w/0.427,expr buffer only regr out,Inliers,1,Linear,80/20,0.15285851594353594,0.20077358051753355
Rg norm w/0.427,expr buffer only regr out,All,1,Ridge,80/20,0.06057027711187646,0.31663510469943923
Rg norm w/0.427,expr buffer only regr out,Inliers,1,Ridge,80/20,0.06552995534809092,0.2108682925607578
Rg norm w/0.427,expr buffer only regr out,All,1,Lasso,80/20,0.06164360954188319,0.3164541694747792
Rg norm w/0.427,expr buffer only regr out,Inliers,1,Lasso,80/20,0.11385794010874184,0.2053431711377631
Rg norm w/0.427,expr buffer only regr out,All,1,Kernel Ridge,80/20,-0.016475599667657548,0.32936344238839843
Rg norm w/0.427,expr buffer only regr out,Inliers,1,Kernel Ridge,80/20,-0.4985591868856425,0.2670333718218957
Rg norm w/0.427,expr buffer only regr out,All,1,GPR,80/20,0.16963252376251525,0.2976885148091386
Rg norm w/0.427,expr buffer only regr out,Inliers,1,GPR,80/20,-0.44514956293639063,0.2622315773716152
Rg norm w/0.427,expr buffer only regr out,All,1,Linear,85/15,0.2867597194374709,0.2977875421824991
Rg norm w/0.427,expr buffer only regr out,Inliers,1,Linear,85/15,-0.14228364289951312,0.19922280581506965
Rg norm w/0.427,expr buffer only regr out,All,1,Ridge,85/15,0.11156482219223185,0.3323544264543637
Rg norm w/0.427,expr buffer only regr out,Inliers,1,Ridge,85/15,-0.05200842960770058,0.19118846362817654
Rg norm w/0.427,expr buffer only regr out,All,1,Lasso,85/15,0.11031733575896474,0.33258768049967774
Rg norm w/0.427,expr buffer only regr out,Inliers,1,Lasso,85/15,-0.1119729772172704,0.19656183146357345
Rg norm w/0.427,expr buffer only regr out,All,1,Kernel Ridge,85/15,-0.021560910866399885,0.35638607575761133
Rg norm w/0.427,expr buffer only regr out,Inliers,1,Kernel Ridge,85/15,-0.5818478514474617,0.23444146569086938
Rg norm w/0.427,expr buffer only regr out,All,1,GPR,85/15,0.21995818778662612,0.31142074225143157
Rg norm w/0.427,expr buffer only regr out,Inliers,1,GPR,85/15,-0.8035410007107622,0.2503312588181704
Rg norm w/0.427,expr buffer only regr out,All,1,Linear,90/10,-1.258395158498427,0.27483740873118123
Rg norm w/0.427,expr buffer only regr out,Inliers,1,Linear,90/10,0.09054751702322827,0.18515748459782128
Rg norm w/0.427,expr buffer only regr out,All,1,Ridge,90/10,-0.39456949991905055,0.2159712587452067
Rg norm w/0.427,expr buffer only regr out,Inliers,1,Ridge,90/10,0.06317014616965833,0.18792373115853497
Rg norm w/0.427,expr buffer only regr out,All,1,Lasso,90/10,-0.38940162845844695,0.21557072380536318
Rg norm w/0.427,expr buffer only regr out,Inliers,1,Lasso,90/10,0.05981114209240368,0.18826033004248124
Rg norm w/0.427,expr buffer only regr out,All,1,Kernel Ridge,90/10,-0.12434783456842546,0.19392161620298345
Rg norm w/0.427,expr buffer only regr out,Inliers,1,Kernel Ridge,90/10,-0.5163910759280881,0.23908750261539652
Rg norm w/0.427,expr buffer only regr out,All,1,GPR,90/10,-0.1244741033127108,0.19393250498258438
Rg norm w/0.427,expr buffer only regr out,Inliers,1,GPR,90/10,-0.4686158056368057,0.2352910266057776
Rg norm w/0.427,expr buffer only regr out,All,2,Linear,80/20,-0.10675237855952768,0.34367832744821397
Rg norm w/0.427,expr buffer only regr out,Inliers,2,Linear,80/20,0.1484892442766671,0.20129067602094008
Rg norm w/0.427,expr buffer only regr out,All,2,Ridge,80/20,-0.03115024053462423,0.3317323977936799
Rg norm w/0.427,expr buffer only regr out,Inliers,2,Ridge,80/20,0.11956577225923892,0.20468077292298284
Rg norm w/0.427,expr buffer only regr out,All,2,Lasso,80/20,-0.03532290875738808,0.33240291682476913
Rg norm w/0.427,expr buffer only regr out,Inliers,2,Lasso,80/20,0.08872745215279287,0.20823452330642117
Rg norm w/0.427,expr buffer only regr out,All,2,Kernel Ridge,80/20,-0.01647002733800007,0.32936253960027745
Rg norm w/0.427,expr buffer only regr out,Inliers,2,Kernel Ridge,80/20,-0.5010382680864733,0.26725415851383694
Rg norm w/0.427,expr buffer only regr out,All,2,GPR,80/20,0.16943887937740487,0.297723223748647
Rg norm w/0.427,expr buffer only regr out,Inliers,2,GPR,80/20,-0.6522353558781655,0.28039130700950043
Rg norm w/0.427,expr buffer only regr out,All,2,Linear,85/15,0.06975151273131797,0.3400854724454939
Rg norm w/0.427,expr buffer only regr out,Inliers,2,Linear,85/15,-0.09145264130777586,0.19473971113876765
Rg norm w/0.427,expr buffer only regr out,All,2,Ridge,85/15,0.007330343726278832,0.35131036838190416
Rg norm w/0.427,expr buffer only regr out,Inliers,2,Ridge,85/15,-0.09986856017722556,0.19548906404525893
Rg norm w/0.427,expr buffer only regr out,All,2,Lasso,85/15,0.0048773024702782886,0.3517441718538107
Rg norm w/0.427,expr buffer only regr out,Inliers,2,Lasso,85/15,-0.1309419440679318,0.19823129999039113
Rg norm w/0.427,expr buffer only regr out,All,2,Kernel Ridge,85/15,-0.022130773868169307,0.35648546431182204
Rg norm w/0.427,expr buffer only regr out,Inliers,2,Kernel Ridge,85/15,-0.5848851587072352,0.234666433370581
Rg norm w/0.427,expr buffer only regr out,All,2,GPR,85/15,0.21979076778269824,0.3114541605014426
Rg norm w/0.427,expr buffer only regr out,Inliers,2,GPR,85/15,-0.8059917923600113,0.25050128585906456
Rg norm w/0.427,expr buffer only regr out,All,2,Linear,90/10,-1.187029952443198,0.27046012450370444
Rg norm w/0.427,expr buffer only regr out,Inliers,2,Linear,90/10,0.11675109927764604,0.18247056570200773
Rg norm w/0.427,expr buffer only regr out,All,2,Ridge,90/10,-0.7323513453593804,0.24070985262704211
Rg norm w/0.427,expr buffer only regr out,Inliers,2,Ridge,90/10,0.048101670978685784,0.18942903545198658
Rg norm w/0.427,expr buffer only regr out,All,2,Lasso,90/10,-0.6444030518434236,0.2345200700327584
Rg norm w/0.427,expr buffer only regr out,Inliers,2,Lasso,90/10,0.001318757419920713,0.1940281362920896
Rg norm w/0.427,expr buffer only regr out,All,2,Kernel Ridge,90/10,-0.12463849767639301,0.19394668060721912
Rg norm w/0.427,expr buffer only regr out,Inliers,2,Kernel Ridge,90/10,-0.5175847105517002,0.23918158355125732
Rg norm w/0.427,expr buffer only regr out,All,2,GPR,90/10,-0.12451127518780614,0.19393571038111515
Rg norm w/0.427,expr buffer only regr out,Inliers,2,GPR,90/10,-0.4789638426467948,0.2361185154272454
Rg norm w/0.427,expr buffer only regr out,All,1,Linear,80/20,0.16798956086082384,0.2979828721331495
Rg norm w/0.427,expr buffer only regr out,Inliers,1,Linear,80/20,0.15285851594353594,0.20077358051753355
Rg norm w/0.427,expr buffer only regr out,All,1,Ridge,80/20,0.06057027711187646,0.31663510469943923
Rg norm w/0.427,expr buffer only regr out,Inliers,1,Ridge,80/20,0.06552995534809092,0.2108682925607578
Rg norm w/0.427,expr buffer only regr out,All,1,Lasso,80/20,0.06164360954188319,0.3164541694747792
Rg norm w/0.427,expr buffer only regr out,Inliers,1,Lasso,80/20,0.11385794010874184,0.2053431711377631
Rg norm w/0.427,expr buffer only regr out,All,1,Kernel Ridge,80/20,-0.016475599667657548,0.32936344238839843
Rg norm w/0.427,expr buffer only regr out,Inliers,1,Kernel Ridge,80/20,-0.4985591868856425,0.2670333718218957
Rg norm w/0.427,expr buffer only regr out,All,1,GPR,80/20,0.1696342139255318,0.2976882118454577
Rg norm w/0.427,expr buffer only regr out,Inliers,1,GPR,80/20,-0.6528136047355961,0.2804403683519851
Rg norm w/0.427,expr buffer only regr out,All,1,Linear,85/15,0.2867597194374709,0.2977875421824991
Rg norm w/0.427,expr buffer only regr out,Inliers,1,Linear,85/15,-0.14228364289951312,0.19922280581506965
Rg norm w/0.427,expr buffer only regr out,All,1,Ridge,85/15,0.11156482219223185,0.3323544264543637
Rg norm w/0.427,expr buffer only regr out,Inliers,1,Ridge,85/15,-0.05200842960770058,0.19118846362817654
Rg norm w/0.427,expr buffer only regr out,All,1,Lasso,85/15,0.11031733575896474,0.33258768049967774
Rg norm w/0.427,expr buffer only regr out,Inliers,1,Lasso,85/15,-0.1119729772172704,0.19656183146357345
Rg norm w/0.427,expr buffer only regr out,All,1,Kernel Ridge,85/15,-0.021560910866399885,0.35638607575761133
Rg norm w/0.427,expr buffer only regr out,Inliers,1,Kernel Ridge,85/15,-0.5818478514474617,0.23444146569086938
Rg norm w/0.427,expr buffer only regr out,All,1,GPR,85/15,0.22000499505158466,0.3114113985395638
Rg norm w/0.427,expr buffer only regr out,Inliers,1,GPR,85/15,-0.45414444903266005,0.22477905873474396
Rg norm w/0.427,expr buffer only regr out,All,1,Linear,90/10,-1.258395158498427,0.27483740873118123
Rg norm w/0.427,expr buffer only regr out,Inliers,1,Linear,90/10,0.09054751702322827,0.18515748459782128
Rg norm w/0.427,expr buffer only regr out,All,1,Ridge,90/10,-0.39456949991905055,0.2159712587452067
Rg norm w/0.427,expr buffer only regr out,Inliers,1,Ridge,90/10,0.06317014616965833,0.18792373115853497
Rg norm w/0.427,expr buffer only regr out,All,1,Lasso,90/10,-0.38940162845844695,0.21557072380536318
Rg norm w/0.427,expr buffer only regr out,Inliers,1,Lasso,90/10,0.05981114209240368,0.18826033004248124
Rg norm w/0.427,expr buffer only regr out,All,1,Kernel Ridge,90/10,-0.12434783456842546,0.19392161620298345
Rg norm w/0.427,expr buffer only regr out,Inliers,1,Kernel Ridge,90/10,-0.5163910759280881,0.23908750261539652
Rg norm w/0.427,expr buffer only regr out,All,1,GPR,90/10,-0.12447405045972681,0.19393250042493754
Rg norm w/0.427,expr buffer only regr out,Inliers,1,GPR,90/10,-0.4686158349459968,0.23529102895363116
Rg norm w/0.5,expr buffer only regr out,All,1,Linear,80/20,0.08170002058171133,0.2528850575529797
Rg norm w/0.5,expr buffer only regr out,Inliers,1,Linear,80/20,0.17205649307475523,0.13925670273733223
Rg norm w/0.5,expr buffer only regr out,All,1,Ridge,80/20,0.05357715819251119,0.2567281480465918
Rg norm w/0.5,expr buffer only regr out,Inliers,1,Ridge,80/20,0.0926936835522173,0.14577824676987144
Rg norm w/0.5,expr buffer only regr out,All,1,Lasso,80/20,0.0555578762123321,0.2564593609983222
Rg norm w/0.5,expr buffer only regr out,Inliers,1,Lasso,80/20,0.1329707715781686,0.1425058276310201
Rg norm w/0.5,expr buffer only regr out,All,1,Kernel Ridge,80/20,-0.14446051961546624,0.2823132677577047
Rg norm w/0.5,expr buffer only regr out,Inliers,1,Kernel Ridge,80/20,-0.4716219430337034,0.1856580920645449
Rg norm w/0.5,expr buffer only regr out,All,1,GPR,80/20,-0.054471756666982785,0.270986937709876
Rg norm w/0.5,expr buffer only regr out,Inliers,1,GPR,80/20,-0.6303411489531188,0.1954136967724101
Rg norm w/0.5,expr buffer only regr out,All,1,Linear,85/15,0.21220339759567974,0.24530969217059306
Rg norm w/0.5,expr buffer only regr out,Inliers,1,Linear,85/15,-0.13823001327257534,0.13697961930575817
Rg norm w/0.5,expr buffer only regr out,All,1,Ridge,85/15,0.20612207276785566,0.2462546949837734
Rg norm w/0.5,expr buffer only regr out,Inliers,1,Ridge,85/15,-0.045699552182856706,0.13129385477808778
Rg norm w/0.5,expr buffer only regr out,All,1,Lasso,85/15,0.1205172827783112,0.2591918315112084
Rg norm w/0.5,expr buffer only regr out,Inliers,1,Lasso,85/15,-0.08229580835811667,0.1335715379782388
Rg norm w/0.5,expr buffer only regr out,All,1,Kernel Ridge,85/15,0.1873737231288981,0.24914552238645973
Rg norm w/0.5,expr buffer only regr out,Inliers,1,Kernel Ridge,85/15,-0.5256477031134921,0.15858717692136337
Rg norm w/0.5,expr buffer only regr out,All,1,GPR,85/15,0.006416530398983933,0.2754925344894047
Rg norm w/0.5,expr buffer only regr out,Inliers,1,GPR,85/15,-0.397097098521469,0.1517589222699844
Rg norm w/0.5,expr buffer only regr out,All,1,Linear,90/10,-0.9911718223366786,0.23985704458949011
Rg norm w/0.5,expr buffer only regr out,Inliers,1,Linear,90/10,0.06868382215477664,0.1270508167699677
Rg norm w/0.5,expr buffer only regr out,All,1,Ridge,90/10,-0.3008148055901254,0.19386787274793643
Rg norm w/0.5,expr buffer only regr out,Inliers,1,Ridge,90/10,0.04446430677996105,0.12869223548275613
Rg norm w/0.5,expr buffer only regr out,All,1,Lasso,90/10,-0.2989808717557423,0.1937311637208045
Rg norm w/0.5,expr buffer only regr out,Inliers,1,Lasso,90/10,0.07390829446520153,0.126693952466019
Rg norm w/0.5,expr buffer only regr out,All,1,Kernel Ridge,90/10,-0.19767278917946318,0.18602323841692636
Rg norm w/0.5,expr buffer only regr out,Inliers,1,Kernel Ridge,90/10,-0.5288151948206161,0.16278200110353733
Rg norm w/0.5,expr buffer only regr out,All,1,GPR,90/10,-0.19772752296438667,0.1860274890101143
Rg norm w/0.5,expr buffer only regr out,Inliers,1,GPR,90/10,-0.8269696859313893,0.17794859298908464
Rg norm w/0.5,expr buffer only regr out,All,2,Linear,80/20,-0.16570227790226189,0.284921160003791
Rg norm w/0.5,expr buffer only regr out,Inliers,2,Linear,80/20,0.16746540222113704,0.1396422702939723
Rg norm w/0.5,expr buffer only regr out,All,2,Ridge,80/20,-0.10016015075012952,0.2767953795724522
Rg norm w/0.5,expr buffer only regr out,Inliers,2,Ridge,80/20,0.13963350464902913,0.14195722478052597
Rg norm w/0.5,expr buffer only regr out,All,2,Lasso,80/20,-0.09497753656606411,0.2761426486576776
Rg norm w/0.5,expr buffer only regr out,Inliers,2,Lasso,80/20,0.11164184743245953,0.1442480004618236
Rg norm w/0.5,expr buffer only regr out,All,2,Kernel Ridge,80/20,-0.14399547264219614,0.28225590349378815
Rg norm w/0.5,expr buffer only regr out,Inliers,2,Kernel Ridge,80/20,-0.4739380959931587,0.18580413618873282
Rg norm w/0.5,expr buffer only regr out,All,2,GPR,80/20,-0.05532587580732318,0.2710966648212421
Rg norm w/0.5,expr buffer only regr out,Inliers,2,GPR,80/20,-0.42284828909859073,0.1825555553994851
Rg norm w/0.5,expr buffer only regr out,All,2,Linear,85/15,0.027198759427328634,0.27259614739153815
Rg norm w/0.5,expr buffer only regr out,Inliers,2,Linear,85/15,-0.09716360420331194,0.13448586312225666
Rg norm w/0.5,expr buffer only regr out,All,2,Ridge,85/15,0.010716337386119656,0.2748957808623914
Rg norm w/0.5,expr buffer only regr out,Inliers,2,Ridge,85/15,-0.09694806400220979,0.13447265245173454
Rg norm w/0.5,expr buffer only regr out,All,2,Lasso,85/15,0.010025862941108521,0.2749916964278916
Rg norm w/0.5,expr buffer only regr out,Inliers,2,Lasso,85/15,-0.0914738939206059,0.13413669905607317
Rg norm w/0.5,expr buffer only regr out,All,2,Kernel Ridge,85/15,0.18044293710399228,0.2502057318038082
Rg norm w/0.5,expr buffer only regr out,Inliers,2,Kernel Ridge,85/15,-0.5285225108321727,0.15873652105650077
Rg norm w/0.5,expr buffer only regr out,All,2,GPR,85/15,0.006416530317366442,0.2754925345007198
Rg norm w/0.5,expr buffer only regr out,Inliers,2,GPR,85/15,-0.4058290557521691,0.15223243563245542
Rg norm w/0.5,expr buffer only regr out,All,2,Linear,90/10,-0.8657357089601081,0.23217912552927192
Rg norm w/0.5,expr buffer only regr out,Inliers,2,Linear,90/10,0.08646287603737868,0.12583225749629165
Rg norm w/0.5,expr buffer only regr out,All,2,Ridge,90/10,-0.606528696606405,0.21544794352735888
Rg norm w/0.5,expr buffer only regr out,Inliers,2,Ridge,90/10,0.026455938236264465,0.12989926502407292
Rg norm w/0.5,expr buffer only regr out,All,2,Lasso,90/10,-0.6468920688763655,0.21813767419069735
Rg norm w/0.5,expr buffer only regr out,Inliers,2,Lasso,90/10,0.00976441961089225,0.13100810094519824
Rg norm w/0.5,expr buffer only regr out,All,2,Kernel Ridge,90/10,-0.19812883667154968,0.18605865182774534
Rg norm w/0.5,expr buffer only regr out,Inliers,2,Kernel Ridge,90/10,-0.5299481031453395,0.1628423036608645
Rg norm w/0.5,expr buffer only regr out,All,2,GPR,90/10,-0.19786449693274588,0.1860381259014094
Rg norm w/0.5,expr buffer only regr out,Inliers,2,GPR,90/10,-0.4924160998835765,0.16083251399435383
Rg norm w/0.5,expr buffer only regr out,All,1,Linear,80/20,0.08170002058171133,0.2528850575529797
Rg norm w/0.5,expr buffer only regr out,Inliers,1,Linear,80/20,0.17205649307475523,0.13925670273733223
Rg norm w/0.5,expr buffer only regr out,All,1,Ridge,80/20,0.05357715819251119,0.2567281480465918
Rg norm w/0.5,expr buffer only regr out,Inliers,1,Ridge,80/20,0.0926936835522173,0.14577824676987144
Rg norm w/0.5,expr buffer only regr out,All,1,Lasso,80/20,0.0555578762123321,0.2564593609983222
Rg norm w/0.5,expr buffer only regr out,Inliers,1,Lasso,80/20,0.1329707715781686,0.1425058276310201
Rg norm w/0.5,expr buffer only regr out,All,1,Kernel Ridge,80/20,-0.14446051961546624,0.2823132677577047
Rg norm w/0.5,expr buffer only regr out,Inliers,1,Kernel Ridge,80/20,-0.4716219430337034,0.1856580920645449
Rg norm w/0.5,expr buffer only regr out,All,1,GPR,80/20,-0.05532587646812126,0.2710966649061165
Rg norm w/0.5,expr buffer only regr out,Inliers,1,GPR,80/20,-0.6303411489527129,0.19541369677238582
Rg norm w/0.5,expr buffer only regr out,All,1,Linear,85/15,0.21220339759567974,0.24530969217059306
Rg norm w/0.5,expr buffer only regr out,Inliers,1,Linear,85/15,-0.13823001327257534,0.13697961930575817
Rg norm w/0.5,expr buffer only regr out,All,1,Ridge,85/15,0.20612207276785566,0.2462546949837734
Rg norm w/0.5,expr buffer only regr out,Inliers,1,Ridge,85/15,-0.045699552182856706,0.13129385477808778
Rg norm w/0.5,expr buffer only regr out,All,1,Lasso,85/15,0.1205172827783112,0.2591918315112084
Rg norm w/0.5,expr buffer only regr out,Inliers,1,Lasso,85/15,-0.08229580835811667,0.1335715379782388
Rg norm w/0.5,expr buffer only regr out,All,1,Kernel Ridge,85/15,0.1873737231288981,0.24914552238645973
Rg norm w/0.5,expr buffer only regr out,Inliers,1,Kernel Ridge,85/15,-0.5256477031134921,0.15858717692136337
Rg norm w/0.5,expr buffer only regr out,All,1,GPR,85/15,0.007426760760003592,0.2753524447483093
Rg norm w/0.5,expr buffer only regr out,Inliers,1,GPR,85/15,-0.7725994757403205,0.17094100250812566
Rg norm w/0.5,expr buffer only regr out,All,1,Linear,90/10,-0.9911718223366786,0.23985704458949011
Rg norm w/0.5,expr buffer only regr out,Inliers,1,Linear,90/10,0.06868382215477664,0.1270508167699677
Rg norm w/0.5,expr buffer only regr out,All,1,Ridge,90/10,-0.3008148055901254,0.19386787274793643
Rg norm w/0.5,expr buffer only regr out,Inliers,1,Ridge,90/10,0.04446430677996105,0.12869223548275613
Rg norm w/0.5,expr buffer only regr out,All,1,Lasso,90/10,-0.2989808717557423,0.1937311637208045
Rg norm w/0.5,expr buffer only regr out,Inliers,1,Lasso,90/10,0.07390829446520153,0.126693952466019
Rg norm w/0.5,expr buffer only regr out,All,1,Kernel Ridge,90/10,-0.19767278917946318,0.18602323841692636
Rg norm w/0.5,expr buffer only regr out,Inliers,1,Kernel Ridge,90/10,-0.5288151948206161,0.16278200110353733
Rg norm w/0.5,expr buffer only regr out,All,1,GPR,90/10,-0.19786449528117456,0.18603812577315815
Rg norm w/0.5,expr buffer only regr out,Inliers,1,GPR,90/10,-0.48259007530980935,0.16030218131141707
Rg norm w/0.418,expr buffer only regr out,All,1,Linear,80/20,0.21712454879507315,0.27870413026662894
Rg norm w/0.418,expr buffer only regr out,Inliers,1,Linear,80/20,0.15128924186859394,0.21011283027274646
Rg norm w/0.418,expr buffer only regr out,All,1,Ridge,80/20,0.06654035165570904,0.30433005310630656
Rg norm w/0.418,expr buffer only regr out,Inliers,1,Ridge,80/20,0.06256551411703448,0.2208224287723154
Rg norm w/0.418,expr buffer only regr out,All,1,Lasso,80/20,0.06690853764061822,0.3042700284915629
Rg norm w/0.418,expr buffer only regr out,Inliers,1,Lasso,80/20,0.11210845698361827,0.21490804772298255
Rg norm w/0.418,expr buffer only regr out,All,1,Kernel Ridge,80/20,0.07586427880851321,0.3028063275594387
Rg norm w/0.418,expr buffer only regr out,Inliers,1,Kernel Ridge,80/20,-0.501186566830274,0.2794409531596769
Rg norm w/0.418,expr buffer only regr out,All,1,GPR,80/20,0.3361121546720771,0.25665186593472283
Rg norm w/0.418,expr buffer only regr out,Inliers,1,GPR,80/20,-0.4478818779808691,0.2744348655462997
Rg norm w/0.418,expr buffer only regr out,All,1,Linear,85/15,0.31699542171636363,0.2872581967660014
Rg norm w/0.418,expr buffer only regr out,Inliers,1,Linear,85/15,-0.14153552514069867,0.20869764557001727
Rg norm w/0.418,expr buffer only regr out,All,1,Ridge,85/15,0.09908399139048396,0.3299155414784104
Rg norm w/0.418,expr buffer only regr out,Inliers,1,Ridge,85/15,-0.05160317625262123,0.20030822310361296
Rg norm w/0.418,expr buffer only regr out,All,1,Lasso,85/15,0.09708489007206078,0.330281374209718
Rg norm w/0.418,expr buffer only regr out,Inliers,1,Lasso,85/15,-0.11502764761045525,0.20626030321845765
Rg norm w/0.418,expr buffer only regr out,All,1,Kernel Ridge,85/15,0.0687195898684333,0.33542919214904504
Rg norm w/0.418,expr buffer only regr out,Inliers,1,Kernel Ridge,85/15,-0.587956842985226,0.2461456592260089
Rg norm w/0.418,expr buffer only regr out,All,1,GPR,85/15,0.36823716063577316,0.2762725020856193
Rg norm w/0.418,expr buffer only regr out,Inliers,1,GPR,85/15,-0.46057479792478095,0.23606670333899754
Rg norm w/0.418,expr buffer only regr out,All,1,Linear,90/10,-1.6388820018660812,0.24736261726660916
Rg norm w/0.418,expr buffer only regr out,Inliers,1,Linear,90/10,0.09349642322620066,0.1940291949506948
Rg norm w/0.418,expr buffer only regr out,All,1,Ridge,90/10,-0.44545717002490126,0.18307401059544495
Rg norm w/0.418,expr buffer only regr out,Inliers,1,Ridge,90/10,0.06588154486426334,0.19696238612709085
Rg norm w/0.418,expr buffer only regr out,All,1,Lasso,90/10,-0.43457300400427035,0.18238344251880545
Rg norm w/0.418,expr buffer only regr out,Inliers,1,Lasso,90/10,0.05897730610970009,0.19768893842046806
Rg norm w/0.418,expr buffer only regr out,All,1,Kernel Ridge,90/10,-0.05872624257515335,0.1566808506943788
Rg norm w/0.418,expr buffer only regr out,Inliers,1,Kernel Ridge,90/10,-0.5143559653162093,0.250781968518551
Rg norm w/0.418,expr buffer only regr out,All,1,GPR,90/10,-0.0589244600908323,0.1566955171087115
Rg norm w/0.418,expr buffer only regr out,Inliers,1,GPR,90/10,-0.4665090082633365,0.24678836926918404
Rg norm w/0.418,expr buffer only regr out,All,2,Linear,80/20,-0.056051979769042415,0.32369777546684386
Rg norm w/0.418,expr buffer only regr out,Inliers,2,Linear,80/20,0.14699538152684366,0.2106436689035409
Rg norm w/0.418,expr buffer only regr out,All,2,Ridge,80/20,-0.0028345835962937382,0.31543633534458654
Rg norm w/0.418,expr buffer only regr out,Inliers,2,Ridge,80/20,0.1179447276086909,0.21420056860602057
Rg norm w/0.418,expr buffer only regr out,All,2,Lasso,80/20,-0.0147506086433975,0.31730486256785595
Rg norm w/0.418,expr buffer only regr out,Inliers,2,Lasso,80/20,0.08675213556090844,0.21795510813928942
Rg norm w/0.418,expr buffer only regr out,All,2,Kernel Ridge,80/20,0.07552159716429696,0.3028624646344088
Rg norm w/0.418,expr buffer only regr out,Inliers,2,Kernel Ridge,80/20,-0.5036830152412668,0.279673209479896
Rg norm w/0.418,expr buffer only regr out,All,2,GPR,80/20,0.33606452262529984,0.2566610727868312
Rg norm w/0.418,expr buffer only regr out,Inliers,2,GPR,80/20,-0.6547372588746945,0.2933845516942397
Rg norm w/0.418,expr buffer only regr out,All,2,Linear,85/15,0.09556352662004042,0.33055951028369746
Rg norm w/0.418,expr buffer only regr out,Inliers,2,Linear,85/15,-0.08953079813959719,0.20388843361596287
Rg norm w/0.418,expr buffer only regr out,All,2,Ridge,85/15,0.011328849575060751,0.3456102015405922
Rg norm w/0.418,expr buffer only regr out,Inliers,2,Ridge,85/15,-0.09894437636277886,0.20476734029337024
Rg norm w/0.418,expr buffer only regr out,All,2,Lasso,85/15,0.01357014301145476,0.34521823431167686
Rg norm w/0.418,expr buffer only regr out,Inliers,2,Lasso,85/15,-0.13375618370663656,0.20798531306651605
Rg norm w/0.418,expr buffer only regr out,All,2,Kernel Ridge,85/15,0.06802847683786994,0.33555363183983694
Rg norm w/0.418,expr buffer only regr out,Inliers,2,Kernel Ridge,85/15,-0.5910102109917623,0.24638219346953197
Rg norm w/0.418,expr buffer only regr out,All,2,GPR,85/15,0.36818574584327757,0.2762837438075856
Rg norm w/0.418,expr buffer only regr out,Inliers,2,GPR,85/15,-0.47009681242104717,0.2368349552845412
Rg norm w/0.418,expr buffer only regr out,All,2,Linear,90/10,-1.6546074545187932,0.24809855605297415
Rg norm w/0.418,expr buffer only regr out,Inliers,2,Linear,90/10,0.12071308350257637,0.19109425302153052
Rg norm w/0.418,expr buffer only regr out,All,2,Ridge,90/10,-0.6551167138169582,0.1959017853769634
Rg norm w/0.418,expr buffer only regr out,Inliers,2,Ridge,90/10,0.05120129131289364,0.19850404601349916
Rg norm w/0.418,expr buffer only regr out,All,2,Lasso,90/10,-0.6905567906069667,0.19798804355152366
Rg norm w/0.418,expr buffer only regr out,Inliers,2,Lasso,90/10,0.0014596187039441766,0.20364096061290465
Rg norm w/0.418,expr buffer only regr out,All,2,Kernel Ridge,90/10,-0.05913457553736956,0.1567110623703046
Rg norm w/0.418,expr buffer only regr out,Inliers,2,Kernel Ridge,90/10,-0.5155558020584061,0.250881297160469
Rg norm w/0.418,expr buffer only regr out,All,2,GPR,90/10,-0.05899506735591009,0.15670074111566695
Rg norm w/0.418,expr buffer only regr out,Inliers,2,GPR,90/10,-0.4768981382181816,0.24766098293079553
Rg norm w/0.418,expr buffer only regr out,All,1,Linear,80/20,0.21712454879507315,0.27870413026662894
Rg norm w/0.418,expr buffer only regr out,Inliers,1,Linear,80/20,0.15128924186859394,0.21011283027274646
Rg norm w/0.418,expr buffer only regr out,All,1,Ridge,80/20,0.06654035165570904,0.30433005310630656
Rg norm w/0.418,expr buffer only regr out,Inliers,1,Ridge,80/20,0.06256551411703448,0.2208224287723154
Rg norm w/0.418,expr buffer only regr out,All,1,Lasso,80/20,0.06690853764061822,0.3042700284915629
Rg norm w/0.418,expr buffer only regr out,Inliers,1,Lasso,80/20,0.11210845698361827,0.21490804772298255
Rg norm w/0.418,expr buffer only regr out,All,1,Kernel Ridge,80/20,0.07586427880851321,0.3028063275594387
Rg norm w/0.418,expr buffer only regr out,Inliers,1,Kernel Ridge,80/20,-0.501186566830274,0.2794409531596769
Rg norm w/0.418,expr buffer only regr out,All,1,GPR,80/20,0.3360645226377843,0.25666107278441813
Rg norm w/0.418,expr buffer only regr out,Inliers,1,GPR,80/20,-0.44788268342379545,0.27443494187904266
Rg norm w/0.418,expr buffer only regr out,All,1,Linear,85/15,0.31699542171636363,0.2872581967660014
Rg norm w/0.418,expr buffer only regr out,Inliers,1,Linear,85/15,-0.14153552514069867,0.20869764557001727
Rg norm w/0.418,expr buffer only regr out,All,1,Ridge,85/15,0.09908399139048396,0.3299155414784104
Rg norm w/0.418,expr buffer only regr out,Inliers,1,Ridge,85/15,-0.05160317625262123,0.20030822310361296
Rg norm w/0.418,expr buffer only regr out,All,1,Lasso,85/15,0.09708489007206078,0.330281374209718
Rg norm w/0.418,expr buffer only regr out,Inliers,1,Lasso,85/15,-0.11502764761045525,0.20626030321845765
Rg norm w/0.418,expr buffer only regr out,All,1,Kernel Ridge,85/15,0.0687195898684333,0.33542919214904504
Rg norm w/0.418,expr buffer only regr out,Inliers,1,Kernel Ridge,85/15,-0.587956842985226,0.2461456592260089
Rg norm w/0.418,expr buffer only regr out,All,1,GPR,85/15,0.36823638817093063,0.27627267098660263
Rg norm w/0.418,expr buffer only regr out,Inliers,1,GPR,85/15,-0.4605803940682862,0.23606715557940494
Rg norm w/0.418,expr buffer only regr out,All,1,Linear,90/10,-1.6388820018660812,0.24736261726660916
Rg norm w/0.418,expr buffer only regr out,Inliers,1,Linear,90/10,0.09349642322620066,0.1940291949506948
Rg norm w/0.418,expr buffer only regr out,All,1,Ridge,90/10,-0.44545717002490126,0.18307401059544495
Rg norm w/0.418,expr buffer only regr out,Inliers,1,Ridge,90/10,0.06588154486426334,0.19696238612709085
Rg norm w/0.418,expr buffer only regr out,All,1,Lasso,90/10,-0.43457300400427035,0.18238344251880545
Rg norm w/0.418,expr buffer only regr out,Inliers,1,Lasso,90/10,0.05897730610970009,0.19768893842046806
Rg norm w/0.418,expr buffer only regr out,All,1,Kernel Ridge,90/10,-0.05872624257515335,0.1566808506943788
Rg norm w/0.418,expr buffer only regr out,Inliers,1,Kernel Ridge,90/10,-0.5143559653162093,0.250781968518551
Rg norm w/0.418,expr buffer only regr out,All,1,GPR,90/10,-0.05899506735450277,0.15670074111556284
Rg norm w/0.418,expr buffer only regr out,Inliers,1,GPR,90/10,-0.7756959280555682,0.2715605128168147
