Normlaization,Regressing out,Points,Feature Selection,Regression Type,Test Split,Test R2 Score,RMSE Score
Rg w/no norm,No regr out,All,1,Linear,80/20,-1.158511986993254,2.1862480962259547
Rg w/no norm,No regr out,Inliers,1,Linear,80/20,0.5824542972750044,1.0880434383046007
Rg w/no norm,No regr out,All,1,Ridge,80/20,0.17565931700587067,1.3510629320477239
Rg w/no norm,No regr out,Inliers,1,Ridge,80/20,0.5751799914111468,1.0974802327080146
Rg w/no norm,No regr out,All,1,Lasso,80/20,0.2781973969459849,1.2642455506851855
Rg w/no norm,No regr out,Inliers,1,Lasso,80/20,0.5967632172939068,1.0692377798734067
Rg w/no norm,No regr out,All,1,Kernel Ridge,80/20,-1.9329592312246398,2.5484447644104438
Rg w/no norm,No regr out,Inliers,1,Kernel Ridge,80/20,0.5897352758485008,1.078515306992572
Rg w/no norm,No regr out,All,1,GPR,80/20,-1.0729937688781699,2.142501872916066
Rg w/no norm,No regr out,Inliers,1,GPR,80/20,0.27559390745754275,1.4331289599983288
Rg w/no norm,No regr out,All,1,Linear,85/15,-0.7312269839930721,2.028365105014265
Rg w/no norm,No regr out,Inliers,1,Linear,85/15,0.577254921542028,0.9946477301866352
Rg w/no norm,No regr out,All,1,Ridge,85/15,0.26490176697175816,1.3217271578183944
Rg w/no norm,No regr out,Inliers,1,Ridge,85/15,0.5740160791827367,0.9984506844151796
Rg w/no norm,No regr out,All,1,Lasso,85/15,0.31600955956694743,1.2749528973294033
Rg w/no norm,No regr out,Inliers,1,Lasso,85/15,0.5826627454791784,0.9882654056271217
Rg w/no norm,No regr out,All,1,Kernel Ridge,85/15,-2.4160623982666265,2.8492596097810075
Rg w/no norm,No regr out,Inliers,1,Kernel Ridge,85/15,0.5840898975064985,0.9865741921004426
Rg w/no norm,No regr out,All,1,GPR,85/15,-1.4574505418438424,2.416637538507184
Rg w/no norm,No regr out,Inliers,1,GPR,85/15,0.0949849371463174,1.4553180623476574
Rg w/no norm,No regr out,All,1,Linear,90/10,-1.305899262959076,1.8735663489259458
Rg w/no norm,No regr out,Inliers,1,Linear,90/10,0.5262474642055441,1.032931237542854
Rg w/no norm,No regr out,All,1,Ridge,90/10,0.2555927801989981,1.0645209196614558
Rg w/no norm,No regr out,Inliers,1,Ridge,90/10,0.4978890921662753,1.0633970854064385
Rg w/no norm,No regr out,All,1,Lasso,90/10,0.27061541271339995,1.0537248039732856
Rg w/no norm,No regr out,Inliers,1,Lasso,90/10,0.5540150233634239,1.002203124354876
Rg w/no norm,No regr out,All,1,Kernel Ridge,90/10,-0.05794314010525148,1.2690539220190802
Rg w/no norm,No regr out,Inliers,1,Kernel Ridge,90/10,0.47009407628830835,1.092433538513254
Rg w/no norm,No regr out,All,1,GPR,90/10,-2.2323484501352775,2.2182372715883645
Rg w/no norm,No regr out,Inliers,1,GPR,90/10,0.10894104093958057,1.4166052865347059
Rg w/no norm,No regr out,All,2,Linear,80/20,-0.9172632287161417,2.0604547597548346
Rg w/no norm,No regr out,Inliers,2,Linear,80/20,0.587497947588014,1.0814520839485062
Rg w/no norm,No regr out,All,2,Ridge,80/20,0.033509135445650484,1.4629217222152648
Rg w/no norm,No regr out,Inliers,2,Ridge,80/20,0.5918700134280801,1.0757057186970982
Rg w/no norm,No regr out,All,2,Lasso,80/20,0.26960171646037157,1.2717509884999094
Rg w/no norm,No regr out,Inliers,2,Lasso,80/20,0.592404122290317,1.0750016145242576
Rg w/no norm,No regr out,All,2,Kernel Ridge,80/20,0.1706550371309401,1.3551576389767674
Rg w/no norm,No regr out,Inliers,2,Kernel Ridge,80/20,0.5990677223932774,1.066178045915738
Rg w/no norm,No regr out,All,2,GPR,80/20,-1.5336169987317372,2.3686052851249992
Rg w/no norm,No regr out,Inliers,2,GPR,80/20,0.2896505230794605,1.419156391489888
Rg w/no norm,No regr out,All,2,Linear,85/15,-0.746332176133697,2.0371947682753757
Rg w/no norm,No regr out,Inliers,2,Linear,85/15,0.5820216402532292,0.9890241912039568
Rg w/no norm,No regr out,All,2,Ridge,85/15,0.16727020598245657,1.4067637733576603
Rg w/no norm,No regr out,Inliers,2,Ridge,85/15,0.5884267891155136,0.9814169745160513
Rg w/no norm,No regr out,All,2,Lasso,85/15,0.39973599279925653,1.194373821259773
Rg w/no norm,No regr out,Inliers,2,Lasso,85/15,0.590589108652531,0.9788354996970461
Rg w/no norm,No regr out,All,2,Kernel Ridge,85/15,0.20504846876724647,1.3744832424116318
Rg w/no norm,No regr out,Inliers,2,Kernel Ridge,85/15,0.5985389554993061,0.9692855108736025
Rg w/no norm,No regr out,All,2,GPR,85/15,-2.122127050617543,2.7239203877713862
Rg w/no norm,No regr out,Inliers,2,GPR,85/15,0.19610370144745015,1.3716080655253537
Rg w/no norm,No regr out,All,2,Linear,90/10,-1.1632640438982622,1.8146951482998472
Rg w/no norm,No regr out,Inliers,2,Linear,90/10,0.5700428712211367,0.9840297184056185
Rg w/no norm,No regr out,All,2,Ridge,90/10,0.06817012593133909,1.1910149886520776
Rg w/no norm,No regr out,Inliers,2,Ridge,90/10,0.5509999763697604,1.0055850765399876
Rg w/no norm,No regr out,All,2,Lasso,90/10,0.3526469228216872,0.9927034256868686
Rg w/no norm,No regr out,Inliers,2,Lasso,90/10,0.5692930497427242,0.9848873913666611
Rg w/no norm,No regr out,All,2,Kernel Ridge,90/10,0.18287287777177041,1.1153051951131001
Rg w/no norm,No regr out,Inliers,2,Kernel Ridge,90/10,0.5008982129185817,1.060205859329492
Rg w/no norm,No regr out,All,2,GPR,90/10,-3.1518447923581583,2.5140242770264725
Rg w/no norm,No regr out,Inliers,2,GPR,90/10,0.222191395724873,1.32352457358808
Rg w/no norm,No regr out,All,1,Linear,80/20,-1.158511986993254,2.1862480962259547
Rg w/no norm,No regr out,Inliers,1,Linear,80/20,0.5824542972750044,1.0880434383046007
Rg w/no norm,No regr out,All,1,Ridge,80/20,0.17565931700587067,1.3510629320477239
Rg w/no norm,No regr out,Inliers,1,Ridge,80/20,0.5751799914111468,1.0974802327080146
Rg w/no norm,No regr out,All,1,Lasso,80/20,0.2781973969459849,1.2642455506851855
Rg w/no norm,No regr out,Inliers,1,Lasso,80/20,0.5967632172939068,1.0692377798734067
Rg w/no norm,No regr out,All,1,Kernel Ridge,80/20,-1.9329592312246398,2.5484447644104438
Rg w/no norm,No regr out,Inliers,1,Kernel Ridge,80/20,0.5897352758485008,1.078515306992572
Rg w/no norm,No regr out,All,1,GPR,80/20,-1.0629710170886195,2.137316188398833
Rg w/no norm,No regr out,Inliers,1,GPR,80/20,0.27557346965613805,1.4331491764202953
Rg w/no norm,No regr out,All,1,Linear,85/15,-0.7312269839930721,2.028365105014265
Rg w/no norm,No regr out,Inliers,1,Linear,85/15,0.577254921542028,0.9946477301866352
Rg w/no norm,No regr out,All,1,Ridge,85/15,0.26490176697175816,1.3217271578183944
Rg w/no norm,No regr out,Inliers,1,Ridge,85/15,0.5740160791827367,0.9984506844151796
Rg w/no norm,No regr out,All,1,Lasso,85/15,0.31600955956694743,1.2749528973294033
Rg w/no norm,No regr out,Inliers,1,Lasso,85/15,0.5826627454791784,0.9882654056271217
Rg w/no norm,No regr out,All,1,Kernel Ridge,85/15,-2.4160623982666265,2.8492596097810075
Rg w/no norm,No regr out,Inliers,1,Kernel Ridge,85/15,0.5840898975064985,0.9865741921004426
Rg w/no norm,No regr out,All,1,GPR,85/15,-1.45729366361926,2.4165604008698747
Rg w/no norm,No regr out,Inliers,1,GPR,85/15,0.09499061497978445,1.4553134971934965
Rg w/no norm,No regr out,All,1,Linear,90/10,-1.305899262959076,1.8735663489259458
Rg w/no norm,No regr out,Inliers,1,Linear,90/10,0.5262474642055441,1.032931237542854
Rg w/no norm,No regr out,All,1,Ridge,90/10,0.2555927801989981,1.0645209196614558
Rg w/no norm,No regr out,Inliers,1,Ridge,90/10,0.4978890921662753,1.0633970854064385
Rg w/no norm,No regr out,All,1,Lasso,90/10,0.27061541271339995,1.0537248039732856
Rg w/no norm,No regr out,Inliers,1,Lasso,90/10,0.5540150233634239,1.002203124354876
Rg w/no norm,No regr out,All,1,Kernel Ridge,90/10,-0.05794314010525148,1.2690539220190802
Rg w/no norm,No regr out,Inliers,1,Kernel Ridge,90/10,0.47009407628830835,1.092433538513254
Rg w/no norm,No regr out,All,1,GPR,90/10,-2.299692428212553,2.2412259499955343
Rg w/no norm,No regr out,Inliers,1,GPR,90/10,0.10872245008315706,1.416779033721152
Rg norm w/0.427,No regr out,All,1,Linear,80/20,-5.090006367131706,0.2598839311859064
Rg norm w/0.427,No regr out,Inliers,1,Linear,80/20,-0.14312205268844447,0.09944549742965281
Rg norm w/0.427,No regr out,All,1,Ridge,80/20,-0.4040698996850425,0.12478572850196828
Rg norm w/0.427,No regr out,Inliers,1,Ridge,80/20,-0.010227446532656614,0.09348639322238197
Rg norm w/0.427,No regr out,All,1,Lasso,80/20,-0.34997858407194826,0.12235845757211884
Rg norm w/0.427,No regr out,Inliers,1,Lasso,80/20,0.06848903427819109,0.08977032733879632
Rg norm w/0.427,No regr out,All,1,Kernel Ridge,80/20,0.08119759911638758,0.10094425680491056
Rg norm w/0.427,No regr out,Inliers,1,Kernel Ridge,80/20,-0.3188142752673597,0.10681460594119452
Rg norm w/0.427,No regr out,All,1,GPR,80/20,-3.7138216746065353,0.22864258878733784
Rg norm w/0.427,No regr out,Inliers,1,GPR,80/20,-1.4761119082639977,0.14636052455171375
Rg norm w/0.427,No regr out,All,1,Linear,85/15,-5.008258521571116,0.2354338609224419
Rg norm w/0.427,No regr out,Inliers,1,Linear,85/15,-0.3157596834407539,0.0989077081383885
Rg norm w/0.427,No regr out,All,1,Ridge,85/15,-0.3217935339563731,0.11042729418504119
Rg norm w/0.427,No regr out,Inliers,1,Ridge,85/15,-0.11808092970782802,0.09117556667251
Rg norm w/0.427,No regr out,All,1,Lasso,85/15,-0.20745757164205436,0.10554327320858303
Rg norm w/0.427,No regr out,Inliers,1,Lasso,85/15,0.013921801904973274,0.08562439769300385
Rg norm w/0.427,No regr out,All,1,Kernel Ridge,85/15,0.0028747737065165646,0.09591123230600111
Rg norm w/0.427,No regr out,Inliers,1,Kernel Ridge,85/15,-0.579293881053025,0.10836108066487476
Rg norm w/0.427,No regr out,All,1,GPR,85/15,-6.545175835550763,0.2638331130069057
Rg norm w/0.427,No regr out,Inliers,1,GPR,85/15,-2.3873832406182642,0.15869893723528952
Rg norm w/0.427,No regr out,All,1,Linear,90/10,-4.552516084586805,0.2133278440829264
Rg norm w/0.427,No regr out,Inliers,1,Linear,90/10,-0.07010222676242028,0.08641937217552863
Rg norm w/0.427,No regr out,All,1,Ridge,90/10,-0.20943788606416724,0.09956218432473912
Rg norm w/0.427,No regr out,Inliers,1,Ridge,90/10,-0.1379353151403213,0.08911632339943451
Rg norm w/0.427,No regr out,All,1,Lasso,90/10,-0.21464051400055784,0.09977609739527397
Rg norm w/0.427,No regr out,Inliers,1,Lasso,90/10,-0.12471821614479905,0.08859726951970012
Rg norm w/0.427,No regr out,All,1,Kernel Ridge,90/10,0.024788708771559365,0.08940297941713207
Rg norm w/0.427,No regr out,Inliers,1,Kernel Ridge,90/10,-0.6141714967272482,0.10613858906510902
Rg norm w/0.427,No regr out,All,1,GPR,90/10,-7.975502953208585,0.27122644320933115
Rg norm w/0.427,No regr out,Inliers,1,GPR,90/10,-2.3230305298385403,0.1522879844124988
Rg norm w/0.427,No regr out,All,2,Linear,80/20,-4.077023851621776,0.23728766136977922
Rg norm w/0.427,No regr out,Inliers,2,Linear,80/20,-0.14439810922807683,0.09950098699133147
Rg norm w/0.427,No regr out,All,2,Ridge,80/20,-0.35189485395560327,0.12244526957117871
Rg norm w/0.427,No regr out,Inliers,2,Ridge,80/20,-0.12409838014576402,0.09861454696399416
Rg norm w/0.427,No regr out,All,2,Lasso,80/20,-0.34997858407194826,0.12235845757211884
Rg norm w/0.427,No regr out,Inliers,2,Lasso,80/20,-0.09780950584090853,0.09745459397122604
Rg norm w/0.427,No regr out,All,2,Kernel Ridge,80/20,0.11773998073501024,0.09891652565021723
Rg norm w/0.427,No regr out,Inliers,2,Kernel Ridge,80/20,0.007011194587765002,0.09268532969920755
Rg norm w/0.427,No regr out,All,2,GPR,80/20,-5.537052025527372,0.2692536038779825
Rg norm w/0.427,No regr out,Inliers,2,GPR,80/20,-1.3477981328090691,0.1425178294332083
Rg norm w/0.427,No regr out,All,2,Linear,85/15,-5.1904952611976025,0.2389776669442246
Rg norm w/0.427,No regr out,Inliers,2,Linear,85/15,-0.28933472349670364,0.0979094679651531
Rg norm w/0.427,No regr out,All,2,Ridge,85/15,-0.29932888164173277,0.10948488467869653
Rg norm w/0.427,No regr out,Inliers,2,Ridge,85/15,-0.2890785325679932,0.09789974017173432
Rg norm w/0.427,No regr out,All,2,Lasso,85/15,-0.20745757164205436,0.10554327320858303
Rg norm w/0.427,No regr out,Inliers,2,Lasso,85/15,-0.2273466987251942,0.09552685515847
Rg norm w/0.427,No regr out,All,2,Kernel Ridge,85/15,0.06858406215452806,0.09269716491754411
Rg norm w/0.427,No regr out,Inliers,2,Kernel Ridge,85/15,-0.06439976632779332,0.08895988983755454
Rg norm w/0.427,No regr out,All,2,GPR,85/15,-9.647124245030614,0.31340850675673393
Rg norm w/0.427,No regr out,Inliers,2,GPR,85/15,-2.090882370703451,0.15159437607280735
Rg norm w/0.427,No regr out,All,2,Linear,90/10,-4.170643723803292,0.2058614080184574
Rg norm w/0.427,No regr out,Inliers,2,Linear,90/10,-0.09430066159335215,0.08739101911090327
Rg norm w/0.427,No regr out,All,2,Ridge,90/10,-0.19183597661391816,0.0988350251525601
Rg norm w/0.427,No regr out,Inliers,2,Ridge,90/10,-0.14571747985064976,0.08942053059798345
Rg norm w/0.427,No regr out,All,2,Lasso,90/10,-0.21464051400055784,0.09977609739527397
Rg norm w/0.427,No regr out,Inliers,2,Lasso,90/10,-0.10764798477971693,0.08792236344411519
Rg norm w/0.427,No regr out,All,2,Kernel Ridge,90/10,0.0199982021377757,0.08962229644797913
Rg norm w/0.427,No regr out,Inliers,2,Kernel Ridge,90/10,-0.18829906521863027,0.09106706727008015
Rg norm w/0.427,No regr out,All,2,GPR,90/10,-10.766175541831963,0.3105419626228746
Rg norm w/0.427,No regr out,Inliers,2,GPR,90/10,-1.9744653606951803,0.14407974489400055
Rg norm w/0.427,No regr out,All,1,Linear,80/20,-5.090006367131706,0.2598839311859064
Rg norm w/0.427,No regr out,Inliers,1,Linear,80/20,-0.14312205268844447,0.09944549742965281
Rg norm w/0.427,No regr out,All,1,Ridge,80/20,-0.4040698996850425,0.12478572850196828
Rg norm w/0.427,No regr out,Inliers,1,Ridge,80/20,-0.010227446532656614,0.09348639322238197
Rg norm w/0.427,No regr out,All,1,Lasso,80/20,-0.34997858407194826,0.12235845757211884
Rg norm w/0.427,No regr out,Inliers,1,Lasso,80/20,0.06848903427819109,0.08977032733879632
Rg norm w/0.427,No regr out,All,1,Kernel Ridge,80/20,0.08119759911638758,0.10094425680491056
Rg norm w/0.427,No regr out,Inliers,1,Kernel Ridge,80/20,-0.3188142752673597,0.10681460594119452
Rg norm w/0.427,No regr out,All,1,GPR,80/20,-3.7152036687785976,0.22867610294957272
Rg norm w/0.427,No regr out,Inliers,1,GPR,80/20,-1.4761119082639977,0.14636052455171375
Rg norm w/0.427,No regr out,All,1,Linear,85/15,-5.008258521571116,0.2354338609224419
Rg norm w/0.427,No regr out,Inliers,1,Linear,85/15,-0.3157596834407539,0.0989077081383885
Rg norm w/0.427,No regr out,All,1,Ridge,85/15,-0.3217935339563731,0.11042729418504119
Rg norm w/0.427,No regr out,Inliers,1,Ridge,85/15,-0.11808092970782802,0.09117556667251
Rg norm w/0.427,No regr out,All,1,Lasso,85/15,-0.20745757164205436,0.10554327320858303
Rg norm w/0.427,No regr out,Inliers,1,Lasso,85/15,0.013921801904973274,0.08562439769300385
Rg norm w/0.427,No regr out,All,1,Kernel Ridge,85/15,0.0028747737065165646,0.09591123230600111
Rg norm w/0.427,No regr out,Inliers,1,Kernel Ridge,85/15,-0.579293881053025,0.10836108066487476
Rg norm w/0.427,No regr out,All,1,GPR,85/15,-6.545072061596315,0.2638312986622046
Rg norm w/0.427,No regr out,Inliers,1,GPR,85/15,-2.387386162883324,0.15869900568934775
Rg norm w/0.427,No regr out,All,1,Linear,90/10,-4.552516084586805,0.2133278440829264
Rg norm w/0.427,No regr out,Inliers,1,Linear,90/10,-0.07010222676242028,0.08641937217552863
Rg norm w/0.427,No regr out,All,1,Ridge,90/10,-0.20943788606416724,0.09956218432473912
Rg norm w/0.427,No regr out,Inliers,1,Ridge,90/10,-0.1379353151403213,0.08911632339943451
Rg norm w/0.427,No regr out,All,1,Lasso,90/10,-0.21464051400055784,0.09977609739527397
Rg norm w/0.427,No regr out,Inliers,1,Lasso,90/10,-0.12471821614479905,0.08859726951970012
Rg norm w/0.427,No regr out,All,1,Kernel Ridge,90/10,0.024788708771559365,0.08940297941713207
Rg norm w/0.427,No regr out,Inliers,1,Kernel Ridge,90/10,-0.6141714967272482,0.10613858906510902
Rg norm w/0.427,No regr out,All,1,GPR,90/10,-7.971843209427361,0.27117114154549726
Rg norm w/0.427,No regr out,Inliers,1,GPR,90/10,-2.323028013693829,0.15228792675749447
Rg norm w/0.5,No regr out,All,1,Linear,80/20,-5.051380622511726,0.2716797083993559
Rg norm w/0.5,No regr out,Inliers,1,Linear,80/20,-0.2597018010484837,0.06937086987057167
Rg norm w/0.5,No regr out,All,1,Ridge,80/20,-0.40150926219794547,0.13074586222061269
Rg norm w/0.5,No regr out,Inliers,1,Ridge,80/20,-0.08436082951021873,0.06436209555091801
Rg norm w/0.5,No regr out,All,1,Lasso,80/20,-0.3451386171029449,0.12808948742459572
Rg norm w/0.5,No regr out,Inliers,1,Lasso,80/20,0.054442377710748,0.060101770409042146
Rg norm w/0.5,No regr out,All,1,Kernel Ridge,80/20,0.08342718452486375,0.10573370572604637
Rg norm w/0.5,No regr out,Inliers,1,Kernel Ridge,80/20,-0.3848393120959137,0.07273491857269185
Rg norm w/0.5,No regr out,All,1,GPR,80/20,-3.693909924711381,0.23927500994772222
Rg norm w/0.5,No regr out,Inliers,1,GPR,80/20,-1.691815299735672,0.10140652342359194
Rg norm w/0.5,No regr out,All,1,Linear,85/15,-4.922552971251422,0.2461665030902093
Rg norm w/0.5,No regr out,Inliers,1,Linear,85/15,-0.45631133937329205,0.06961401720527514
Rg norm w/0.5,No regr out,All,1,Ridge,85/15,-0.3182097792277552,0.11613596797255986
Rg norm w/0.5,No regr out,Inliers,1,Ridge,85/15,-0.020845372245477334,0.05828402863283274
Rg norm w/0.5,No regr out,All,1,Lasso,85/15,-0.20477054916848791,0.11102650036665708
Rg norm w/0.5,No regr out,Inliers,1,Lasso,85/15,0.05114991539934566,0.056191209598535734
Rg norm w/0.5,No regr out,All,1,Kernel Ridge,85/15,0.003515471703361195,0.100974046201882
Rg norm w/0.5,No regr out,Inliers,1,Kernel Ridge,85/15,-0.6369268069143217,0.07380473261121456
Rg norm w/0.5,No regr out,All,1,GPR,85/15,-6.433871671650715,0.27579221912829466
Rg norm w/0.5,No regr out,Inliers,1,GPR,85/15,-2.677222629074692,0.11061895277761992
Rg norm w/0.5,No regr out,All,1,Linear,90/10,-4.5364286049844695,0.2231817263003471
Rg norm w/0.5,No regr out,Inliers,1,Linear,90/10,-0.22973965192199186,0.058950845853508925
Rg norm w/0.5,No regr out,All,1,Ridge,90/10,-0.21246272879535533,0.10444267324394106
Rg norm w/0.5,No regr out,Inliers,1,Ridge,90/10,-0.26268502210960043,0.05973528870778431
Rg norm w/0.5,No regr out,All,1,Lasso,90/10,-0.21532323997439895,0.10456580421625057
Rg norm w/0.5,No regr out,Inliers,1,Lasso,90/10,-0.2219015780872282,0.058762676062899664
Rg norm w/0.5,No regr out,All,1,Kernel Ridge,90/10,0.023701866546788852,0.09372058916579727
Rg norm w/0.5,No regr out,Inliers,1,Kernel Ridge,90/10,-1.291874080863594,0.08047830652965744
Rg norm w/0.5,No regr out,All,1,GPR,90/10,-7.901043701042351,0.282985541771934
Rg norm w/0.5,No regr out,Inliers,1,GPR,90/10,-2.919945947060084,0.10525033620966052
Rg norm w/0.5,No regr out,All,2,Linear,80/20,-4.0471227386336235,0.24811435998632864
Rg norm w/0.5,No regr out,Inliers,2,Linear,80/20,-0.24430871485514816,0.06894572401884254
Rg norm w/0.5,No regr out,All,2,Ridge,80/20,-0.35088203117783934,0.12836265159655116
Rg norm w/0.5,No regr out,Inliers,2,Ridge,80/20,-0.2203239784749771,0.06827800729234645
Rg norm w/0.5,No regr out,All,2,Lasso,80/20,-0.3451386171029449,0.12808948742459572
Rg norm w/0.5,No regr out,Inliers,2,Lasso,80/20,-0.1674373021285167,0.06678209639365795
Rg norm w/0.5,No regr out,All,2,Kernel Ridge,80/20,0.11907406096925621,0.10365724603674527
Rg norm w/0.5,No regr out,Inliers,2,Kernel Ridge,80/20,-0.05048955910113384,0.06334890834365388
Rg norm w/0.5,No regr out,All,2,GPR,80/20,-5.473858353031849,0.2810033929210958
Rg norm w/0.5,No regr out,Inliers,2,GPR,80/20,-1.554543944859771,0.09878703580723425
Rg norm w/0.5,No regr out,All,2,Linear,85/15,-5.100907645504252,0.24984559960702643
Rg norm w/0.5,No regr out,Inliers,2,Linear,85/15,-0.40144896535651187,0.06829017479496689
Rg norm w/0.5,No regr out,All,2,Ridge,85/15,-0.29722872669077205,0.11520803204532794
Rg norm w/0.5,No regr out,Inliers,2,Ridge,85/15,-0.0393211967203162,0.05880909186674624
Rg norm w/0.5,No regr out,All,2,Lasso,85/15,-0.20477054916848791,0.11102650036665708
Rg norm w/0.5,No regr out,Inliers,2,Lasso,85/15,0.05114991539934566,0.056191209598535734
Rg norm w/0.5,No regr out,All,2,Kernel Ridge,85/15,0.07286567343471484,0.09739705154825781
Rg norm w/0.5,No regr out,Inliers,2,Kernel Ridge,85/15,-0.12007424021395119,0.06105102859066001
Rg norm w/0.5,No regr out,All,2,GPR,85/15,-9.474370850927382,0.3273696790407684
Rg norm w/0.5,No regr out,Inliers,2,GPR,85/15,-2.390728376399544,0.10622239300939386
Rg norm w/0.5,No regr out,All,2,Linear,90/10,-4.155910923331747,0.2153755915995734
Rg norm w/0.5,No regr out,Inliers,2,Linear,90/10,-0.27813833564756796,0.06009971092196915
Rg norm w/0.5,No regr out,All,2,Ridge,90/10,-0.19722225651293623,0.10378418315305661
Rg norm w/0.5,No regr out,Inliers,2,Ridge,90/10,-0.2697171994317715,0.059901397394152775
Rg norm w/0.5,No regr out,All,2,Lasso,90/10,-0.21532323997439895,0.10456580421625057
Rg norm w/0.5,No regr out,Inliers,2,Lasso,90/10,-0.2589139249115249,0.05964602019588098
Rg norm w/0.5,No regr out,All,2,Kernel Ridge,90/10,0.018534858479708927,0.09396826761044286
Rg norm w/0.5,No regr out,Inliers,2,Kernel Ridge,90/10,-0.3732313715779909,0.06229530417613132
Rg norm w/0.5,No regr out,All,2,GPR,90/10,-10.667587406391005,0.3239920189113491
Rg norm w/0.5,No regr out,Inliers,2,GPR,90/10,-2.54762279460644,0.10012722291417762
Rg norm w/0.5,No regr out,All,1,Linear,80/20,-5.051380622511726,0.2716797083993559
Rg norm w/0.5,No regr out,Inliers,1,Linear,80/20,-0.2597018010484837,0.06937086987057167
Rg norm w/0.5,No regr out,All,1,Ridge,80/20,-0.40150926219794547,0.13074586222061269
Rg norm w/0.5,No regr out,Inliers,1,Ridge,80/20,-0.08436082951021873,0.06436209555091801
Rg norm w/0.5,No regr out,All,1,Lasso,80/20,-0.3451386171029449,0.12808948742459572
Rg norm w/0.5,No regr out,Inliers,1,Lasso,80/20,0.054442377710748,0.060101770409042146
Rg norm w/0.5,No regr out,All,1,Kernel Ridge,80/20,0.08342718452486375,0.10573370572604637
Rg norm w/0.5,No regr out,Inliers,1,Kernel Ridge,80/20,-0.3848393120959137,0.07273491857269185
Rg norm w/0.5,No regr out,All,1,GPR,80/20,-3.693909924711381,0.23927500994772222
Rg norm w/0.5,No regr out,Inliers,1,GPR,80/20,-1.691815317176324,0.10140652375210554
Rg norm w/0.5,No regr out,All,1,Linear,85/15,-4.922552971251422,0.2461665030902093
Rg norm w/0.5,No regr out,Inliers,1,Linear,85/15,-0.45631133937329205,0.06961401720527514
Rg norm w/0.5,No regr out,All,1,Ridge,85/15,-0.3182097792277552,0.11613596797255986
Rg norm w/0.5,No regr out,Inliers,1,Ridge,85/15,-0.020845372245477334,0.05828402863283274
Rg norm w/0.5,No regr out,All,1,Lasso,85/15,-0.20477054916848791,0.11102650036665708
Rg norm w/0.5,No regr out,Inliers,1,Lasso,85/15,0.05114991539934566,0.056191209598535734
Rg norm w/0.5,No regr out,All,1,Kernel Ridge,85/15,0.003515471703361195,0.100974046201882
Rg norm w/0.5,No regr out,Inliers,1,Kernel Ridge,85/15,-0.6369268069143217,0.07380473261121456
Rg norm w/0.5,No regr out,All,1,GPR,85/15,-6.4355049009529885,0.27582251338249625
Rg norm w/0.5,No regr out,Inliers,1,GPR,85/15,-2.677222787104439,0.11061895515456126
Rg norm w/0.5,No regr out,All,1,Linear,90/10,-4.5364286049844695,0.2231817263003471
Rg norm w/0.5,No regr out,Inliers,1,Linear,90/10,-0.22973965192199186,0.058950845853508925
Rg norm w/0.5,No regr out,All,1,Ridge,90/10,-0.21246272879535533,0.10444267324394106
Rg norm w/0.5,No regr out,Inliers,1,Ridge,90/10,-0.26268502210960043,0.05973528870778431
Rg norm w/0.5,No regr out,All,1,Lasso,90/10,-0.21532323997439895,0.10456580421625057
Rg norm w/0.5,No regr out,Inliers,1,Lasso,90/10,-0.2219015780872282,0.058762676062899664
Rg norm w/0.5,No regr out,All,1,Kernel Ridge,90/10,0.023701866546788852,0.09372058916579727
Rg norm w/0.5,No regr out,Inliers,1,Kernel Ridge,90/10,-1.291874080863594,0.08047830652965744
Rg norm w/0.5,No regr out,All,1,GPR,90/10,-7.901693928284564,0.2829958777254635
Rg norm w/0.5,No regr out,Inliers,1,GPR,90/10,-2.91994587232059,0.10525033520628485
Rg norm w/0.418,No regr out,All,1,Linear,80/20,-5.131429504127257,0.181668525407153
Rg norm w/0.418,No regr out,Inliers,1,Linear,80/20,-0.12170725099566271,0.1040661235889362
Rg norm w/0.418,No regr out,All,1,Ridge,80/20,-0.38361702344834403,0.08629919999496696
Rg norm w/0.418,No regr out,Inliers,1,Ridge,80/20,0.005097652984627388,0.09800761970131358
Rg norm w/0.418,No regr out,All,1,Lasso,80/20,-0.3758821046525338,0.0860576400743803
Rg norm w/0.418,No regr out,Inliers,1,Lasso,80/20,0.07665216334556524,0.09441745326668163
Rg norm w/0.418,No regr out,All,1,Kernel Ridge,80/20,-0.0700927604958077,0.07589436547755414
Rg norm w/0.418,No regr out,Inliers,1,Kernel Ridge,80/20,0.017695304308437576,0.09738514697229032
Rg norm w/0.418,No regr out,All,1,GPR,80/20,-3.7684744176554075,0.16020960509100016
Rg norm w/0.418,No regr out,Inliers,1,GPR,80/20,-1.4319803636953994,0.15323206206832002
Rg norm w/0.418,No regr out,All,1,Linear,85/15,-5.363540413382266,0.1644264118932369
Rg norm w/0.418,No regr out,Inliers,1,Linear,85/15,-0.2900442719847496,0.10337730937134175
Rg norm w/0.418,No regr out,All,1,Ridge,85/15,-0.29667103919551185,0.07422275697492102
Rg norm w/0.418,No regr out,Inliers,1,Ridge,85/15,-0.10042918131179723,0.09547814360648565
Rg norm w/0.418,No regr out,All,1,Lasso,85/15,-0.21829775315598465,0.07194471525903536
Rg norm w/0.418,No regr out,Inliers,1,Lasso,85/15,0.019437924661218298,0.09012815135914774
Rg norm w/0.418,No regr out,All,1,Kernel Ridge,85/15,0.007685627823357355,0.06493021145331565
Rg norm w/0.418,No regr out,Inliers,1,Kernel Ridge,85/15,-0.559659606605837,0.11366789812990652
Rg norm w/0.418,No regr out,All,1,GPR,85/15,-7.074333993215378,0.185214733656141
Rg norm w/0.418,No regr out,Inliers,1,GPR,85/15,-2.3269611131677572,0.1660147896425747
Rg norm w/0.418,No regr out,All,1,Linear,90/10,-4.376592839988558,0.14824786520984698
Rg norm w/0.418,No regr out,Inliers,1,Linear,90/10,-0.047433435671660584,0.09068904489353179
Rg norm w/0.418,No regr out,All,1,Ridge,90/10,-0.1440639715355656,0.06838487038135739
Rg norm w/0.418,No regr out,Inliers,1,Ridge,90/10,-0.11900762768276185,0.09373637081560937
Rg norm w/0.418,No regr out,All,1,Lasso,90/10,-0.19983405449939284,0.07003182847999732
Rg norm w/0.418,No regr out,Inliers,1,Lasso,90/10,-0.10530461015031611,0.09316066977855418
Rg norm w/0.418,No regr out,All,1,Kernel Ridge,90/10,0.041447720735615645,0.06259545139382021
Rg norm w/0.418,No regr out,Inliers,1,Kernel Ridge,90/10,-0.574252802935217,0.11118055793769197
Rg norm w/0.418,No regr out,All,1,GPR,90/10,-8.093995175497069,0.19280231012218618
Rg norm w/0.418,No regr out,Inliers,1,GPR,90/10,-2.2378080188136793,0.15944729601729063
Rg norm w/0.418,No regr out,All,2,Linear,80/20,-4.098886832210708,0.16566719076344202
Rg norm w/0.418,No regr out,Inliers,2,Linear,80/20,-0.12424379876922997,0.1041837209533173
Rg norm w/0.418,No regr out,All,2,Ridge,80/20,-0.3220852829404137,0.08435844327420666
Rg norm w/0.418,No regr out,Inliers,2,Ridge,80/20,-0.10454728319852746,0.10326704976997078
Rg norm w/0.418,No regr out,All,2,Lasso,80/20,-0.3758821046525338,0.0860576400743803
Rg norm w/0.418,No regr out,Inliers,2,Lasso,80/20,-0.08090587112451808,0.10215592294850996
Rg norm w/0.418,No regr out,All,2,Kernel Ridge,80/20,-0.06806824209621198,0.075822538862805
Rg norm w/0.418,No regr out,Inliers,2,Kernel Ridge,80/20,0.020821786218456095,0.09723004461084965
Rg norm w/0.418,No regr out,All,2,GPR,80/20,-5.702177748360585,0.18993578331058864
Rg norm w/0.418,No regr out,Inliers,2,GPR,80/20,-1.3060136793460533,0.14921090125641512
Rg norm w/0.418,No regr out,All,2,Linear,85/15,-5.566040669151214,0.16702210799582673
Rg norm w/0.418,No regr out,Inliers,2,Linear,85/15,-0.2662884968333219,0.10242105569023155
Rg norm w/0.418,No regr out,All,2,Ridge,85/15,-0.26415887198064913,0.07328633524624831
Rg norm w/0.418,No regr out,Inliers,2,Ridge,85/15,-0.26604013285320627,0.10241101100115274
Rg norm w/0.418,No regr out,All,2,Lasso,85/15,-0.21829775315598465,0.07194471525903536
Rg norm w/0.418,No regr out,Inliers,2,Lasso,85/15,-0.20859695314822613,0.1000607294588571
Rg norm w/0.418,No regr out,All,2,Kernel Ridge,85/15,0.005742703613007327,0.06499374615158382
Rg norm w/0.418,No regr out,Inliers,2,Kernel Ridge,85/15,-0.05003423817458108,0.09326627834361494
Rg norm w/0.418,No regr out,All,2,GPR,85/15,-10.505606449842888,0.2210939882608646
Rg norm w/0.418,No regr out,Inliers,2,GPR,85/15,-2.0319855602111723,0.15848438591978498
Rg norm w/0.418,No regr out,All,2,Linear,90/10,-4.006432155515016,0.14305368222920742
Rg norm w/0.418,No regr out,Inliers,2,Linear,90/10,-0.06823529595034561,0.09158515258142422
Rg norm w/0.418,No regr out,All,2,Ridge,90/10,-0.10987788928616316,0.06735540832625042
Rg norm w/0.418,No regr out,Inliers,2,Ridge,90/10,-0.11821115375871871,0.09370300559857704
Rg norm w/0.418,No regr out,All,2,Lasso,90/10,-0.19983405449939284,0.07003182847999732
Rg norm w/0.418,No regr out,Inliers,2,Lasso,90/10,-0.0828579186927696,0.09220985729472991
Rg norm w/0.418,No regr out,All,2,Kernel Ridge,90/10,0.03906406043533639,0.06267323204904394
Rg norm w/0.418,No regr out,Inliers,2,Kernel Ridge,90/10,-0.16167283045779057,0.09550663143284611
Rg norm w/0.418,No regr out,All,2,GPR,90/10,-10.974953981777576,0.22124415198626754
Rg norm w/0.418,No regr out,Inliers,2,GPR,90/10,-1.8946725441608905,0.15076180640290476
Rg norm w/0.418,No regr out,All,1,Linear,80/20,-5.131429504127257,0.181668525407153
Rg norm w/0.418,No regr out,Inliers,1,Linear,80/20,-0.12170725099566271,0.1040661235889362
Rg norm w/0.418,No regr out,All,1,Ridge,80/20,-0.38361702344834403,0.08629919999496696
Rg norm w/0.418,No regr out,Inliers,1,Ridge,80/20,0.005097652984627388,0.09800761970131358
Rg norm w/0.418,No regr out,All,1,Lasso,80/20,-0.3758821046525338,0.0860576400743803
Rg norm w/0.418,No regr out,Inliers,1,Lasso,80/20,0.07665216334556524,0.09441745326668163
Rg norm w/0.418,No regr out,All,1,Kernel Ridge,80/20,-0.0700927604958077,0.07589436547755414
Rg norm w/0.418,No regr out,Inliers,1,Kernel Ridge,80/20,0.017695304308437576,0.09738514697229032
Rg norm w/0.418,No regr out,All,1,GPR,80/20,-3.768598666304503,0.16021169230963603
Rg norm w/0.418,No regr out,Inliers,1,GPR,80/20,-1.4319798150972116,0.153232044785525
Rg norm w/0.418,No regr out,All,1,Linear,85/15,-5.363540413382266,0.1644264118932369
Rg norm w/0.418,No regr out,Inliers,1,Linear,85/15,-0.2900442719847496,0.10337730937134175
Rg norm w/0.418,No regr out,All,1,Ridge,85/15,-0.29667103919551185,0.07422275697492102
Rg norm w/0.418,No regr out,Inliers,1,Ridge,85/15,-0.10042918131179723,0.09547814360648565
Rg norm w/0.418,No regr out,All,1,Lasso,85/15,-0.21829775315598465,0.07194471525903536
Rg norm w/0.418,No regr out,Inliers,1,Lasso,85/15,0.019437924661218298,0.09012815135914774
Rg norm w/0.418,No regr out,All,1,Kernel Ridge,85/15,0.007685627823357355,0.06493021145331565
Rg norm w/0.418,No regr out,Inliers,1,Kernel Ridge,85/15,-0.559659606605837,0.11366789812990652
Rg norm w/0.418,No regr out,All,1,GPR,85/15,-7.074338063282864,0.18521478033716576
Rg norm w/0.418,No regr out,Inliers,1,GPR,85/15,-2.3269609472137063,0.1660147855020353
Rg norm w/0.418,No regr out,All,1,Linear,90/10,-4.376592839988558,0.14824786520984698
Rg norm w/0.418,No regr out,Inliers,1,Linear,90/10,-0.047433435671660584,0.09068904489353179
Rg norm w/0.418,No regr out,All,1,Ridge,90/10,-0.1440639715355656,0.06838487038135739
Rg norm w/0.418,No regr out,Inliers,1,Ridge,90/10,-0.11900762768276185,0.09373637081560937
Rg norm w/0.418,No regr out,All,1,Lasso,90/10,-0.19983405449939284,0.07003182847999732
Rg norm w/0.418,No regr out,Inliers,1,Lasso,90/10,-0.10530461015031611,0.09316066977855418
Rg norm w/0.418,No regr out,All,1,Kernel Ridge,90/10,0.041447720735615645,0.06259545139382021
Rg norm w/0.418,No regr out,Inliers,1,Kernel Ridge,90/10,-0.574252802935217,0.11118055793769197
Rg norm w/0.418,No regr out,All,1,GPR,90/10,-8.094291325852751,0.19280544944691447
Rg norm w/0.418,No regr out,Inliers,1,GPR,90/10,-2.2378085461084365,0.15944730900072251
Rg w/no norm,pH regr out,All,1,Linear,80/20,-1.1585323922078667,2.1862012251747487
Rg w/no norm,pH regr out,Inliers,1,Linear,80/20,0.5824370239955761,1.0880524773220486
Rg w/no norm,pH regr out,All,1,Ridge,80/20,0.17571308753635562,1.3509835172040707
Rg w/no norm,pH regr out,Inliers,1,Ridge,80/20,0.5751646938317333,1.0974864094949797
Rg w/no norm,pH regr out,All,1,Lasso,80/20,0.27825294184012017,1.264163827535827
Rg w/no norm,pH regr out,Inliers,1,Lasso,80/20,0.5967446358353307,1.0692491817884389
Rg w/no norm,pH regr out,All,1,Kernel Ridge,80/20,0.2559522240959702,1.2835454738769458
Rg w/no norm,pH regr out,Inliers,1,Kernel Ridge,80/20,0.5749373389495238,1.0977800356549632
Rg w/no norm,pH regr out,All,1,GPR,80/20,-0.3066638042192671,1.7009548216333628
Rg w/no norm,pH regr out,Inliers,1,GPR,80/20,0.5420264959309586,1.1394860857745657
Rg w/no norm,pH regr out,All,1,Linear,85/15,-0.7312087695168821,2.0283039998088053
Rg w/no norm,pH regr out,Inliers,1,Linear,85/15,0.5772278398596546,0.9946675821935339
Rg w/no norm,pH regr out,All,1,Ridge,85/15,0.2649709345975494,1.3216321106306186
Rg w/no norm,pH regr out,Inliers,1,Ridge,85/15,0.5739912565644947,0.9984677218132537
Rg w/no norm,pH regr out,All,1,Lasso,85/15,0.3161002518833117,1.2748366701682463
Rg w/no norm,pH regr out,Inliers,1,Lasso,85/15,0.5826410749214758,0.988279133836494
Rg w/no norm,pH regr out,All,1,Kernel Ridge,85/15,0.23489148610098853,1.3484034118591213
Rg w/no norm,pH regr out,Inliers,1,Kernel Ridge,85/15,0.5739006927709579,0.9985738466530909
Rg w/no norm,pH regr out,All,1,GPR,85/15,0.13674206795867327,1.4322822643342745
Rg w/no norm,pH regr out,Inliers,1,GPR,85/15,0.6280722249052472,0.9329407850760142
Rg w/no norm,pH regr out,All,1,Linear,90/10,-1.3058652018097936,1.8735672234896035
Rg w/no norm,pH regr out,Inliers,1,Linear,90/10,0.5262422063304676,1.0329416327655858
Rg w/no norm,pH regr out,All,1,Ridge,90/10,0.25560767646503046,1.0645186276911103
Rg w/no norm,pH regr out,Inliers,1,Ridge,90/10,0.4978810401659258,1.0634104127215944
Rg w/no norm,pH regr out,All,1,Lasso,90/10,0.2706145665143993,1.0537336896258502
Rg w/no norm,pH regr out,Inliers,1,Lasso,90/10,0.5539973518661105,1.002227504225445
Rg w/no norm,pH regr out,All,1,Kernel Ridge,90/10,0.2020143474382715,1.1021732439157963
Rg w/no norm,pH regr out,Inliers,1,Kernel Ridge,90/10,0.5085486566955968,1.0520535872130983
Rg w/no norm,pH regr out,All,1,GPR,90/10,-0.544465570174893,1.5333504964456448
Rg w/no norm,pH regr out,Inliers,1,GPR,90/10,0.6163595870448759,0.9295222141177654
Rg w/no norm,pH regr out,All,2,Linear,80/20,-0.9172598050219891,2.0603990070979776
Rg w/no norm,pH regr out,Inliers,2,Linear,80/20,0.5874770195821737,1.0814661323124273
Rg w/no norm,pH regr out,All,2,Ridge,80/20,0.03356529945162545,1.4628409383897931
Rg w/no norm,pH regr out,Inliers,2,Ridge,80/20,0.5918489376914883,1.0757201793987134
Rg w/no norm,pH regr out,All,2,Lasso,80/20,0.2696664923266865,1.271661319565947
Rg w/no norm,pH regr out,Inliers,2,Lasso,80/20,0.5923834139724117,1.0750156176305732
Rg w/no norm,pH regr out,All,2,Kernel Ridge,80/20,0.2700530346390716,1.2713247500674534
Rg w/no norm,pH regr out,Inliers,2,Kernel Ridge,80/20,0.5897821701473998,1.0784403195125032
Rg w/no norm,pH regr out,All,2,GPR,80/20,-0.11630417919807434,1.5721794797302022
Rg w/no norm,pH regr out,Inliers,2,GPR,80/20,0.5146637206288754,1.1730329954421683
Rg w/no norm,pH regr out,All,2,Linear,85/15,-0.7463291966572674,2.0371423758165244
Rg w/no norm,pH regr out,Inliers,2,Linear,85/15,0.581990328386077,0.9890492967477233
Rg w/no norm,pH regr out,All,2,Ridge,85/15,0.16735114038055743,1.406660431501045
Rg w/no norm,pH regr out,Inliers,2,Ridge,85/15,0.5883948110966322,0.9814432532099454
Rg w/no norm,pH regr out,All,2,Lasso,85/15,0.39982682081350784,1.1942537596981082
Rg w/no norm,pH regr out,Inliers,2,Lasso,85/15,0.5905575762403801,0.9788613774359609
Rg w/no norm,pH regr out,All,2,Kernel Ridge,85/15,0.2424019083811063,1.341769023525801
Rg w/no norm,pH regr out,Inliers,2,Kernel Ridge,85/15,0.5886794073466475,0.9811038947963321
Rg w/no norm,pH regr out,All,2,GPR,85/15,0.13668489576323528,1.4323296924335354
Rg w/no norm,pH regr out,Inliers,2,GPR,85/15,0.6248275795972787,0.937001370045908
Rg w/no norm,pH regr out,All,2,Linear,90/10,-1.1632356561613468,1.8146974913197806
Rg w/no norm,pH regr out,Inliers,2,Linear,90/10,0.5700272255973142,0.9840520646745238
Rg w/no norm,pH regr out,All,2,Ridge,90/10,0.06817362219119927,1.1910221067478415
Rg w/no norm,pH regr out,Inliers,2,Ridge,90/10,0.5509826804550414,1.0056089843303357
Rg w/no norm,pH regr out,All,2,Lasso,90/10,0.35265816655829163,0.9927025997892011
Rg w/no norm,pH regr out,Inliers,2,Lasso,90/10,0.5692805109839343,0.9849061737614313
Rg w/no norm,pH regr out,All,2,Kernel Ridge,90/10,0.23280559941593626,1.0806997094847253
Rg w/no norm,pH regr out,Inliers,2,Kernel Ridge,90/10,0.5317971261430845,1.0268680367972634
Rg w/no norm,pH regr out,All,2,GPR,90/10,-0.6874458142088549,1.6027553694935863
Rg w/no norm,pH regr out,Inliers,2,GPR,90/10,0.6302395404282481,0.9125524433280351
Rg w/no norm,pH regr out,All,1,Linear,80/20,-1.1585323922078667,2.1862012251747487
Rg w/no norm,pH regr out,Inliers,1,Linear,80/20,0.5824370239955761,1.0880524773220486
Rg w/no norm,pH regr out,All,1,Ridge,80/20,0.17571308753635562,1.3509835172040707
Rg w/no norm,pH regr out,Inliers,1,Ridge,80/20,0.5751646938317333,1.0974864094949797
Rg w/no norm,pH regr out,All,1,Lasso,80/20,0.27825294184012017,1.264163827535827
Rg w/no norm,pH regr out,Inliers,1,Lasso,80/20,0.5967446358353307,1.0692491817884389
Rg w/no norm,pH regr out,All,1,Kernel Ridge,80/20,0.2559522240959702,1.2835454738769458
Rg w/no norm,pH regr out,Inliers,1,Kernel Ridge,80/20,0.5749373389495238,1.0977800356549632
Rg w/no norm,pH regr out,All,1,GPR,80/20,0.1792749228770173,1.3480614822299921
Rg w/no norm,pH regr out,Inliers,1,GPR,80/20,0.5420264959309586,1.1394860857745657
Rg w/no norm,pH regr out,All,1,Linear,85/15,-0.7312087695168821,2.0283039998088053
Rg w/no norm,pH regr out,Inliers,1,Linear,85/15,0.5772278398596546,0.9946675821935339
Rg w/no norm,pH regr out,All,1,Ridge,85/15,0.2649709345975494,1.3216321106306186
Rg w/no norm,pH regr out,Inliers,1,Ridge,85/15,0.5739912565644947,0.9984677218132537
Rg w/no norm,pH regr out,All,1,Lasso,85/15,0.3161002518833117,1.2748366701682463
Rg w/no norm,pH regr out,Inliers,1,Lasso,85/15,0.5826410749214758,0.988279133836494
Rg w/no norm,pH regr out,All,1,Kernel Ridge,85/15,0.23489148610098853,1.3484034118591213
Rg w/no norm,pH regr out,Inliers,1,Kernel Ridge,85/15,0.5739006927709579,0.9985738466530909
Rg w/no norm,pH regr out,All,1,GPR,85/15,0.13668489567362585,1.4323296925078712
Rg w/no norm,pH regr out,Inliers,1,GPR,85/15,0.6280797292880878,0.9329313730602905
Rg w/no norm,pH regr out,All,1,Linear,90/10,-1.3058652018097936,1.8735672234896035
Rg w/no norm,pH regr out,Inliers,1,Linear,90/10,0.5262422063304676,1.0329416327655858
Rg w/no norm,pH regr out,All,1,Ridge,90/10,0.25560767646503046,1.0645186276911103
Rg w/no norm,pH regr out,Inliers,1,Ridge,90/10,0.4978810401659258,1.0634104127215944
Rg w/no norm,pH regr out,All,1,Lasso,90/10,0.2706145665143993,1.0537336896258502
Rg w/no norm,pH regr out,Inliers,1,Lasso,90/10,0.5539973518661105,1.002227504225445
Rg w/no norm,pH regr out,All,1,Kernel Ridge,90/10,0.2020143474382715,1.1021732439157963
Rg w/no norm,pH regr out,Inliers,1,Kernel Ridge,90/10,0.5085486566955968,1.0520535872130983
Rg w/no norm,pH regr out,All,1,GPR,90/10,-0.5369478129127359,1.5296141170850752
Rg w/no norm,pH regr out,Inliers,1,GPR,90/10,0.6168691302430999,0.9289047230020316
Rg norm w/0.427,pH regr out,All,1,Linear,80/20,-5.091359023673159,0.2598720775869869
Rg norm w/0.427,pH regr out,Inliers,1,Linear,80/20,-0.14304287917966696,0.09944147950757001
Rg norm w/0.427,pH regr out,All,1,Ridge,80/20,-0.40426568163585896,0.1247748800175869
Rg norm w/0.427,pH regr out,Inliers,1,Ridge,80/20,-0.010168666240766955,0.09348313378810917
Rg norm w/0.427,pH regr out,All,1,Lasso,80/20,-0.3501486260146469,0.12234699560120571
Rg norm w/0.427,pH regr out,Inliers,1,Lasso,80/20,0.06851502982987923,0.08976855653604464
Rg norm w/0.427,pH regr out,All,1,Kernel Ridge,80/20,0.22780860859184104,0.09252625779330832
Rg norm w/0.427,pH regr out,Inliers,1,Kernel Ridge,80/20,-0.019755302163225297,0.09392567006459092
Rg norm w/0.427,pH regr out,All,1,GPR,80/20,-0.47361281584848847,0.12781864657848718
Rg norm w/0.427,pH regr out,Inliers,1,GPR,80/20,0.15445286028893934,0.08552739182542504
Rg norm w/0.427,pH regr out,All,1,Linear,85/15,-5.010495072668792,0.23542094402336505
Rg norm w/0.427,pH regr out,Inliers,1,Linear,85/15,-0.315656458069155,0.09890340045764402
Rg norm w/0.427,pH regr out,All,1,Ridge,85/15,-0.32207615067067286,0.11041249139551511
Rg norm w/0.427,pH regr out,Inliers,1,Ridge,85/15,-0.11801118502310093,0.09117232855289822
Rg norm w/0.427,pH regr out,All,1,Lasso,85/15,-0.20765158234315018,0.10552632198571192
Rg norm w/0.427,pH regr out,Inliers,1,Lasso,85/15,0.01394530448820086,0.08562300692852544
Rg norm w/0.427,pH regr out,All,1,Kernel Ridge,85/15,0.22823102549261398,0.08435942909993546
Rg norm w/0.427,pH regr out,Inliers,1,Kernel Ridge,85/15,-0.08947327403767935,0.09000119236760278
Rg norm w/0.427,pH regr out,All,1,GPR,85/15,-0.9910489975642163,0.13549739568458474
Rg norm w/0.427,pH regr out,Inliers,1,GPR,85/15,0.17162230694763358,0.07847912828189511
Rg norm w/0.427,pH regr out,All,1,Linear,90/10,-4.553239550027205,0.21332298455517196
Rg norm w/0.427,pH regr out,Inliers,1,Linear,90/10,-0.0700379686759518,0.08641676608259108
Rg norm w/0.427,pH regr out,All,1,Ridge,90/10,-0.20962678097695386,0.09956120491238207
Rg norm w/0.427,pH regr out,Inliers,1,Ridge,90/10,-0.13790341332191813,0.08911506248018584
Rg norm w/0.427,pH regr out,All,1,Lasso,90/10,-0.2148040193340126,0.09977403986968192
Rg norm w/0.427,pH regr out,Inliers,1,Lasso,90/10,-0.12467138322773463,0.08859541325732209
Rg norm w/0.427,pH regr out,All,1,Kernel Ridge,90/10,0.4883642983884442,0.06475075966448174
Rg norm w/0.427,pH regr out,Inliers,1,Kernel Ridge,90/10,-0.207465890449138,0.09179855636279717
Rg norm w/0.427,pH regr out,All,1,GPR,90/10,-0.9090754042461431,0.12507657730594712
Rg norm w/0.427,pH regr out,Inliers,1,GPR,90/10,0.18940993241955095,0.07521406391046499
Rg norm w/0.427,pH regr out,All,2,Linear,80/20,-4.078042439989525,0.23727429016059398
Rg norm w/0.427,pH regr out,Inliers,2,Linear,80/20,-0.14432175939428138,0.09949709342684676
Rg norm w/0.427,pH regr out,All,2,Ridge,80/20,-0.35210021693731,0.12243538774556834
Rg norm w/0.427,pH regr out,Inliers,2,Ridge,80/20,-0.12402067827428476,0.09861056937213734
Rg norm w/0.427,pH regr out,All,2,Lasso,80/20,-0.3501486260146469,0.12234699560120571
Rg norm w/0.427,pH regr out,Inliers,2,Lasso,80/20,-0.09773504757699736,0.09745072648066387
Rg norm w/0.427,pH regr out,All,2,Kernel Ridge,80/20,0.24163565150209398,0.09169411723874946
Rg norm w/0.427,pH regr out,Inliers,2,Kernel Ridge,80/20,0.058777151990566656,0.09023656326381578
Rg norm w/0.427,pH regr out,All,2,GPR,80/20,-1.1439846089960488,0.1541747849785965
Rg norm w/0.427,pH regr out,Inliers,2,GPR,80/20,0.1755620094325424,0.08445304521309736
Rg norm w/0.427,pH regr out,All,2,Linear,85/15,-5.192871992273676,0.23896595138106502
Rg norm w/0.427,pH regr out,Inliers,2,Linear,85/15,-0.2892327889616182,0.09790517405677929
Rg norm w/0.427,pH regr out,All,2,Ridge,85/15,-0.2996143847007591,0.10947053207829632
Rg norm w/0.427,pH regr out,Inliers,2,Ridge,85/15,-0.2889766024596967,0.0978954460889424
Rg norm w/0.427,pH regr out,All,2,Lasso,85/15,-0.20765158234315018,0.10552632198571192
Rg norm w/0.427,pH regr out,Inliers,2,Lasso,85/15,-0.22725021843135496,0.0955226872817584
Rg norm w/0.427,pH regr out,All,2,Kernel Ridge,85/15,0.23077671199310612,0.08422018403406296
Rg norm w/0.427,pH regr out,Inliers,2,Kernel Ridge,85/15,-0.012840977060262437,0.08677819338750233
Rg norm w/0.427,pH regr out,All,2,GPR,85/15,-2.3065151012982885,0.17461245940747394
Rg norm w/0.427,pH regr out,Inliers,2,GPR,85/15,0.1986618576975132,0.07718766087732175
Rg norm w/0.427,pH regr out,All,2,Linear,90/10,-4.171273422297357,0.2058558425923574
Rg norm w/0.427,pH regr out,Inliers,2,Linear,90/10,-0.09420099662009007,0.08738702788751249
Rg norm w/0.427,pH regr out,All,2,Ridge,90/10,-0.19205681264954855,0.0988354910186008
Rg norm w/0.427,pH regr out,Inliers,2,Ridge,90/10,-0.14563169604492376,0.08941717115412437
Rg norm w/0.427,pH regr out,All,2,Lasso,90/10,-0.2148040193340126,0.09977403986968192
Rg norm w/0.427,pH regr out,Inliers,2,Lasso,90/10,-0.10758640270637443,0.08791990772077013
Rg norm w/0.427,pH regr out,All,2,Kernel Ridge,90/10,0.5025876715544504,0.0638443867445459
Rg norm w/0.427,pH regr out,Inliers,2,Kernel Ridge,90/10,-0.25535990392112073,0.09360144265300471
Rg norm w/0.427,pH regr out,All,2,GPR,90/10,-1.877269053671741,0.15355171963890163
Rg norm w/0.427,pH regr out,Inliers,2,GPR,90/10,0.19604555738908225,0.07490557386355144
Rg norm w/0.427,pH regr out,All,1,Linear,80/20,-5.091359023673159,0.2598720775869869
Rg norm w/0.427,pH regr out,Inliers,1,Linear,80/20,-0.14304287917966696,0.09944147950757001
Rg norm w/0.427,pH regr out,All,1,Ridge,80/20,-0.40426568163585896,0.1247748800175869
Rg norm w/0.427,pH regr out,Inliers,1,Ridge,80/20,-0.010168666240766955,0.09348313378810917
Rg norm w/0.427,pH regr out,All,1,Lasso,80/20,-0.3501486260146469,0.12234699560120571
Rg norm w/0.427,pH regr out,Inliers,1,Lasso,80/20,0.06851502982987923,0.08976855653604464
Rg norm w/0.427,pH regr out,All,1,Kernel Ridge,80/20,0.22780860859184104,0.09252625779330832
Rg norm w/0.427,pH regr out,Inliers,1,Kernel Ridge,80/20,-0.019755302163225297,0.09392567006459092
Rg norm w/0.427,pH regr out,All,1,GPR,80/20,-0.4734424944596538,0.127811259672557
Rg norm w/0.427,pH regr out,Inliers,1,GPR,80/20,0.1544535476086738,0.08552735706410103
Rg norm w/0.427,pH regr out,All,1,Linear,85/15,-5.010495072668792,0.23542094402336505
Rg norm w/0.427,pH regr out,Inliers,1,Linear,85/15,-0.315656458069155,0.09890340045764402
Rg norm w/0.427,pH regr out,All,1,Ridge,85/15,-0.32207615067067286,0.11041249139551511
Rg norm w/0.427,pH regr out,Inliers,1,Ridge,85/15,-0.11801118502310093,0.09117232855289822
Rg norm w/0.427,pH regr out,All,1,Lasso,85/15,-0.20765158234315018,0.10552632198571192
Rg norm w/0.427,pH regr out,Inliers,1,Lasso,85/15,0.01394530448820086,0.08562300692852544
Rg norm w/0.427,pH regr out,All,1,Kernel Ridge,85/15,0.22823102549261398,0.08435942909993546
Rg norm w/0.427,pH regr out,Inliers,1,Kernel Ridge,85/15,-0.08947327403767935,0.09000119236760278
Rg norm w/0.427,pH regr out,All,1,GPR,85/15,-0.9910489975642163,0.13549739568458474
Rg norm w/0.427,pH regr out,Inliers,1,GPR,85/15,0.17162297136962157,0.0784790968087704
Rg norm w/0.427,pH regr out,All,1,Linear,90/10,-4.553239550027205,0.21332298455517196
Rg norm w/0.427,pH regr out,Inliers,1,Linear,90/10,-0.0700379686759518,0.08641676608259108
Rg norm w/0.427,pH regr out,All,1,Ridge,90/10,-0.20962678097695386,0.09956120491238207
Rg norm w/0.427,pH regr out,Inliers,1,Ridge,90/10,-0.13790341332191813,0.08911506248018584
Rg norm w/0.427,pH regr out,All,1,Lasso,90/10,-0.2148040193340126,0.09977403986968192
Rg norm w/0.427,pH regr out,Inliers,1,Lasso,90/10,-0.12467138322773463,0.08859541325732209
Rg norm w/0.427,pH regr out,All,1,Kernel Ridge,90/10,0.4883642983884442,0.06475075966448174
Rg norm w/0.427,pH regr out,Inliers,1,Kernel Ridge,90/10,-0.207465890449138,0.09179855636279717
Rg norm w/0.427,pH regr out,All,1,GPR,90/10,-0.9082661071436169,0.1250500632035149
Rg norm w/0.427,pH regr out,Inliers,1,GPR,90/10,0.18940900333966293,0.07521410701477681
Rg norm w/0.5,pH regr out,All,1,Linear,80/20,-5.133126509781124,0.18165931560685583
Rg norm w/0.5,pH regr out,Inliers,1,Linear,80/20,-0.25955915237170424,0.0693667557681236
Rg norm w/0.5,pH regr out,All,1,Ridge,80/20,-0.3838632166875513,0.08629056151263609
Rg norm w/0.5,pH regr out,Inliers,1,Ridge,80/20,-0.08425119617553789,0.06435866906511925
Rg norm w/0.5,pH regr out,All,1,Lasso,80/20,-0.37608900548031166,0.08604784031952982
Rg norm w/0.5,pH regr out,Inliers,1,Lasso,80/20,0.05448786996369459,0.06010016326097802
Rg norm w/0.5,pH regr out,All,1,Kernel Ridge,80/20,0.27464347678922896,0.06247301597600488
Rg norm w/0.5,pH regr out,Inliers,1,Kernel Ridge,80/20,-0.055069101562689626,0.06348667052310814
Rg norm w/0.5,pH regr out,All,1,GPR,80/20,-0.40154403769109215,0.08684005427689939
Rg norm w/0.5,pH regr out,Inliers,1,GPR,80/20,0.21680863584455268,0.05469857904229982
Rg norm w/0.5,pH regr out,All,1,Linear,85/15,-5.366693807288824,0.1644164852264505
Rg norm w/0.5,pH regr out,Inliers,1,Linear,85/15,-0.45612819915270686,0.0696095044461602
Rg norm w/0.5,pH regr out,All,1,Ridge,85/15,-0.2970491484863891,0.07421071133287907
Rg norm w/0.5,pH regr out,Inliers,1,Ridge,85/15,-0.020770186234530863,0.058281768876979875
Rg norm w/0.5,pH regr out,All,1,Lasso,85/15,-0.2185372498829481,0.07192962280813267
Rg norm w/0.5,pH regr out,Inliers,1,Lasso,85/15,0.051187975573785516,0.05618997330324363
Rg norm w/0.5,pH regr out,All,1,Kernel Ridge,85/15,0.2955638796227529,0.054690159036456715
Rg norm w/0.5,pH regr out,Inliers,1,Kernel Ridge,85/15,-0.10305011912503859,0.060585173889043345
Rg norm w/0.5,pH regr out,All,1,GPR,85/15,-1.002065248380247,0.09219927194211208
Rg norm w/0.5,pH regr out,Inliers,1,GPR,85/15,0.17636557222613392,0.05235232595620238
Rg norm w/0.5,pH regr out,All,1,Linear,90/10,-4.377623660358921,0.14824376763009647
Rg norm w/0.5,pH regr out,Inliers,1,Linear,90/10,-0.2296112160401209,0.0589479305978277
Rg norm w/0.5,pH regr out,All,1,Ridge,90/10,-0.1442881096540718,0.0683831234629586
Rg norm w/0.5,pH regr out,Inliers,1,Ridge,90/10,-0.2626051063573216,0.059733563803714716
Rg norm w/0.5,pH regr out,All,1,Lasso,90/10,-0.20000813847493237,0.07002826021448505
Rg norm w/0.5,pH regr out,Inliers,1,Lasso,90/10,-0.22182661905567058,0.05876103636657503
Rg norm w/0.5,pH regr out,All,1,Kernel Ridge,90/10,0.5275057493853803,0.043941968182025275
Rg norm w/0.5,pH regr out,Inliers,1,Kernel Ridge,90/10,-0.3385641730720965,0.06150412636824053
Rg norm w/0.5,pH regr out,All,1,GPR,90/10,-0.8744909701010688,0.08752314550892465
Rg norm w/0.5,pH regr out,Inliers,1,GPR,90/10,0.01842825168669493,0.05266786097932981
Rg norm w/0.5,pH regr out,All,2,Linear,80/20,-4.1001775697554645,0.16565683538501463
Rg norm w/0.5,pH regr out,Inliers,2,Linear,80/20,-0.24418455878876588,0.06894209918876187
Rg norm w/0.5,pH regr out,All,2,Ridge,80/20,-0.3223358216300216,0.0843504868583181
Rg norm w/0.5,pH regr out,Inliers,2,Ridge,80/20,-0.22019764729223534,0.06827428976175898
Rg norm w/0.5,pH regr out,All,2,Lasso,80/20,-0.37608900548031166,0.08604784031952982
Rg norm w/0.5,pH regr out,Inliers,2,Lasso,80/20,-0.16731692485500127,0.06677847401019775
Rg norm w/0.5,pH regr out,All,2,Kernel Ridge,80/20,0.2990867751018932,0.061411377540704824
Rg norm w/0.5,pH regr out,Inliers,2,Kernel Ridge,80/20,0.0089308698767252,0.06153101424254607
Rg norm w/0.5,pH regr out,All,2,GPR,80/20,-1.1163272396285722,0.1067107379020478
Rg norm w/0.5,pH regr out,Inliers,2,GPR,80/20,0.25447243864199,0.05336714269834888
Rg norm w/0.5,pH regr out,All,2,Linear,85/15,-5.569373864512785,0.1670130346086551
Rg norm w/0.5,pH regr out,Inliers,2,Linear,85/15,-0.4012882652496461,0.06828612651533425
Rg norm w/0.5,pH regr out,All,2,Ridge,85/15,-0.2645298990041032,0.07327451106196226
Rg norm w/0.5,pH regr out,Inliers,2,Ridge,85/15,-0.03923504952877921,0.058806540127525266
Rg norm w/0.5,pH regr out,All,2,Lasso,85/15,-0.2185372498829481,0.07192962280813267
Rg norm w/0.5,pH regr out,Inliers,2,Lasso,85/15,0.051187975573785516,0.05618997330324363
Rg norm w/0.5,pH regr out,All,2,Kernel Ridge,85/15,0.3095863724900426,0.05414309220997871
Rg norm w/0.5,pH regr out,Inliers,2,Kernel Ridge,85/15,-0.020442812039336733,0.05827242226915389
Rg norm w/0.5,pH regr out,All,2,GPR,85/15,-2.4661954185945922,0.12131511100829391
Rg norm w/0.5,pH regr out,Inliers,2,GPR,85/15,0.22812198100018444,0.05068075459817362
Rg norm w/0.5,pH regr out,All,2,Linear,90/10,-4.007336309580041,0.14304893263654508
Rg norm w/0.5,pH regr out,Inliers,2,Linear,90/10,-0.27797774287399535,0.06009610162695914
Rg norm w/0.5,pH regr out,All,2,Ridge,90/10,-0.11012911278877024,0.06735471256677295
Rg norm w/0.5,pH regr out,Inliers,2,Ridge,90/10,-0.26960549155537494,0.05989892823416432
Rg norm w/0.5,pH regr out,All,2,Lasso,90/10,-0.20000813847493237,0.07002826021448505
Rg norm w/0.5,pH regr out,Inliers,2,Lasso,90/10,-0.25884322514950964,0.059644510544361505
Rg norm w/0.5,pH regr out,All,2,Kernel Ridge,90/10,0.5530099192600377,0.04273957349723011
Rg norm w/0.5,pH regr out,Inliers,2,Kernel Ridge,90/10,-0.3926123749579531,0.0627335379025713
Rg norm w/0.5,pH regr out,All,2,GPR,90/10,-1.9060505695245662,0.10897649228838148
Rg norm w/0.5,pH regr out,Inliers,2,GPR,90/10,0.051364270291033964,0.0517767032708777
Rg norm w/0.5,pH regr out,All,1,Linear,80/20,-5.133126509781124,0.18165931560685583
Rg norm w/0.5,pH regr out,Inliers,1,Linear,80/20,-0.25955915237170424,0.0693667557681236
Rg norm w/0.5,pH regr out,All,1,Ridge,80/20,-0.3838632166875513,0.08629056151263609
Rg norm w/0.5,pH regr out,Inliers,1,Ridge,80/20,-0.08425119617553789,0.06435866906511925
Rg norm w/0.5,pH regr out,All,1,Lasso,80/20,-0.37608900548031166,0.08604784031952982
Rg norm w/0.5,pH regr out,Inliers,1,Lasso,80/20,0.05448786996369459,0.06010016326097802
Rg norm w/0.5,pH regr out,All,1,Kernel Ridge,80/20,0.27464347678922896,0.06247301597600488
Rg norm w/0.5,pH regr out,Inliers,1,Kernel Ridge,80/20,-0.055069101562689626,0.06348667052310814
Rg norm w/0.5,pH regr out,All,1,GPR,80/20,-0.40148711313679986,0.08683829072846758
Rg norm w/0.5,pH regr out,Inliers,1,GPR,80/20,0.21680889413876459,0.05469857002258371
Rg norm w/0.5,pH regr out,All,1,Linear,85/15,-5.366693807288824,0.1644164852264505
Rg norm w/0.5,pH regr out,Inliers,1,Linear,85/15,-0.45612819915270686,0.0696095044461602
Rg norm w/0.5,pH regr out,All,1,Ridge,85/15,-0.2970491484863891,0.07421071133287907
Rg norm w/0.5,pH regr out,Inliers,1,Ridge,85/15,-0.020770186234530863,0.058281768876979875
Rg norm w/0.5,pH regr out,All,1,Lasso,85/15,-0.2185372498829481,0.07192962280813267
Rg norm w/0.5,pH regr out,Inliers,1,Lasso,85/15,0.051187975573785516,0.05618997330324363
Rg norm w/0.5,pH regr out,All,1,Kernel Ridge,85/15,0.2955638796227529,0.054690159036456715
Rg norm w/0.5,pH regr out,Inliers,1,Kernel Ridge,85/15,-0.10305011912503859,0.060585173889043345
Rg norm w/0.5,pH regr out,All,1,GPR,85/15,-1.0016802728174268,0.09219040705294297
Rg norm w/0.5,pH regr out,Inliers,1,GPR,85/15,0.17636555354055672,0.05235232655005408
Rg norm w/0.5,pH regr out,All,1,Linear,90/10,-4.377623660358921,0.14824376763009647
Rg norm w/0.5,pH regr out,Inliers,1,Linear,90/10,-0.2296112160401209,0.0589479305978277
Rg norm w/0.5,pH regr out,All,1,Ridge,90/10,-0.1442881096540718,0.0683831234629586
Rg norm w/0.5,pH regr out,Inliers,1,Ridge,90/10,-0.2626051063573216,0.059733563803714716
Rg norm w/0.5,pH regr out,All,1,Lasso,90/10,-0.20000813847493237,0.07002826021448505
Rg norm w/0.5,pH regr out,Inliers,1,Lasso,90/10,-0.22182661905567058,0.05876103636657503
Rg norm w/0.5,pH regr out,All,1,Kernel Ridge,90/10,0.5275057493853803,0.043941968182025275
Rg norm w/0.5,pH regr out,Inliers,1,Kernel Ridge,90/10,-0.3385641730720965,0.06150412636824053
Rg norm w/0.5,pH regr out,All,1,GPR,90/10,-0.8739952978847396,0.08751157285786444
Rg norm w/0.5,pH regr out,Inliers,1,GPR,90/10,0.018429217113863694,0.05266783507852506
Rg norm w/0.418,pH regr out,All,1,Linear,80/20,-5.052679751222315,0.27166747973418937
Rg norm w/0.418,pH regr out,Inliers,1,Linear,80/20,-0.12163545629277217,0.1040621414721112
Rg norm w/0.418,pH regr out,All,1,Ridge,80/20,-0.40169690407031444,0.13073469647381838
Rg norm w/0.418,pH regr out,Inliers,1,Ridge,80/20,0.005150583899575456,0.098004398801705
Rg norm w/0.418,pH regr out,All,1,Lasso,80/20,-0.3453033478550134,0.12807781718528083
Rg norm w/0.418,pH regr out,Inliers,1,Lasso,80/20,0.07667596540589605,0.09441564502876025
Rg norm w/0.418,pH regr out,All,1,Kernel Ridge,80/20,0.2227479510075343,0.09735196986659034
Rg norm w/0.418,pH regr out,Inliers,1,Kernel Ridge,80/20,-0.008041933903781384,0.09865206800242661
Rg norm w/0.418,pH regr out,All,1,GPR,80/20,-0.4790525309269198,0.13429368944193917
Rg norm w/0.418,pH regr out,Inliers,1,GPR,80/20,0.14990737748053817,0.09059412146507313
Rg norm w/0.418,pH regr out,All,1,Linear,85/15,-4.92466068945828,0.2461531564569947
Rg norm w/0.418,pH regr out,Inliers,1,Linear,85/15,-0.2899504439020495,0.10337306083714833
Rg norm w/0.418,pH regr out,All,1,Ridge,85/15,-0.31847700003685575,0.1161207806418137
Rg norm w/0.418,pH regr out,Inliers,1,Ridge,85/15,-0.10036668489171774,0.09547498067383593
Rg norm w/0.418,pH regr out,All,1,Lasso,85/15,-0.2049577520067789,0.11100935459761853
Rg norm w/0.418,pH regr out,Inliers,1,Lasso,85/15,0.019457217458775045,0.09012683834830633
Rg norm w/0.418,pH regr out,All,1,Kernel Ridge,85/15,0.22132033278502317,0.08923866917460228
Rg norm w/0.418,pH regr out,Inliers,1,Kernel Ridge,85/15,-0.07938616742731464,0.09456039696234846
Rg norm w/0.418,pH regr out,All,1,GPR,85/15,-0.982231148913997,0.14238059905858735
Rg norm w/0.418,pH regr out,Inliers,1,GPR,85/15,0.1736480476379142,0.0827376899890471
Rg norm w/0.418,pH regr out,All,1,Linear,90/10,-4.537106927383413,0.22317677063571617
Rg norm w/0.418,pH regr out,Inliers,1,Linear,90/10,-0.047375285802049305,0.09068650114956296
Rg norm w/0.418,pH regr out,All,1,Ridge,90/10,-0.21264522928928642,0.10444181614391684
Rg norm w/0.418,pH regr out,Inliers,1,Ridge,90/10,-0.11898005957730784,0.09373518893016185
Rg norm w/0.418,pH regr out,All,1,Lasso,90/10,-0.2154843223301648,0.10456400632493308
Rg norm w/0.418,pH regr out,Inliers,1,Lasso,90/10,-0.105260441329043,0.09315878131746484
Rg norm w/0.418,pH regr out,All,1,Kernel Ridge,90/10,0.4810569142509229,0.06832307414509009
Rg norm w/0.418,pH regr out,Inliers,1,Kernel Ridge,90/10,-0.18647309783864774,0.09652069337879114
Rg norm w/0.418,pH regr out,All,1,GPR,90/10,-0.9089062171289335,0.131038776701447
Rg norm w/0.418,pH regr out,Inliers,1,GPR,90/10,0.2084559484779619,0.07883680767155876
Rg norm w/0.418,pH regr out,All,2,Linear,80/20,-4.048099119413112,0.24810055895511315
Rg norm w/0.418,pH regr out,Inliers,2,Linear,80/20,-0.12417348310319865,0.10417981039228713
Rg norm w/0.418,pH regr out,All,2,Ridge,80/20,-0.35107984204380593,0.12835249437316554
Rg norm w/0.418,pH regr out,Inliers,2,Ridge,80/20,-0.10447570345350154,0.10326305693485277
Rg norm w/0.418,pH regr out,All,2,Lasso,80/20,-0.3453033478550134,0.12807781718528083
Rg norm w/0.418,pH regr out,Inliers,2,Lasso,80/20,-0.08083726638678645,0.10215204126259524
Rg norm w/0.418,pH regr out,All,2,Kernel Ridge,80/20,0.2353916485558789,0.09655690231414904
Rg norm w/0.418,pH regr out,Inliers,2,Kernel Ridge,80/20,0.06999103379311045,0.09475681660498098
Rg norm w/0.418,pH regr out,All,2,GPR,80/20,-1.1406702293913367,0.16156180275797308
Rg norm w/0.418,pH regr out,Inliers,2,GPR,80/20,0.16955784995744416,0.08954092700823511
Rg norm w/0.418,pH regr out,All,2,Linear,85/15,-5.103149801072585,0.24983350597719536
Rg norm w/0.418,pH regr out,Inliers,2,Linear,85/15,-0.26619414535526786,0.10241675541040104
Rg norm w/0.418,pH regr out,All,2,Ridge,85/15,-0.29749989087117035,0.11519332991183806
Rg norm w/0.418,pH regr out,Inliers,2,Ridge,85/15,-0.26594578607551944,0.10240671058468248
Rg norm w/0.418,pH regr out,All,2,Lasso,85/15,-0.2049577520067789,0.11100935459761853
Rg norm w/0.418,pH regr out,Inliers,2,Lasso,85/15,-0.20850758205254016,0.1000565565034546
Rg norm w/0.418,pH regr out,All,2,Kernel Ridge,85/15,0.222726274682029,0.08915807051945464
Rg norm w/0.418,pH regr out,Inliers,2,Kernel Ridge,85/15,-0.004148093421829868,0.09120523078296086
Rg norm w/0.418,pH regr out,All,2,GPR,85/15,-2.2696441164420236,0.18286218717410693
Rg norm w/0.418,pH regr out,Inliers,2,GPR,85/15,0.19816722455375757,0.08150096759226658
Rg norm w/0.418,pH regr out,All,2,Linear,90/10,-4.1565002550460335,0.21536992444769382
Rg norm w/0.418,pH regr out,Inliers,2,Linear,90/10,-0.06814214705015664,0.09158113283559019
Rg norm w/0.418,pH regr out,All,2,Ridge,90/10,-0.1974369597415535,0.10378482642650247
Rg norm w/0.418,pH regr out,Inliers,2,Ridge,90/10,-0.1181313932150978,0.09369963646876185
Rg norm w/0.418,pH regr out,All,2,Lasso,90/10,-0.2154843223301648,0.10456400632493308
Rg norm w/0.418,pH regr out,Inliers,2,Lasso,90/10,-0.08278063265772406,0.09220653984232041
Rg norm w/0.418,pH regr out,All,2,Kernel Ridge,90/10,0.4940550092975833,0.06746199562363962
Rg norm w/0.418,pH regr out,Inliers,2,Kernel Ridge,90/10,-0.23343447804706585,0.09841233298248876
Rg norm w/0.418,pH regr out,All,2,GPR,90/10,-1.860755388639931,0.160416078794007
Rg norm w/0.418,pH regr out,Inliers,2,GPR,90/10,0.21296415251928402,0.07861198132143601
Rg norm w/0.418,pH regr out,All,1,Linear,80/20,-5.052679751222315,0.27166747973418937
Rg norm w/0.418,pH regr out,Inliers,1,Linear,80/20,-0.12163545629277217,0.1040621414721112
Rg norm w/0.418,pH regr out,All,1,Ridge,80/20,-0.40169690407031444,0.13073469647381838
Rg norm w/0.418,pH regr out,Inliers,1,Ridge,80/20,0.005150583899575456,0.098004398801705
Rg norm w/0.418,pH regr out,All,1,Lasso,80/20,-0.3453033478550134,0.12807781718528083
Rg norm w/0.418,pH regr out,Inliers,1,Lasso,80/20,0.07667596540589605,0.09441564502876025
Rg norm w/0.418,pH regr out,All,1,Kernel Ridge,80/20,0.2227479510075343,0.09735196986659034
Rg norm w/0.418,pH regr out,Inliers,1,Kernel Ridge,80/20,-0.008041933903781384,0.09865206800242661
Rg norm w/0.418,pH regr out,All,1,GPR,80/20,-0.4792117656152084,0.13430091827181695
Rg norm w/0.418,pH regr out,Inliers,1,GPR,80/20,0.1499054579253679,0.09059422374823115
Rg norm w/0.418,pH regr out,All,1,Linear,85/15,-4.92466068945828,0.2461531564569947
Rg norm w/0.418,pH regr out,Inliers,1,Linear,85/15,-0.2899504439020495,0.10337306083714833
Rg norm w/0.418,pH regr out,All,1,Ridge,85/15,-0.31847700003685575,0.1161207806418137
Rg norm w/0.418,pH regr out,Inliers,1,Ridge,85/15,-0.10036668489171774,0.09547498067383593
Rg norm w/0.418,pH regr out,All,1,Lasso,85/15,-0.2049577520067789,0.11100935459761853
Rg norm w/0.418,pH regr out,Inliers,1,Lasso,85/15,0.019457217458775045,0.09012683834830633
Rg norm w/0.418,pH regr out,All,1,Kernel Ridge,85/15,0.22132033278502317,0.08923866917460228
Rg norm w/0.418,pH regr out,Inliers,1,Kernel Ridge,85/15,-0.07938616742731464,0.09456039696234846
Rg norm w/0.418,pH regr out,All,1,GPR,85/15,-0.982285547896016,0.14238255274257455
Rg norm w/0.418,pH regr out,Inliers,1,GPR,85/15,0.1736261274577624,0.08273878735018822
Rg norm w/0.418,pH regr out,All,1,Linear,90/10,-4.537106927383413,0.22317677063571617
Rg norm w/0.418,pH regr out,Inliers,1,Linear,90/10,-0.047375285802049305,0.09068650114956296
Rg norm w/0.418,pH regr out,All,1,Ridge,90/10,-0.21264522928928642,0.10444181614391684
Rg norm w/0.418,pH regr out,Inliers,1,Ridge,90/10,-0.11898005957730784,0.09373518893016185
Rg norm w/0.418,pH regr out,All,1,Lasso,90/10,-0.2154843223301648,0.10456400632493308
Rg norm w/0.418,pH regr out,Inliers,1,Lasso,90/10,-0.105260441329043,0.09315878131746484
Rg norm w/0.418,pH regr out,All,1,Kernel Ridge,90/10,0.4810569142509229,0.06832307414509009
Rg norm w/0.418,pH regr out,Inliers,1,Kernel Ridge,90/10,-0.18647309783864774,0.09652069337879114
Rg norm w/0.418,pH regr out,All,1,GPR,90/10,-0.9089062171289335,0.131038776701447
Rg norm w/0.418,pH regr out,Inliers,1,GPR,90/10,0.2084559484779619,0.07883680767155876
Rg w/no norm,buffer regr out,All,1,Linear,80/20,-1.9688759181467335,2.410580119181243
Rg w/no norm,buffer regr out,Inliers,1,Linear,80/20,0.05498378139872939,1.5407175152356767
Rg w/no norm,buffer regr out,All,1,Ridge,80/20,-0.16715481058256132,1.5114360590511342
Rg w/no norm,buffer regr out,Inliers,1,Ridge,80/20,0.31072498844781304,1.3158296123429982
Rg w/no norm,buffer regr out,All,1,Lasso,80/20,-0.5282123618672927,1.729487395380652
Rg w/no norm,buffer regr out,Inliers,1,Lasso,80/20,0.3782521995705681,1.249713661712566
Rg w/no norm,buffer regr out,All,1,Kernel Ridge,80/20,0.18565182815068593,1.2624977414671674
Rg w/no norm,buffer regr out,Inliers,1,Kernel Ridge,80/20,0.29655967084151014,1.3292816831256378
Rg w/no norm,buffer regr out,All,1,GPR,80/20,0.1754316019986525,1.270395334365158
Rg w/no norm,buffer regr out,Inliers,1,GPR,80/20,0.18068880037320545,1.4345901165751154
Rg w/no norm,buffer regr out,All,1,Linear,85/15,-1.5078023418633921,2.316239881801818
Rg w/no norm,buffer regr out,Inliers,1,Linear,85/15,-0.17195856136217658,1.596698432712908
Rg w/no norm,buffer regr out,All,1,Ridge,85/15,-0.5925872839628483,1.8458164208294263
Rg w/no norm,buffer regr out,Inliers,1,Ridge,85/15,0.18817869305068236,1.3289143582809877
Rg w/no norm,buffer regr out,All,1,Lasso,85/15,-0.2356497897863996,1.6258653784172896
Rg w/no norm,buffer regr out,Inliers,1,Lasso,85/15,0.31119975666128885,1.2240901885410846
Rg w/no norm,buffer regr out,All,1,Kernel Ridge,85/15,0.22107779719169895,1.2908742124122072
Rg w/no norm,buffer regr out,Inliers,1,Kernel Ridge,85/15,0.17978578163299885,1.3357661009576425
Rg w/no norm,buffer regr out,All,1,GPR,85/15,-0.2796773938846795,1.654577569147926
Rg w/no norm,buffer regr out,Inliers,1,GPR,85/15,0.17515911926134997,1.3395281962033754
Rg w/no norm,buffer regr out,All,1,Linear,90/10,-2.0539278734674236,2.3618800283377706
Rg w/no norm,buffer regr out,Inliers,1,Linear,90/10,-0.47016354451283027,1.88669768838079
Rg w/no norm,buffer regr out,All,1,Ridge,90/10,-0.22547540430625435,1.496169321974221
Rg w/no norm,buffer regr out,Inliers,1,Ridge,90/10,-0.03416384198397204,1.582392322966236
Rg w/no norm,buffer regr out,All,1,Lasso,90/10,-0.3197549127459707,1.552655441176114
Rg w/no norm,buffer regr out,Inliers,1,Lasso,90/10,0.25462462960032073,1.3434051589012697
Rg w/no norm,buffer regr out,All,1,Kernel Ridge,90/10,0.24102830163171896,1.1774466454814967
Rg w/no norm,buffer regr out,Inliers,1,Kernel Ridge,90/10,-0.019916959376497623,1.571454819832009
Rg w/no norm,buffer regr out,All,1,GPR,90/10,0.16298836146686502,1.2365002097235411
Rg w/no norm,buffer regr out,Inliers,1,GPR,90/10,0.48957121348021093,1.1116986345688653
Rg w/no norm,buffer regr out,All,2,Linear,80/20,-1.619304329469176,2.264219505523242
Rg w/no norm,buffer regr out,Inliers,2,Linear,80/20,0.1132376312263772,1.4924748316920766
Rg w/no norm,buffer regr out,All,2,Ridge,80/20,-0.43739387250637884,1.677310406880489
Rg w/no norm,buffer regr out,Inliers,2,Ridge,80/20,0.32699249617644743,1.3002095212285607
Rg w/no norm,buffer regr out,All,2,Lasso,80/20,-0.18400278332397724,1.5223058231254627
Rg w/no norm,buffer regr out,Inliers,2,Lasso,80/20,0.3041633821005565,1.3220778478919732
Rg w/no norm,buffer regr out,All,2,Kernel Ridge,80/20,0.2072782782130006,1.2456210140924469
Rg w/no norm,buffer regr out,Inliers,2,Kernel Ridge,80/20,0.3026358892426485,1.3235281577467444
Rg w/no norm,buffer regr out,All,2,GPR,80/20,0.15182690181653913,1.2884506644842604
Rg w/no norm,buffer regr out,Inliers,2,GPR,80/20,0.14721050678037506,1.4636064315081647
Rg w/no norm,buffer regr out,All,2,Linear,85/15,-1.4123082154472892,2.2717120480075867
Rg w/no norm,buffer regr out,Inliers,2,Linear,85/15,-0.08715340784578762,1.537843660884149
Rg w/no norm,buffer regr out,All,2,Ridge,85/15,-0.3057442986594896,1.671344407422861
Rg w/no norm,buffer regr out,Inliers,2,Ridge,85/15,0.20695039298880236,1.3134602926922103
Rg w/no norm,buffer regr out,All,2,Lasso,85/15,-0.05705171296568934,1.5037824101189725
Rg w/no norm,buffer regr out,Inliers,2,Lasso,85/15,0.3138686780460258,1.22171637163804
Rg w/no norm,buffer regr out,All,2,Kernel Ridge,85/15,0.24863743750552136,1.2678318547717946
Rg w/no norm,buffer regr out,Inliers,2,Kernel Ridge,85/15,0.18107250609854786,1.334717937259996
Rg w/no norm,buffer regr out,All,2,GPR,85/15,0.1755808877931112,1.3280392447942266
Rg w/no norm,buffer regr out,Inliers,2,GPR,85/15,0.11892006775187747,1.3844409155202713
Rg w/no norm,buffer regr out,All,2,Linear,90/10,-1.8256578943273372,2.27189489678822
Rg w/no norm,buffer regr out,Inliers,2,Linear,90/10,-0.3891908093296841,1.834004696014973
Rg w/no norm,buffer regr out,All,2,Ridge,90/10,-0.10154733704512076,1.418502248033524
Rg w/no norm,buffer regr out,Inliers,2,Ridge,90/10,-0.008320176744129881,1.5624953064724176
Rg w/no norm,buffer regr out,All,2,Lasso,90/10,-0.15449927155544363,1.452196138340196
Rg w/no norm,buffer regr out,Inliers,2,Lasso,90/10,0.25733947918559874,1.3409564128705618
Rg w/no norm,buffer regr out,All,2,Kernel Ridge,90/10,0.29698396955713524,1.1332117265489787
Rg w/no norm,buffer regr out,Inliers,2,Kernel Ridge,90/10,-0.013370382463727237,1.5664033245271904
Rg w/no norm,buffer regr out,All,2,GPR,90/10,0.15722769817218463,1.2407479686969185
Rg w/no norm,buffer regr out,Inliers,2,GPR,90/10,0.4689662153177977,1.133915178227007
Rg w/no norm,buffer regr out,All,1,Linear,80/20,-1.9688759181467335,2.410580119181243
Rg w/no norm,buffer regr out,Inliers,1,Linear,80/20,0.05498378139872939,1.5407175152356767
Rg w/no norm,buffer regr out,All,1,Ridge,80/20,-0.16715481058256132,1.5114360590511342
Rg w/no norm,buffer regr out,Inliers,1,Ridge,80/20,0.31072498844781304,1.3158296123429982
Rg w/no norm,buffer regr out,All,1,Lasso,80/20,-0.5282123618672927,1.729487395380652
Rg w/no norm,buffer regr out,Inliers,1,Lasso,80/20,0.3782521995705681,1.249713661712566
Rg w/no norm,buffer regr out,All,1,Kernel Ridge,80/20,0.18565182815068593,1.2624977414671674
Rg w/no norm,buffer regr out,Inliers,1,Kernel Ridge,80/20,0.29655967084151014,1.3292816831256378
Rg w/no norm,buffer regr out,All,1,GPR,80/20,-0.3690834255310298,1.6369691821639394
Rg w/no norm,buffer regr out,Inliers,1,GPR,80/20,0.18068880037320545,1.4345901165751154
Rg w/no norm,buffer regr out,All,1,Linear,85/15,-1.5078023418633921,2.316239881801818
Rg w/no norm,buffer regr out,Inliers,1,Linear,85/15,-0.17195856136217658,1.596698432712908
Rg w/no norm,buffer regr out,All,1,Ridge,85/15,-0.5925872839628483,1.8458164208294263
Rg w/no norm,buffer regr out,Inliers,1,Ridge,85/15,0.18817869305068236,1.3289143582809877
Rg w/no norm,buffer regr out,All,1,Lasso,85/15,-0.2356497897863996,1.6258653784172896
Rg w/no norm,buffer regr out,Inliers,1,Lasso,85/15,0.31119975666128885,1.2240901885410846
Rg w/no norm,buffer regr out,All,1,Kernel Ridge,85/15,0.22107779719169895,1.2908742124122072
Rg w/no norm,buffer regr out,Inliers,1,Kernel Ridge,85/15,0.17978578163299885,1.3357661009576425
Rg w/no norm,buffer regr out,All,1,GPR,85/15,0.1762443212656526,1.327504781800345
Rg w/no norm,buffer regr out,Inliers,1,GPR,85/15,0.1754334894619769,1.3393053912984683
Rg w/no norm,buffer regr out,All,1,Linear,90/10,-2.0539278734674236,2.3618800283377706
Rg w/no norm,buffer regr out,Inliers,1,Linear,90/10,-0.47016354451283027,1.88669768838079
Rg w/no norm,buffer regr out,All,1,Ridge,90/10,-0.22547540430625435,1.496169321974221
Rg w/no norm,buffer regr out,Inliers,1,Ridge,90/10,-0.03416384198397204,1.582392322966236
Rg w/no norm,buffer regr out,All,1,Lasso,90/10,-0.3197549127459707,1.552655441176114
Rg w/no norm,buffer regr out,Inliers,1,Lasso,90/10,0.25462462960032073,1.3434051589012697
Rg w/no norm,buffer regr out,All,1,Kernel Ridge,90/10,0.24102830163171896,1.1774466454814967
Rg w/no norm,buffer regr out,Inliers,1,Kernel Ridge,90/10,-0.019916959376497623,1.571454819832009
Rg w/no norm,buffer regr out,All,1,GPR,90/10,0.2037459688513168,1.2060193279090148
Rg w/no norm,buffer regr out,Inliers,1,GPR,90/10,0.4880097308925647,1.113397767274876
Rg norm w/0.427,buffer regr out,All,1,Linear,80/20,-4.379678457135286,0.27214765282659237
Rg norm w/0.427,buffer regr out,Inliers,1,Linear,80/20,-2.007317957534967,0.16493794291195182
Rg norm w/0.427,buffer regr out,All,1,Ridge,80/20,-0.7639126714267568,0.15583498866289194
Rg norm w/0.427,buffer regr out,Inliers,1,Ridge,80/20,-0.742013175272763,0.12553262709993662
Rg norm w/0.427,buffer regr out,All,1,Lasso,80/20,-0.4658593518427028,0.14206025330436536
Rg norm w/0.427,buffer regr out,Inliers,1,Lasso,80/20,-0.19656751715768328,0.1040397990023429
Rg norm w/0.427,buffer regr out,All,1,Kernel Ridge,80/20,0.23944052052630382,0.10232765590170213
Rg norm w/0.427,buffer regr out,Inliers,1,Kernel Ridge,80/20,-0.11222192001542819,0.10030593372230247
Rg norm w/0.427,buffer regr out,All,1,GPR,80/20,-0.2582223896031335,0.13161492426481772
Rg norm w/0.427,buffer regr out,Inliers,1,GPR,80/20,-0.12060632471961918,0.10068329839594516
Rg norm w/0.427,buffer regr out,All,1,Linear,85/15,-4.332492960173539,0.24953583728147444
Rg norm w/0.427,buffer regr out,Inliers,1,Linear,85/15,-2.3829160509747553,0.17275220049742068
Rg norm w/0.427,buffer regr out,All,1,Ridge,85/15,-0.8144537097776541,0.1455595576392727
Rg norm w/0.427,buffer regr out,Inliers,1,Ridge,85/15,-0.41531706339000873,0.11173901768114135
Rg norm w/0.427,buffer regr out,All,1,Lasso,85/15,-0.2476475817629762,0.12070179957897188
Rg norm w/0.427,buffer regr out,Inliers,1,Lasso,85/15,-0.29446477244844615,0.1068619502250467
Rg norm w/0.427,buffer regr out,All,1,Kernel Ridge,85/15,0.2122202449631012,0.09591139075338288
Rg norm w/0.427,buffer regr out,Inliers,1,Kernel Ridge,85/15,-0.11225312667450194,0.09905577390349612
Rg norm w/0.427,buffer regr out,All,1,GPR,85/15,-0.5454379175164799,0.13433635564911497
Rg norm w/0.427,buffer regr out,Inliers,1,GPR,85/15,-0.14197162626752724,0.100370395274024
Rg norm w/0.427,buffer regr out,All,1,Linear,90/10,-4.01155288390032,0.24556367953552174
Rg norm w/0.427,buffer regr out,Inliers,1,Linear,90/10,-3.046072007753823,0.18159498333664417
Rg norm w/0.427,buffer regr out,All,1,Ridge,90/10,-0.26962632412515886,0.12359927766139085
Rg norm w/0.427,buffer regr out,Inliers,1,Ridge,90/10,-0.9925995364189606,0.12743744491041759
Rg norm w/0.427,buffer regr out,All,1,Lasso,90/10,-0.24730183346240686,0.12250780365821158
Rg norm w/0.427,buffer regr out,Inliers,1,Lasso,90/10,-0.6989528626902828,0.11767323898908887
Rg norm w/0.427,buffer regr out,All,1,Kernel Ridge,90/10,0.2926358264325972,0.09225703723321105
Rg norm w/0.427,buffer regr out,Inliers,1,Kernel Ridge,90/10,-0.48876423449959305,0.11015393257056658
Rg norm w/0.427,buffer regr out,All,1,GPR,90/10,0.015456820210064559,0.1088417102926514
Rg norm w/0.427,buffer regr out,Inliers,1,GPR,90/10,-0.3382645813465137,0.1044378769923822
Rg norm w/0.427,buffer regr out,All,2,Linear,80/20,-3.5281968583976155,0.2496830628857732
Rg norm w/0.427,buffer regr out,Inliers,2,Linear,80/20,-1.5668025594478876,0.15237970618016497
Rg norm w/0.427,buffer regr out,All,2,Ridge,80/20,-0.4831530355143152,0.14289578420307855
Rg norm w/0.427,buffer regr out,Inliers,2,Ridge,80/20,-0.6928450512853315,0.12374837483590483
Rg norm w/0.427,buffer regr out,All,2,Lasso,80/20,-0.3302290112588493,0.1353286163028202
Rg norm w/0.427,buffer regr out,Inliers,2,Lasso,80/20,-0.6704570668281498,0.12292736121182171
Rg norm w/0.427,buffer regr out,All,2,Kernel Ridge,80/20,0.26226662038561843,0.10078041693364082
Rg norm w/0.427,buffer regr out,Inliers,2,Kernel Ridge,80/20,-0.12915905488091028,0.10106678733513652
Rg norm w/0.427,buffer regr out,All,2,GPR,80/20,-0.5822035089632231,0.14759022858053067
Rg norm w/0.427,buffer regr out,Inliers,2,GPR,80/20,-0.11738038874418222,0.10053827335164674
Rg norm w/0.427,buffer regr out,All,2,Linear,85/15,-4.382926710272657,0.2507130925835455
Rg norm w/0.427,buffer regr out,Inliers,2,Linear,85/15,-1.8558430402175436,0.15872493029164408
Rg norm w/0.427,buffer regr out,All,2,Ridge,85/15,-0.6106451545096081,0.1371411275331904
Rg norm w/0.427,buffer regr out,Inliers,2,Ridge,85/15,-1.5189678278125016,0.14906966933432989
Rg norm w/0.427,buffer regr out,All,2,Lasso,85/15,-0.2038381431717038,0.11856372364482261
Rg norm w/0.427,buffer regr out,Inliers,2,Lasso,85/15,-0.29446477244844615,0.1068619502250467
Rg norm w/0.427,buffer regr out,All,2,Kernel Ridge,85/15,0.23563615772537538,0.09447520610009477
Rg norm w/0.427,buffer regr out,Inliers,2,Kernel Ridge,85/15,-1.181937901295373,0.13873919518934316
Rg norm w/0.427,buffer regr out,All,2,GPR,85/15,-0.9842651781122418,0.15221856943842466
Rg norm w/0.427,buffer regr out,Inliers,2,GPR,85/15,-0.1377398726172938,0.10018425360675942
Rg norm w/0.427,buffer regr out,All,2,Linear,90/10,-3.7440054108793692,0.23891893012133925
Rg norm w/0.427,buffer regr out,Inliers,2,Linear,90/10,-2.6235580343398617,0.17185202484017764
Rg norm w/0.427,buffer regr out,All,2,Ridge,90/10,-0.22850494241788266,0.12158120054428649
Rg norm w/0.427,buffer regr out,Inliers,2,Ridge,90/10,-1.8016037106873153,0.1511090220421854
Rg norm w/0.427,buffer regr out,All,2,Lasso,90/10,-0.24000909555758332,0.12214913864963738
Rg norm w/0.427,buffer regr out,Inliers,2,Lasso,90/10,-1.6931311195897187,0.14815482234355104
Rg norm w/0.427,buffer regr out,All,2,Kernel Ridge,90/10,0.3357874391894652,0.08939876423648914
Rg norm w/0.427,buffer regr out,Inliers,2,Kernel Ridge,90/10,-2.0960743946230154,0.1588520181541376
Rg norm w/0.427,buffer regr out,All,2,GPR,90/10,-0.13730182325994478,0.11698113780026287
Rg norm w/0.427,buffer regr out,Inliers,2,GPR,90/10,-0.3493309668623048,0.1048687971444897
Rg norm w/0.427,buffer regr out,All,1,Linear,80/20,-4.379678457135286,0.27214765282659237
Rg norm w/0.427,buffer regr out,Inliers,1,Linear,80/20,-2.007317957534967,0.16493794291195182
Rg norm w/0.427,buffer regr out,All,1,Ridge,80/20,-0.7639126714267568,0.15583498866289194
Rg norm w/0.427,buffer regr out,Inliers,1,Ridge,80/20,-0.742013175272763,0.12553262709993662
Rg norm w/0.427,buffer regr out,All,1,Lasso,80/20,-0.4658593518427028,0.14206025330436536
Rg norm w/0.427,buffer regr out,Inliers,1,Lasso,80/20,-0.19656751715768328,0.1040397990023429
Rg norm w/0.427,buffer regr out,All,1,Kernel Ridge,80/20,0.23944052052630382,0.10232765590170213
Rg norm w/0.427,buffer regr out,Inliers,1,Kernel Ridge,80/20,-0.11222192001542819,0.10030593372230247
Rg norm w/0.427,buffer regr out,All,1,GPR,80/20,-0.2589777682740617,0.13165442610098085
Rg norm w/0.427,buffer regr out,Inliers,1,GPR,80/20,-0.12061073926010235,0.1006834967127176
Rg norm w/0.427,buffer regr out,All,1,Linear,85/15,-4.332492960173539,0.24953583728147444
Rg norm w/0.427,buffer regr out,Inliers,1,Linear,85/15,-2.3829160509747553,0.17275220049742068
Rg norm w/0.427,buffer regr out,All,1,Ridge,85/15,-0.8144537097776541,0.1455595576392727
Rg norm w/0.427,buffer regr out,Inliers,1,Ridge,85/15,-0.41531706339000873,0.11173901768114135
Rg norm w/0.427,buffer regr out,All,1,Lasso,85/15,-0.2476475817629762,0.12070179957897188
Rg norm w/0.427,buffer regr out,Inliers,1,Lasso,85/15,-0.29446477244844615,0.1068619502250467
Rg norm w/0.427,buffer regr out,All,1,Kernel Ridge,85/15,0.2122202449631012,0.09591139075338288
Rg norm w/0.427,buffer regr out,Inliers,1,Kernel Ridge,85/15,-0.11225312667450194,0.09905577390349612
Rg norm w/0.427,buffer regr out,All,1,GPR,85/15,-0.5441390034186973,0.13427989007910066
Rg norm w/0.427,buffer regr out,Inliers,1,GPR,85/15,-0.1419720745836106,0.10037041497576484
Rg norm w/0.427,buffer regr out,All,1,Linear,90/10,-4.01155288390032,0.24556367953552174
Rg norm w/0.427,buffer regr out,Inliers,1,Linear,90/10,-3.046072007753823,0.18159498333664417
Rg norm w/0.427,buffer regr out,All,1,Ridge,90/10,-0.26962632412515886,0.12359927766139085
Rg norm w/0.427,buffer regr out,Inliers,1,Ridge,90/10,-0.9925995364189606,0.12743744491041759
Rg norm w/0.427,buffer regr out,All,1,Lasso,90/10,-0.24730183346240686,0.12250780365821158
Rg norm w/0.427,buffer regr out,Inliers,1,Lasso,90/10,-0.6989528626902828,0.11767323898908887
Rg norm w/0.427,buffer regr out,All,1,Kernel Ridge,90/10,0.2926358264325972,0.09225703723321105
Rg norm w/0.427,buffer regr out,Inliers,1,Kernel Ridge,90/10,-0.48876423449959305,0.11015393257056658
Rg norm w/0.427,buffer regr out,All,1,GPR,90/10,0.01597020526175763,0.10881332911323809
Rg norm w/0.427,buffer regr out,Inliers,1,GPR,90/10,-0.3382645813465137,0.1044378769923822
Rg norm w/0.5,buffer regr out,All,1,Linear,80/20,-4.205523720068403,0.1891017003956657
Rg norm w/0.5,buffer regr out,Inliers,1,Linear,80/20,-2.2165878123448066,0.11524041149517937
Rg norm w/0.5,buffer regr out,All,1,Ridge,80/20,-0.7061457404160145,0.10826081252204443
Rg norm w/0.5,buffer regr out,Inliers,1,Ridge,80/20,-0.3230881477235248,0.07390970755131766
Rg norm w/0.5,buffer regr out,All,1,Lasso,80/20,-0.3185440033000224,0.095172293031101
Rg norm w/0.5,buffer regr out,Inliers,1,Lasso,80/20,-0.10223927415157319,0.06745979778701998
Rg norm w/0.5,buffer regr out,All,1,Kernel Ridge,80/20,0.28521305213768944,0.07007313147056174
Rg norm w/0.5,buffer regr out,Inliers,1,Kernel Ridge,80/20,-0.06686019402125276,0.06636832391744607
Rg norm w/0.5,buffer regr out,All,1,GPR,80/20,-0.17409191637369537,0.08980784350782457
Rg norm w/0.5,buffer regr out,Inliers,1,GPR,80/20,-0.06505387332417234,0.06631211539799485
Rg norm w/0.5,buffer regr out,All,1,Linear,85/15,-4.2674147235462225,0.1722192716596097
Rg norm w/0.5,buffer regr out,Inliers,1,Linear,85/15,-2.5594142749236455,0.12072559921745175
Rg norm w/0.5,buffer regr out,All,1,Ridge,85/15,-0.7770258722602674,0.1000299074450883
Rg norm w/0.5,buffer regr out,Inliers,1,Ridge,85/15,-0.4368650655929325,0.07670401437335254
Rg norm w/0.5,buffer regr out,All,1,Lasso,85/15,-0.13597737649151642,0.0799775015066377
Rg norm w/0.5,buffer regr out,Inliers,1,Lasso,85/15,-0.18110205093207687,0.06954306259509367
Rg norm w/0.5,buffer regr out,All,1,Kernel Ridge,85/15,0.24847298529831796,0.06505119661298055
Rg norm w/0.5,buffer regr out,Inliers,1,Kernel Ridge,85/15,-0.04122206730787226,0.06529527911531798
Rg norm w/0.5,buffer regr out,All,1,GPR,85/15,-0.5081922689832372,0.09215339650057171
Rg norm w/0.5,buffer regr out,Inliers,1,GPR,85/15,-0.06088631657028176,0.06590896999921743
Rg norm w/0.5,buffer regr out,All,1,Linear,90/10,-3.831738221721248,0.16833869507420562
Rg norm w/0.5,buffer regr out,Inliers,1,Linear,90/10,-3.4383439404361757,0.12228784360997134
Rg norm w/0.5,buffer regr out,All,1,Ridge,90/10,-0.21349217469083448,0.08436275386127948
Rg norm w/0.5,buffer regr out,Inliers,1,Ridge,90/10,-1.2366189636772886,0.08680981111695715
Rg norm w/0.5,buffer regr out,All,1,Lasso,90/10,-0.23557978557613413,0.08512706404400358
Rg norm w/0.5,buffer regr out,Inliers,1,Lasso,90/10,-0.7126120048525089,0.07596303391088556
Rg norm w/0.5,buffer regr out,All,1,Kernel Ridge,90/10,0.29221068661446403,0.06442942544855582
Rg norm w/0.5,buffer regr out,Inliers,1,Kernel Ridge,90/10,-0.5568961983216005,0.07242735726791703
Rg norm w/0.5,buffer regr out,All,1,GPR,90/10,-0.020545970373862188,0.0773657150933124
Rg norm w/0.5,buffer regr out,Inliers,1,GPR,90/10,-0.3792951136027134,0.06817127375015855
Rg norm w/0.5,buffer regr out,All,2,Linear,80/20,-3.3844292951011115,0.17354805651743838
Rg norm w/0.5,buffer regr out,Inliers,2,Linear,80/20,-1.6814124485067645,0.10521772443048912
Rg norm w/0.5,buffer regr out,All,2,Ridge,80/20,-0.42403527149982834,0.09890621726801192
Rg norm w/0.5,buffer regr out,Inliers,2,Ridge,80/20,-0.312003215626975,0.07359944578867006
Rg norm w/0.5,buffer regr out,All,2,Lasso,80/20,-0.7304478832809267,0.10902911355260378
Rg norm w/0.5,buffer regr out,Inliers,2,Lasso,80/20,-0.1022388689789393,0.06745978538823004
Rg norm w/0.5,buffer regr out,All,2,Kernel Ridge,80/20,0.31388547516539,0.06865331710699804
Rg norm w/0.5,buffer regr out,Inliers,2,Kernel Ridge,80/20,-0.08901984220421677,0.06705404641429318
Rg norm w/0.5,buffer regr out,All,2,GPR,80/20,-0.536193959169162,0.10272738799357013
Rg norm w/0.5,buffer regr out,Inliers,2,GPR,80/20,-0.11490714229647936,0.06784634292585796
Rg norm w/0.5,buffer regr out,All,2,Linear,85/15,-4.361283675734879,0.17374702821657442
Rg norm w/0.5,buffer regr out,Inliers,2,Linear,85/15,-1.9280938197843112,0.10949709434729796
Rg norm w/0.5,buffer regr out,All,2,Ridge,85/15,-0.5723431237103282,0.0940928567615921
Rg norm w/0.5,buffer regr out,Inliers,2,Ridge,85/15,-1.6062914435148379,0.10330505895423688
Rg norm w/0.5,buffer regr out,All,2,Lasso,85/15,-0.8857838246701821,0.10304547954146291
Rg norm w/0.5,buffer regr out,Inliers,2,Lasso,85/15,-0.18110197927845229,0.0695430604856178
Rg norm w/0.5,buffer regr out,All,2,Kernel Ridge,85/15,0.2760545859470611,0.06384632469281806
Rg norm w/0.5,buffer regr out,Inliers,2,Kernel Ridge,85/15,-0.06599739416269501,0.06606754547313545
Rg norm w/0.5,buffer regr out,All,2,GPR,85/15,-1.0456334577097008,0.10732401237020829
Rg norm w/0.5,buffer regr out,Inliers,2,GPR,85/15,-0.13765196024070492,0.0682519101693613
Rg norm w/0.5,buffer regr out,All,2,Linear,90/10,-3.6132470817067404,0.16448852863299823
Rg norm w/0.5,buffer regr out,Inliers,2,Linear,90/10,-2.899625399934749,0.11462629497508915
Rg norm w/0.5,buffer regr out,All,2,Ridge,90/10,-0.4343236408723494,0.09171826616782293
Rg norm w/0.5,buffer regr out,Inliers,2,Ridge,90/10,-2.1704890398408425,0.10335605823238495
Rg norm w/0.5,buffer regr out,All,2,Lasso,90/10,-0.41443129938236956,0.09108003461991532
Rg norm w/0.5,buffer regr out,Inliers,2,Lasso,90/10,-0.7126120016211972,0.07596303383922302
Rg norm w/0.5,buffer regr out,All,2,Kernel Ridge,90/10,0.3364435771592037,0.06238370822266605
Rg norm w/0.5,buffer regr out,Inliers,2,Kernel Ridge,90/10,-1.0238223299197555,0.08257698108659656
Rg norm w/0.5,buffer regr out,All,2,GPR,90/10,-0.2621693357809787,0.08603815135004692
Rg norm w/0.5,buffer regr out,Inliers,2,GPR,90/10,-0.4479428515920634,0.06984712270842473
Rg norm w/0.5,buffer regr out,All,1,Linear,80/20,-4.205523720068403,0.1891017003956657
Rg norm w/0.5,buffer regr out,Inliers,1,Linear,80/20,-2.2165878123448066,0.11524041149517937
Rg norm w/0.5,buffer regr out,All,1,Ridge,80/20,-0.7061457404160145,0.10826081252204443
Rg norm w/0.5,buffer regr out,Inliers,1,Ridge,80/20,-0.3230881477235248,0.07390970755131766
Rg norm w/0.5,buffer regr out,All,1,Lasso,80/20,-0.3185440033000224,0.095172293031101
Rg norm w/0.5,buffer regr out,Inliers,1,Lasso,80/20,-0.10223927415157319,0.06745979778701998
Rg norm w/0.5,buffer regr out,All,1,Kernel Ridge,80/20,0.28521305213768944,0.07007313147056174
Rg norm w/0.5,buffer regr out,Inliers,1,Kernel Ridge,80/20,-0.06686019402125276,0.06636832391744607
Rg norm w/0.5,buffer regr out,All,1,GPR,80/20,-0.17414540096946318,0.08980988903826313
Rg norm w/0.5,buffer regr out,Inliers,1,GPR,80/20,-0.06510723951115271,0.0663137767132154
Rg norm w/0.5,buffer regr out,All,1,Linear,85/15,-4.2674147235462225,0.1722192716596097
Rg norm w/0.5,buffer regr out,Inliers,1,Linear,85/15,-2.5594142749236455,0.12072559921745175
Rg norm w/0.5,buffer regr out,All,1,Ridge,85/15,-0.7770258722602674,0.1000299074450883
Rg norm w/0.5,buffer regr out,Inliers,1,Ridge,85/15,-0.4368650655929325,0.07670401437335254
Rg norm w/0.5,buffer regr out,All,1,Lasso,85/15,-0.13597737649151642,0.0799775015066377
Rg norm w/0.5,buffer regr out,Inliers,1,Lasso,85/15,-0.18110205093207687,0.06954306259509367
Rg norm w/0.5,buffer regr out,All,1,Kernel Ridge,85/15,0.24847298529831796,0.06505119661298055
Rg norm w/0.5,buffer regr out,Inliers,1,Kernel Ridge,85/15,-0.04122206730787226,0.06529527911531798
Rg norm w/0.5,buffer regr out,All,1,GPR,85/15,-0.508064289392923,0.09214948652026718
Rg norm w/0.5,buffer regr out,Inliers,1,GPR,85/15,-0.06089357113750671,0.06590919534863927
Rg norm w/0.5,buffer regr out,All,1,Linear,90/10,-3.831738221721248,0.16833869507420562
Rg norm w/0.5,buffer regr out,Inliers,1,Linear,90/10,-3.4383439404361757,0.12228784360997134
Rg norm w/0.5,buffer regr out,All,1,Ridge,90/10,-0.21349217469083448,0.08436275386127948
Rg norm w/0.5,buffer regr out,Inliers,1,Ridge,90/10,-1.2366189636772886,0.08680981111695715
Rg norm w/0.5,buffer regr out,All,1,Lasso,90/10,-0.23557978557613413,0.08512706404400358
Rg norm w/0.5,buffer regr out,Inliers,1,Lasso,90/10,-0.7126120048525089,0.07596303391088556
Rg norm w/0.5,buffer regr out,All,1,Kernel Ridge,90/10,0.29221068661446403,0.06442942544855582
Rg norm w/0.5,buffer regr out,Inliers,1,Kernel Ridge,90/10,-0.5568961983216005,0.07242735726791703
Rg norm w/0.5,buffer regr out,All,1,GPR,90/10,-0.020545970373862188,0.0773657150933124
Rg norm w/0.5,buffer regr out,Inliers,1,GPR,90/10,-0.3792926217415886,0.06817121217036248
Rg norm w/0.418,buffer regr out,All,1,Linear,80/20,-4.385165569490396,0.2847265837491489
Rg norm w/0.418,buffer regr out,Inliers,1,Linear,80/20,-1.9631249174043197,0.17247902916718671
Rg norm w/0.418,buffer regr out,All,1,Ridge,80/20,-0.7669433772470797,0.16309468314864017
Rg norm w/0.418,buffer regr out,Inliers,1,Ridge,80/20,-0.719016332344478,0.13137154884420624
Rg norm w/0.418,buffer regr out,All,1,Lasso,80/20,-0.5052621110151987,0.1505339827700952
Rg norm w/0.418,buffer regr out,Inliers,1,Lasso,80/20,-0.6814843455607325,0.12992948975493326
Rg norm w/0.418,buffer regr out,All,1,Kernel Ridge,80/20,0.23388667609741354,0.10739275775700184
Rg norm w/0.418,buffer regr out,Inliers,1,Kernel Ridge,80/20,-0.11159642449697627,0.10564158032060567
Rg norm w/0.418,buffer regr out,All,1,GPR,80/20,-0.26766609757653326,0.13814364946686722
Rg norm w/0.418,buffer regr out,Inliers,1,GPR,80/20,-0.1176388016536678,0.10592831260913559
Rg norm w/0.418,buffer regr out,All,1,Linear,85/15,-4.318166869483919,0.2613007866441203
Rg norm w/0.418,buffer regr out,Inliers,1,Linear,85/15,-2.3419809714966657,0.18064910369863071
Rg norm w/0.418,buffer regr out,All,1,Ridge,85/15,-0.8124208060102134,0.15254193693185977
Rg norm w/0.418,buffer regr out,Inliers,1,Ridge,85/15,-0.40649787807540916,0.11719345700550592
Rg norm w/0.418,buffer regr out,All,1,Lasso,85/15,-0.2875052658315309,0.12856840142197096
Rg norm w/0.418,buffer regr out,Inliers,1,Lasso,85/15,-0.29979611975102505,0.11266043993570854
Rg norm w/0.418,buffer regr out,All,1,Kernel Ridge,85/15,0.20791161908628364,0.10084318606533188
Rg norm w/0.418,buffer regr out,Inliers,1,Kernel Ridge,85/15,-0.1153945291701024,0.10436336646223658
Rg norm w/0.418,buffer regr out,All,1,GPR,85/15,-0.5468571786240091,0.1409239623281042
Rg norm w/0.418,buffer regr out,Inliers,1,GPR,85/15,-0.1384953000614213,0.1054385550866024
Rg norm w/0.418,buffer regr out,All,1,Linear,90/10,-4.015590421662937,0.2573531907481078
Rg norm w/0.418,buffer regr out,Inliers,1,Linear,90/10,-2.9776590785280126,0.19069104241051898
Rg norm w/0.418,buffer regr out,All,1,Ridge,90/10,-0.2739486098513335,0.1297013449590207
Rg norm w/0.418,buffer regr out,Inliers,1,Ridge,90/10,-0.9564881173976569,0.13373809152176855
Rg norm w/0.418,buffer regr out,All,1,Lasso,90/10,-0.24811676244698688,0.1283796339141348
Rg norm w/0.418,buffer regr out,Inliers,1,Lasso,90/10,-0.6867978538263171,0.1241789644891021
Rg norm w/0.418,buffer regr out,All,1,Kernel Ridge,90/10,0.29212218145762636,0.09668245661409476
Rg norm w/0.418,buffer regr out,Inliers,1,Kernel Ridge,90/10,-0.4734421309692123,0.11606013088030095
Rg norm w/0.418,buffer regr out,All,1,GPR,90/10,0.020278619219229355,0.11374172695891784
Rg norm w/0.418,buffer regr out,Inliers,1,GPR,90/10,-0.3217768905929608,0.10992477653103201
Rg norm w/0.418,buffer regr out,All,2,Linear,80/20,-3.5332037250522657,0.2612348452669051
Rg norm w/0.418,buffer regr out,Inliers,2,Linear,80/20,-1.5360261807107634,0.15956520152884035
Rg norm w/0.418,buffer regr out,All,2,Ridge,80/20,-0.48714920073206147,0.1496255494182032
Rg norm w/0.418,buffer regr out,Inliers,2,Ridge,80/20,-0.6714887853469949,0.12954273211052847
Rg norm w/0.418,buffer regr out,All,2,Lasso,80/20,-0.3383575911779637,0.1419431929960931
Rg norm w/0.418,buffer regr out,Inliers,2,Lasso,80/20,-0.6800723677513894,0.12987492603381698
Rg norm w/0.418,buffer regr out,All,2,Kernel Ridge,80/20,0.256012363585996,0.1058306214500179
Rg norm w/0.418,buffer regr out,Inliers,2,Kernel Ridge,80/20,-0.1279122107530717,0.10641404892780151
Rg norm w/0.418,buffer regr out,All,2,GPR,80/20,-0.5879878609856868,0.15461516072406326
Rg norm w/0.418,buffer regr out,Inliers,2,GPR,80/20,-0.11393456844771666,0.10575262577945807
Rg norm w/0.418,buffer regr out,All,2,Linear,85/15,-4.362957814265377,0.2623988500657727
Rg norm w/0.418,buffer regr out,Inliers,2,Linear,85/15,-1.8296466078645905,0.16622637147966426
Rg norm w/0.418,buffer regr out,All,2,Ridge,85/15,-0.6095779288018479,0.14375261086348506
Rg norm w/0.418,buffer regr out,Inliers,2,Ridge,85/15,-1.4937055095251188,0.1560473533327939
Rg norm w/0.418,buffer regr out,All,2,Lasso,85/15,-0.2214827954505385,0.12522856795120876
Rg norm w/0.418,buffer regr out,Inliers,2,Lasso,85/15,-0.9527521951240758,0.1380884618457803
Rg norm w/0.418,buffer regr out,All,2,Kernel Ridge,85/15,0.23085933063527575,0.09937167836544086
Rg norm w/0.418,buffer regr out,Inliers,2,Kernel Ridge,85/15,-1.1590809357471943,0.1452005582471205
Rg norm w/0.418,buffer regr out,All,2,GPR,85/15,-0.9720997914480634,0.15911978403211605
Rg norm w/0.418,buffer regr out,Inliers,2,GPR,85/15,-0.13356171198205602,0.10520985182589862
Rg norm w/0.418,buffer regr out,All,2,Linear,90/10,-3.743249718838574,0.2502686896769639
Rg norm w/0.418,buffer regr out,Inliers,2,Linear,90/10,-2.5696499884850414,0.18064640844509733
Rg norm w/0.418,buffer regr out,All,2,Ridge,90/10,-0.23372413873728015,0.12763728452559533
Rg norm w/0.418,buffer regr out,Inliers,2,Ridge,90/10,-1.7456391841061212,0.15843030059790594
Rg norm w/0.418,buffer regr out,All,2,Lasso,90/10,-0.24135181277285578,0.12803124432072943
Rg norm w/0.418,buffer regr out,Inliers,2,Lasso,90/10,-1.6955199014303868,0.15697763631970996
Rg norm w/0.418,buffer regr out,All,2,Kernel Ridge,90/10,0.3351592391296494,0.09369735772290941
Rg norm w/0.418,buffer regr out,Inliers,2,Kernel Ridge,90/10,-2.0388182042917675,0.16667438979635413
Rg norm w/0.418,buffer regr out,All,2,GPR,90/10,-0.12230923185345555,0.12173761599400892
Rg norm w/0.418,buffer regr out,Inliers,2,GPR,90/10,-0.3274356380673409,0.11015982838309925
Rg norm w/0.418,buffer regr out,All,1,Linear,80/20,-4.385165569490396,0.2847265837491489
Rg norm w/0.418,buffer regr out,Inliers,1,Linear,80/20,-1.9631249174043197,0.17247902916718671
Rg norm w/0.418,buffer regr out,All,1,Ridge,80/20,-0.7669433772470797,0.16309468314864017
Rg norm w/0.418,buffer regr out,Inliers,1,Ridge,80/20,-0.719016332344478,0.13137154884420624
Rg norm w/0.418,buffer regr out,All,1,Lasso,80/20,-0.5052621110151987,0.1505339827700952
Rg norm w/0.418,buffer regr out,Inliers,1,Lasso,80/20,-0.6814843455607325,0.12992948975493326
Rg norm w/0.418,buffer regr out,All,1,Kernel Ridge,80/20,0.23388667609741354,0.10739275775700184
Rg norm w/0.418,buffer regr out,Inliers,1,Kernel Ridge,80/20,-0.11159642449697627,0.10564158032060567
Rg norm w/0.418,buffer regr out,All,1,GPR,80/20,-0.2672919647292673,0.13812326243789502
Rg norm w/0.418,buffer regr out,Inliers,1,GPR,80/20,-0.11763901409147759,0.10592832267642102
Rg norm w/0.418,buffer regr out,All,1,Linear,85/15,-4.318166869483919,0.2613007866441203
Rg norm w/0.418,buffer regr out,Inliers,1,Linear,85/15,-2.3419809714966657,0.18064910369863071
Rg norm w/0.418,buffer regr out,All,1,Ridge,85/15,-0.8124208060102134,0.15254193693185977
Rg norm w/0.418,buffer regr out,Inliers,1,Ridge,85/15,-0.40649787807540916,0.11719345700550592
Rg norm w/0.418,buffer regr out,All,1,Lasso,85/15,-0.2875052658315309,0.12856840142197096
Rg norm w/0.418,buffer regr out,Inliers,1,Lasso,85/15,-0.29979611975102505,0.11266043993570854
Rg norm w/0.418,buffer regr out,All,1,Kernel Ridge,85/15,0.20791161908628364,0.10084318606533188
Rg norm w/0.418,buffer regr out,Inliers,1,Kernel Ridge,85/15,-0.1153945291701024,0.10436336646223658
Rg norm w/0.418,buffer regr out,All,1,GPR,85/15,-0.5467498523227543,0.14091907334733517
Rg norm w/0.418,buffer regr out,Inliers,1,GPR,85/15,-0.13849334176159434,0.10543846440533522
Rg norm w/0.418,buffer regr out,All,1,Linear,90/10,-4.015590421662937,0.2573531907481078
Rg norm w/0.418,buffer regr out,Inliers,1,Linear,90/10,-2.9776590785280126,0.19069104241051898
Rg norm w/0.418,buffer regr out,All,1,Ridge,90/10,-0.2739486098513335,0.1297013449590207
Rg norm w/0.418,buffer regr out,Inliers,1,Ridge,90/10,-0.9564881173976569,0.13373809152176855
Rg norm w/0.418,buffer regr out,All,1,Lasso,90/10,-0.24811676244698688,0.1283796339141348
Rg norm w/0.418,buffer regr out,Inliers,1,Lasso,90/10,-0.6867978538263171,0.1241789644891021
Rg norm w/0.418,buffer regr out,All,1,Kernel Ridge,90/10,0.29212218145762636,0.09668245661409476
Rg norm w/0.418,buffer regr out,Inliers,1,Kernel Ridge,90/10,-0.4734421309692123,0.11606013088030095
Rg norm w/0.418,buffer regr out,All,1,GPR,90/10,0.020278619219229355,0.11374172695891784
Rg norm w/0.418,buffer regr out,Inliers,1,GPR,90/10,-0.32180535385096243,0.10992596008948789
Rg w/no norm,expr pH only regr out,All,1,Linear,80/20,0.18937704187413196,2.113565286278013
Rg w/no norm,expr pH only regr out,Inliers,1,Linear,80/20,0.4090999683928285,1.7164355813382808
Rg w/no norm,expr pH only regr out,All,1,Ridge,80/20,0.26390267870199047,2.014066640922849
Rg w/no norm,expr pH only regr out,Inliers,1,Ridge,80/20,0.32564557224664725,1.8336422569432071
Rg w/no norm,expr pH only regr out,All,1,Lasso,80/20,0.2856289648222836,1.9841209204655743
Rg w/no norm,expr pH only regr out,Inliers,1,Lasso,80/20,0.4013854846470507,1.7276036937659305
Rg w/no norm,expr pH only regr out,All,1,Kernel Ridge,80/20,-0.028700626618721303,2.380952436939428
Rg w/no norm,expr pH only regr out,Inliers,1,Kernel Ridge,80/20,0.4224897906294047,1.696876891125124
Rg w/no norm,expr pH only regr out,All,1,GPR,80/20,-0.17380231114826894,2.543335760916378
Rg w/no norm,expr pH only regr out,Inliers,1,GPR,80/20,-0.5825867244700786,2.8090163131622505
Rg w/no norm,expr pH only regr out,All,1,Linear,85/15,0.39654422262822586,1.8631148802067015
Rg w/no norm,expr pH only regr out,Inliers,1,Linear,85/15,0.3981041958442936,1.6949900320997713
Rg w/no norm,expr pH only regr out,All,1,Ridge,85/15,0.45501747971342765,1.7705500021433915
Rg w/no norm,expr pH only regr out,Inliers,1,Ridge,85/15,0.2766979823496588,1.858088215419697
Rg w/no norm,expr pH only regr out,All,1,Lasso,85/15,0.4064399323462945,1.847775683399811
Rg w/no norm,expr pH only regr out,Inliers,1,Lasso,85/15,0.3569309890354442,1.7520047589243992
Rg w/no norm,expr pH only regr out,All,1,Kernel Ridge,85/15,-0.09726934277749177,2.512311766481019
Rg w/no norm,expr pH only regr out,Inliers,1,Kernel Ridge,85/15,0.3917487462288526,1.7039152781091813
Rg w/no norm,expr pH only regr out,All,1,GPR,85/15,-0.12023301138387321,2.5384644922453106
Rg w/no norm,expr pH only regr out,Inliers,1,GPR,85/15,-0.846412229398382,2.968730843653468
Rg w/no norm,expr pH only regr out,All,1,Linear,90/10,0.46543453588262573,1.6498846188531173
Rg w/no norm,expr pH only regr out,Inliers,1,Linear,90/10,0.29204286826184733,1.7440533063884434
Rg w/no norm,expr pH only regr out,All,1,Ridge,90/10,0.4568945497145206,1.6630113207544828
Rg w/no norm,expr pH only regr out,Inliers,1,Ridge,90/10,0.21172332291043794,1.8403296064531678
Rg w/no norm,expr pH only regr out,All,1,Lasso,90/10,0.42820614524155354,1.7063686631273585
Rg w/no norm,expr pH only regr out,Inliers,1,Lasso,90/10,0.26233810527292145,1.7802662113754752
Rg w/no norm,expr pH only regr out,All,1,Kernel Ridge,90/10,0.23060774777201787,1.9793702084244424
Rg w/no norm,expr pH only regr out,Inliers,1,Kernel Ridge,90/10,0.29753368184786577,1.7372768282927145
Rg w/no norm,expr pH only regr out,All,1,GPR,90/10,-0.2192202961263363,2.4916911915082034
Rg w/no norm,expr pH only regr out,Inliers,1,GPR,90/10,-0.8405893349978832,2.812125670995824
Rg w/no norm,expr pH only regr out,All,2,Linear,80/20,0.18484634715245873,2.119463574709504
Rg w/no norm,expr pH only regr out,Inliers,2,Linear,80/20,0.3950310873482872,1.7367488953476298
Rg w/no norm,expr pH only regr out,All,2,Ridge,80/20,0.26438059350683785,2.0134127134298545
Rg w/no norm,expr pH only regr out,Inliers,2,Ridge,80/20,0.34001668484734604,1.8139987371565123
Rg w/no norm,expr pH only regr out,All,2,Lasso,80/20,0.2954759310646218,1.9703988028208665
Rg w/no norm,expr pH only regr out,Inliers,2,Lasso,80/20,0.3817391027138076,1.7557245914765063
Rg w/no norm,expr pH only regr out,All,2,Kernel Ridge,80/20,0.020097676717395485,2.323793921190503
Rg w/no norm,expr pH only regr out,Inliers,2,Kernel Ridge,80/20,0.39555394475505123,1.7359982218050236
Rg w/no norm,expr pH only regr out,All,2,GPR,80/20,-0.17380231113955302,2.543335760906935
Rg w/no norm,expr pH only regr out,Inliers,2,GPR,80/20,-0.5825764549061019,2.809007199153175
Rg w/no norm,expr pH only regr out,All,2,Linear,85/15,0.28723799875095135,2.024832854475737
Rg w/no norm,expr pH only regr out,Inliers,2,Linear,85/15,0.3725459102442549,1.7306030621073907
Rg w/no norm,expr pH only regr out,All,2,Ridge,85/15,0.4298264135054417,1.811008367814242
Rg w/no norm,expr pH only regr out,Inliers,2,Ridge,85/15,0.3132927918182503,1.810474005509697
Rg w/no norm,expr pH only regr out,All,2,Lasso,85/15,0.42705526798098026,1.8154039456183095
Rg w/no norm,expr pH only regr out,Inliers,2,Lasso,85/15,0.3293866573814628,1.7891328327111717
Rg w/no norm,expr pH only regr out,All,2,Kernel Ridge,85/15,-0.11918465982286564,2.5372764241879393
Rg w/no norm,expr pH only regr out,Inliers,2,Kernel Ridge,85/15,0.3548756434001671,1.7548023611620303
Rg w/no norm,expr pH only regr out,All,2,GPR,85/15,-0.12023301137315001,2.538464492233161
Rg w/no norm,expr pH only regr out,Inliers,2,GPR,85/15,-0.8464122293994272,2.9687308436543085
Rg w/no norm,expr pH only regr out,All,2,Linear,90/10,0.3711049489657682,1.7895433105062313
Rg w/no norm,expr pH only regr out,Inliers,2,Linear,90/10,0.3452214569360482,1.6772719881387543
Rg w/no norm,expr pH only regr out,All,2,Ridge,90/10,0.39626170646907666,1.753385805907609
Rg w/no norm,expr pH only regr out,Inliers,2,Ridge,90/10,0.23634211635555447,1.8113638415854436
Rg w/no norm,expr pH only regr out,All,2,Lasso,90/10,0.3486314470623394,1.8212372269251331
Rg w/no norm,expr pH only regr out,Inliers,2,Lasso,90/10,0.26654535248582756,1.7751820864611232
Rg w/no norm,expr pH only regr out,All,2,Kernel Ridge,90/10,0.39653479476849596,1.7529892074870586
Rg w/no norm,expr pH only regr out,Inliers,2,Kernel Ridge,90/10,0.26193675643327086,1.7807504512568955
Rg w/no norm,expr pH only regr out,All,2,GPR,90/10,-0.21928652549916205,2.49175886627724
Rg w/no norm,expr pH only regr out,Inliers,2,GPR,90/10,-0.8405893349978832,2.812125670995824
Rg w/no norm,expr pH only regr out,All,1,Linear,80/20,0.18937704187413196,2.113565286278013
Rg w/no norm,expr pH only regr out,Inliers,1,Linear,80/20,0.4090999683928285,1.7164355813382808
Rg w/no norm,expr pH only regr out,All,1,Ridge,80/20,0.26390267870199047,2.014066640922849
Rg w/no norm,expr pH only regr out,Inliers,1,Ridge,80/20,0.32564557224664725,1.8336422569432071
Rg w/no norm,expr pH only regr out,All,1,Lasso,80/20,0.2856289648222836,1.9841209204655743
Rg w/no norm,expr pH only regr out,Inliers,1,Lasso,80/20,0.4013854846470507,1.7276036937659305
Rg w/no norm,expr pH only regr out,All,1,Kernel Ridge,80/20,-0.028700626618721303,2.380952436939428
Rg w/no norm,expr pH only regr out,Inliers,1,Kernel Ridge,80/20,0.4224897906294047,1.696876891125124
Rg w/no norm,expr pH only regr out,All,1,GPR,80/20,-0.17380231114826894,2.543335760916378
Rg w/no norm,expr pH only regr out,Inliers,1,GPR,80/20,-0.582576177106412,2.8090069526117327
Rg w/no norm,expr pH only regr out,All,1,Linear,85/15,0.39654422262822586,1.8631148802067015
Rg w/no norm,expr pH only regr out,Inliers,1,Linear,85/15,0.3981041958442936,1.6949900320997713
Rg w/no norm,expr pH only regr out,All,1,Ridge,85/15,0.45501747971342765,1.7705500021433915
Rg w/no norm,expr pH only regr out,Inliers,1,Ridge,85/15,0.2766979823496588,1.858088215419697
Rg w/no norm,expr pH only regr out,All,1,Lasso,85/15,0.4064399323462945,1.847775683399811
Rg w/no norm,expr pH only regr out,Inliers,1,Lasso,85/15,0.3569309890354442,1.7520047589243992
Rg w/no norm,expr pH only regr out,All,1,Kernel Ridge,85/15,-0.09726934277749177,2.512311766481019
Rg w/no norm,expr pH only regr out,Inliers,1,Kernel Ridge,85/15,0.3917487462288526,1.7039152781091813
Rg w/no norm,expr pH only regr out,All,1,GPR,85/15,-0.12023301139797415,2.538464492261287
Rg w/no norm,expr pH only regr out,Inliers,1,GPR,85/15,-0.8464122293994272,2.9687308436543085
Rg w/no norm,expr pH only regr out,All,1,Linear,90/10,0.46543453588262573,1.6498846188531173
Rg w/no norm,expr pH only regr out,Inliers,1,Linear,90/10,0.29204286826184733,1.7440533063884434
Rg w/no norm,expr pH only regr out,All,1,Ridge,90/10,0.4568945497145206,1.6630113207544828
Rg w/no norm,expr pH only regr out,Inliers,1,Ridge,90/10,0.21172332291043794,1.8403296064531678
Rg w/no norm,expr pH only regr out,All,1,Lasso,90/10,0.42820614524155354,1.7063686631273585
Rg w/no norm,expr pH only regr out,Inliers,1,Lasso,90/10,0.26233810527292145,1.7802662113754752
Rg w/no norm,expr pH only regr out,All,1,Kernel Ridge,90/10,0.23060774777201787,1.9793702084244424
Rg w/no norm,expr pH only regr out,Inliers,1,Kernel Ridge,90/10,0.29753368184786577,1.7372768282927145
Rg w/no norm,expr pH only regr out,All,1,GPR,90/10,-0.21921663501468913,2.491687450442491
Rg w/no norm,expr pH only regr out,Inliers,1,GPR,90/10,-0.8405893349978832,2.812125670995824
Rg norm w/0.427,expr pH only regr out,All,1,Linear,80/20,-0.19537288587335322,0.24705001660640669
Rg norm w/0.427,expr pH only regr out,Inliers,1,Linear,80/20,0.14927981909931665,0.179401597688175
Rg norm w/0.427,expr pH only regr out,All,1,Ridge,80/20,0.056454730108027595,0.21948990876077668
Rg norm w/0.427,expr pH only regr out,Inliers,1,Ridge,80/20,0.11214093936286651,0.18327572841966439
Rg norm w/0.427,expr pH only regr out,All,1,Lasso,80/20,-0.011489792387292086,0.22725525746951755
Rg norm w/0.427,expr pH only regr out,Inliers,1,Lasso,80/20,0.085300608592079,0.18602535149285662
Rg norm w/0.427,expr pH only regr out,All,1,Kernel Ridge,80/20,-0.0960344142016123,0.23656216295924698
Rg norm w/0.427,expr pH only regr out,Inliers,1,Kernel Ridge,80/20,0.16168876051690462,0.17808837994770732
Rg norm w/0.427,expr pH only regr out,All,1,GPR,80/20,-0.23844087661787272,0.2514611087533488
Rg norm w/0.427,expr pH only regr out,Inliers,1,GPR,80/20,-0.8671153596207852,0.2657776851754539
Rg norm w/0.427,expr pH only regr out,All,1,Linear,85/15,-0.006850325084185593,0.2183538175692518
Rg norm w/0.427,expr pH only regr out,Inliers,1,Linear,85/15,0.07902192275410624,0.1848285517680492
Rg norm w/0.427,expr pH only regr out,All,1,Ridge,85/15,0.18629513110589224,0.19629615339774326
Rg norm w/0.427,expr pH only regr out,Inliers,1,Ridge,85/15,0.012457747294349675,0.19139132872119718
Rg norm w/0.427,expr pH only regr out,All,1,Lasso,85/15,0.1561596975301628,0.19989800684581965
Rg norm w/0.427,expr pH only regr out,Inliers,1,Lasso,85/15,-0.033050596797762344,0.19575155056369287
Rg norm w/0.427,expr pH only regr out,All,1,Kernel Ridge,85/15,-0.6912566752511413,0.2829978224529193
Rg norm w/0.427,expr pH only regr out,Inliers,1,Kernel Ridge,85/15,0.07503380691968031,0.18522830146307015
Rg norm w/0.427,expr pH only regr out,All,1,GPR,85/15,-0.2504919414448481,0.2433429567331926
Rg norm w/0.427,expr pH only regr out,Inliers,1,GPR,85/15,-1.208260995231568,0.28619999057402096
Rg norm w/0.427,expr pH only regr out,All,1,Linear,90/10,0.26446817889338214,0.18761609107621408
Rg norm w/0.427,expr pH only regr out,Inliers,1,Linear,90/10,0.18282763567067684,0.18249660849372187
Rg norm w/0.427,expr pH only regr out,All,1,Ridge,90/10,0.24859457286395636,0.18962976810673376
Rg norm w/0.427,expr pH only regr out,Inliers,1,Ridge,90/10,0.00906780959577591,0.2009647702092123
Rg norm w/0.427,expr pH only regr out,All,1,Lasso,90/10,0.3013903337633935,0.18284649739685685
Rg norm w/0.427,expr pH only regr out,Inliers,1,Lasso,90/10,-0.07106579133921853,0.20893251728344975
Rg norm w/0.427,expr pH only regr out,All,1,Kernel Ridge,90/10,-0.08389992298670146,0.2277529143344467
Rg norm w/0.427,expr pH only regr out,Inliers,1,Kernel Ridge,90/10,0.032624348386679936,0.198561725684002
Rg norm w/0.427,expr pH only regr out,All,1,GPR,90/10,-0.30103541144217183,0.2495249107169884
Rg norm w/0.427,expr pH only regr out,Inliers,1,GPR,90/10,-1.3975227456188617,0.31259305904560913
Rg norm w/0.427,expr pH only regr out,All,2,Linear,80/20,-0.10275425841579566,0.23728624229877557
Rg norm w/0.427,expr pH only regr out,Inliers,2,Linear,80/20,0.003433757976041063,0.19417174096984702
Rg norm w/0.427,expr pH only regr out,All,2,Ridge,80/20,0.04990706858592531,0.2202501589831651
Rg norm w/0.427,expr pH only regr out,Inliers,2,Ridge,80/20,0.06276847772600747,0.18830262845059417
Rg norm w/0.427,expr pH only regr out,All,2,Lasso,80/20,0.02495215106500237,0.22312393028533853
Rg norm w/0.427,expr pH only regr out,Inliers,2,Lasso,80/20,0.03163951266307474,0.19140420246468387
Rg norm w/0.427,expr pH only regr out,All,2,Kernel Ridge,80/20,-0.04421764578834986,0.23090253505499375
Rg norm w/0.427,expr pH only regr out,Inliers,2,Kernel Ridge,80/20,0.14567165253971348,0.17978164388345072
Rg norm w/0.427,expr pH only regr out,All,2,GPR,80/20,-0.23844087661773528,0.2514611087533349
Rg norm w/0.427,expr pH only regr out,Inliers,2,GPR,80/20,-0.8671027471907082,0.26577678750512146
Rg norm w/0.427,expr pH only regr out,All,2,Linear,85/15,-0.171569200023999,0.23553871687075742
Rg norm w/0.427,expr pH only regr out,Inliers,2,Linear,85/15,-0.10312041990831622,0.20228136533051605
Rg norm w/0.427,expr pH only regr out,All,2,Ridge,85/15,0.09213365051405231,0.20734295871861946
Rg norm w/0.427,expr pH only regr out,Inliers,2,Ridge,85/15,-0.043098609723232206,0.19670123996732744
Rg norm w/0.427,expr pH only regr out,All,2,Lasso,85/15,0.07412299351158613,0.20938953930488705
Rg norm w/0.427,expr pH only regr out,Inliers,2,Lasso,85/15,-0.10178688727828322,0.20215906210387913
Rg norm w/0.427,expr pH only regr out,All,2,Kernel Ridge,85/15,-0.01549293582690936,0.21928896878462345
Rg norm w/0.427,expr pH only regr out,Inliers,2,Kernel Ridge,85/15,0.03593735993735059,0.18910240008094611
Rg norm w/0.427,expr pH only regr out,All,2,GPR,85/15,-0.25049194163832333,0.24334295675201753
Rg norm w/0.427,expr pH only regr out,Inliers,2,GPR,85/15,-1.208260995207315,0.2861999905724493
Rg norm w/0.427,expr pH only regr out,All,2,Linear,90/10,0.17695648537786623,0.1984635469313285
Rg norm w/0.427,expr pH only regr out,Inliers,2,Linear,90/10,0.05939983902618229,0.19579449947818842
Rg norm w/0.427,expr pH only regr out,All,2,Ridge,90/10,0.12626670350023073,0.20448374638480377
Rg norm w/0.427,expr pH only regr out,Inliers,2,Ridge,90/10,-0.03121187572574402,0.2050085223698352
Rg norm w/0.427,expr pH only regr out,All,2,Lasso,90/10,0.10988087816767833,0.20639226427876764
Rg norm w/0.427,expr pH only regr out,Inliers,2,Lasso,90/10,0.009280100019323778,0.20094324240852401
Rg norm w/0.427,expr pH only regr out,All,2,Kernel Ridge,90/10,-0.022354320256810833,0.2211923325821247
Rg norm w/0.427,expr pH only regr out,Inliers,2,Kernel Ridge,90/10,0.05568581077211743,0.19618067306708398
Rg norm w/0.427,expr pH only regr out,All,2,GPR,90/10,-0.30108505108347283,0.24952967085218924
Rg norm w/0.427,expr pH only regr out,Inliers,2,GPR,90/10,-1.3975227456188883,0.31259305904561085
Rg norm w/0.427,expr pH only regr out,All,1,Linear,80/20,-0.19537288587335322,0.24705001660640669
Rg norm w/0.427,expr pH only regr out,Inliers,1,Linear,80/20,0.14927981909931665,0.179401597688175
Rg norm w/0.427,expr pH only regr out,All,1,Ridge,80/20,0.056454730108027595,0.21948990876077668
Rg norm w/0.427,expr pH only regr out,Inliers,1,Ridge,80/20,0.11214093936286651,0.18327572841966439
Rg norm w/0.427,expr pH only regr out,All,1,Lasso,80/20,-0.011489792387292086,0.22725525746951755
Rg norm w/0.427,expr pH only regr out,Inliers,1,Lasso,80/20,0.085300608592079,0.18602535149285662
Rg norm w/0.427,expr pH only regr out,All,1,Kernel Ridge,80/20,-0.0960344142016123,0.23656216295924698
Rg norm w/0.427,expr pH only regr out,Inliers,1,Kernel Ridge,80/20,0.16168876051690462,0.17808837994770732
Rg norm w/0.427,expr pH only regr out,All,1,GPR,80/20,-0.23844087660143054,0.2514611087516796
Rg norm w/0.427,expr pH only regr out,Inliers,1,GPR,80/20,-0.8671156918326011,0.2657777088200785
Rg norm w/0.427,expr pH only regr out,All,1,Linear,85/15,-0.006850325084185593,0.2183538175692518
Rg norm w/0.427,expr pH only regr out,Inliers,1,Linear,85/15,0.07902192275410624,0.1848285517680492
Rg norm w/0.427,expr pH only regr out,All,1,Ridge,85/15,0.18629513110589224,0.19629615339774326
Rg norm w/0.427,expr pH only regr out,Inliers,1,Ridge,85/15,0.012457747294349675,0.19139132872119718
Rg norm w/0.427,expr pH only regr out,All,1,Lasso,85/15,0.1561596975301628,0.19989800684581965
Rg norm w/0.427,expr pH only regr out,Inliers,1,Lasso,85/15,-0.033050596797762344,0.19575155056369287
Rg norm w/0.427,expr pH only regr out,All,1,Kernel Ridge,85/15,-0.6912566752511413,0.2829978224529193
Rg norm w/0.427,expr pH only regr out,Inliers,1,Kernel Ridge,85/15,0.07503380691968031,0.18522830146307015
Rg norm w/0.427,expr pH only regr out,All,1,GPR,85/15,-0.2504919416370279,0.24334295675189146
Rg norm w/0.427,expr pH only regr out,Inliers,1,GPR,85/15,-1.2082609952307286,0.2861999905739666
Rg norm w/0.427,expr pH only regr out,All,1,Linear,90/10,0.26446817889338214,0.18761609107621408
Rg norm w/0.427,expr pH only regr out,Inliers,1,Linear,90/10,0.18282763567067684,0.18249660849372187
Rg norm w/0.427,expr pH only regr out,All,1,Ridge,90/10,0.24859457286395636,0.18962976810673376
Rg norm w/0.427,expr pH only regr out,Inliers,1,Ridge,90/10,0.00906780959577591,0.2009647702092123
Rg norm w/0.427,expr pH only regr out,All,1,Lasso,90/10,0.3013903337633935,0.18284649739685685
Rg norm w/0.427,expr pH only regr out,Inliers,1,Lasso,90/10,-0.07106579133921853,0.20893251728344975
Rg norm w/0.427,expr pH only regr out,All,1,Kernel Ridge,90/10,-0.08389992298670146,0.2277529143344467
Rg norm w/0.427,expr pH only regr out,Inliers,1,Kernel Ridge,90/10,0.032624348386679936,0.198561725684002
Rg norm w/0.427,expr pH only regr out,All,1,GPR,90/10,-0.301037103009409,0.2495250729293398
Rg norm w/0.427,expr pH only regr out,Inliers,1,GPR,90/10,-1.3975227456188635,0.31259305904560925
Rg norm w/0.5,expr pH only regr out,All,1,Linear,80/20,0.0978245846865311,0.20999150361162197
Rg norm w/0.5,expr pH only regr out,Inliers,1,Linear,80/20,0.13194892434123373,0.1251330377006581
Rg norm w/0.5,expr pH only regr out,All,1,Ridge,80/20,0.1517061959643079,0.20362419322745987
Rg norm w/0.5,expr pH only regr out,Inliers,1,Ridge,80/20,0.11820846635007487,0.12611952026167067
Rg norm w/0.5,expr pH only regr out,All,1,Lasso,80/20,0.15641476275761856,0.20305828535956594
Rg norm w/0.5,expr pH only regr out,Inliers,1,Lasso,80/20,0.06244159490092904,0.13004645364424652
Rg norm w/0.5,expr pH only regr out,All,1,Kernel Ridge,80/20,-0.10395690199116658,0.23229094923277555
Rg norm w/0.5,expr pH only regr out,Inliers,1,Kernel Ridge,80/20,0.1628200387561789,0.12288779735607558
Rg norm w/0.5,expr pH only regr out,All,1,GPR,80/20,-0.3150291672180623,0.2535268275012504
Rg norm w/0.5,expr pH only regr out,Inliers,1,GPR,80/20,-0.8348832099728312,0.18192968228506404
Rg norm w/0.5,expr pH only regr out,All,1,Linear,85/15,0.1830996314533463,0.1932531610283354
Rg norm w/0.5,expr pH only regr out,Inliers,1,Linear,85/15,0.049290400848512994,0.12940524975860968
Rg norm w/0.5,expr pH only regr out,All,1,Ridge,85/15,0.28809987649195756,0.18040625637188965
Rg norm w/0.5,expr pH only regr out,Inliers,1,Ridge,85/15,-0.015144038344620414,0.13371859048202397
Rg norm w/0.5,expr pH only regr out,All,1,Lasso,85/15,0.292244770323694,0.17988030029898683
Rg norm w/0.5,expr pH only regr out,Inliers,1,Lasso,85/15,-0.006179377377484974,0.13312685175651384
Rg norm w/0.5,expr pH only regr out,All,1,Kernel Ridge,85/15,-0.2952178599148212,0.2433399825307884
Rg norm w/0.5,expr pH only regr out,Inliers,1,Kernel Ridge,85/15,0.06436348021327565,0.1283753197344429
Rg norm w/0.5,expr pH only regr out,All,1,GPR,85/15,-0.3159247061101078,0.24527742645733017
Rg norm w/0.5,expr pH only regr out,Inliers,1,GPR,85/15,-1.1814322859962973,0.19601929555842076
Rg norm w/0.5,expr pH only regr out,All,1,Linear,90/10,0.3053235886748834,0.18192283113586546
Rg norm w/0.5,expr pH only regr out,Inliers,1,Linear,90/10,0.1864528204432978,0.1267211942988146
Rg norm w/0.5,expr pH only regr out,All,1,Ridge,90/10,0.2768121411183926,0.1856186001940353
Rg norm w/0.5,expr pH only regr out,Inliers,1,Ridge,90/10,0.025140130035172126,0.13871677453414202
Rg norm w/0.5,expr pH only regr out,All,1,Lasso,90/10,0.279692051518562,0.18524864224681684
Rg norm w/0.5,expr pH only regr out,Inliers,1,Lasso,90/10,0.025840093778460638,0.13866696524809521
Rg norm w/0.5,expr pH only regr out,All,1,Kernel Ridge,90/10,0.0021685910730139257,0.21803414697126913
Rg norm w/0.5,expr pH only regr out,Inliers,1,Kernel Ridge,90/10,0.03914664664301437,0.1377166470500365
Rg norm w/0.5,expr pH only regr out,All,1,GPR,90/10,-0.4045844404353318,0.2586841720027584
Rg norm w/0.5,expr pH only regr out,Inliers,1,GPR,90/10,-1.3955702114842414,0.21745146477629682
Rg norm w/0.5,expr pH only regr out,All,2,Linear,80/20,0.10489162983996525,0.2091674193715463
Rg norm w/0.5,expr pH only regr out,Inliers,2,Linear,80/20,-0.027751472992343373,0.13615807466856636
Rg norm w/0.5,expr pH only regr out,All,2,Ridge,80/20,0.1541032914256365,0.20333629065398273
Rg norm w/0.5,expr pH only regr out,Inliers,2,Ridge,80/20,0.07851425951361679,0.12892693472113478
Rg norm w/0.5,expr pH only regr out,All,2,Lasso,80/20,0.11169201910079352,0.20837135273756113
Rg norm w/0.5,expr pH only regr out,Inliers,2,Lasso,80/20,0.06244159490092904,0.13004645364424652
Rg norm w/0.5,expr pH only regr out,All,2,Kernel Ridge,80/20,-0.12666665655635967,0.23466804214282477
Rg norm w/0.5,expr pH only regr out,Inliers,2,Kernel Ridge,80/20,0.15453501459407037,0.12349437053435142
Rg norm w/0.5,expr pH only regr out,All,2,GPR,80/20,-0.315029167241355,0.25352682750349576
Rg norm w/0.5,expr pH only regr out,Inliers,2,GPR,80/20,-0.8348695623373181,0.18192900569851178
Rg norm w/0.5,expr pH only regr out,All,2,Linear,85/15,0.057145369480609665,0.20761772578304993
Rg norm w/0.5,expr pH only regr out,Inliers,2,Linear,85/15,-0.15093895499556398,0.14238167594512896
Rg norm w/0.5,expr pH only regr out,All,2,Ridge,85/15,0.1804238433383798,0.19356940629801098
Rg norm w/0.5,expr pH only regr out,Inliers,2,Ridge,85/15,-0.03557822929857357,0.13505771934941388
Rg norm w/0.5,expr pH only regr out,All,2,Lasso,85/15,0.13900525713743972,0.19840029347529126
Rg norm w/0.5,expr pH only regr out,Inliers,2,Lasso,85/15,-0.03669674405533763,0.1351306367202422
Rg norm w/0.5,expr pH only regr out,All,2,Kernel Ridge,85/15,-0.295023425481723,0.2433217170911277
Rg norm w/0.5,expr pH only regr out,Inliers,2,Kernel Ridge,85/15,0.037604224462569724,0.1301981489497858
Rg norm w/0.5,expr pH only regr out,All,2,GPR,85/15,-0.31592470608318735,0.24527742645482128
Rg norm w/0.5,expr pH only regr out,Inliers,2,GPR,85/15,-1.181432285929767,0.1960192955554316
Rg norm w/0.5,expr pH only regr out,All,2,Linear,90/10,0.20983925028460815,0.19402319701499926
Rg norm w/0.5,expr pH only regr out,Inliers,2,Linear,90/10,0.04066856589519385,0.1376075374358205
Rg norm w/0.5,expr pH only regr out,All,2,Ridge,90/10,0.09440894738482508,0.2077121932279133
Rg norm w/0.5,expr pH only regr out,Inliers,2,Ridge,90/10,-0.008171551721136705,0.14106689415871498
Rg norm w/0.5,expr pH only regr out,All,2,Lasso,90/10,0.0860690051849482,0.2086664526401526
Rg norm w/0.5,expr pH only regr out,Inliers,2,Lasso,90/10,0.014087340125036318,0.13950093134832786
Rg norm w/0.5,expr pH only regr out,All,2,Kernel Ridge,90/10,0.05538830690954122,0.2121400117750333
Rg norm w/0.5,expr pH only regr out,Inliers,2,Kernel Ridge,90/10,0.08018071513264258,0.1347439085207073
Rg norm w/0.5,expr pH only regr out,All,2,GPR,90/10,-0.4046445442239215,0.25868970664062474
Rg norm w/0.5,expr pH only regr out,Inliers,2,GPR,90/10,-1.395570211484316,0.2174514647763002
Rg norm w/0.5,expr pH only regr out,All,1,Linear,80/20,0.0978245846865311,0.20999150361162197
Rg norm w/0.5,expr pH only regr out,Inliers,1,Linear,80/20,0.13194892434123373,0.1251330377006581
Rg norm w/0.5,expr pH only regr out,All,1,Ridge,80/20,0.1517061959643079,0.20362419322745987
Rg norm w/0.5,expr pH only regr out,Inliers,1,Ridge,80/20,0.11820846635007487,0.12611952026167067
Rg norm w/0.5,expr pH only regr out,All,1,Lasso,80/20,0.15641476275761856,0.20305828535956594
Rg norm w/0.5,expr pH only regr out,Inliers,1,Lasso,80/20,0.06244159490092904,0.13004645364424652
Rg norm w/0.5,expr pH only regr out,All,1,Kernel Ridge,80/20,-0.10395690199116658,0.23229094923277555
Rg norm w/0.5,expr pH only regr out,Inliers,1,Kernel Ridge,80/20,0.1628200387561789,0.12288779735607558
Rg norm w/0.5,expr pH only regr out,All,1,GPR,80/20,-0.31502916720839025,0.2535268275003181
Rg norm w/0.5,expr pH only regr out,Inliers,1,GPR,80/20,-0.8348831466884643,0.1819296791477241
Rg norm w/0.5,expr pH only regr out,All,1,Linear,85/15,0.1830996314533463,0.1932531610283354
Rg norm w/0.5,expr pH only regr out,Inliers,1,Linear,85/15,0.049290400848512994,0.12940524975860968
Rg norm w/0.5,expr pH only regr out,All,1,Ridge,85/15,0.28809987649195756,0.18040625637188965
Rg norm w/0.5,expr pH only regr out,Inliers,1,Ridge,85/15,-0.015144038344620414,0.13371859048202397
Rg norm w/0.5,expr pH only regr out,All,1,Lasso,85/15,0.292244770323694,0.17988030029898683
Rg norm w/0.5,expr pH only regr out,Inliers,1,Lasso,85/15,-0.006179377377484974,0.13312685175651384
Rg norm w/0.5,expr pH only regr out,All,1,Kernel Ridge,85/15,-0.2952178599148212,0.2433399825307884
Rg norm w/0.5,expr pH only regr out,Inliers,1,Kernel Ridge,85/15,0.06436348021327565,0.1283753197344429
Rg norm w/0.5,expr pH only regr out,All,1,GPR,85/15,-0.31592470607034495,0.24527742645362444
Rg norm w/0.5,expr pH only regr out,Inliers,1,GPR,85/15,-1.1814322859968773,0.1960192955584468
Rg norm w/0.5,expr pH only regr out,All,1,Linear,90/10,0.3053235886748834,0.18192283113586546
Rg norm w/0.5,expr pH only regr out,Inliers,1,Linear,90/10,0.1864528204432978,0.1267211942988146
Rg norm w/0.5,expr pH only regr out,All,1,Ridge,90/10,0.2768121411183926,0.1856186001940353
Rg norm w/0.5,expr pH only regr out,Inliers,1,Ridge,90/10,0.025140130035172126,0.13871677453414202
Rg norm w/0.5,expr pH only regr out,All,1,Lasso,90/10,0.279692051518562,0.18524864224681684
Rg norm w/0.5,expr pH only regr out,Inliers,1,Lasso,90/10,0.025840093778460638,0.13866696524809521
Rg norm w/0.5,expr pH only regr out,All,1,Kernel Ridge,90/10,0.0021685910730139257,0.21803414697126913
Rg norm w/0.5,expr pH only regr out,Inliers,1,Kernel Ridge,90/10,0.03914664664301437,0.1377166470500365
Rg norm w/0.5,expr pH only regr out,All,1,GPR,90/10,-0.4045875121748046,0.2586844548657622
Rg norm w/0.5,expr pH only regr out,Inliers,1,GPR,90/10,-1.3955702114842419,0.21745146477629684
Rg norm w/0.418,expr pH only regr out,All,1,Linear,80/20,-0.8770431075252136,0.24116122145678026
Rg norm w/0.418,expr pH only regr out,Inliers,1,Linear,80/20,0.1526112294840054,0.18766996006042103
Rg norm w/0.418,expr pH only regr out,All,1,Ridge,80/20,-0.06373546511638817,0.18154620335851768
Rg norm w/0.418,expr pH only regr out,Inliers,1,Ridge,80/20,0.11268874833127185,0.1920398701605795
Rg norm w/0.418,expr pH only regr out,All,1,Lasso,80/20,-0.0785204227768288,0.18280351330767564
Rg norm w/0.418,expr pH only regr out,Inliers,1,Lasso,80/20,0.08992391897384366,0.1944877533021314
Rg norm w/0.418,expr pH only regr out,All,1,Kernel Ridge,80/20,0.015739955641977388,0.1746325836274505
Rg norm w/0.418,expr pH only regr out,Inliers,1,Kernel Ridge,80/20,0.16279657177697016,0.1865386839081521
Rg norm w/0.418,expr pH only regr out,All,1,GPR,80/20,-0.09584073874902499,0.1842655180048105
Rg norm w/0.418,expr pH only regr out,Inliers,1,GPR,80/20,-0.8689794234083763,0.27871200101968824
Rg norm w/0.418,expr pH only regr out,All,1,Linear,85/15,-0.5837578188131689,0.2110045256725425
Rg norm w/0.418,expr pH only regr out,Inliers,1,Linear,85/15,0.08385812379457436,0.19324853561750485
Rg norm w/0.418,expr pH only regr out,All,1,Ridge,85/15,-0.009920898955416035,0.1684965697673472
Rg norm w/0.418,expr pH only regr out,Inliers,1,Ridge,85/15,0.013998199046582172,0.20048122082902162
Rg norm w/0.418,expr pH only regr out,All,1,Lasso,85/15,-0.06892014509460753,0.1733484709511253
Rg norm w/0.418,expr pH only regr out,Inliers,1,Lasso,85/15,-0.027419588963153885,0.20464859392709692
Rg norm w/0.418,expr pH only regr out,All,1,Kernel Ridge,85/15,0.021692577345455932,0.16583838454540947
Rg norm w/0.418,expr pH only regr out,Inliers,1,Kernel Ridge,85/15,0.07749739215678897,0.19391823313236867
Rg norm w/0.418,expr pH only regr out,All,1,GPR,85/15,-0.1095106490261124,0.17660911803756632
Rg norm w/0.418,expr pH only regr out,Inliers,1,GPR,85/15,-1.2090262425930298,0.30007877745368094
Rg norm w/0.418,expr pH only regr out,All,1,Linear,90/10,-0.10816099375692279,0.17382581967189184
Rg norm w/0.418,expr pH only regr out,Inliers,1,Linear,90/10,0.18311048812109143,0.1910006928779336
Rg norm w/0.418,expr pH only regr out,All,1,Ridge,90/10,0.09404192020170521,0.15716900639248854
Rg norm w/0.418,expr pH only regr out,Inliers,1,Ridge,90/10,0.008102202603766151,0.21046832538808746
Rg norm w/0.418,expr pH only regr out,All,1,Lasso,90/10,-0.01755357963888815,0.16656797252617395
Rg norm w/0.418,expr pH only regr out,Inliers,1,Lasso,90/10,-0.06504197971240289,0.21809044857765014
Rg norm w/0.418,expr pH only regr out,All,1,Kernel Ridge,90/10,0.05221950043175205,0.1607558332123522
Rg norm w/0.418,expr pH only regr out,Inliers,1,Kernel Ridge,90/10,0.03277997658692877,0.2078336773649025
Rg norm w/0.418,expr pH only regr out,All,1,GPR,90/10,-0.14080700892764608,0.1763676574974099
Rg norm w/0.418,expr pH only regr out,Inliers,1,GPR,90/10,-1.3950902627575634,0.3270500540171173
Rg norm w/0.418,expr pH only regr out,All,2,Linear,80/20,-0.6301368939543728,0.22474104188498858
Rg norm w/0.418,expr pH only regr out,Inliers,2,Linear,80/20,0.009016028699320389,0.2029489105591329
Rg norm w/0.418,expr pH only regr out,All,2,Ridge,80/20,-0.053199271945343796,0.18064486741916194
Rg norm w/0.418,expr pH only regr out,Inliers,2,Ridge,80/20,0.062263816420204066,0.19742118134958195
Rg norm w/0.418,expr pH only regr out,All,2,Lasso,80/20,-0.1635793654673563,0.18987524929018149
Rg norm w/0.418,expr pH only regr out,Inliers,2,Lasso,80/20,0.027949077431726366,0.20100086098546247
Rg norm w/0.418,expr pH only regr out,All,2,Kernel Ridge,80/20,0.06255441385041827,0.17042895686950946
Rg norm w/0.418,expr pH only regr out,Inliers,2,Kernel Ridge,80/20,0.14587019890063113,0.1884149445213613
Rg norm w/0.418,expr pH only regr out,All,2,GPR,80/20,-0.09592612142026802,0.1842726964090892
Rg norm w/0.418,expr pH only regr out,Inliers,2,GPR,80/20,-0.8689668968017341,0.2787110670015258
Rg norm w/0.418,expr pH only regr out,All,2,Linear,85/15,-0.796209222160593,0.22471178272789433
Rg norm w/0.418,expr pH only regr out,Inliers,2,Linear,85/15,-0.09545600625617845,0.21131596754912446
Rg norm w/0.418,expr pH only regr out,All,2,Ridge,85/15,-0.01987533261982999,0.16932493912980795
Rg norm w/0.418,expr pH only regr out,Inliers,2,Ridge,85/15,-0.042539266762669614,0.20614891573737953
Rg norm w/0.418,expr pH only regr out,All,2,Lasso,85/15,-0.11277985269687352,0.17686911846789577
Rg norm w/0.418,expr pH only regr out,Inliers,2,Lasso,85/15,-0.10469827206429616,0.21220552231617143
Rg norm w/0.418,expr pH only regr out,All,2,Kernel Ridge,85/15,0.06672495090427832,0.16197657511865873
Rg norm w/0.418,expr pH only regr out,Inliers,2,Kernel Ridge,85/15,0.037131388089233885,0.19811545627027402
Rg norm w/0.418,expr pH only regr out,All,2,GPR,85/15,-0.10969113809900466,0.17662348235203176
Rg norm w/0.418,expr pH only regr out,Inliers,2,GPR,85/15,-1.209026242572337,0.3000787774522755
Rg norm w/0.418,expr pH only regr out,All,2,Linear,90/10,-0.16107838521189555,0.17792772523371644
Rg norm w/0.418,expr pH only regr out,Inliers,2,Linear,90/10,0.06297135544605759,0.20456423978624824
Rg norm w/0.418,expr pH only regr out,All,2,Ridge,90/10,0.08553431877323425,0.15790524727892194
Rg norm w/0.418,expr pH only regr out,Inliers,2,Ridge,90/10,-0.032946776624449337,0.21477921710999698
Rg norm w/0.418,expr pH only regr out,All,2,Lasso,90/10,0.0622051090623672,0.159906746643932
Rg norm w/0.418,expr pH only regr out,Inliers,2,Lasso,90/10,0.012114886115593304,0.2100421732913243
Rg norm w/0.418,expr pH only regr out,All,2,Kernel Ridge,90/10,0.10827465923496826,0.15592954460734032
Rg norm w/0.418,expr pH only regr out,Inliers,2,Kernel Ridge,90/10,0.05373214308311447,0.20557027965297436
Rg norm w/0.418,expr pH only regr out,All,2,GPR,90/10,-0.14082719379038244,0.17636921777061254
Rg norm w/0.418,expr pH only regr out,Inliers,2,GPR,90/10,-1.3950902627575847,0.32705005401711873
Rg norm w/0.418,expr pH only regr out,All,1,Linear,80/20,-0.8770431075252136,0.24116122145678026
Rg norm w/0.418,expr pH only regr out,Inliers,1,Linear,80/20,0.1526112294840054,0.18766996006042103
Rg norm w/0.418,expr pH only regr out,All,1,Ridge,80/20,-0.06373546511638817,0.18154620335851768
Rg norm w/0.418,expr pH only regr out,Inliers,1,Ridge,80/20,0.11268874833127185,0.1920398701605795
Rg norm w/0.418,expr pH only regr out,All,1,Lasso,80/20,-0.0785204227768288,0.18280351330767564
Rg norm w/0.418,expr pH only regr out,Inliers,1,Lasso,80/20,0.08992391897384366,0.1944877533021314
Rg norm w/0.418,expr pH only regr out,All,1,Kernel Ridge,80/20,0.015739955641977388,0.1746325836274505
Rg norm w/0.418,expr pH only regr out,Inliers,1,Kernel Ridge,80/20,0.16279657177697016,0.1865386839081521
Rg norm w/0.418,expr pH only regr out,All,1,GPR,80/20,-0.09584073874902499,0.1842655180048105
Rg norm w/0.418,expr pH only regr out,Inliers,1,GPR,80/20,-0.8689794854407107,0.2787120056449815
Rg norm w/0.418,expr pH only regr out,All,1,Linear,85/15,-0.5837578188131689,0.2110045256725425
Rg norm w/0.418,expr pH only regr out,Inliers,1,Linear,85/15,0.08385812379457436,0.19324853561750485
Rg norm w/0.418,expr pH only regr out,All,1,Ridge,85/15,-0.009920898955416035,0.1684965697673472
Rg norm w/0.418,expr pH only regr out,Inliers,1,Ridge,85/15,0.013998199046582172,0.20048122082902162
Rg norm w/0.418,expr pH only regr out,All,1,Lasso,85/15,-0.06892014509460753,0.1733484709511253
Rg norm w/0.418,expr pH only regr out,Inliers,1,Lasso,85/15,-0.027419588963153885,0.20464859392709692
Rg norm w/0.418,expr pH only regr out,All,1,Kernel Ridge,85/15,0.021692577345455932,0.16583838454540947
Rg norm w/0.418,expr pH only regr out,Inliers,1,Kernel Ridge,85/15,0.07749739215678897,0.19391823313236867
Rg norm w/0.418,expr pH only regr out,All,1,GPR,85/15,-0.10951854425207563,0.17660974640756652
Rg norm w/0.418,expr pH only regr out,Inliers,1,GPR,85/15,-1.2090262425951108,0.3000787774538223
Rg norm w/0.418,expr pH only regr out,All,1,Linear,90/10,-0.10816099375692279,0.17382581967189184
Rg norm w/0.418,expr pH only regr out,Inliers,1,Linear,90/10,0.18311048812109143,0.1910006928779336
Rg norm w/0.418,expr pH only regr out,All,1,Ridge,90/10,0.09404192020170521,0.15716900639248854
Rg norm w/0.418,expr pH only regr out,Inliers,1,Ridge,90/10,0.008102202603766151,0.21046832538808746
Rg norm w/0.418,expr pH only regr out,All,1,Lasso,90/10,-0.01755357963888815,0.16656797252617395
Rg norm w/0.418,expr pH only regr out,Inliers,1,Lasso,90/10,-0.06504197971240289,0.21809044857765014
Rg norm w/0.418,expr pH only regr out,All,1,Kernel Ridge,90/10,0.05221950043175205,0.1607558332123522
Rg norm w/0.418,expr pH only regr out,Inliers,1,Kernel Ridge,90/10,0.03277997658692877,0.2078336773649025
Rg norm w/0.418,expr pH only regr out,All,1,GPR,90/10,-0.14080700892764608,0.1763676574974099
Rg norm w/0.418,expr pH only regr out,Inliers,1,GPR,90/10,-1.3950902627575634,0.3270500540171173
Rg w/no norm,expr buffer only regr out,All,1,Linear,80/20,-0.06824274311136191,2.2058193422552024
Rg w/no norm,expr buffer only regr out,Inliers,1,Linear,80/20,0.24290641478319652,1.8041849828203722
Rg w/no norm,expr buffer only regr out,All,1,Ridge,80/20,0.03278577077335709,2.098922018741713
Rg w/no norm,expr buffer only regr out,Inliers,1,Ridge,80/20,0.31098895154515005,1.721152584755204
Rg w/no norm,expr buffer only regr out,All,1,Lasso,80/20,0.02778711396233402,2.1043387453551534
Rg w/no norm,expr buffer only regr out,Inliers,1,Lasso,80/20,0.31165399421768203,1.720321744483351
Rg w/no norm,expr buffer only regr out,All,1,Kernel Ridge,80/20,-0.3138602100480843,2.4462990416467107
Rg w/no norm,expr buffer only regr out,Inliers,1,Kernel Ridge,80/20,0.26182726777460086,1.7814977560712342
Rg w/no norm,expr buffer only regr out,All,1,GPR,80/20,-0.3203330107304381,2.4523175478853183
Rg w/no norm,expr buffer only regr out,Inliers,1,GPR,80/20,-0.827992842729679,2.803454590323364
Rg w/no norm,expr buffer only regr out,All,1,Linear,85/15,0.21643239240909962,1.9378247416018477
Rg w/no norm,expr buffer only regr out,Inliers,1,Linear,85/15,0.22290591467535759,1.7860290443958733
Rg w/no norm,expr buffer only regr out,All,1,Ridge,85/15,0.25147218713670483,1.8940011156017116
Rg w/no norm,expr buffer only regr out,Inliers,1,Ridge,85/15,0.27333382385153504,1.7271067767624113
Rg w/no norm,expr buffer only regr out,All,1,Lasso,85/15,0.20219443690397954,1.955351278468185
Rg w/no norm,expr buffer only regr out,Inliers,1,Lasso,85/15,0.2503520171006962,1.7542052392211376
Rg w/no norm,expr buffer only regr out,All,1,Kernel Ridge,85/15,-0.42100663241754277,2.609602212952758
Rg w/no norm,expr buffer only regr out,Inliers,1,Kernel Ridge,85/15,0.23589416867985546,1.7710404171913208
Rg w/no norm,expr buffer only regr out,All,1,GPR,85/15,-0.28819962800762244,2.4846650104226096
Rg w/no norm,expr buffer only regr out,Inliers,1,GPR,85/15,-1.1872110303284393,2.996381169324032
Rg w/no norm,expr buffer only regr out,All,1,Linear,90/10,0.32070546308085723,1.8238073264585768
Rg w/no norm,expr buffer only regr out,Inliers,1,Linear,90/10,-0.07512896818445025,1.9761163982401162
Rg w/no norm,expr buffer only regr out,All,1,Ridge,90/10,0.305525885427386,1.8440722240262117
Rg w/no norm,expr buffer only regr out,Inliers,1,Ridge,90/10,0.11869945620473188,1.7891397276850034
Rg w/no norm,expr buffer only regr out,All,1,Lasso,90/10,0.2800262825787204,1.8776222215335312
Rg w/no norm,expr buffer only regr out,Inliers,1,Lasso,90/10,0.0642037996638829,1.84362623254367
Rg w/no norm,expr buffer only regr out,All,1,Kernel Ridge,90/10,0.12047073118149998,2.0752720799482747
Rg w/no norm,expr buffer only regr out,Inliers,1,Kernel Ridge,90/10,-0.042923390168015496,1.9462940012643746
Rg w/no norm,expr buffer only regr out,All,1,GPR,90/10,-0.282920318677794,2.506396277065834
Rg w/no norm,expr buffer only regr out,Inliers,1,GPR,90/10,-1.3213512354377341,2.9037061789288905
Rg w/no norm,expr buffer only regr out,All,2,Linear,80/20,-0.03310778275832282,2.169240886924855
Rg w/no norm,expr buffer only regr out,Inliers,2,Linear,80/20,0.122402880589214,1.9424680085978567
Rg w/no norm,expr buffer only regr out,All,2,Ridge,80/20,0.06088119519509372,2.0682128564266002
Rg w/no norm,expr buffer only regr out,Inliers,2,Ridge,80/20,0.28594346459178466,1.7521552311691402
Rg w/no norm,expr buffer only regr out,All,2,Lasso,80/20,0.05356735722584993,2.0762508365028647
Rg w/no norm,expr buffer only regr out,Inliers,2,Lasso,80/20,0.2758768804821262,1.7644627213655562
Rg w/no norm,expr buffer only regr out,All,2,Kernel Ridge,80/20,-0.11072634283843708,2.249253997680678
Rg w/no norm,expr buffer only regr out,Inliers,2,Kernel Ridge,80/20,0.25621568127109573,1.788256405408459
Rg w/no norm,expr buffer only regr out,All,2,GPR,80/20,-0.3203330107253468,2.4523175478805896
Rg w/no norm,expr buffer only regr out,Inliers,2,GPR,80/20,-0.8279878173566491,2.8034507368031414
Rg w/no norm,expr buffer only regr out,All,2,Linear,85/15,0.15285995806926445,2.014901705872431
Rg w/no norm,expr buffer only regr out,Inliers,2,Linear,85/15,0.057539909495879615,1.9669041637134834
Rg w/no norm,expr buffer only regr out,All,2,Ridge,85/15,0.2438578323348113,1.9036100478928482
Rg w/no norm,expr buffer only regr out,Inliers,2,Ridge,85/15,0.25564048043668,1.7480066835456873
Rg w/no norm,expr buffer only regr out,All,2,Lasso,85/15,0.19784264260029127,1.9606769584183499
Rg w/no norm,expr buffer only regr out,Inliers,2,Lasso,85/15,0.2720892815199135,1.728585129562269
Rg w/no norm,expr buffer only regr out,All,2,Kernel Ridge,85/15,-0.43775171490109965,2.624932902622267
Rg w/no norm,expr buffer only regr out,Inliers,2,Kernel Ridge,85/15,0.2194125510760897,1.79003901736814
Rg w/no norm,expr buffer only regr out,All,2,GPR,85/15,-0.2881996279972687,2.4846650104126247
Rg w/no norm,expr buffer only regr out,Inliers,2,GPR,85/15,-1.1872110303174934,2.9963811693165345
Rg w/no norm,expr buffer only regr out,All,2,Linear,90/10,0.2789398379221788,1.8790383590901523
Rg w/no norm,expr buffer only regr out,Inliers,2,Linear,90/10,-0.32584241233299505,2.19446265255242
Rg w/no norm,expr buffer only regr out,All,2,Ridge,90/10,0.24660591231041962,1.9207064681776103
Rg w/no norm,expr buffer only regr out,Inliers,2,Ridge,90/10,0.14302569056087833,1.7642744371744836
Rg w/no norm,expr buffer only regr out,All,2,Lasso,90/10,0.22366672140694466,1.949727856426498
Rg w/no norm,expr buffer only regr out,Inliers,2,Lasso,90/10,0.1030427607649177,1.8049621945665755
Rg w/no norm,expr buffer only regr out,All,2,Kernel Ridge,90/10,0.14196081455703002,2.0497620868884443
Rg w/no norm,expr buffer only regr out,Inliers,2,Kernel Ridge,90/10,-0.044836690343070584,1.948078474771208
Rg w/no norm,expr buffer only regr out,All,2,GPR,90/10,-0.3038738289781666,2.526781445972122
Rg w/no norm,expr buffer only regr out,Inliers,2,GPR,90/10,-1.3213512354252765,2.903706178921099
Rg w/no norm,expr buffer only regr out,All,1,Linear,80/20,-0.06824274311136191,2.2058193422552024
Rg w/no norm,expr buffer only regr out,Inliers,1,Linear,80/20,0.24290641478319652,1.8041849828203722
Rg w/no norm,expr buffer only regr out,All,1,Ridge,80/20,0.03278577077335709,2.098922018741713
Rg w/no norm,expr buffer only regr out,Inliers,1,Ridge,80/20,0.31098895154515005,1.721152584755204
Rg w/no norm,expr buffer only regr out,All,1,Lasso,80/20,0.02778711396233402,2.1043387453551534
Rg w/no norm,expr buffer only regr out,Inliers,1,Lasso,80/20,0.31165399421768203,1.720321744483351
Rg w/no norm,expr buffer only regr out,All,1,Kernel Ridge,80/20,-0.3138602100480843,2.4462990416467107
Rg w/no norm,expr buffer only regr out,Inliers,1,Kernel Ridge,80/20,0.26182726777460086,1.7814977560712342
Rg w/no norm,expr buffer only regr out,All,1,GPR,80/20,-0.3203330107237947,2.4523175478791486
Rg w/no norm,expr buffer only regr out,Inliers,1,GPR,80/20,-0.8279929533872805,2.8034546751769662
Rg w/no norm,expr buffer only regr out,All,1,Linear,85/15,0.21643239240909962,1.9378247416018477
Rg w/no norm,expr buffer only regr out,Inliers,1,Linear,85/15,0.22290591467535759,1.7860290443958733
Rg w/no norm,expr buffer only regr out,All,1,Ridge,85/15,0.25147218713670483,1.8940011156017116
Rg w/no norm,expr buffer only regr out,Inliers,1,Ridge,85/15,0.27333382385153504,1.7271067767624113
Rg w/no norm,expr buffer only regr out,All,1,Lasso,85/15,0.20219443690397954,1.955351278468185
Rg w/no norm,expr buffer only regr out,Inliers,1,Lasso,85/15,0.2503520171006962,1.7542052392211376
Rg w/no norm,expr buffer only regr out,All,1,Kernel Ridge,85/15,-0.42100663241754277,2.609602212952758
Rg w/no norm,expr buffer only regr out,Inliers,1,Kernel Ridge,85/15,0.23589416867985546,1.7710404171913208
Rg w/no norm,expr buffer only regr out,All,1,GPR,85/15,-0.28819962799749277,2.4846650104128405
Rg w/no norm,expr buffer only regr out,Inliers,1,GPR,85/15,-1.1872110303094985,2.996381169311058
Rg w/no norm,expr buffer only regr out,All,1,Linear,90/10,0.32070546308085723,1.8238073264585768
Rg w/no norm,expr buffer only regr out,Inliers,1,Linear,90/10,-0.07512896818445025,1.9761163982401162
Rg w/no norm,expr buffer only regr out,All,1,Ridge,90/10,0.305525885427386,1.8440722240262117
Rg w/no norm,expr buffer only regr out,Inliers,1,Ridge,90/10,0.11869945620473188,1.7891397276850034
Rg w/no norm,expr buffer only regr out,All,1,Lasso,90/10,0.2800262825787204,1.8776222215335312
Rg w/no norm,expr buffer only regr out,Inliers,1,Lasso,90/10,0.0642037996638829,1.84362623254367
Rg w/no norm,expr buffer only regr out,All,1,Kernel Ridge,90/10,0.12047073118149998,2.0752720799482747
Rg w/no norm,expr buffer only regr out,Inliers,1,Kernel Ridge,90/10,-0.042923390168015496,1.9462940012643746
Rg w/no norm,expr buffer only regr out,All,1,GPR,90/10,-0.28389259464696415,2.5073458478610475
Rg w/no norm,expr buffer only regr out,Inliers,1,GPR,90/10,-1.321351235419837,2.903706178917697
Rg norm w/0.427,expr buffer only regr out,All,1,Linear,80/20,-0.34607899264408726,0.24576122383786886
Rg norm w/0.427,expr buffer only regr out,Inliers,1,Linear,80/20,-0.1459058189279745,0.1939885647252251
Rg norm w/0.427,expr buffer only regr out,All,1,Ridge,80/20,-0.005204963889458902,0.21237598201960553
Rg norm w/0.427,expr buffer only regr out,Inliers,1,Ridge,80/20,0.10348345220171984,0.1715855939912385
Rg norm w/0.427,expr buffer only regr out,All,1,Lasso,80/20,-0.0383855165818634,0.21585265692480052
Rg norm w/0.427,expr buffer only regr out,Inliers,1,Lasso,80/20,0.1501836817384279,0.16705681629056932
Rg norm w/0.427,expr buffer only regr out,All,1,Kernel Ridge,80/20,-0.23235222845523307,0.2351502880874061
Rg norm w/0.427,expr buffer only regr out,Inliers,1,Kernel Ridge,80/20,0.09606490208641139,0.17229405490518515
Rg norm w/0.427,expr buffer only regr out,All,1,GPR,80/20,-0.395280195973831,0.25021238513420463
Rg norm w/0.427,expr buffer only regr out,Inliers,1,GPR,80/20,-1.2025611673245282,0.2689463511151343
Rg norm w/0.427,expr buffer only regr out,All,1,Linear,85/15,-0.10579528874174304,0.21115179082053706
Rg norm w/0.427,expr buffer only regr out,Inliers,1,Linear,85/15,-0.2038185763827416,0.1973597304562647
Rg norm w/0.427,expr buffer only regr out,All,1,Ridge,85/15,0.04663711347302835,0.19605888213631573
Rg norm w/0.427,expr buffer only regr out,Inliers,1,Ridge,85/15,0.012974308373586818,0.17870728282391746
Rg norm w/0.427,expr buffer only regr out,All,1,Lasso,85/15,-0.03444012445560585,0.20422555285424485
Rg norm w/0.427,expr buffer only regr out,Inliers,1,Lasso,85/15,0.06736135177291813,0.17371396264507857
Rg norm w/0.427,expr buffer only regr out,All,1,Kernel Ridge,85/15,-1.02185593135333,0.28551735037890835
Rg norm w/0.427,expr buffer only regr out,Inliers,1,Kernel Ridge,85/15,-0.04648566717898017,0.18401137275806387
Rg norm w/0.427,expr buffer only regr out,All,1,GPR,85/15,-0.480489179163605,0.24432056285308865
Rg norm w/0.427,expr buffer only regr out,Inliers,1,GPR,85/15,-1.6234983878151756,0.29135228185217094
Rg norm w/0.427,expr buffer only regr out,All,1,Linear,90/10,0.18116552748093373,0.19177637482879792
Rg norm w/0.427,expr buffer only regr out,Inliers,1,Linear,90/10,-0.24046179649568789,0.2044873050422213
Rg norm w/0.427,expr buffer only regr out,All,1,Ridge,90/10,0.16359885061579238,0.1938225738061404
Rg norm w/0.427,expr buffer only regr out,Inliers,1,Ridge,90/10,-0.11902599801279368,0.19422035466668533
Rg norm w/0.427,expr buffer only regr out,All,1,Lasso,90/10,-0.014024844274992843,0.21341323236025303
Rg norm w/0.427,expr buffer only regr out,Inliers,1,Lasso,90/10,-0.07051142695326118,0.18996356370829146
Rg norm w/0.427,expr buffer only regr out,All,1,Kernel Ridge,90/10,-0.28349267024823277,0.2401008747449869
Rg norm w/0.427,expr buffer only regr out,Inliers,1,Kernel Ridge,90/10,-0.20849297867575878,0.2018351121764884
Rg norm w/0.427,expr buffer only regr out,All,1,GPR,90/10,-0.46528219820908556,0.25654153120543727
Rg norm w/0.427,expr buffer only regr out,Inliers,1,GPR,90/10,-2.0411928580036287,0.32018179539601455
Rg norm w/0.427,expr buffer only regr out,All,2,Linear,80/20,-0.2027241731769005,0.23230636414606223
Rg norm w/0.427,expr buffer only regr out,Inliers,2,Linear,80/20,-0.37062937643879734,0.21215911019820424
Rg norm w/0.427,expr buffer only regr out,All,2,Ridge,80/20,-0.04414134198044506,0.21645007149494816
Rg norm w/0.427,expr buffer only regr out,Inliers,2,Ridge,80/20,0.09055242570090538,0.17281860767250903
Rg norm w/0.427,expr buffer only regr out,All,2,Lasso,80/20,-0.09894275329934077,0.22205759022432836
Rg norm w/0.427,expr buffer only regr out,Inliers,2,Lasso,80/20,0.11910164216266639,0.17008443340554033
Rg norm w/0.427,expr buffer only regr out,All,2,Kernel Ridge,80/20,-0.1703157942988982,0.22915514942407073
Rg norm w/0.427,expr buffer only regr out,Inliers,2,Kernel Ridge,80/20,0.12932805390659452,0.16909429020839406
Rg norm w/0.427,expr buffer only regr out,All,2,GPR,80/20,-0.39528019597543507,0.25021238513434846
Rg norm w/0.427,expr buffer only regr out,Inliers,2,GPR,80/20,-1.2025499926694883,0.26894566886699645
Rg norm w/0.427,expr buffer only regr out,All,2,Linear,85/15,-0.2403884314583129,0.2236331880561537
Rg norm w/0.427,expr buffer only regr out,Inliers,2,Linear,85/15,-0.5005063865807795,0.22034182749093184
Rg norm w/0.427,expr buffer only regr out,All,2,Ridge,85/15,0.0018958607862135102,0.2006066519617478
Rg norm w/0.427,expr buffer only regr out,Inliers,2,Ridge,85/15,0.0037882360897588674,0.17953695531431957
Rg norm w/0.427,expr buffer only regr out,All,2,Lasso,85/15,-0.0458335582084175,0.20534715395303574
Rg norm w/0.427,expr buffer only regr out,Inliers,2,Lasso,85/15,0.00023575824156729652,0.1798567836348683
Rg norm w/0.427,expr buffer only regr out,All,2,Kernel Ridge,85/15,-0.20542801730582716,0.22045910611406047
Rg norm w/0.427,expr buffer only regr out,Inliers,2,Kernel Ridge,85/15,0.009238740676030921,0.17904513761073876
Rg norm w/0.427,expr buffer only regr out,All,2,GPR,85/15,-0.48048917913626155,0.24432056285083245
Rg norm w/0.427,expr buffer only regr out,Inliers,2,GPR,85/15,-1.623498387809276,0.2913522818518433
Rg norm w/0.427,expr buffer only regr out,All,2,Linear,90/10,0.11606019035285864,0.19925461665101704
Rg norm w/0.427,expr buffer only regr out,Inliers,2,Linear,90/10,-0.58152088866975,0.23089371998902045
Rg norm w/0.427,expr buffer only regr out,All,2,Ridge,90/10,0.09119089174145345,0.20203814916180823
Rg norm w/0.427,expr buffer only regr out,Inliers,2,Ridge,90/10,-0.06821520948616655,0.18975972103959501
Rg norm w/0.427,expr buffer only regr out,All,2,Lasso,90/10,0.11041041708059562,0.19989037844208557
Rg norm w/0.427,expr buffer only regr out,Inliers,2,Lasso,90/10,-0.09917715600283072,0.19249014585569163
Rg norm w/0.427,expr buffer only regr out,All,2,Kernel Ridge,90/10,-0.10914074617070013,0.22319803968497598
Rg norm w/0.427,expr buffer only regr out,Inliers,2,Kernel Ridge,90/10,-0.06113102574767337,0.18912945060931421
Rg norm w/0.427,expr buffer only regr out,All,2,GPR,90/10,-0.4653454254048872,0.25654706605281
Rg norm w/0.427,expr buffer only regr out,Inliers,2,GPR,90/10,-2.0411928580144525,0.3201817953965843
Rg norm w/0.427,expr buffer only regr out,All,1,Linear,80/20,-0.34607899264408726,0.24576122383786886
Rg norm w/0.427,expr buffer only regr out,Inliers,1,Linear,80/20,-0.1459058189279745,0.1939885647252251
Rg norm w/0.427,expr buffer only regr out,All,1,Ridge,80/20,-0.005204963889458902,0.21237598201960553
Rg norm w/0.427,expr buffer only regr out,Inliers,1,Ridge,80/20,0.10348345220171984,0.1715855939912385
Rg norm w/0.427,expr buffer only regr out,All,1,Lasso,80/20,-0.0383855165818634,0.21585265692480052
Rg norm w/0.427,expr buffer only regr out,Inliers,1,Lasso,80/20,0.1501836817384279,0.16705681629056932
Rg norm w/0.427,expr buffer only regr out,All,1,Kernel Ridge,80/20,-0.23235222845523307,0.2351502880874061
Rg norm w/0.427,expr buffer only regr out,Inliers,1,Kernel Ridge,80/20,0.09606490208641139,0.17229405490518515
Rg norm w/0.427,expr buffer only regr out,All,1,GPR,80/20,-0.3952801959754897,0.25021238513435334
Rg norm w/0.427,expr buffer only regr out,Inliers,1,GPR,80/20,-1.202561144642325,0.2689463497303156
Rg norm w/0.427,expr buffer only regr out,All,1,Linear,85/15,-0.10579528874174304,0.21115179082053706
Rg norm w/0.427,expr buffer only regr out,Inliers,1,Linear,85/15,-0.2038185763827416,0.1973597304562647
Rg norm w/0.427,expr buffer only regr out,All,1,Ridge,85/15,0.04663711347302835,0.19605888213631573
Rg norm w/0.427,expr buffer only regr out,Inliers,1,Ridge,85/15,0.012974308373586818,0.17870728282391746
Rg norm w/0.427,expr buffer only regr out,All,1,Lasso,85/15,-0.03444012445560585,0.20422555285424485
Rg norm w/0.427,expr buffer only regr out,Inliers,1,Lasso,85/15,0.06736135177291813,0.17371396264507857
Rg norm w/0.427,expr buffer only regr out,All,1,Kernel Ridge,85/15,-1.02185593135333,0.28551735037890835
Rg norm w/0.427,expr buffer only regr out,Inliers,1,Kernel Ridge,85/15,-0.04648566717898017,0.18401137275806387
Rg norm w/0.427,expr buffer only regr out,All,1,GPR,85/15,-0.4804891791541661,0.24432056285230982
Rg norm w/0.427,expr buffer only regr out,Inliers,1,GPR,85/15,-1.6234983878151894,0.29135228185217166
Rg norm w/0.427,expr buffer only regr out,All,1,Linear,90/10,0.18116552748093373,0.19177637482879792
Rg norm w/0.427,expr buffer only regr out,Inliers,1,Linear,90/10,-0.24046179649568789,0.2044873050422213
Rg norm w/0.427,expr buffer only regr out,All,1,Ridge,90/10,0.16359885061579238,0.1938225738061404
Rg norm w/0.427,expr buffer only regr out,Inliers,1,Ridge,90/10,-0.11902599801279368,0.19422035466668533
Rg norm w/0.427,expr buffer only regr out,All,1,Lasso,90/10,-0.014024844274992843,0.21341323236025303
Rg norm w/0.427,expr buffer only regr out,Inliers,1,Lasso,90/10,-0.07051142695326118,0.18996356370829146
Rg norm w/0.427,expr buffer only regr out,All,1,Kernel Ridge,90/10,-0.28349267024823277,0.2401008747449869
Rg norm w/0.427,expr buffer only regr out,Inliers,1,Kernel Ridge,90/10,-0.20849297867575878,0.2018351121764884
Rg norm w/0.427,expr buffer only regr out,All,1,GPR,90/10,-0.4652819443344849,0.2565415089812603
Rg norm w/0.427,expr buffer only regr out,Inliers,1,GPR,90/10,-2.0411928580036287,0.32018179539601455
Rg norm w/0.5,expr buffer only regr out,All,1,Linear,80/20,0.05609077071121993,0.2035196988899709
Rg norm w/0.5,expr buffer only regr out,Inliers,1,Linear,80/20,-0.1705445881128509,0.13506747622088505
Rg norm w/0.5,expr buffer only regr out,All,1,Ridge,80/20,0.1011158737987351,0.19860637776761075
Rg norm w/0.5,expr buffer only regr out,Inliers,1,Ridge,80/20,0.11541827576566477,0.11741559562651331
Rg norm w/0.5,expr buffer only regr out,All,1,Lasso,80/20,0.10092543877695448,0.19862741474322929
Rg norm w/0.5,expr buffer only regr out,Inliers,1,Lasso,80/20,0.13378700120932718,0.11619010726619759
Rg norm w/0.5,expr buffer only regr out,All,1,Kernel Ridge,80/20,-0.19952648487903146,0.22942791368506418
Rg norm w/0.5,expr buffer only regr out,Inliers,1,Kernel Ridge,80/20,0.10736339925551575,0.11794896910492401
Rg norm w/0.5,expr buffer only regr out,All,1,GPR,80/20,-0.45690908270259856,0.25284685760311754
Rg norm w/0.5,expr buffer only regr out,Inliers,1,GPR,80/20,-1.181505102491708,0.18438896258222753
Rg norm w/0.5,expr buffer only regr out,All,1,Linear,85/15,0.1871102183496669,0.18052243697283632
Rg norm w/0.5,expr buffer only regr out,Inliers,1,Linear,85/15,-0.23570049645577762,0.13792827041805555
Rg norm w/0.5,expr buffer only regr out,All,1,Ridge,85/15,0.1841710760339642,0.18084849741100356
Rg norm w/0.5,expr buffer only regr out,Inliers,1,Ridge,85/15,0.024574967040212448,0.12254444470895486
Rg norm w/0.5,expr buffer only regr out,All,1,Lasso,85/15,0.24936783374770166,0.17347182240477005
Rg norm w/0.5,expr buffer only regr out,Inliers,1,Lasso,85/15,0.055609972294874965,0.1205791938443782
Rg norm w/0.5,expr buffer only regr out,All,1,Kernel Ridge,85/15,-0.45240166222425326,0.24130077910177658
Rg norm w/0.5,expr buffer only regr out,Inliers,1,Kernel Ridge,85/15,0.0071576514944097225,0.12363368853070394
Rg norm w/0.5,expr buffer only regr out,All,1,GPR,85/15,-0.5112559734474447,0.24614123240975183
Rg norm w/0.5,expr buffer only regr out,Inliers,1,GPR,85/15,-1.5926239091769578,0.1997866389016615
Rg norm w/0.5,expr buffer only regr out,All,1,Linear,90/10,0.32328785568098384,0.1734659176544023
Rg norm w/0.5,expr buffer only regr out,Inliers,1,Linear,90/10,-0.19742356233698688,0.1399593435836965
Rg norm w/0.5,expr buffer only regr out,All,1,Ridge,90/10,0.2200751567343714,0.18622524309658578
Rg norm w/0.5,expr buffer only regr out,Inliers,1,Ridge,90/10,-0.10110835117473904,0.1342125182978735
Rg norm w/0.5,expr buffer only regr out,All,1,Lasso,90/10,0.21254293915647338,0.1871223286668809
Rg norm w/0.5,expr buffer only regr out,Inliers,1,Lasso,90/10,-0.0299254775296256,0.12980185465149238
Rg norm w/0.5,expr buffer only regr out,All,1,Kernel Ridge,90/10,-0.054804045385788314,0.21656988507741598
Rg norm w/0.5,expr buffer only regr out,Inliers,1,Kernel Ridge,90/10,-0.1709998085737514,0.13840647536608028
Rg norm w/0.5,expr buffer only regr out,All,1,GPR,90/10,-0.5461819437050632,0.2622059070339766
Rg norm w/0.5,expr buffer only regr out,Inliers,1,GPR,90/10,-2.02519846506104,0.22246153664519147
Rg norm w/0.5,expr buffer only regr out,All,2,Linear,80/20,0.08593164400596143,0.2002768132346654
Rg norm w/0.5,expr buffer only regr out,Inliers,2,Linear,80/20,-0.38963246612606683,0.14716576093068004
Rg norm w/0.5,expr buffer only regr out,All,2,Ridge,80/20,0.0863331964399714,0.20023281735864662
Rg norm w/0.5,expr buffer only regr out,Inliers,2,Ridge,80/20,0.09616613599811152,0.1186864414918751
Rg norm w/0.5,expr buffer only regr out,All,2,Lasso,80/20,0.06661291101699263,0.20238216140406898
Rg norm w/0.5,expr buffer only regr out,Inliers,2,Lasso,80/20,0.12401031332354906,0.11684396900865217
Rg norm w/0.5,expr buffer only regr out,All,2,Kernel Ridge,80/20,-0.2153190418518407,0.2309332600354554
Rg norm w/0.5,expr buffer only regr out,Inliers,2,Kernel Ridge,80/20,0.1159026309728477,0.11738344560539649
Rg norm w/0.5,expr buffer only regr out,All,2,GPR,80/20,-0.45690799276838945,0.25284676302395176
Rg norm w/0.5,expr buffer only regr out,Inliers,2,GPR,80/20,-1.1814956863646295,0.1843885646386758
Rg norm w/0.5,expr buffer only regr out,All,2,Linear,85/15,0.07146886547299591,0.19293614235732875
Rg norm w/0.5,expr buffer only regr out,Inliers,2,Linear,85/15,-0.526315040625079,0.15329174627748368
Rg norm w/0.5,expr buffer only regr out,All,2,Ridge,85/15,0.11815195715177185,0.1880235435169694
Rg norm w/0.5,expr buffer only regr out,Inliers,2,Ridge,85/15,0.020835874894980067,0.1227790945723767
Rg norm w/0.5,expr buffer only regr out,All,2,Lasso,85/15,0.09907606933222779,0.19004629921928573
Rg norm w/0.5,expr buffer only regr out,Inliers,2,Lasso,85/15,0.030653436525222677,0.12216202334022488
Rg norm w/0.5,expr buffer only regr out,All,2,Kernel Ridge,85/15,-0.44238749442977277,0.24046746754900197
Rg norm w/0.5,expr buffer only regr out,Inliers,2,Kernel Ridge,85/15,0.033141992992394176,0.12200511224608328
Rg norm w/0.5,expr buffer only regr out,All,2,GPR,85/15,-0.5112559734550928,0.24614123241037467
Rg norm w/0.5,expr buffer only regr out,Inliers,2,GPR,85/15,-1.592623909116612,0.1997866388993364
Rg norm w/0.5,expr buffer only regr out,All,2,Linear,90/10,0.23179834507182973,0.18482035152206572
Rg norm w/0.5,expr buffer only regr out,Inliers,2,Linear,90/10,-0.5201061083754273,0.15769392001853197
Rg norm w/0.5,expr buffer only regr out,All,2,Ridge,90/10,0.10900532738799273,0.19904429133803098
Rg norm w/0.5,expr buffer only regr out,Inliers,2,Ridge,90/10,-0.09164036595251401,0.1336342529743927
Rg norm w/0.5,expr buffer only regr out,All,2,Lasso,90/10,0.11821454300338063,0.19801297037976237
Rg norm w/0.5,expr buffer only regr out,Inliers,2,Lasso,90/10,-0.04519325369500371,0.13076041673683245
Rg norm w/0.5,expr buffer only regr out,All,2,Kernel Ridge,90/10,0.026385076663795748,0.20806823527334067
Rg norm w/0.5,expr buffer only regr out,Inliers,2,Kernel Ridge,90/10,-0.0851203448727047,0.1332345778294779
Rg norm w/0.5,expr buffer only regr out,All,2,GPR,90/10,-0.5462781138669996,0.2622140613112109
Rg norm w/0.5,expr buffer only regr out,Inliers,2,GPR,90/10,-2.025198465093787,0.2224615366463955
Rg norm w/0.5,expr buffer only regr out,All,1,Linear,80/20,0.05609077071121993,0.2035196988899709
Rg norm w/0.5,expr buffer only regr out,Inliers,1,Linear,80/20,-0.1705445881128509,0.13506747622088505
Rg norm w/0.5,expr buffer only regr out,All,1,Ridge,80/20,0.1011158737987351,0.19860637776761075
Rg norm w/0.5,expr buffer only regr out,Inliers,1,Ridge,80/20,0.11541827576566477,0.11741559562651331
Rg norm w/0.5,expr buffer only regr out,All,1,Lasso,80/20,0.10092543877695448,0.19862741474322929
Rg norm w/0.5,expr buffer only regr out,Inliers,1,Lasso,80/20,0.13378700120932718,0.11619010726619759
Rg norm w/0.5,expr buffer only regr out,All,1,Kernel Ridge,80/20,-0.19952648487903146,0.22942791368506418
Rg norm w/0.5,expr buffer only regr out,Inliers,1,Kernel Ridge,80/20,0.10736339925551575,0.11794896910492401
Rg norm w/0.5,expr buffer only regr out,All,1,GPR,80/20,-0.45690908271067054,0.252846857603818
Rg norm w/0.5,expr buffer only regr out,Inliers,1,GPR,80/20,-1.1815050781978087,0.18438896155552195
Rg norm w/0.5,expr buffer only regr out,All,1,Linear,85/15,0.1871102183496669,0.18052243697283632
Rg norm w/0.5,expr buffer only regr out,Inliers,1,Linear,85/15,-0.23570049645577762,0.13792827041805555
Rg norm w/0.5,expr buffer only regr out,All,1,Ridge,85/15,0.1841710760339642,0.18084849741100356
Rg norm w/0.5,expr buffer only regr out,Inliers,1,Ridge,85/15,0.024574967040212448,0.12254444470895486
Rg norm w/0.5,expr buffer only regr out,All,1,Lasso,85/15,0.24936783374770166,0.17347182240477005
Rg norm w/0.5,expr buffer only regr out,Inliers,1,Lasso,85/15,0.055609972294874965,0.1205791938443782
Rg norm w/0.5,expr buffer only regr out,All,1,Kernel Ridge,85/15,-0.45240166222425326,0.24130077910177658
Rg norm w/0.5,expr buffer only regr out,Inliers,1,Kernel Ridge,85/15,0.0071576514944097225,0.12363368853070394
Rg norm w/0.5,expr buffer only regr out,All,1,GPR,85/15,-0.5112545961954504,0.2461411202518559
Rg norm w/0.5,expr buffer only regr out,Inliers,1,GPR,85/15,-1.5926239091769578,0.1997866389016615
Rg norm w/0.5,expr buffer only regr out,All,1,Linear,90/10,0.32328785568098384,0.1734659176544023
Rg norm w/0.5,expr buffer only regr out,Inliers,1,Linear,90/10,-0.19742356233698688,0.1399593435836965
Rg norm w/0.5,expr buffer only regr out,All,1,Ridge,90/10,0.2200751567343714,0.18622524309658578
Rg norm w/0.5,expr buffer only regr out,Inliers,1,Ridge,90/10,-0.10110835117473904,0.1342125182978735
Rg norm w/0.5,expr buffer only regr out,All,1,Lasso,90/10,0.21254293915647338,0.1871223286668809
Rg norm w/0.5,expr buffer only regr out,Inliers,1,Lasso,90/10,-0.0299254775296256,0.12980185465149238
Rg norm w/0.5,expr buffer only regr out,All,1,Kernel Ridge,90/10,-0.054804045385788314,0.21656988507741598
Rg norm w/0.5,expr buffer only regr out,Inliers,1,Kernel Ridge,90/10,-0.1709998085737514,0.13840647536608028
Rg norm w/0.5,expr buffer only regr out,All,1,GPR,90/10,-0.546189145440487,0.2622065176785964
Rg norm w/0.5,expr buffer only regr out,Inliers,1,GPR,90/10,-2.02519846506104,0.22246153664519147
Rg norm w/0.418,expr buffer only regr out,All,1,Linear,80/20,-1.2132498912292786,0.2457319906760924
Rg norm w/0.418,expr buffer only regr out,Inliers,1,Linear,80/20,-0.14116764738251586,0.2029422444846686
Rg norm w/0.418,expr buffer only regr out,All,1,Ridge,80/20,-0.17760391610685167,0.17924460533992764
Rg norm w/0.418,expr buffer only regr out,Inliers,1,Ridge,80/20,0.10473811464122362,0.17975160693504943
Rg norm w/0.418,expr buffer only regr out,All,1,Lasso,80/20,-0.1275939543230269,0.17539727526341553
Rg norm w/0.418,expr buffer only regr out,Inliers,1,Lasso,80/20,0.15052797987474997,0.17509440679020946
Rg norm w/0.418,expr buffer only regr out,All,1,Kernel Ridge,80/20,-0.12169859125616278,0.17493816243003046
Rg norm w/0.418,expr buffer only regr out,Inliers,1,Kernel Ridge,80/20,0.09586505374065113,0.18064018183782465
Rg norm w/0.418,expr buffer only regr out,All,1,GPR,80/20,-0.2656849557106171,0.18582719957564625
Rg norm w/0.418,expr buffer only regr out,Inliers,1,GPR,80/20,-1.2029607342584483,0.28196883634890685
Rg norm w/0.418,expr buffer only regr out,All,1,Linear,85/15,-0.8992129274823011,0.21269221110663764
Rg norm w/0.418,expr buffer only regr out,Inliers,1,Linear,85/15,-0.1981891518847687,0.20637647797441439
Rg norm w/0.418,expr buffer only regr out,All,1,Ridge,85/15,-0.12835934024914541,0.16394133653135867
Rg norm w/0.418,expr buffer only regr out,Inliers,1,Ridge,85/15,0.012599203722629237,0.1873459208234848
Rg norm w/0.418,expr buffer only regr out,All,1,Lasso,85/15,-0.06675757903818713,0.15940341663673693
Rg norm w/0.418,expr buffer only regr out,Inliers,1,Lasso,85/15,0.06611740563627289,0.1821980168001719
Rg norm w/0.418,expr buffer only regr out,All,1,Kernel Ridge,85/15,-0.20698856892711737,0.16955723887088334
Rg norm w/0.418,expr buffer only regr out,Inliers,1,Kernel Ridge,85/15,-0.04665581249178352,0.19288544159701795
Rg norm w/0.418,expr buffer only regr out,All,1,GPR,85/15,-0.3736465351598681,0.18088487527463698
Rg norm w/0.418,expr buffer only regr out,Inliers,1,GPR,85/15,-1.6244284877326463,0.30543223949388776
Rg norm w/0.418,expr buffer only regr out,All,1,Linear,90/10,-0.4001688612534886,0.19258084172985013
Rg norm w/0.418,expr buffer only regr out,Inliers,1,Linear,90/10,-0.24389959170452946,0.21433560168833704
Rg norm w/0.418,expr buffer only regr out,All,1,Ridge,90/10,0.061031677000502826,0.15770604614331435
Rg norm w/0.418,expr buffer only regr out,Inliers,1,Ridge,90/10,-0.12001217122715224,0.2033822384461779
Rg norm w/0.418,expr buffer only regr out,All,1,Lasso,90/10,-0.04595394239462869,0.1664482194266575
Rg norm w/0.418,expr buffer only regr out,Inliers,1,Lasso,90/10,-0.0730466711417106,0.19907235659966357
Rg norm w/0.418,expr buffer only regr out,All,1,Kernel Ridge,90/10,-0.05102293745472308,0.16685106003148042
Rg norm w/0.418,expr buffer only regr out,Inliers,1,Kernel Ridge,90/10,-0.2117013062009523,0.21154338033958442
Rg norm w/0.418,expr buffer only regr out,All,1,GPR,90/10,-0.3188900150112748,0.1869076870646666
Rg norm w/0.418,expr buffer only regr out,Inliers,1,GPR,90/10,-2.03940795436156,0.3350396063070522
Rg norm w/0.418,expr buffer only regr out,All,2,Linear,80/20,-0.8751028126016842,0.2261825081831224
Rg norm w/0.418,expr buffer only regr out,Inliers,2,Linear,80/20,-0.36583498374939505,0.22202242918684925
Rg norm w/0.418,expr buffer only regr out,All,2,Ridge,80/20,-0.13725895379918396,0.17614736685618723
Rg norm w/0.418,expr buffer only regr out,Inliers,2,Ridge,80/20,0.09097875999984273,0.18112764869502995
Rg norm w/0.418,expr buffer only regr out,All,2,Lasso,80/20,-0.35153958191901924,0.19202636357797856
Rg norm w/0.418,expr buffer only regr out,Inliers,2,Lasso,80/20,0.11517325490763297,0.17870094722254354
Rg norm w/0.418,expr buffer only regr out,All,2,Kernel Ridge,80/20,-0.06274791312477035,0.17027920094443644
Rg norm w/0.418,expr buffer only regr out,Inliers,2,Kernel Ridge,80/20,0.12738215220685556,0.17746380116485258
Rg norm w/0.418,expr buffer only regr out,All,2,GPR,80/20,-0.2658254081058342,0.18583750986302341
Rg norm w/0.418,expr buffer only regr out,Inliers,2,GPR,80/20,-1.2029493240511315,0.2819681061209469
Rg norm w/0.418,expr buffer only regr out,All,2,Linear,85/15,-1.0486418613098918,0.22090104918706385
Rg norm w/0.418,expr buffer only regr out,Inliers,2,Linear,85/15,-0.4946873323993892,0.23050092990338303
Rg norm w/0.418,expr buffer only regr out,All,2,Ridge,85/15,-0.14268479637847653,0.1649787397501706
Rg norm w/0.418,expr buffer only regr out,Inliers,2,Ridge,85/15,0.0052381936051090205,0.18804295011874217
Rg norm w/0.418,expr buffer only regr out,All,2,Lasso,85/15,-0.3967352093192391,0.1823987248261687
Rg norm w/0.418,expr buffer only regr out,Inliers,2,Lasso,85/15,0.026962747820408528,0.18597828498787533
Rg norm w/0.418,expr buffer only regr out,All,2,Kernel Ridge,85/15,-0.14283217004587256,0.1649893781773684
Rg norm w/0.418,expr buffer only regr out,Inliers,2,Kernel Ridge,85/15,0.007642532723948214,0.1878155627473952
Rg norm w/0.418,expr buffer only regr out,All,2,GPR,85/15,-0.3739077723189945,0.18090207460623023
Rg norm w/0.418,expr buffer only regr out,Inliers,2,GPR,85/15,-1.6244284877297628,0.30543223949371995
Rg norm w/0.418,expr buffer only regr out,All,2,Linear,90/10,-0.4079183756656324,0.19311304492941958
Rg norm w/0.418,expr buffer only regr out,Inliers,2,Linear,90/10,-0.5863368451442599,0.24204680679210416
Rg norm w/0.418,expr buffer only regr out,All,2,Ridge,90/10,0.023563304957671782,0.16082180016933836
Rg norm w/0.418,expr buffer only regr out,Inliers,2,Ridge,90/10,-0.06804659236773802,0.19860800600718417
Rg norm w/0.418,expr buffer only regr out,All,2,Lasso,90/10,-0.04595394239462869,0.1664482194266575
Rg norm w/0.418,expr buffer only regr out,Inliers,2,Lasso,90/10,-0.10396335170503268,0.20191983375125536
Rg norm w/0.418,expr buffer only regr out,All,2,Kernel Ridge,90/10,0.026064005726049833,0.16061573201157728
Rg norm w/0.418,expr buffer only regr out,Inliers,2,Kernel Ridge,90/10,-0.06550017770087813,0.19837110616326234
Rg norm w/0.418,expr buffer only regr out,All,2,GPR,90/10,-0.31890428350346256,0.18690869809804675
Rg norm w/0.418,expr buffer only regr out,Inliers,2,GPR,90/10,-2.039407954371059,0.33503960630757573
Rg norm w/0.418,expr buffer only regr out,All,1,Linear,80/20,-1.2132498912292786,0.2457319906760924
Rg norm w/0.418,expr buffer only regr out,Inliers,1,Linear,80/20,-0.14116764738251586,0.2029422444846686
Rg norm w/0.418,expr buffer only regr out,All,1,Ridge,80/20,-0.17760391610685167,0.17924460533992764
Rg norm w/0.418,expr buffer only regr out,Inliers,1,Ridge,80/20,0.10473811464122362,0.17975160693504943
Rg norm w/0.418,expr buffer only regr out,All,1,Lasso,80/20,-0.1275939543230269,0.17539727526341553
Rg norm w/0.418,expr buffer only regr out,Inliers,1,Lasso,80/20,0.15052797987474997,0.17509440679020946
Rg norm w/0.418,expr buffer only regr out,All,1,Kernel Ridge,80/20,-0.12169859125616278,0.17493816243003046
Rg norm w/0.418,expr buffer only regr out,Inliers,1,Kernel Ridge,80/20,0.09586505374065113,0.18064018183782465
Rg norm w/0.418,expr buffer only regr out,All,1,GPR,80/20,-0.2656798584640192,0.18582682538773707
Rg norm w/0.418,expr buffer only regr out,Inliers,1,GPR,80/20,-1.2029607493204764,0.28196883731284206
Rg norm w/0.418,expr buffer only regr out,All,1,Linear,85/15,-0.8992129274823011,0.21269221110663764
Rg norm w/0.418,expr buffer only regr out,Inliers,1,Linear,85/15,-0.1981891518847687,0.20637647797441439
Rg norm w/0.418,expr buffer only regr out,All,1,Ridge,85/15,-0.12835934024914541,0.16394133653135867
Rg norm w/0.418,expr buffer only regr out,Inliers,1,Ridge,85/15,0.012599203722629237,0.1873459208234848
Rg norm w/0.418,expr buffer only regr out,All,1,Lasso,85/15,-0.06675757903818713,0.15940341663673693
Rg norm w/0.418,expr buffer only regr out,Inliers,1,Lasso,85/15,0.06611740563627289,0.1821980168001719
Rg norm w/0.418,expr buffer only regr out,All,1,Kernel Ridge,85/15,-0.20698856892711737,0.16955723887088334
Rg norm w/0.418,expr buffer only regr out,Inliers,1,Kernel Ridge,85/15,-0.04665581249178352,0.19288544159701795
Rg norm w/0.418,expr buffer only regr out,All,1,GPR,85/15,-0.373637428236691,0.18088427566354665
Rg norm w/0.418,expr buffer only regr out,Inliers,1,GPR,85/15,-1.6244284877328639,0.3054322394939004
Rg norm w/0.418,expr buffer only regr out,All,1,Linear,90/10,-0.4001688612534886,0.19258084172985013
Rg norm w/0.418,expr buffer only regr out,Inliers,1,Linear,90/10,-0.24389959170452946,0.21433560168833704
Rg norm w/0.418,expr buffer only regr out,All,1,Ridge,90/10,0.061031677000502826,0.15770604614331435
Rg norm w/0.418,expr buffer only regr out,Inliers,1,Ridge,90/10,-0.12001217122715224,0.2033822384461779
Rg norm w/0.418,expr buffer only regr out,All,1,Lasso,90/10,-0.04595394239462869,0.1664482194266575
Rg norm w/0.418,expr buffer only regr out,Inliers,1,Lasso,90/10,-0.0730466711417106,0.19907235659966357
Rg norm w/0.418,expr buffer only regr out,All,1,Kernel Ridge,90/10,-0.05102293745472308,0.16685106003148042
Rg norm w/0.418,expr buffer only regr out,Inliers,1,Kernel Ridge,90/10,-0.2117013062009523,0.21154338033958442
Rg norm w/0.418,expr buffer only regr out,All,1,GPR,90/10,-0.3188900150112748,0.1869076870646666
Rg norm w/0.418,expr buffer only regr out,Inliers,1,GPR,90/10,-2.039407954361236,0.3350396063070344
