Normalization,Regressing out,Points,Principal Components,Regression Type,Test Split,Test R2 Score,RMSE Score
Rg w/no norm,No regr out,All,-1,Linear,80/20,-0.32906633170144906,4.062631517707415
Rg w/no norm,No regr out,All,-1,Ridge,80/20,-0.05488898152817834,3.6194075104334607
Rg w/no norm,No regr out,All,-1,Lasso,80/20,-0.1283180240958619,3.743258919227312
Rg w/no norm,No regr out,All,-1,Kernel Ridge,80/20,-0.05479207218986892,3.6192412548136295
Rg w/no norm,No regr out,All,-1,GPR,80/20,-0.0704951708489161,3.6460822499069026
Rg w/no norm,No regr out,All,-1,Linear,85/15,-0.2901742369138518,4.494284760244563
Rg w/no norm,No regr out,All,-1,Ridge,85/15,-0.0687115832129157,4.090408306563684
Rg w/no norm,No regr out,All,-1,Lasso,85/15,-0.11957152027876017,4.186608246638904
Rg w/no norm,No regr out,All,-1,Kernel Ridge,85/15,-0.07305461617948295,4.098711185863363
Rg w/no norm,No regr out,All,-1,GPR,85/15,-0.07391830255957421,4.1003603512162785
Rg w/no norm,No regr out,All,-1,Linear,90/10,-0.1577427079631788,5.112747273692953
Rg w/no norm,No regr out,All,-1,Ridge,90/10,-0.13538467702297718,5.063138564824402
Rg w/no norm,No regr out,All,-1,Lasso,90/10,-0.20791330157413723,5.2223524750757075
Rg w/no norm,No regr out,All,-1,Kernel Ridge,90/10,-0.13877932262505444,5.070701963143154
Rg w/no norm,No regr out,All,-1,GPR,90/10,-0.11735638200755627,5.022779992324328
Rg norm w/0.421,No regr out,All,-1,Linear,80/20,-0.21519453245031706,0.5534962835891627
Rg norm w/0.421,No regr out,All,-1,Ridge,80/20,-0.03232265782488919,0.5101519317835379
Rg norm w/0.421,No regr out,All,-1,Lasso,80/20,-0.07365605976125056,0.5202647426477226
Rg norm w/0.421,No regr out,All,-1,Kernel Ridge,80/20,-0.035477103748538186,0.5109307673583853
Rg norm w/0.421,No regr out,All,-1,GPR,80/20,-0.058141858020468895,0.516492183123793
Rg norm w/0.421,No regr out,All,-1,Linear,85/15,-0.1783992802074592,0.6176460256614812
Rg norm w/0.421,No regr out,All,-1,Ridge,85/15,-0.047649317342760344,0.5823732039947955
Rg norm w/0.421,No regr out,All,-1,Lasso,85/15,-0.08596485832018286,0.5929271032924471
Rg norm w/0.421,No regr out,All,-1,Kernel Ridge,85/15,-0.05100632627470314,0.5833055142535153
Rg norm w/0.421,No regr out,All,-1,GPR,85/15,-0.03867968712687353,0.5798748005860823
Rg norm w/0.421,No regr out,All,-1,Linear,90/10,-0.10265136980814371,0.7191394922690562
Rg norm w/0.421,No regr out,All,-1,Ridge,90/10,-0.09234213598319663,0.7157698018869019
Rg norm w/0.421,No regr out,All,-1,Lasso,90/10,-0.1259949608324995,0.7267118666113794
Rg norm w/0.421,No regr out,All,-1,Kernel Ridge,90/10,-0.09802702304150546,0.7176299288128969
Rg norm w/0.421,No regr out,All,-1,GPR,90/10,-0.09033969520666774,0.7151134397200944
Rg norm w/0.5,No regr out,All,-1,Linear,80/20,-0.22132991475083164,0.5935349166690691
Rg norm w/0.5,No regr out,All,-1,Ridge,80/20,-0.034859423501838904,0.5463493804114673
Rg norm w/0.5,No regr out,All,-1,Lasso,80/20,-0.07757960557458077,0.5575123048921897
Rg norm w/0.5,No regr out,All,-1,Kernel Ridge,80/20,-0.03783121763902897,0.5471332907058288
Rg norm w/0.5,No regr out,All,-1,GPR,80/20,-0.06055526056831284,0.553090790087264
Rg norm w/0.5,No regr out,All,-1,Linear,85/15,-0.18365408105044345,0.662130877678443
Rg norm w/0.5,No regr out,All,-1,Ridge,85/15,-0.05042239742639065,0.6237541209871755
Rg norm w/0.5,No regr out,All,-1,Lasso,85/15,-0.09132408112754864,0.6357821204539784
Rg norm w/0.5,No regr out,All,-1,Kernel Ridge,85/15,-0.0536121206500324,0.6247004521427286
Rg norm w/0.5,No regr out,All,-1,GPR,85/15,-0.04119962688702117,0.6210097848815188
Rg norm w/0.5,No regr out,All,-1,Linear,90/10,-0.1055439604261359,0.7704474840756707
Rg norm w/0.5,No regr out,All,-1,Ridge,90/10,-0.09449677235483245,0.7665884573089826
Rg norm w/0.5,No regr out,All,-1,Lasso,90/10,-0.13159290263952395,0.7794713204354089
Rg norm w/0.5,No regr out,All,-1,Kernel Ridge,90/10,-0.1001552241984427,0.7685675001156436
Rg norm w/0.5,No regr out,All,-1,GPR,90/10,-0.09229353851920186,0.7658164931940763
Rg norm w/0.406,No regr out,All,-1,Linear,80/20,-0.1832113278121179,0.3814791288293635
Rg norm w/0.406,No regr out,All,-1,Ridge,80/20,-0.018572772020075456,0.3539448960305791
Rg norm w/0.406,No regr out,All,-1,Lasso,80/20,-0.03818507351680034,0.3573361986151314
Rg norm w/0.406,No regr out,All,-1,Kernel Ridge,80/20,-0.022628728101276474,0.35464890005788596
Rg norm w/0.406,No regr out,All,-1,GPR,80/20,-0.04488161270515367,0.35848679767256425
Rg norm w/0.406,No regr out,All,-1,Linear,85/15,-0.15127787205792265,0.4263339583336859
Rg norm w/0.406,No regr out,All,-1,Ridge,85/15,-0.0329323138587343,0.403827397068933
Rg norm w/0.406,No regr out,All,-1,Lasso,85/15,-0.04863702958936367,0.4068857146276981
Rg norm w/0.406,No regr out,All,-1,Kernel Ridge,85/15,-0.037103123607034494,0.4046418698216103
Rg norm w/0.406,No regr out,All,-1,GPR,85/15,-0.025249838141608416,0.40232285305005144
Rg norm w/0.406,No regr out,All,-1,Linear,90/10,-0.08742366959348402,0.49798064499092537
Rg norm w/0.406,No regr out,All,-1,Ridge,90/10,-0.08086928323420106,0.4964776012151513
Rg norm w/0.406,No regr out,All,-1,Lasso,90/10,-0.09933122593921362,0.5006997268085994
Rg norm w/0.406,No regr out,All,-1,Kernel Ridge,90/10,-0.08665959460166683,0.4978056619416683
Rg norm w/0.406,No regr out,All,-1,GPR,90/10,-0.07973601699769461,0.49621726036366964
Rg w/no norm,pH regr out,All,-1,Linear,80/20,-0.3291845242680431,4.062759913374019
Rg w/no norm,pH regr out,All,-1,Ridge,80/20,-0.054893920505535654,3.6193694417776983
Rg w/no norm,pH regr out,All,-1,Lasso,80/20,-0.12830962844951932,3.743196858725532
Rg w/no norm,pH regr out,All,-1,Kernel Ridge,80/20,-0.0597198831384933,3.627638998472342
Rg w/no norm,pH regr out,All,-1,GPR,80/20,-0.05461450877729801,3.6188900754518905
Rg w/no norm,pH regr out,All,-1,Linear,85/15,-0.29025602558248953,4.494363364607271
Rg w/no norm,pH regr out,All,-1,Ridge,85/15,-0.06872552161303513,4.09037687201346
Rg w/no norm,pH regr out,All,-1,Lasso,85/15,-0.11957403445684123,4.186553472667769
Rg w/no norm,pH regr out,All,-1,Kernel Ridge,85/15,-0.07432993934209553,4.101087856745696
Rg w/no norm,pH regr out,All,-1,GPR,85/15,-0.07089702595063296,4.094530306935652
Rg w/no norm,pH regr out,All,-1,Linear,90/10,-0.15778198860142578,5.112773751740887
Rg w/no norm,pH regr out,All,-1,Ridge,90/10,-0.1353910887556231,5.063093191052649
Rg w/no norm,pH regr out,All,-1,Lasso,90/10,-0.2079220525664831,5.222309845861917
Rg w/no norm,pH regr out,All,-1,Kernel Ridge,90/10,-0.14164830014313767,5.077025533735282
Rg w/no norm,pH regr out,All,-1,GPR,90/10,-0.13093046185766344,5.053137680718584
Rg norm w/0.421,pH regr out,All,-1,Linear,80/20,-0.21530544297922938,0.5535090548371394
Rg norm w/0.421,pH regr out,All,-1,Ridge,80/20,-0.032326982186051456,0.5101414917231496
Rg norm w/0.421,pH regr out,All,-1,Lasso,80/20,-0.07364750680368348,0.5202509337499607
Rg norm w/0.421,pH regr out,All,-1,Kernel Ridge,80/20,-0.036140938706560766,0.5110829878502873
Rg norm w/0.421,pH regr out,All,-1,GPR,80/20,-0.04890502892538784,0.5142213358066032
Rg norm w/0.421,pH regr out,All,-1,Linear,85/15,-0.1784781319936255,0.6176512875873875
Rg norm w/0.421,pH regr out,All,-1,Ridge,85/15,-0.04765924284251555,0.5823614403246046
Rg norm w/0.421,pH regr out,All,-1,Lasso,85/15,-0.08596631335768157,0.5929127150082112
Rg norm w/0.421,pH regr out,All,-1,Kernel Ridge,85/15,-0.02611397224867562,0.5763421571963935
Rg norm w/0.421,pH regr out,All,-1,GPR,85/15,-0.04786380841010107,0.5824182933923303
Rg norm w/0.421,pH regr out,All,-1,Linear,90/10,-0.10268015346612103,0.7191331961397961
Rg norm w/0.421,pH regr out,All,-1,Ridge,90/10,-0.092349339448341,0.7157565533031941
Rg norm w/0.421,pH regr out,All,-1,Lasso,90/10,-0.12599378980922915,0.7266956415170875
Rg norm w/0.421,pH regr out,All,-1,Kernel Ridge,90/10,-0.09618957153745167,0.7170135960982071
Rg norm w/0.421,pH regr out,All,-1,GPR,90/10,-0.10720217018287626,0.7206062457609556
Rg norm w/0.5,pH regr out,All,-1,Linear,80/20,-0.18332165019933466,0.381487318099125
Rg norm w/0.5,pH regr out,All,-1,Ridge,80/20,-0.01857688683938652,0.35393670905552055
Rg norm w/0.5,pH regr out,All,-1,Lasso,80/20,-0.03818798362530895,0.35732771224123483
Rg norm w/0.5,pH regr out,All,-1,Kernel Ridge,80/20,-0.022662378432480867,0.3546458152574574
Rg norm w/0.5,pH regr out,All,-1,GPR,80/20,-0.039600762874651085,0.35757075760424917
Rg norm w/0.5,pH regr out,All,-1,Linear,85/15,-0.15135743305626725,0.4263368465766014
Rg norm w/0.5,pH regr out,All,-1,Ridge,85/15,-0.03294212966254162,0.40381809857926093
Rg norm w/0.5,pH regr out,All,-1,Lasso,85/15,-0.04864356162242922,0.4068756797108094
Rg norm w/0.5,pH regr out,All,-1,Kernel Ridge,85/15,-0.02288632022311443,0.4018476836747482
Rg norm w/0.5,pH regr out,All,-1,GPR,85/15,-0.03801702772749049,0.4048088727328725
Rg norm w/0.5,pH regr out,All,-1,Linear,90/10,-0.08745107818801712,0.4979747094425289
Rg norm w/0.5,pH regr out,All,-1,Ridge,90/10,-0.08087668672624204,0.49646712718223873
Rg norm w/0.5,pH regr out,All,-1,Lasso,90/10,-0.09932855231202398,0.5006868401098528
Rg norm w/0.5,pH regr out,All,-1,Kernel Ridge,90/10,-0.08140698582992245,0.4965889004574024
Rg norm w/0.5,pH regr out,All,-1,GPR,90/10,-0.0984740878681929,0.5004922202823715
Rg norm w/0.406,pH regr out,All,-1,Linear,80/20,-0.22144100521552246,0.5935487871842778
Rg norm w/0.406,pH regr out,All,-1,Ridge,80/20,-0.03486378670502055,0.546338453497942
Rg norm w/0.406,pH regr out,All,-1,Lasso,80/20,-0.07757260236585406,0.5574981678454334
Rg norm w/0.406,pH regr out,All,-1,Kernel Ridge,80/20,-0.038622093274896185,0.5473296209143685
Rg norm w/0.406,pH regr out,All,-1,GPR,80/20,-0.05061194983283124,0.5504797431384817
Rg norm w/0.406,pH regr out,All,-1,Linear,85/15,-0.1837328636776967,0.6621367285782834
Rg norm w/0.406,pH regr out,All,-1,Ridge,85/15,-0.050432347309676384,0.6237418295575151
Rg norm w/0.406,pH regr out,All,-1,Lasso,85/15,-0.09132197521572127,0.635765967521962
Rg norm w/0.406,pH regr out,All,-1,Kernel Ridge,85/15,-0.05139332934892704,0.6240270776599035
Rg norm w/0.406,pH regr out,All,-1,GPR,85/15,-0.04968679941026477,0.6235204388342875
Rg norm w/0.406,pH regr out,All,-1,Linear,90/10,-0.10557302469308771,0.770441174779836
Rg norm w/0.406,pH regr out,All,-1,Ridge,90/10,-0.09450394131919904,0.7665746137820806
Rg norm w/0.406,pH regr out,All,-1,Lasso,90/10,-0.13159338753543426,0.779454858549173
Rg norm w/0.406,pH regr out,All,-1,Kernel Ridge,90/10,-0.09840427955680853,0.7679392691402422
Rg norm w/0.406,pH regr out,All,-1,GPR,90/10,-0.1087964160128041,0.7715635004014457
Rg w/no norm,buffer regr out,All,-1,Linear,80/20,-0.7432616542755108,4.40895934847676
Rg w/no norm,buffer regr out,All,-1,Ridge,80/20,-0.06252045470707568,3.4420997807108997
Rg w/no norm,buffer regr out,All,-1,Lasso,80/20,-0.10093581391669759,3.5037717426088717
Rg w/no norm,buffer regr out,All,-1,Kernel Ridge,80/20,-0.07092545870160194,3.4556872243685643
Rg w/no norm,buffer regr out,All,-1,GPR,80/20,-0.017030183733117488,3.3676095080974315
Rg w/no norm,buffer regr out,All,-1,Linear,85/15,-0.6646543130480032,4.788804249943173
Rg w/no norm,buffer regr out,All,-1,Ridge,85/15,-0.10733940916694529,3.905758916625521
Rg w/no norm,buffer regr out,All,-1,Lasso,85/15,-0.11983916036816433,3.9277413424371646
Rg w/no norm,buffer regr out,All,-1,Kernel Ridge,85/15,-0.11391885498230869,3.917345097913296
Rg w/no norm,buffer regr out,All,-1,GPR,85/15,-0.0491363640600988,3.801727855486426
Rg w/no norm,buffer regr out,All,-1,Linear,90/10,-0.5071656479896411,5.522730624676358
Rg w/no norm,buffer regr out,All,-1,Ridge,90/10,-0.13592846751478782,4.7945611169205975
Rg w/no norm,buffer regr out,All,-1,Lasso,90/10,-0.1661250007821189,4.857870356009946
Rg w/no norm,buffer regr out,All,-1,Kernel Ridge,90/10,-0.13650829913257456,4.795784646189065
Rg w/no norm,buffer regr out,All,-1,GPR,90/10,-0.06773095056953116,4.648408462891785
Rg norm w/0.421,buffer regr out,All,-1,Linear,80/20,-0.3740255783401132,0.576963143893214
Rg norm w/0.421,buffer regr out,All,-1,Ridge,80/20,-0.027850265883756498,0.4990172850864154
Rg norm w/0.421,buffer regr out,All,-1,Lasso,80/20,-0.03951294428404739,0.501840391840019
Rg norm w/0.421,buffer regr out,All,-1,Kernel Ridge,80/20,-0.028090146163423757,0.4990755121582578
Rg norm w/0.421,buffer regr out,All,-1,GPR,80/20,-0.01403578032060171,0.49565250166052477
Rg norm w/0.421,buffer regr out,All,-1,Linear,85/15,-0.3274983189051204,0.6398299941476409
Rg norm w/0.421,buffer regr out,All,-1,Ridge,85/15,-0.04575374489572459,0.5678875133514859
Rg norm w/0.421,buffer regr out,All,-1,Lasso,85/15,-0.060959581128711804,0.5720013119257937
Rg norm w/0.421,buffer regr out,All,-1,Kernel Ridge,85/15,-0.04604439275677974,0.5679664247706226
Rg norm w/0.421,buffer regr out,All,-1,GPR,85/15,-0.030669190030285787,0.5637768674928062
Rg norm w/0.421,buffer regr out,All,-1,Linear,90/10,-0.2497648160857986,0.7523024063192842
Rg norm w/0.421,buffer regr out,All,-1,Ridge,90/10,-0.07499122585997542,0.6977193438400474
Rg norm w/0.421,buffer regr out,All,-1,Lasso,90/10,-0.09009633343323564,0.7026042029107334
Rg norm w/0.421,buffer regr out,All,-1,Kernel Ridge,90/10,-0.07507642193750974,0.6977469914022676
Rg norm w/0.421,buffer regr out,All,-1,GPR,90/10,-0.060819224946866646,0.6931049409113719
Rg norm w/0.5,buffer regr out,All,-1,Linear,80/20,-0.32354892401383983,0.3970212447496449
Rg norm w/0.5,buffer regr out,All,-1,Ridge,80/20,-0.013824506708385531,0.3474762608614197
Rg norm w/0.5,buffer regr out,All,-1,Lasso,80/20,-0.022927590640371864,0.3490327614688128
Rg norm w/0.5,buffer regr out,All,-1,Kernel Ridge,80/20,-0.014098444900624507,0.34752320221519245
Rg norm w/0.5,buffer regr out,All,-1,GPR,80/20,-0.013802942979069366,0.34747256548622074
Rg norm w/0.5,buffer regr out,All,-1,Linear,85/15,-0.2827402045994787,0.4412299437700492
Rg norm w/0.5,buffer regr out,All,-1,Ridge,85/15,-0.02985329407835713,0.3953514223875748
Rg norm w/0.5,buffer regr out,All,-1,Lasso,85/15,-0.04162024152582222,0.39760362001958144
Rg norm w/0.5,buffer regr out,All,-1,Kernel Ridge,85/15,-0.03015644690932051,0.39540960692941973
Rg norm w/0.5,buffer regr out,All,-1,GPR,85/15,-0.028438760608929803,0.3950798157486881
Rg norm w/0.5,buffer regr out,All,-1,Linear,90/10,-0.21855573175024134,0.520156222817229
Rg norm w/0.5,buffer regr out,All,-1,Ridge,90/10,-0.06389497576711567,0.48602709285599754
Rg norm w/0.5,buffer regr out,All,-1,Lasso,90/10,-0.08035853100861057,0.48977324027080943
Rg norm w/0.5,buffer regr out,All,-1,Kernel Ridge,90/10,-0.0639279110230262,0.4860346158273259
Rg norm w/0.5,buffer regr out,All,-1,GPR,90/10,-0.059728845740169456,0.48507453724984273
Rg norm w/0.406,buffer regr out,All,-1,Linear,80/20,-0.38428008933756397,0.6189590750122014
Rg norm w/0.406,buffer regr out,All,-1,Ridge,80/20,-0.030542550798993595,0.5340512216571677
Rg norm w/0.406,buffer regr out,All,-1,Lasso,80/20,-0.041830954726111536,0.536968212643097
Rg norm w/0.406,buffer regr out,All,-1,Kernel Ridge,80/20,-0.030774663708922567,0.5341113614368388
Rg norm w/0.406,buffer regr out,All,-1,GPR,80/20,-0.014081100009467606,0.529768696845773
Rg norm w/0.406,buffer regr out,All,-1,Linear,85/15,-0.3366490430784419,0.6861017976279461
Rg norm w/0.406,buffer regr out,All,-1,Ridge,85/15,-0.04887812456659768,0.6077743607696002
Rg norm w/0.406,buffer regr out,All,-1,Lasso,85/15,-0.06385665974549304,0.6120986471173941
Rg norm w/0.406,buffer regr out,All,-1,Kernel Ridge,85/15,-0.049164473846602164,0.6078573179168543
Rg norm w/0.406,buffer regr out,All,-1,GPR,85/15,-0.03111454888244891,0.6026058156592174
Rg norm w/0.406,buffer regr out,All,-1,Linear,90/10,-0.2561763148354137,0.8062903299584561
Rg norm w/0.406,buffer regr out,All,-1,Ridge,90/10,-0.07717143552834682,0.7466353792584313
Rg norm w/0.406,buffer regr out,All,-1,Lasso,90/10,-0.09354574774259894,0.7522888570056554
Rg norm w/0.406,buffer regr out,All,-1,Kernel Ridge,90/10,-0.07726627352113158,0.746668246748167
Rg norm w/0.406,buffer regr out,All,-1,GPR,90/10,-0.06103216835990399,0.7410208476853511
Rg w/no norm,expr pH only regr out,All,-1,Linear,80/20,-0.24332736989081916,4.370599679662491
Rg w/no norm,expr pH only regr out,All,-1,Ridge,80/20,0.15086543895336713,3.6119068493762057
Rg w/no norm,expr pH only regr out,All,-1,Lasso,80/20,0.0813381076548716,3.756869705654179
Rg w/no norm,expr pH only regr out,All,-1,Kernel Ridge,80/20,0.07504046152135202,3.7697248304802304
Rg w/no norm,expr pH only regr out,All,-1,GPR,80/20,-0.3340754591182098,4.527291726382774
Rg w/no norm,expr pH only regr out,All,-1,Linear,85/15,-0.19895540222989672,4.707715172328823
Rg w/no norm,expr pH only regr out,All,-1,Ridge,85/15,0.10381460025936551,4.070123590088236
Rg w/no norm,expr pH only regr out,All,-1,Lasso,85/15,0.07878188288769705,4.126576493240103
Rg w/no norm,expr pH only regr out,All,-1,Kernel Ridge,85/15,0.12380647792757538,4.02446990155352
Rg w/no norm,expr pH only regr out,All,-1,GPR,85/15,-0.3837447550729638,5.057508933621029
Rg w/no norm,expr pH only regr out,All,-1,Linear,90/10,-0.07064510232981513,5.078369212598505
Rg w/no norm,expr pH only regr out,All,-1,Ridge,90/10,0.03606503268807737,4.818649884383133
Rg w/no norm,expr pH only regr out,All,-1,Lasso,90/10,-0.011619393751154616,4.936396982485473
Rg w/no norm,expr pH only regr out,All,-1,Kernel Ridge,90/10,0.0498228940112897,4.7841389627235
Rg w/no norm,expr pH only regr out,All,-1,GPR,90/10,-0.38377271988703976,5.773429768106265
Rg norm w/0.421,expr pH only regr out,All,-1,Linear,80/20,-0.21358559604101912,0.5774560488677201
Rg norm w/0.421,expr pH only regr out,All,-1,Ridge,80/20,0.0903831001476505,0.4999343625488469
Rg norm w/0.421,expr pH only regr out,All,-1,Lasso,80/20,0.06164366465568649,0.5077706842474106
Rg norm w/0.421,expr pH only regr out,All,-1,Kernel Ridge,80/20,0.04607425862916148,0.5119658730641984
Rg norm w/0.421,expr pH only regr out,All,-1,GPR,80/20,-0.22319941079162198,0.579738790281971
Rg norm w/0.421,expr pH only regr out,All,-1,Linear,85/15,-0.19451099750793666,0.6317606263620716
Rg norm w/0.421,expr pH only regr out,All,-1,Ridge,85/15,0.04100903034846304,0.5660629601877537
Rg norm w/0.421,expr pH only regr out,All,-1,Lasso,85/15,0.015343532878686839,0.5735877242891553
Rg norm w/0.421,expr pH only regr out,All,-1,Kernel Ridge,85/15,0.005438502019981084,0.5764654729590996
Rg norm w/0.421,expr pH only regr out,All,-1,GPR,85/15,-0.2548145410766005,0.6475111491530462
Rg norm w/0.421,expr pH only regr out,All,-1,Linear,90/10,-0.09845905466443372,0.7047951567873628
Rg norm w/0.421,expr pH only regr out,All,-1,Ridge,90/10,-0.03135332856209949,0.6829276738904646
Rg norm w/0.421,expr pH only regr out,All,-1,Lasso,90/10,-0.043669649286101286,0.6869932998779721
Rg norm w/0.421,expr pH only regr out,All,-1,Kernel Ridge,90/10,-0.0257273836970644,0.6810624705338957
Rg norm w/0.421,expr pH only regr out,All,-1,GPR,90/10,-0.29046719768613816,0.7639139825003393
Rg norm w/0.5,expr pH only regr out,All,-1,Linear,80/20,-0.21393409547123654,0.4411985420049149
Rg norm w/0.5,expr pH only regr out,All,-1,Ridge,80/20,0.14852714685436375,0.3695063591628744
Rg norm w/0.5,expr pH only regr out,All,-1,Lasso,80/20,0.1306624510955824,0.3733625319030092
Rg norm w/0.5,expr pH only regr out,All,-1,Kernel Ridge,80/20,0.17096013002301003,0.3646063451925008
Rg norm w/0.5,expr pH only regr out,All,-1,GPR,80/20,-0.3844185056746161,0.47116195137146827
Rg norm w/0.5,expr pH only regr out,All,-1,Linear,85/15,-0.20348801657925697,0.473867114234562
Rg norm w/0.5,expr pH only regr out,All,-1,Ridge,85/15,0.07592948850797021,0.4152295386862163
Rg norm w/0.5,expr pH only regr out,All,-1,Lasso,85/15,0.06799160773979152,0.417009161785485
Rg norm w/0.5,expr pH only regr out,All,-1,Kernel Ridge,85/15,0.03131356313869327,0.42513542496094636
Rg norm w/0.5,expr pH only regr out,All,-1,GPR,85/15,-0.4363450443174466,0.5176843967063006
Rg norm w/0.5,expr pH only regr out,All,-1,Linear,90/10,-0.12024863231482286,0.5126234711770044
Rg norm w/0.5,expr pH only regr out,All,-1,Ridge,90/10,-0.012159796727727601,0.48726567324594394
Rg norm w/0.5,expr pH only regr out,All,-1,Lasso,90/10,0.004724939309384113,0.4831843248984773
Rg norm w/0.5,expr pH only regr out,All,-1,Kernel Ridge,90/10,0.004810139534735414,0.4831636430306891
Rg norm w/0.5,expr pH only regr out,All,-1,GPR,90/10,-0.4699938162070465,0.5872175541491705
Rg norm w/0.406,expr pH only regr out,All,-1,Linear,80/20,-0.20754806787560964,0.5922962314732608
Rg norm w/0.406,expr pH only regr out,All,-1,Ridge,80/20,0.02144993503814152,0.5331854392782021
Rg norm w/0.406,expr pH only regr out,All,-1,Lasso,80/20,-0.0009514508079775386,0.5392538599315778
Rg norm w/0.406,expr pH only regr out,All,-1,Kernel Ridge,80/20,0.019564053524720126,0.5336989748644712
Rg norm w/0.406,expr pH only regr out,All,-1,GPR,80/20,-0.11556618739651725,0.5692911427430737
Rg norm w/0.406,expr pH only regr out,All,-1,Linear,85/15,-0.18636902268680688,0.6563786379714991
Rg norm w/0.406,expr pH only regr out,All,-1,Ridge,85/15,-0.00738201665798166,0.6048415756730483
Rg norm w/0.406,expr pH only regr out,All,-1,Lasso,85/15,-0.03145871919242538,0.6120268353503932
Rg norm w/0.406,expr pH only regr out,All,-1,Kernel Ridge,85/15,-0.009038781649713501,0.6053387399357486
Rg norm w/0.406,expr pH only regr out,All,-1,GPR,85/15,-0.13783710443005748,0.6428129022580527
Rg norm w/0.406,expr pH only regr out,All,-1,Linear,90/10,-0.091745424891849,0.7476514118380346
Rg norm w/0.406,expr pH only regr out,All,-1,Ridge,90/10,-0.04219262100034604,0.7304869544483639
Rg norm w/0.406,expr pH only regr out,All,-1,Lasso,90/10,-0.0805561844140561,0.7438102247908569
Rg norm w/0.406,expr pH only regr out,All,-1,Kernel Ridge,90/10,-0.06393096589714964,0.7380659875201278
Rg norm w/0.406,expr pH only regr out,All,-1,GPR,90/10,-0.17943817000705353,0.7770984751702269
Rg w/no norm,expr buffer only regr out,All,-1,Linear,80/20,-0.7163140306618243,4.914872953176011
Rg w/no norm,expr buffer only regr out,All,-1,Ridge,80/20,0.09830227389476287,3.5624141476557254
Rg w/no norm,expr buffer only regr out,All,-1,Lasso,80/20,0.12151286171545994,3.5162652067944924
Rg w/no norm,expr buffer only regr out,All,-1,Kernel Ridge,80/20,0.09450070493404039,3.5699158406029894
Rg w/no norm,expr buffer only regr out,All,-1,GPR,80/20,-0.36260897443828766,4.379248018311175
Rg w/no norm,expr buffer only regr out,All,-1,Linear,85/15,-0.6124233922334577,5.101680954172565
Rg w/no norm,expr buffer only regr out,All,-1,Ridge,85/15,0.08570011542764544,3.841652545127367
Rg w/no norm,expr buffer only regr out,All,-1,Lasso,85/15,0.06629528729196288,3.8822055477248574
Rg w/no norm,expr buffer only regr out,All,-1,Kernel Ridge,85/15,0.11402270657201008,3.7816823467730405
Rg w/no norm,expr buffer only regr out,All,-1,GPR,85/15,-0.4746754160064999,4.878900605196279
Rg w/no norm,expr buffer only regr out,All,-1,Linear,90/10,-0.5266881846466551,5.76576206966503
Rg w/no norm,expr buffer only regr out,All,-1,Ridge,90/10,0.03882790720512541,4.574905429282577
Rg w/no norm,expr buffer only regr out,All,-1,Lasso,90/10,0.03473521978876337,4.584635096284128
Rg w/no norm,expr buffer only regr out,All,-1,Kernel Ridge,90/10,0.0614899999586942,4.5206511721933085
Rg w/no norm,expr buffer only regr out,All,-1,GPR,90/10,-0.4095938247570903,5.54023949305019
Rg norm w/0.421,expr buffer only regr out,All,-1,Linear,80/20,-0.4411614762280984,0.6132765778776993
Rg norm w/0.421,expr buffer only regr out,All,-1,Ridge,80/20,0.06152609502688566,0.49489282441861293
Rg norm w/0.421,expr buffer only regr out,All,-1,Lasso,80/20,0.07322792467245276,0.49179773706930313
Rg norm w/0.421,expr buffer only regr out,All,-1,Kernel Ridge,80/20,0.059205783004550816,0.49550424092340734
Rg norm w/0.421,expr buffer only regr out,All,-1,GPR,80/20,-0.2541273697730788,0.5720985924279826
Rg norm w/0.421,expr buffer only regr out,All,-1,Linear,85/15,-0.4063182051262615,0.6611186468785234
Rg norm w/0.421,expr buffer only regr out,All,-1,Ridge,85/15,0.006772108550728628,0.5555997742169416
Rg norm w/0.421,expr buffer only regr out,All,-1,Lasso,85/15,0.01911728836194615,0.5521361049849588
Rg norm w/0.421,expr buffer only regr out,All,-1,Kernel Ridge,85/15,0.0049358518863522605,0.556113127038979
Rg norm w/0.421,expr buffer only regr out,All,-1,GPR,85/15,-0.3073669274863906,0.6374356583800229
Rg norm w/0.421,expr buffer only regr out,All,-1,Linear,90/10,-0.3266622802995829,0.7577183143049175
Rg norm w/0.421,expr buffer only regr out,All,-1,Ridge,90/10,-0.016814773145587436,0.6633588345310979
Rg norm w/0.421,expr buffer only regr out,All,-1,Lasso,90/10,-0.027642160918455616,0.6668813168840971
Rg norm w/0.421,expr buffer only regr out,All,-1,Kernel Ridge,90/10,-0.04469395774885232,0.6723913768171815
Rg norm w/0.421,expr buffer only regr out,All,-1,GPR,90/10,-0.3071918943996237,0.7521375425787208
Rg norm w/0.5,expr buffer only regr out,All,-1,Linear,80/20,-0.41009932301374263,0.4649262151997615
Rg norm w/0.5,expr buffer only regr out,All,-1,Ridge,80/20,0.1516985716868503,0.36060710718571304
Rg norm w/0.5,expr buffer only regr out,All,-1,Lasso,80/20,0.13851558998371805,0.3633983023489834
Rg norm w/0.5,expr buffer only regr out,All,-1,Kernel Ridge,80/20,0.09878333637271086,0.37168393427211577
Rg norm w/0.5,expr buffer only regr out,All,-1,GPR,80/20,-0.4276223076205674,0.4678060623584058
Rg norm w/0.5,expr buffer only regr out,All,-1,Linear,85/15,-0.3996347358066836,0.4947051257318024
Rg norm w/0.5,expr buffer only regr out,All,-1,Ridge,85/15,0.06682091622259989,0.40394436311578635
Rg norm w/0.5,expr buffer only regr out,All,-1,Lasso,85/15,0.06897564188864358,0.403477736549324
Rg norm w/0.5,expr buffer only regr out,All,-1,Kernel Ridge,85/15,0.029197024302975327,0.41200700832981557
Rg norm w/0.5,expr buffer only regr out,All,-1,GPR,85/15,-0.5064006037405484,0.5132267622875193
Rg norm w/0.5,expr buffer only regr out,All,-1,Linear,90/10,-0.34195018878559447,0.5513547067112977
Rg norm w/0.5,expr buffer only regr out,All,-1,Ridge,90/10,-0.00305794847631069,0.47667886908950224
Rg norm w/0.5,expr buffer only regr out,All,-1,Lasso,90/10,0.010781182634738706,0.4733790927903598
Rg norm w/0.5,expr buffer only regr out,All,-1,Kernel Ridge,90/10,0.019091055094546228,0.47138660339219296
Rg norm w/0.5,expr buffer only regr out,All,-1,GPR,90/10,-0.4954345359247405,0.5820316365347323
Rg norm w/0.406,expr buffer only regr out,All,-1,Linear,80/20,-0.4331415436971282,0.62854672838728
Rg norm w/0.406,expr buffer only regr out,All,-1,Ridge,80/20,0.03345872883855672,0.516182443345501
Rg norm w/0.406,expr buffer only regr out,All,-1,Lasso,80/20,0.023116721961220166,0.5189366755180845
Rg norm w/0.406,expr buffer only regr out,All,-1,Kernel Ridge,80/20,0.031879251680064113,0.5166040319492782
Rg norm w/0.406,expr buffer only regr out,All,-1,GPR,80/20,-0.13796417121187599,0.5600893590657772
Rg norm w/0.406,expr buffer only regr out,All,-1,Linear,85/15,-0.38714304964871027,0.6853395838630716
Rg norm w/0.406,expr buffer only regr out,All,-1,Ridge,85/15,-0.006440101837692946,0.5837664852077522
Rg norm w/0.406,expr buffer only regr out,All,-1,Lasso,85/15,-0.015154997757709454,0.5862884923909513
Rg norm w/0.406,expr buffer only regr out,All,-1,Kernel Ridge,85/15,-0.007767970085464704,0.5841514606595045
Rg norm w/0.406,expr buffer only regr out,All,-1,GPR,85/15,-0.17427503101330588,0.6305653534614972
Rg norm w/0.406,expr buffer only regr out,All,-1,Linear,90/10,-0.3039497137315379,0.7986697660593426
Rg norm w/0.406,expr buffer only regr out,All,-1,Ridge,90/10,-0.0448905968228106,0.7149443413390262
Rg norm w/0.406,expr buffer only regr out,All,-1,Lasso,90/10,-0.05020964431626229,0.7167617543776614
Rg norm w/0.406,expr buffer only regr out,All,-1,Kernel Ridge,90/10,-0.04601509637044243,0.7153289454331989
Rg norm w/0.406,expr buffer only regr out,All,-1,GPR,90/10,-0.19024574962972318,0.7630537698914266
Rg w/no norm,No regr out,All,10,Linear,80/20,-0.05477148939309795,3.6192059424176644
Rg w/no norm,No regr out,All,10,Ridge,80/20,-0.045631299874800524,3.603490592951712
Rg w/no norm,No regr out,All,10,Lasso,80/20,-0.048419720308688685,3.608292169212074
Rg w/no norm,No regr out,All,10,Kernel Ridge,80/20,-0.03593323688117156,3.5867407651590573
Rg w/no norm,No regr out,All,10,GPR,80/20,-0.22039678089385473,3.893002045429126
Rg w/no norm,No regr out,All,10,Linear,85/15,-0.08991009220955593,4.13077690674805
Rg w/no norm,No regr out,All,10,Ridge,85/15,-0.07990300422585528,4.111769664258503
Rg w/no norm,No regr out,All,10,Lasso,85/15,-0.12106479753433619,4.189399351765747
Rg w/no norm,No regr out,All,10,Kernel Ridge,85/15,-0.08742785399792408,4.126070363949307
Rg w/no norm,No regr out,All,10,GPR,85/15,-0.22509249170376933,4.379462807911939
Rg w/no norm,No regr out,All,10,Linear,90/10,-0.1267394001961215,5.043825340413683
Rg w/no norm,No regr out,All,10,Ridge,90/10,-0.12196303875948877,5.033123345664061
Rg w/no norm,No regr out,All,10,Lasso,90/10,-0.11982420716602249,5.02832366057593
Rg w/no norm,No regr out,All,10,Kernel Ridge,90/10,-0.1185316537581187,5.02542085967371
Rg w/no norm,No regr out,All,10,GPR,90/10,-0.20617852668612913,5.218601021618303
Rg norm w/0.421,No regr out,All,10,Linear,80/20,-0.025992187700620395,0.5085853344543989
Rg norm w/0.421,No regr out,All,10,Ridge,80/20,-0.028028843623930655,0.5090898703651157
Rg norm w/0.421,No regr out,All,10,Lasso,80/20,-0.03270888396777205,0.5102473552374409
Rg norm w/0.421,No regr out,All,10,Kernel Ridge,80/20,-0.03225999818661229,0.5101364490173944
Rg norm w/0.421,No regr out,All,10,GPR,80/20,-0.1452376135716933,0.5373281674213289
Rg norm w/0.421,No regr out,All,10,Linear,85/15,-0.043416548587718484,0.5811955456118056
Rg norm w/0.421,No regr out,All,10,Ridge,85/15,-0.04536070253756708,0.5817367521738259
Rg norm w/0.421,No regr out,All,10,Lasso,85/15,-0.04925011012447378,0.5828179630177602
Rg norm w/0.421,No regr out,All,10,Kernel Ridge,85/15,-0.049173510123583286,0.5827966884565826
Rg norm w/0.421,No regr out,All,10,GPR,85/15,-0.13924222053982804,0.6072974433045167
Rg norm w/0.421,No regr out,All,10,Linear,90/10,-0.08608380313945663,0.7137164341411567
Rg norm w/0.421,No regr out,All,10,Ridge,90/10,-0.08751041983326768,0.7141850285691491
Rg norm w/0.421,No regr out,All,10,Lasso,90/10,-0.08642145231049647,0.7138273680464103
Rg norm w/0.421,No regr out,All,10,Kernel Ridge,90/10,-0.0939501187579328,0.7162964327945639
Rg norm w/0.421,No regr out,All,10,GPR,90/10,-0.16518054132068816,0.7392488201910703
Rg norm w/0.5,No regr out,All,10,Linear,80/20,-0.028768929293898404,0.544739283407017
Rg norm w/0.5,No regr out,All,10,Ridge,80/20,-0.03068795456128859,0.5452471143572211
Rg norm w/0.5,No regr out,All,10,Lasso,80/20,-0.03429734595137779,0.5462009871010325
Rg norm w/0.5,No regr out,All,10,Kernel Ridge,80/20,-0.03442579524768363,0.5462349023743243
Rg norm w/0.5,No regr out,All,10,GPR,80/20,-0.14867809424337053,0.575610814779899
Rg norm w/0.5,No regr out,All,10,Linear,85/15,-0.04630377735519908,0.6225300755873573
Rg norm w/0.5,No regr out,All,10,Ridge,85/15,-0.04815793849841277,0.6230814260562886
Rg norm w/0.5,No regr out,All,10,Lasso,85/15,-0.05141624352503693,0.6240491304228305
Rg norm w/0.5,No regr out,All,10,Kernel Ridge,85/15,-0.051508669493992576,0.6240765587027318
Rg norm w/0.5,No regr out,All,10,GPR,85/15,-0.142475963732269,0.6505114978473657
Rg norm w/0.5,No regr out,All,10,Linear,90/10,-0.08794119808366285,0.7642892384518606
Rg norm w/0.5,No regr out,All,10,Ridge,90/10,-0.08942514802008272,0.7648103054368647
Rg norm w/0.5,No regr out,All,10,Lasso,90/10,-0.088509427681289,0.7644888057973044
Rg norm w/0.5,No regr out,All,10,Kernel Ridge,90/10,-0.09577530912858956,0.7670360719093219
Rg norm w/0.5,No regr out,All,10,GPR,90/10,-0.16699317806256841,0.7915697546487825
Rg norm w/0.406,No regr out,All,10,Linear,80/20,-0.011115307554042442,0.3526468147116415
Rg norm w/0.406,No regr out,All,10,Ridge,80/20,-0.013548026132544466,0.3530707896309128
Rg norm w/0.406,No regr out,All,10,Lasso,80/20,-0.02533037108017666,0.3551170576131863
Rg norm w/0.406,No regr out,All,10,Kernel Ridge,80/20,-0.020089920764784885,0.35420839573315743
Rg norm w/0.406,No regr out,All,10,GPR,80/20,-0.12773943585494307,0.37242944214951434
Rg norm w/0.406,No regr out,All,10,Linear,85/15,-0.028338771315303823,0.4029284682436144
Rg norm w/0.406,No regr out,All,10,Ridge,85/15,-0.030525120516394555,0.4033565735596006
Rg norm w/0.406,No regr out,All,10,Lasso,85/15,-0.028967920866868946,0.4030517075447721
Rg norm w/0.406,No regr out,All,10,Kernel Ridge,85/15,-0.03643166455211322,0.40451085853026086
Rg norm w/0.406,No regr out,All,10,GPR,85/15,-0.12309301923124871,0.42108300311624786
Rg norm w/0.406,No regr out,All,10,Linear,90/10,-0.0762233894650235,0.4954094488663647
Rg norm w/0.406,No regr out,All,10,Ridge,90/10,-0.07724856976820282,0.4956453492948925
Rg norm w/0.406,No regr out,All,10,Lasso,90/10,-0.07620149716175173,0.49540441008484404
Rg norm w/0.406,No regr out,All,10,Kernel Ridge,90/10,-0.08399940129592975,0.49719596284560846
Rg norm w/0.406,No regr out,All,10,GPR,90/10,-0.1560397694560196,0.5134515388002097
Rg w/no norm,pH regr out,All,10,Linear,80/20,-0.05476595580386734,3.6191499099515925
Rg w/no norm,pH regr out,All,10,Ridge,80/20,-0.04562811471718242,3.603438767744176
Rg w/no norm,pH regr out,All,10,Lasso,80/20,-0.048425250898460837,3.608255287633251
Rg w/no norm,pH regr out,All,10,Kernel Ridge,80/20,-0.035631453065422036,3.586172175039455
Rg w/no norm,pH regr out,All,10,GPR,80/20,-0.09834902392596079,3.693164946537723
Rg w/no norm,pH regr out,All,10,Linear,85/15,-0.08990837956021691,4.130714979692697
Rg w/no norm,pH regr out,All,10,Ridge,85/15,-0.07990413273667274,4.111713401050404
Rg w/no norm,pH regr out,All,10,Lasso,85/15,-0.12107438377185198,4.189357748869745
Rg w/no norm,pH regr out,All,10,Kernel Ridge,85/15,-0.08598131863643577,4.123266551870094
Rg w/no norm,pH regr out,All,10,GPR,85/15,-0.12760041239855124,4.201533656411251
Rg w/no norm,pH regr out,All,10,Linear,90/10,-0.12673702482459426,5.0437605815972315
Rg w/no norm,pH regr out,All,10,Ridge,90/10,-0.12196236135037819,5.033062510152703
Rg w/no norm,pH regr out,All,10,Lasso,90/10,-0.11983237454040063,5.028282737686926
Rg w/no norm,pH regr out,All,10,Kernel Ridge,90/10,-0.1169925612321383,5.0219030111638
Rg w/no norm,pH regr out,All,10,GPR,90/10,-0.14599905818768621,5.086690465038902
Rg norm w/0.421,pH regr out,All,10,Linear,80/20,-0.025989746515591383,0.5085732562208308
Rg norm w/0.421,pH regr out,All,10,Ridge,80/20,-0.02802711488013765,0.5090779577494348
Rg norm w/0.421,pH regr out,All,10,Lasso,80/20,-0.032707272443211144,0.510235446438582
Rg norm w/0.421,pH regr out,All,10,Kernel Ridge,80/20,-0.03311419588769016,0.5103359620066638
Rg norm w/0.421,pH regr out,All,10,GPR,80/20,-0.07246588464541182,0.5199645691557923
Rg norm w/0.421,pH regr out,All,10,Linear,85/15,-0.043419810164909256,0.5811819610076618
Rg norm w/0.421,pH regr out,All,10,Ridge,85/15,-0.045364672111984916,0.581723350221638
Rg norm w/0.421,pH regr out,All,10,Lasso,85/15,-0.049255241364859925,0.5828048546766036
Rg norm w/0.421,pH regr out,All,10,Kernel Ridge,85/15,-0.07572344433204092,0.5901099044478307
Rg norm w/0.421,pH regr out,All,10,GPR,85/15,-0.07948827851085927,0.5911416405728721
Rg norm w/0.421,pH regr out,All,10,Linear,90/10,-0.08608640310752036,0.7137017245743218
Rg norm w/0.421,pH regr out,All,10,Ridge,90/10,-0.08751329203804392,0.7141703976122793
Rg norm w/0.421,pH regr out,All,10,Lasso,90/10,-0.08642552040090679,0.7138131382273961
Rg norm w/0.421,pH regr out,All,10,Kernel Ridge,90/10,-0.09207076714657014,0.7156652809157121
Rg norm w/0.421,pH regr out,All,10,GPR,90/10,-0.10927529659636948,0.7212805621763873
Rg norm w/0.5,pH regr out,All,10,Linear,80/20,-0.011112999395400669,0.35263754297278055
Rg norm w/0.5,pH regr out,All,10,Ridge,80/20,-0.013546253321027102,0.35306160095439054
Rg norm w/0.5,pH regr out,All,10,Lasso,80/20,-0.02532756526445401,0.35510764036812187
Rg norm w/0.5,pH regr out,All,10,Kernel Ridge,80/20,-0.020857712831650943,0.35433275998058744
Rg norm w/0.5,pH regr out,All,10,GPR,80/20,-0.06441450610639832,0.3618129376163664
Rg norm w/0.5,pH regr out,All,10,Linear,85/15,-0.02834262911147989,0.4029180317934346
Rg norm w/0.5,pH regr out,All,10,Ridge,85/15,-0.030529399703218774,0.40334620688126716
Rg norm w/0.5,pH regr out,All,10,Lasso,85/15,-0.02896872371925352,0.40304066913943754
Rg norm w/0.5,pH regr out,All,10,Kernel Ridge,85/15,-0.03672632345582194,0.4045571181622965
Rg norm w/0.5,pH regr out,All,10,GPR,85/15,-0.07074441310051705,0.4111409097857394
Rg norm w/0.5,pH regr out,All,10,Linear,90/10,-0.07622647148846728,0.49539801008498374
Rg norm w/0.5,pH regr out,All,10,Ridge,90/10,-0.07725179791838532,0.495633938007103
Rg norm w/0.5,pH regr out,All,10,Lasso,90/10,-0.07620807049326239,0.4953937749840943
Rg norm w/0.5,pH regr out,All,10,Kernel Ridge,90/10,-0.08209048327949242,0.49674580883538894
Rg norm w/0.5,pH regr out,All,10,GPR,90/10,-0.10233148097773825,0.5013702124747664
Rg norm w/0.406,pH regr out,All,10,Linear,80/20,-0.02876645615006823,0.5447265855912059
Rg norm w/0.406,pH regr out,All,10,Ridge,80/20,-0.03068622948920141,0.5452346037897353
Rg norm w/0.406,pH regr out,All,10,Lasso,80/20,-0.03429409839317832,0.5461880542466047
Rg norm w/0.406,pH regr out,All,10,Kernel Ridge,80/20,-0.0352936199828211,0.5464519032444521
Rg norm w/0.406,pH regr out,All,10,GPR,80/20,-0.07406037596317971,0.5565888750959066
Rg norm w/0.406,pH regr out,All,10,Linear,85/15,-0.046306928567205086,0.6225157974019749
Rg norm w/0.406,pH regr out,All,10,Ridge,85/15,-0.0481618529760528,0.6230673604226573
Rg norm w/0.406,pH regr out,All,10,Lasso,85/15,-0.05142156322545244,0.6240354563440206
Rg norm w/0.406,pH regr out,All,10,Kernel Ridge,85/15,-0.07732815664813497,0.6316766617895946
Rg norm w/0.406,pH regr out,All,10,GPR,85/15,-0.08126367504628229,0.632829378771474
Rg norm w/0.406,pH regr out,All,10,Linear,90/10,-0.08794370101602267,0.7642738126001049
Rg norm w/0.406,pH regr out,All,10,Ridge,90/10,-0.0894279495749517,0.7647949726887142
Rg norm w/0.406,pH regr out,All,10,Lasso,90/10,-0.08851360530356178,0.7644739635345131
Rg norm w/0.406,pH regr out,All,10,Kernel Ridge,90/10,-0.0939032118973111,0.7663642138408032
Rg norm w/0.406,pH regr out,All,10,GPR,90/10,-0.11066925615136758,0.772214839728603
Rg w/no norm,buffer regr out,All,10,Linear,80/20,-0.07470015994880397,3.461772014276025
Rg w/no norm,buffer regr out,All,10,Ridge,80/20,-0.06302233230754095,3.4429126162770065
Rg w/no norm,buffer regr out,All,10,Lasso,80/20,-0.09972402973884908,3.5018429361893206
Rg w/no norm,buffer regr out,All,10,Kernel Ridge,80/20,-0.05642236610459239,3.432208002525584
Rg w/no norm,buffer regr out,All,10,GPR,80/20,-0.016483757738944727,3.366704718526597
Rg w/no norm,buffer regr out,All,10,Linear,85/15,-0.129717145886594,3.945026408939807
Rg w/no norm,buffer regr out,All,10,Ridge,85/15,-0.11520082132678078,3.9195986105926095
Rg w/no norm,buffer regr out,All,10,Lasso,85/15,-0.13576482379406607,3.955571705356634
Rg w/no norm,buffer regr out,All,10,Kernel Ridge,85/15,-0.11379279641342666,3.9171234350487625
Rg w/no norm,buffer regr out,All,10,GPR,85/15,-0.04946823111484622,3.8023290969033416
Rg w/no norm,buffer regr out,All,10,Linear,90/10,-0.14199589363954734,4.807348851165261
Rg w/no norm,buffer regr out,All,10,Ridge,90/10,-0.13411866835172148,4.7907401669667875
Rg w/no norm,buffer regr out,All,10,Lasso,90/10,-0.1539350627355569,4.832413090491336
Rg w/no norm,buffer regr out,All,10,Kernel Ridge,90/10,-0.12580211569732658,4.773142469874595
Rg w/no norm,buffer regr out,All,10,GPR,90/10,-0.06811818084190802,4.649251297551345
Rg norm w/0.421,buffer regr out,All,10,Linear,80/20,-0.02301208854165493,0.4978414416649839
Rg norm w/0.421,buffer regr out,All,10,Ridge,80/20,-0.02475445106030061,0.4982652153677831
Rg norm w/0.421,buffer regr out,All,10,Lasso,80/20,-0.027775869157962152,0.4989992250998729
Rg norm w/0.421,buffer regr out,All,10,Kernel Ridge,80/20,-0.03195333146688517,0.5000123042222038
Rg norm w/0.421,buffer regr out,All,10,GPR,80/20,-0.014198835981768632,0.4956923502039889
Rg norm w/0.421,buffer regr out,All,10,Linear,85/15,-0.04504338517985684,0.5676946032404658
Rg norm w/0.421,buffer regr out,All,10,Ridge,85/15,-0.046505944795934395,0.5680917144584564
Rg norm w/0.421,buffer regr out,All,10,Lasso,85/15,-0.04263471663616958,0.567040000298524
Rg norm w/0.421,buffer regr out,All,10,Kernel Ridge,85/15,-0.05156941891818145,0.5694643997379438
Rg norm w/0.421,buffer regr out,All,10,GPR,85/15,-0.030668330088254425,0.5637766322982692
Rg norm w/0.421,buffer regr out,All,10,Linear,90/10,-0.07197636509179173,0.6967402644035573
Rg norm w/0.421,buffer regr out,All,10,Ridge,90/10,-0.07349260022677595,0.6972328353260702
Rg norm w/0.421,buffer regr out,All,10,Lasso,90/10,-0.07013216527981658,0.6961406796452025
Rg norm w/0.421,buffer regr out,All,10,Kernel Ridge,90/10,-0.07953099205386249,0.6991910514824191
Rg norm w/0.421,buffer regr out,All,10,GPR,90/10,-0.06081545012646794,0.6931037077375495
Rg norm w/0.5,buffer regr out,All,10,Linear,80/20,-0.007597205051790068,0.346407450377322
Rg norm w/0.5,buffer regr out,All,10,Ridge,80/20,-0.009778724835139307,0.3467822460353871
Rg norm w/0.5,buffer regr out,All,10,Lasso,80/20,-0.03557697239974522,0.35118417641728994
Rg norm w/0.5,buffer regr out,All,10,Kernel Ridge,80/20,-0.018855191709740815,0.3483372976975887
Rg norm w/0.5,buffer regr out,All,10,GPR,80/20,-0.01390458609675882,0.34748998371819206
Rg norm w/0.5,buffer regr out,All,10,Linear,85/15,-0.028245278243397065,0.3950426503987216
Rg norm w/0.5,buffer regr out,All,10,Ridge,85/15,-0.030056347954250384,0.3953903957454631
Rg norm w/0.5,buffer regr out,All,10,Lasso,85/15,-0.0337594366254943,0.3961004792891792
Rg norm w/0.5,buffer regr out,All,10,Kernel Ridge,85/15,-0.03703457973624147,0.39672744327301496
Rg norm w/0.5,buffer regr out,All,10,GPR,85/15,-0.028438183687312213,0.395079704935032
Rg norm w/0.5,buffer regr out,All,10,Linear,90/10,-0.06169619991300834,0.48552459148591876
Rg norm w/0.5,buffer regr out,All,10,Ridge,90/10,-0.0628400484720224,0.48578606793271756
Rg norm w/0.5,buffer regr out,All,10,Lasso,90/10,-0.06587792876107601,0.48647982561437236
Rg norm w/0.5,buffer regr out,All,10,Kernel Ridge,90/10,-0.06910559783739556,0.48721584281434427
Rg norm w/0.5,buffer regr out,All,10,GPR,90/10,-0.05972504460095274,0.48507366729263274
Rg norm w/0.406,buffer regr out,All,10,Linear,80/20,-0.026016035510286972,0.5328770579229849
Rg norm w/0.406,buffer regr out,All,10,Ridge,80/20,-0.027624008419376622,0.5332944570627136
Rg norm w/0.406,buffer regr out,All,10,Lasso,80/20,-0.029735682885307257,0.5338421118182702
Rg norm w/0.406,buffer regr out,All,10,Kernel Ridge,80/20,-0.03440074054495512,0.5350499897464546
Rg norm w/0.406,buffer regr out,All,10,GPR,80/20,-0.014256770090078863,0.5298145809864094
Rg norm w/0.406,buffer regr out,All,10,Linear,85/15,-0.04841455265500172,0.6076400371273124
Rg norm w/0.406,buffer regr out,All,10,Ridge,85/15,-0.04975367298057831,0.60802797692467
Rg norm w/0.406,buffer regr out,All,10,Lasso,85/15,-0.0459286072727747,0.6069192075452728
Rg norm w/0.406,buffer regr out,All,10,Kernel Ridge,85/15,-0.05436983674999163,0.6093633749152181
Rg norm w/0.406,buffer regr out,All,10,GPR,85/15,-0.031113573204160527,0.6026055305553216
Rg norm w/0.406,buffer regr out,All,10,Linear,90/10,-0.074041270491914,0.745549761779608
Rg norm w/0.406,buffer regr out,All,10,Ridge,90/10,-0.07560073941887024,0.7460908210430647
Rg norm w/0.406,buffer regr out,All,10,Lasso,90/10,-0.07253357116339854,0.7450262904459742
Rg norm w/0.406,buffer regr out,All,10,Kernel Ridge,90/10,-0.08154874476161789,0.7481508949202917
Rg norm w/0.406,buffer regr out,All,10,GPR,90/10,-0.061028538110030395,0.7410195800078858
Rg w/no norm,expr pH only regr out,All,10,Linear,80/20,0.0931075335364765,3.732726583331834
Rg w/no norm,expr pH only regr out,All,10,Ridge,80/20,0.09579062837404273,3.7272007473266573
Rg w/no norm,expr pH only regr out,All,10,Lasso,80/20,0.06876976402049506,3.7824815370860305
Rg w/no norm,expr pH only regr out,All,10,Kernel Ridge,80/20,0.07209366020592334,3.7757249829350217
Rg w/no norm,expr pH only regr out,All,10,GPR,80/20,-0.3190021662093132,4.5016428587009125
Rg w/no norm,expr pH only regr out,All,10,Linear,85/15,0.05997326314364493,4.168490037047302
Rg w/no norm,expr pH only regr out,All,10,Ridge,85/15,0.05946851731022862,4.169609018844603
Rg w/no norm,expr pH only regr out,All,10,Lasso,85/15,0.07335951099546167,4.138703372850194
Rg w/no norm,expr pH only regr out,All,10,Kernel Ridge,85/15,0.07671042467475553,4.131213414026012
Rg w/no norm,expr pH only regr out,All,10,GPR,85/15,-0.36979567752255504,5.031952819440456
Rg w/no norm,expr pH only regr out,All,10,Linear,90/10,-0.017501696903521546,4.950728110766193
Rg w/no norm,expr pH only regr out,All,10,Ridge,90/10,-0.013263765016459539,4.9404073709069225
Rg w/no norm,expr pH only regr out,All,10,Lasso,90/10,-0.00022001991081599392,4.908505436295704
Rg w/no norm,expr pH only regr out,All,10,Kernel Ridge,90/10,-0.032113895849821716,4.986149748297351
Rg w/no norm,expr pH only regr out,All,10,GPR,90/10,-0.36487608147228423,5.733873619539613
Rg norm w/0.421,expr pH only regr out,All,10,Linear,80/20,0.05807363935785825,0.5087356872067458
Rg norm w/0.421,expr pH only regr out,All,10,Ridge,80/20,0.054864967999697534,0.5096014543708751
Rg norm w/0.421,expr pH only regr out,All,10,Lasso,80/20,0.05919845652368738,0.5084318388403903
Rg norm w/0.421,expr pH only regr out,All,10,Kernel Ridge,80/20,0.05760243485291272,0.5088629203881162
Rg norm w/0.421,expr pH only regr out,All,10,GPR,80/20,-0.22339138835411676,0.5797842826490677
Rg norm w/0.421,expr pH only regr out,All,10,Linear,85/15,0.012520528340664194,0.5744093721810107
Rg norm w/0.421,expr pH only regr out,All,10,Ridge,85/15,0.009768192231097816,0.5752093217511286
Rg norm w/0.421,expr pH only regr out,All,10,Lasso,85/15,0.015129895154743722,0.5736499456495667
Rg norm w/0.421,expr pH only regr out,All,10,Kernel Ridge,85/15,-0.0065998220332088575,0.5799437920931388
Rg norm w/0.421,expr pH only regr out,All,10,GPR,85/15,-0.2543954845260594,0.6474030190517749
Rg norm w/0.421,expr pH only regr out,All,10,Linear,90/10,-0.058961131175924386,0.6920077915426518
Rg norm w/0.421,expr pH only regr out,All,10,Ridge,90/10,-0.06113727757219922,0.692718458514561
Rg norm w/0.421,expr pH only regr out,All,10,Lasso,90/10,-0.05527483685884205,0.6908022854214227
Rg norm w/0.421,expr pH only regr out,All,10,Kernel Ridge,90/10,-0.0724125723707647,0.6963890326590292
Rg norm w/0.421,expr pH only regr out,All,10,GPR,90/10,-0.2887949619265031,0.7634188678668526
Rg norm w/0.5,expr pH only regr out,All,10,Linear,80/20,0.08472442525997137,0.3831002631065735
Rg norm w/0.5,expr pH only regr out,All,10,Ridge,80/20,0.08424081614191725,0.38320146012242945
Rg norm w/0.5,expr pH only regr out,All,10,Lasso,80/20,0.08524214795185436,0.3829918980630609
Rg norm w/0.5,expr pH only regr out,All,10,Kernel Ridge,80/20,0.09511598567773605,0.3809192949811522
Rg norm w/0.5,expr pH only regr out,All,10,GPR,80/20,-0.38465220358541896,0.4712017171347986
Rg norm w/0.5,expr pH only regr out,All,10,Linear,85/15,0.02024461905056818,0.4275574850428166
Rg norm w/0.5,expr pH only regr out,All,10,Ridge,85/15,0.021884913213422896,0.4271994294291797
Rg norm w/0.5,expr pH only regr out,All,10,Lasso,85/15,0.02363553112796213,0.4268169601711934
Rg norm w/0.5,expr pH only regr out,All,10,Kernel Ridge,85/15,0.008586641573323561,0.43009368736927794
Rg norm w/0.5,expr pH only regr out,All,10,GPR,85/15,-0.43640652562581295,0.517695476068315
Rg norm w/0.5,expr pH only regr out,All,10,Linear,90/10,-0.06535004644292153,0.4999049538704944
Rg norm w/0.5,expr pH only regr out,All,10,Ridge,90/10,-0.06465713549747654,0.4997423566296896
Rg norm w/0.5,expr pH only regr out,All,10,Lasso,90/10,-0.05840829163487338,0.49827361727282043
Rg norm w/0.5,expr pH only regr out,All,10,Kernel Ridge,90/10,-0.0702478572853178,0.5010527607646341
Rg norm w/0.5,expr pH only regr out,All,10,GPR,90/10,-0.46959764937152615,0.587138420552235
Rg norm w/0.406,expr pH only regr out,All,10,Linear,80/20,0.03391473599395778,0.5297786893888466
Rg norm w/0.406,expr pH only regr out,All,10,Ridge,80/20,0.030463271234099976,0.5307241971542632
Rg norm w/0.406,expr pH only regr out,All,10,Lasso,80/20,0.034023372637598026,0.529748901647072
Rg norm w/0.406,expr pH only regr out,All,10,Kernel Ridge,80/20,0.028540363509060196,0.5312502360946473
Rg norm w/0.406,expr pH only regr out,All,10,GPR,80/20,-0.11470221619063858,0.5690706509298636
Rg norm w/0.406,expr pH only regr out,All,10,Linear,85/15,0.0015918483806587336,0.602141552990323
Rg norm w/0.406,expr pH only regr out,All,10,Ridge,85/15,-0.0019123244903134218,0.6031973135665473
Rg norm w/0.406,expr pH only regr out,All,10,Lasso,85/15,0.0059423532123091816,0.6008282225274549
Rg norm w/0.406,expr pH only regr out,All,10,Kernel Ridge,85/15,-0.016121624780887966,0.6074595809560084
Rg norm w/0.406,expr pH only regr out,All,10,GPR,85/15,-0.13550925130449953,0.6421550136446822
Rg norm w/0.406,expr pH only regr out,All,10,Linear,90/10,-0.05614715849156626,0.7353611551786887
Rg norm w/0.406,expr pH only regr out,All,10,Ridge,90/10,-0.05898331094385467,0.7363478538839492
Rg norm w/0.406,expr pH only regr out,All,10,Lasso,90/10,-0.05460781564421291,0.7348250624140207
Rg norm w/0.406,expr pH only regr out,All,10,Kernel Ridge,90/10,-0.07173586515709562,0.7407682326647337
Rg norm w/0.406,expr pH only regr out,All,10,GPR,90/10,-0.17594477644849227,0.7759467725869044
Rg w/no norm,expr buffer only regr out,All,10,Linear,80/20,0.1010973014775296,3.5568885853978416
Rg w/no norm,expr buffer only regr out,All,10,Ridge,80/20,0.10616956230130659,3.5468391164869257
Rg w/no norm,expr buffer only regr out,All,10,Lasso,80/20,0.07674214031798443,3.6047522897949844
Rg w/no norm,expr buffer only regr out,All,10,Kernel Ridge,80/20,0.08175872898983205,3.594945608562978
Rg w/no norm,expr buffer only regr out,All,10,GPR,80/20,-0.36090876847508,4.376515045107317
Rg w/no norm,expr buffer only regr out,All,10,Linear,85/15,0.033301722732677175,3.950201256208743
Rg w/no norm,expr buffer only regr out,All,10,Ridge,85/15,0.03503350626296475,3.9466613926595637
Rg w/no norm,expr buffer only regr out,All,10,Lasso,85/15,0.04510080943070294,3.9260200487628345
Rg w/no norm,expr buffer only regr out,All,10,Kernel Ridge,85/15,0.053319279395429575,3.9090886262028905
Rg w/no norm,expr buffer only regr out,All,10,GPR,85/15,-0.4728977522641533,4.875959056179754
Rg w/no norm,expr buffer only regr out,All,10,Linear,90/10,-0.02822734767953272,4.731797166154131
Rg w/no norm,expr buffer only regr out,All,10,Ridge,90/10,-0.019511468786250097,4.711699693984434
Rg w/no norm,expr buffer only regr out,All,10,Lasso,90/10,-0.010748047552330497,4.6914057962143465
Rg w/no norm,expr buffer only regr out,All,10,Kernel Ridge,90/10,-0.0021225456539115672,4.671345192854465
Rg w/no norm,expr buffer only regr out,All,10,GPR,90/10,-0.4095938196622573,5.540239483037874
Rg norm w/0.421,expr buffer only regr out,All,10,Linear,80/20,0.06799352438615491,0.49318461613850223
Rg norm w/0.421,expr buffer only regr out,All,10,Ridge,80/20,0.06527739966591928,0.4939027315307091
Rg norm w/0.421,expr buffer only regr out,All,10,Lasso,80/20,0.06974775370132336,0.49272025970980166
Rg norm w/0.421,expr buffer only regr out,All,10,Kernel Ridge,80/20,0.046851755196543166,0.4987469840869774
Rg norm w/0.421,expr buffer only regr out,All,10,GPR,80/20,-0.25416087964338363,0.5721062355199193
Rg norm w/0.421,expr buffer only regr out,All,10,Linear,85/15,0.0049597389316515805,0.5561064521028931
Rg norm w/0.421,expr buffer only regr out,All,10,Ridge,85/15,0.002983813929500423,0.5566583291083579
Rg norm w/0.421,expr buffer only regr out,All,10,Lasso,85/15,0.008806324075806393,0.5550305247118554
Rg norm w/0.421,expr buffer only regr out,All,10,Kernel Ridge,85/15,-0.0069355624607481126,0.5594205899015409
Rg norm w/0.421,expr buffer only regr out,All,10,GPR,85/15,-0.3073667537623819,0.6374356160285303
Rg norm w/0.421,expr buffer only regr out,All,10,Linear,90/10,-0.046634987350211654,0.6730157347399109
Rg norm w/0.421,expr buffer only regr out,All,10,Ridge,90/10,-0.04867185404379648,0.6736702977184869
Rg norm w/0.421,expr buffer only regr out,All,10,Lasso,90/10,-0.042327274030297124,0.6716293163105588
Rg norm w/0.421,expr buffer only regr out,All,10,Kernel Ridge,90/10,-0.06226340214772064,0.6780218711474507
Rg norm w/0.421,expr buffer only regr out,All,10,GPR,90/10,-0.307178404692078,0.7521336616865186
Rg norm w/0.5,expr buffer only regr out,All,10,Linear,80/20,0.09205045522915611,0.3730697537179074
Rg norm w/0.5,expr buffer only regr out,All,10,Ridge,80/20,0.09228811133723946,0.37302092495378186
Rg norm w/0.5,expr buffer only regr out,All,10,Lasso,80/20,0.09287845799834882,0.37289960480990325
Rg norm w/0.5,expr buffer only regr out,All,10,Kernel Ridge,80/20,0.09561928481218307,0.37233582896574713
Rg norm w/0.5,expr buffer only regr out,All,10,GPR,80/20,-0.42763498585579063,0.46780813956821765
Rg norm w/0.5,expr buffer only regr out,All,10,Linear,85/15,0.009144153577548164,0.41624045940902726
Rg norm w/0.5,expr buffer only regr out,All,10,Ridge,85/15,0.012152703666018061,0.41560806050831917
Rg norm w/0.5,expr buffer only regr out,All,10,Lasso,85/15,0.013856081308445733,0.41524958257134914
Rg norm w/0.5,expr buffer only regr out,All,10,Kernel Ridge,85/15,0.0016348127879697305,0.41781475080724995
Rg norm w/0.5,expr buffer only regr out,All,10,GPR,85/15,-0.5064000984444146,0.5132266762109737
Rg norm w/0.5,expr buffer only regr out,All,10,Linear,90/10,-0.054946937967192744,0.4888529006063525
Rg norm w/0.5,expr buffer only regr out,All,10,Ridge,90/10,-0.0540357789401984,0.48864174356288914
Rg norm w/0.5,expr buffer only regr out,All,10,Lasso,90/10,-0.04767977909555343,0.48716622290058126
Rg norm w/0.5,expr buffer only regr out,All,10,Kernel Ridge,90/10,-0.06284489980905694,0.4906794105535715
Rg norm w/0.5,expr buffer only regr out,All,10,GPR,90/10,-0.49538906370196467,0.5820227874434486
Rg norm w/0.406,expr buffer only regr out,All,10,Linear,80/20,0.044369858463496614,0.5132606234823075
Rg norm w/0.406,expr buffer only regr out,All,10,Ridge,80/20,0.04119165904718769,0.5141134066410408
Rg norm w/0.406,expr buffer only regr out,All,10,Lasso,80/20,0.042236922274703215,0.5138330949481419
Rg norm w/0.406,expr buffer only regr out,All,10,Kernel Ridge,80/20,0.024461775805080244,0.5185792949503825
Rg norm w/0.406,expr buffer only regr out,All,10,GPR,80/20,-0.13802427231071235,0.5601041493123987
Rg norm w/0.406,expr buffer only regr out,All,10,Linear,85/15,-0.002029523703435787,0.5824859446404222
Rg norm w/0.406,expr buffer only regr out,All,10,Ridge,85/15,-0.00508171401726254,0.5833723986478064
Rg norm w/0.406,expr buffer only regr out,All,10,Lasso,85/15,0.003908569339415635,0.580757454987482
Rg norm w/0.406,expr buffer only regr out,All,10,Kernel Ridge,85/15,-0.018282128907085582,0.5871908133458662
Rg norm w/0.406,expr buffer only regr out,All,10,GPR,85/15,-0.17427492023671687,0.6305653237189418
Rg norm w/0.406,expr buffer only regr out,All,10,Linear,90/10,-0.04199436750957353,0.7139528118862272
Rg norm w/0.406,expr buffer only regr out,All,10,Ridge,90/10,-0.0448247301760456,0.7149218070523403
Rg norm w/0.406,expr buffer only regr out,All,10,Lasso,90/10,-0.03529374680412567,0.7116535467369429
Rg norm w/0.406,expr buffer only regr out,All,10,Kernel Ridge,90/10,-0.059143796901066414,0.7198040505167477
Rg norm w/0.406,expr buffer only regr out,All,10,GPR,90/10,-0.19023978122089713,0.7630518567476218
Rg w/no norm,No regr out,All,20,Linear,80/20,0.0007817278187749466,3.5226077705311374
Rg w/no norm,No regr out,All,20,Ridge,80/20,-0.006661735747021114,3.535703884530914
Rg w/no norm,No regr out,All,20,Lasso,80/20,-0.04841971772000231,3.6082921647573993
Rg w/no norm,No regr out,All,20,Kernel Ridge,80/20,-0.02297913881329583,3.5642445475235216
Rg w/no norm,No regr out,All,20,GPR,80/20,-0.15515808400708542,3.7875189643962544
Rg w/no norm,No regr out,All,20,Linear,85/15,-0.019459282244970844,3.9950419653324167
Rg w/no norm,No regr out,All,20,Ridge,85/15,-0.03085541305526074,4.017309403044038
Rg w/no norm,No regr out,All,20,Lasso,85/15,-0.0661596901772139,4.0855218043133545
Rg w/no norm,No regr out,All,20,Kernel Ridge,85/15,-0.04318184533720304,4.041256476166571
Rg w/no norm,No regr out,All,20,GPR,85/15,-0.17919721926850007,4.296646523290929
Rg w/no norm,No regr out,All,20,Linear,90/10,-0.06297816303585213,4.899034186679858
Rg w/no norm,No regr out,All,20,Ridge,90/10,-0.07800111357264927,4.933531476656894
Rg w/no norm,No regr out,All,20,Lasso,90/10,-0.11650208349724944,5.020859488699564
Rg w/no norm,No regr out,All,20,Kernel Ridge,90/10,-0.10447539713144605,4.993744539154063
Rg w/no norm,No regr out,All,20,GPR,90/10,-0.2426792454238107,5.296973755680786
Rg norm w/0.421,No regr out,All,20,Linear,80/20,-0.011328469760217619,0.5049378451739561
Rg norm w/0.421,No regr out,All,20,Ridge,80/20,-0.016227862006840788,0.5061594559947237
Rg norm w/0.421,No regr out,All,20,Lasso,80/20,-0.0327088670446134,0.5102473510566902
Rg norm w/0.421,No regr out,All,20,Kernel Ridge,80/20,-0.025024062028433658,0.5083453274004459
Rg norm w/0.421,No regr out,All,20,GPR,80/20,-0.10780180017140539,0.5284730428246339
Rg norm w/0.421,No regr out,All,20,Linear,85/15,-0.022752308231707596,0.5754116507688614
Rg norm w/0.421,No regr out,All,20,Ridge,85/15,-0.029632375260512767,0.5773438073388925
Rg norm w/0.421,No regr out,All,20,Lasso,85/15,-0.04925007293231487,0.5828179526883552
Rg norm w/0.421,No regr out,All,20,Kernel Ridge,85/15,-0.04063787635194216,0.5804211528069986
Rg norm w/0.421,No regr out,All,20,GPR,85/15,-0.11083031241373154,0.5996768424010992
Rg norm w/0.421,No regr out,All,20,Linear,90/10,-0.07429190975815891,0.709831357875169
Rg norm w/0.421,No regr out,All,20,Ridge,90/10,-0.0789589638141186,0.7113715496534031
Rg norm w/0.421,No regr out,All,20,Lasso,90/10,-0.08642134367388521,0.7138273323568592
Rg norm w/0.421,No regr out,All,20,Kernel Ridge,90/10,-0.08928128688681602,0.7147662700326034
Rg norm w/0.421,No regr out,All,20,GPR,90/10,-0.17883481466633033,0.7435676813154968
Rg norm w/0.5,No regr out,All,20,Linear,80/20,-0.012932097507087237,0.5405301734208525
Rg norm w/0.5,No regr out,All,20,Ridge,80/20,-0.018098668952014174,0.5419069368368553
Rg norm w/0.5,No regr out,All,20,Lasso,80/20,-0.03429734040706167,0.5462009856370865
Rg norm w/0.5,No regr out,All,20,Kernel Ridge,80/20,-0.026974343721888117,0.5442639541438836
Rg norm w/0.5,No regr out,All,20,GPR,80/20,-0.11107708023066709,0.5661113601709531
Rg norm w/0.5,No regr out,All,20,Linear,85/15,-0.024505790097056668,0.6160112588523536
Rg norm w/0.5,No regr out,All,20,Ridge,85/15,-0.031619918219407905,0.618146337828225
Rg norm w/0.5,No regr out,All,20,Lasso,85/15,-0.05141620045347195,0.6240491176406554
Rg norm w/0.5,No regr out,All,20,Kernel Ridge,85/15,-0.042737274422153027,0.6214681705035564
Rg norm w/0.5,No regr out,All,20,GPR,85/15,-0.11411662087246,0.6423870360158171
Rg norm w/0.5,No regr out,All,20,Linear,90/10,-0.07523703317662966,0.7598137351868501
Rg norm w/0.5,No regr out,All,20,Ridge,90/10,-0.08016326579974797,0.761552301520122
Rg norm w/0.5,No regr out,All,20,Lasso,90/10,-0.08850930833605108,0.7644887638876532
Rg norm w/0.5,No regr out,All,20,Kernel Ridge,90/10,-0.09086830542499724,0.765316708455444
Rg norm w/0.5,No regr out,All,20,GPR,90/10,-0.1814520260682737,0.7964583666521948
Rg norm w/0.406,No regr out,All,20,Linear,80/20,-0.002195782033157956,0.35108793717099634
Rg norm w/0.406,No regr out,All,20,Ridge,80/20,-0.005600634878413002,0.35168382331972203
Rg norm w/0.406,No regr out,All,20,Lasso,80/20,-0.02533007150080291,0.35511700573441796
Rg norm w/0.406,No regr out,All,20,Kernel Ridge,80/20,-0.013930331391343254,0.35313737162308356
Rg norm w/0.406,No regr out,All,20,GPR,80/20,-0.09056405598118977,0.3662395254239389
Rg norm w/0.406,No regr out,All,20,Linear,85/15,-0.013125362538636498,0.39993686825892294
Rg norm w/0.406,No regr out,All,20,Ridge,85/15,-0.018716993492390976,0.4010390133144526
Rg norm w/0.406,No regr out,All,20,Lasso,85/15,-0.03278199724646891,0.4037980126775192
Rg norm w/0.406,No regr out,All,20,Kernel Ridge,85/15,-0.029064022868497075,0.4030705289145664
Rg norm w/0.406,No regr out,All,20,GPR,85/15,-0.09396628954184294,0.41558686940354467
Rg norm w/0.406,No regr out,All,20,Linear,90/10,-0.06866117127135163,0.4936658523533479
Rg norm w/0.406,No regr out,All,20,Ridge,90/10,-0.07204679294364302,0.4944472244964689
Rg norm w/0.406,No regr out,All,20,Lasso,90/10,-0.075474852161598,0.4952371347540879
Rg norm w/0.406,No regr out,All,20,Kernel Ridge,90/10,-0.08047823308229307,0.4963877822112059
Rg norm w/0.406,No regr out,All,20,GPR,90/10,-0.16537309143797674,0.5155200553857888
Rg w/no norm,pH regr out,All,20,Linear,80/20,0.0007818186086955281,3.522562313688428
Rg w/no norm,pH regr out,All,20,Ridge,80/20,-0.006661503765406973,3.535658011928486
Rg w/no norm,pH regr out,All,20,Lasso,80/20,-0.048425248309672764,3.608255283178471
Rg w/no norm,pH regr out,All,20,Kernel Ridge,80/20,-0.02974714930247635,3.5759696137872474
Rg w/no norm,pH regr out,All,20,GPR,80/20,-0.09004197673597725,3.679172343213024
Rg w/no norm,pH regr out,All,20,Linear,85/15,-0.019462016282589145,3.9949905689339875
Rg w/no norm,pH regr out,All,20,Ridge,85/15,-0.030858909402873502,4.017259145984515
Rg w/no norm,pH regr out,All,20,Lasso,85/15,-0.06616042115598297,4.0854651661237815
Rg w/no norm,pH regr out,All,20,Kernel Ridge,85/15,-0.0451449217132438,4.044999675804608
Rg w/no norm,pH regr out,All,20,GPR,85/15,-0.12659666730008734,4.199663220884395
Rg w/no norm,pH regr out,All,20,Linear,90/10,-0.06298166723125354,4.898984525772925
Rg w/no norm,pH regr out,All,20,Ridge,90/10,-0.07800418483964289,4.933480362083962
Rg w/no norm,pH regr out,All,20,Lasso,90/10,-0.1165039947146731,5.020804614406442
Rg w/no norm,pH regr out,All,20,Kernel Ridge,90/10,-0.10993791806468622,5.006019356026047
Rg w/no norm,pH regr out,All,20,GPR,90/10,-0.2116387348325086,5.230337995843873
Rg norm w/0.421,pH regr out,All,20,Linear,80/20,-0.011332173379315025,0.5049273788128728
Rg norm w/0.421,pH regr out,All,20,Ridge,80/20,-0.016230048063003766,0.5061485819215522
Rg norm w/0.421,pH regr out,All,20,Lasso,80/20,-0.03270725532451957,0.5102354422096181
Rg norm w/0.421,pH regr out,All,20,Kernel Ridge,80/20,-0.029158224422973333,0.5093579428900625
Rg norm w/0.421,pH regr out,All,20,GPR,80/20,-0.06046998826840699,0.5170484011958465
Rg norm w/0.421,pH regr out,All,20,Linear,85/15,-0.022759995724352056,0.5753994645248068
Rg norm w/0.421,pH regr out,All,20,Ridge,85/15,-0.029639454892594674,0.5773313952593557
Rg norm w/0.421,pH regr out,All,20,Lasso,85/15,-0.04925520393678173,0.5828048442819612
Rg norm w/0.421,pH regr out,All,20,Kernel Ridge,85/15,-0.04914042649521244,0.5827729670617422
Rg norm w/0.421,pH regr out,All,20,GPR,85/15,-0.06863173970211434,0.5881615388133511
Rg norm w/0.421,pH regr out,All,20,Linear,90/10,-0.07429895293021627,0.7098182055784421
Rg norm w/0.421,pH regr out,All,20,Ridge,90/10,-0.07896544273117323,0.711358172726693
Rg norm w/0.421,pH regr out,All,20,Lasso,90/10,-0.08642541161505157,0.7138131024896611
Rg norm w/0.421,pH regr out,All,20,Kernel Ridge,90/10,-0.08955251806400666,0.7148396642773552
Rg norm w/0.421,pH regr out,All,20,GPR,90/10,-0.13899226479533633,0.7308780937001459
Rg norm w/0.5,pH regr out,All,20,Linear,80/20,-0.002200327819356085,0.3510799033532265
Rg norm w/0.5,pH regr out,All,20,Ridge,80/20,-0.005603289550973223,0.3516754424899509
Rg norm w/0.5,pH regr out,All,20,Lasso,80/20,-0.025327265476814187,0.35510758845452234
Rg norm w/0.5,pH regr out,All,20,Kernel Ridge,80/20,-0.017647553386986425,0.35377520908001625
Rg norm w/0.5,pH regr out,All,20,GPR,80/20,-0.05206322659784135,0.3597076053382346
Rg norm w/0.5,pH regr out,All,20,Linear,85/15,-0.013134148456697803,0.39992749323193777
Rg norm w/0.5,pH regr out,All,20,Ridge,85/15,-0.018724807619945993,0.40102941163070255
Rg norm w/0.5,pH regr out,All,20,Lasso,85/15,-0.03278214829253834,0.40378682583298947
Rg norm w/0.5,pH regr out,All,20,Kernel Ridge,85/15,-0.04423427851838668,0.40601937354418527
Rg norm w/0.5,pH regr out,All,20,GPR,85/15,-0.059255025497956915,0.40892913194730823
Rg norm w/0.5,pH regr out,All,20,Linear,90/10,-0.06866908315348419,0.4936555743741903
Rg norm w/0.5,pH regr out,All,20,Ridge,90/10,-0.07205398943323504,0.4944367594978664
Rg norm w/0.5,pH regr out,All,20,Lasso,90/10,-0.075478202318217,0.49522576217858283
Rg norm w/0.5,pH regr out,All,20,Kernel Ridge,90/10,-0.08035189482812544,0.4963465891219006
Rg norm w/0.5,pH regr out,All,20,GPR,90/10,-0.1294778258512268,0.5075061125306994
Rg norm w/0.406,pH regr out,All,20,Linear,80/20,-0.01293565035156985,0.5405191713469111
Rg norm w/0.406,pH regr out,All,20,Ridge,80/20,-0.018100770211355144,0.5418955156061591
Rg norm w/0.406,pH regr out,All,20,Lasso,80/20,-0.03429409262354821,0.546188052723197
Rg norm w/0.406,pH regr out,All,20,Kernel Ridge,80/20,-0.03119497748121236,0.5453691514244666
Rg norm w/0.406,pH regr out,All,20,GPR,80/20,-0.06213964782839865,0.5534915364414514
Rg norm w/0.406,pH regr out,All,20,Linear,85/15,-0.02451328415120435,0.6159984555064519
Rg norm w/0.406,pH regr out,All,20,Ridge,85/15,-0.03162686920652047,0.6181333118177417
Rg norm w/0.406,pH regr out,All,20,Lasso,85/15,-0.051421519927234316,0.6240354434949291
Rg norm w/0.406,pH regr out,All,20,Kernel Ridge,85/15,-0.05014338054957945,0.6236560300990662
Rg norm w/0.406,pH regr out,All,20,GPR,85/15,-0.07054505809701639,0.6296849331156321
Rg norm w/0.406,pH regr out,All,20,Linear,90/10,-0.07524392144234793,0.7597999593981992
Rg norm w/0.406,pH regr out,All,20,Ridge,90/10,-0.08016961519359711,0.761538293128698
Rg norm w/0.406,pH regr out,All,20,Lasso,90/10,-0.08851348581053742,0.7644739215739406
Rg norm w/0.406,pH regr out,All,20,Kernel Ridge,90/10,-0.09122779883949983,0.7654264727350202
Rg norm w/0.406,pH regr out,All,20,GPR,90/10,-0.14097699298463717,0.782679955416966
Rg w/no norm,buffer regr out,All,20,Linear,80/20,-0.05844994122291869,3.435500115541489
Rg w/no norm,buffer regr out,All,20,Ridge,80/20,-0.05340012080218126,3.42729500356465
Rg w/no norm,buffer regr out,All,20,Lasso,80/20,-0.09972485579261181,3.5018442513874577
Rg w/no norm,buffer regr out,All,20,Kernel Ridge,80/20,-0.05153529002387214,3.4242599952023136
Rg w/no norm,buffer regr out,All,20,GPR,80/20,-0.016895342116812984,3.3673862556469256
Rg w/no norm,buffer regr out,All,20,Linear,85/15,-0.09069553058831525,3.8762950043582696
Rg w/no norm,buffer regr out,All,20,Ridge,85/15,-0.08978820783546793,3.8746823717321632
Rg w/no norm,buffer regr out,All,20,Lasso,85/15,-0.12567727888091906,3.9379663870437036
Rg w/no norm,buffer regr out,All,20,Kernel Ridge,85/15,-0.08652269546574498,3.868872841134357
Rg w/no norm,buffer regr out,All,20,GPR,85/15,-0.04923210481451301,3.801901318156245
Rg w/no norm,buffer regr out,All,20,Linear,90/10,-0.11223129975801216,4.744286674977561
Rg w/no norm,buffer regr out,All,20,Ridge,90/10,-0.11304588054303988,4.74602367762707
Rg w/no norm,buffer regr out,All,20,Lasso,90/10,-0.1697189899028433,4.865350558242119
Rg w/no norm,buffer regr out,All,20,Kernel Ridge,90/10,-0.11674190638857129,4.753897067401595
Rg w/no norm,buffer regr out,All,20,GPR,90/10,-0.06784272013289216,4.648651753108332
Rg norm w/0.421,buffer regr out,All,20,Linear,80/20,-0.02576728725264532,0.4985113896618595
Rg norm w/0.421,buffer regr out,All,20,Ridge,80/20,-0.0222371922630209,0.4976528571089485
Rg norm w/0.421,buffer regr out,All,20,Lasso,80/20,-0.027776382574778324,0.49899934973529636
Rg norm w/0.421,buffer regr out,All,20,Kernel Ridge,80/20,-0.02672226343270534,0.4987433895302153
Rg norm w/0.421,buffer regr out,All,20,GPR,80/20,-0.014195554982525005,0.49569154840483287
Rg norm w/0.421,buffer regr out,All,20,Linear,85/15,-0.03616706636509015,0.5652785389390045
Rg norm w/0.421,buffer regr out,All,20,Ridge,85/15,-0.03814577513546835,0.5658180214964665
Rg norm w/0.421,buffer regr out,All,20,Lasso,85/15,-0.051463327293021166,0.5694356727103035
Rg norm w/0.421,buffer regr out,All,20,Kernel Ridge,85/15,-0.04449976334971084,0.5675469293122053
Rg norm w/0.421,buffer regr out,All,20,GPR,85/15,-0.030668737222893316,0.5637767436497906
Rg norm w/0.421,buffer regr out,All,20,Linear,90/10,-0.07039156034784111,0.6962250451672718
Rg norm w/0.421,buffer regr out,All,20,Ridge,90/10,-0.07165748791327653,0.6966366282126191
Rg norm w/0.421,buffer regr out,All,20,Lasso,90/10,-0.080731087896742,0.6995795828019385
Rg norm w/0.421,buffer regr out,All,20,Kernel Ridge,90/10,-0.07520769242711567,0.6977895887430297
Rg norm w/0.421,buffer regr out,All,20,GPR,90/10,-0.060818045691506395,0.6931045556676259
Rg norm w/0.5,buffer regr out,All,20,Linear,80/20,-0.013124941457958839,0.34735635634954876
Rg norm w/0.5,buffer regr out,All,20,Ridge,80/20,-0.008913472695786018,0.34663364002027464
Rg norm w/0.5,buffer regr out,All,20,Lasso,80/20,-0.02464039635804194,0.34932485216627873
Rg norm w/0.5,buffer regr out,All,20,Kernel Ridge,80/20,-0.014209852825000535,0.3475422909809505
Rg norm w/0.5,buffer regr out,All,20,GPR,80/20,-0.01390385985865894,0.3474898592683601
Rg norm w/0.5,buffer regr out,All,20,Linear,85/15,-0.022710700600458322,0.3939780482537487
Rg norm w/0.5,buffer regr out,All,20,Ridge,85/15,-0.02394766662763126,0.3942162339848376
Rg norm w/0.5,buffer regr out,All,20,Lasso,85/15,-0.03909366703796535,0.39712110967569947
Rg norm w/0.5,buffer regr out,All,20,Kernel Ridge,85/15,-0.030772969831653896,0.3955279106220771
Rg norm w/0.5,buffer regr out,All,20,GPR,85/15,-0.028438452062879316,0.39507975648394106
Rg norm w/0.5,buffer regr out,All,20,Linear,90/10,-0.06282304362320312,0.4857821817639109
Rg norm w/0.5,buffer regr out,All,20,Ridge,90/10,-0.06311279820942373,0.48584839599572954
Rg norm w/0.5,buffer regr out,All,20,Lasso,90/10,-0.07419569375816626,0.4883743020655557
Rg norm w/0.5,buffer regr out,All,20,Kernel Ridge,90/10,-0.065751989418813,0.48645108463124825
Rg norm w/0.5,buffer regr out,All,20,GPR,90/10,-0.059727769972757194,0.4850742910418084
Rg norm w/0.406,buffer regr out,All,20,Linear,80/20,-0.028193973023322494,0.5334423306166654
Rg norm w/0.406,buffer regr out,All,20,Ridge,80/20,-0.02477341526111787,0.5325542732833244
Rg norm w/0.406,buffer regr out,All,20,Lasso,80/20,-0.030969412168418087,0.5341618149723488
Rg norm w/0.406,buffer regr out,All,20,Kernel Ridge,80/20,-0.02906184350130303,0.5336674151877998
Rg norm w/0.406,buffer regr out,All,20,GPR,80/20,-0.014252613665050262,0.5298134953950159
Rg norm w/0.406,buffer regr out,All,20,Linear,85/15,-0.03884027020948144,0.6048591426839248
Rg norm w/0.406,buffer regr out,All,20,Ridge,85/15,-0.0409315780383972,0.6054676629324549
Rg norm w/0.406,buffer regr out,All,20,Lasso,85/15,-0.054506218271993756,0.609402783865658
Rg norm w/0.406,buffer regr out,All,20,Kernel Ridge,85/15,-0.04714489145083878,0.6072719905863373
Rg norm w/0.406,buffer regr out,All,20,GPR,85/15,-0.031114073822109845,0.6026056768413934
Rg norm w/0.406,buffer regr out,All,20,Linear,90/10,-0.07190199386497342,0.7448068982534148
Rg norm w/0.406,buffer regr out,All,20,Ridge,90/10,-0.07333192736246374,0.7453035245243503
Rg norm w/0.406,buffer regr out,All,20,Lasso,90/10,-0.08279460392098037,0.7485816764177654
Rg norm w/0.406,buffer regr out,All,20,Kernel Ridge,90/10,-0.07703388295792335,0.7465877058375142
Rg norm w/0.406,buffer regr out,All,20,GPR,90/10,-0.061031035226346786,0.7410204519971533
Rg w/no norm,expr pH only regr out,All,20,Linear,80/20,0.14941651222288177,3.6149871372466382
Rg w/no norm,expr pH only regr out,All,20,Ridge,80/20,0.1440000383516291,3.626478901795863
Rg w/no norm,expr pH only regr out,All,20,Lasso,80/20,0.15439764259683075,3.604386671562513
Rg w/no norm,expr pH only regr out,All,20,Kernel Ridge,80/20,0.0911788071549634,3.736693748539505
Rg w/no norm,expr pH only regr out,All,20,GPR,80/20,-0.32752881275136736,4.51616978113466
Rg w/no norm,expr pH only regr out,All,20,Linear,85/15,0.07968445963933823,4.124554461388712
Rg w/no norm,expr pH only regr out,All,20,Ridge,85/15,0.08378635651453226,4.115352513735821
Rg w/no norm,expr pH only regr out,All,20,Lasso,85/15,0.09998126856754208,4.078819048220249
Rg w/no norm,expr pH only regr out,All,20,Kernel Ridge,85/15,0.10746674168056747,4.061821824603065
Rg w/no norm,expr pH only regr out,All,20,GPR,85/15,-0.378659104250465,5.0482064952108
Rg w/no norm,expr pH only regr out,All,20,Linear,90/10,0.028857352290349914,4.83663170192419
Rg w/no norm,expr pH only regr out,All,20,Ridge,90/10,0.02902262476698969,4.836220126902582
Rg w/no norm,expr pH only regr out,All,20,Lasso,90/10,0.05409253690785509,4.773378040721824
Rg w/no norm,expr pH only regr out,All,20,Kernel Ridge,90/10,0.04267539977309376,4.802099057148064
Rg w/no norm,expr pH only regr out,All,20,GPR,90/10,-0.37640156772252076,5.758032133202096
Rg norm w/0.421,expr pH only regr out,All,20,Linear,80/20,0.07177579988822147,0.5050218538712528
Rg norm w/0.421,expr pH only regr out,All,20,Ridge,80/20,0.07251509121723265,0.504820699533689
Rg norm w/0.421,expr pH only regr out,All,20,Lasso,80/20,0.0722638399671548,0.5048890716667079
Rg norm w/0.421,expr pH only regr out,All,20,Kernel Ridge,80/20,0.047683060674671984,0.5115339739787914
Rg norm w/0.421,expr pH only regr out,All,20,GPR,80/20,-0.2237613446884792,0.5798719400645477
Rg norm w/0.421,expr pH only regr out,All,20,Linear,85/15,0.009495745392217314,0.5752884462461753
Rg norm w/0.421,expr pH only regr out,All,20,Ridge,85/15,0.013771318343877348,0.5740454693474693
Rg norm w/0.421,expr pH only regr out,All,20,Lasso,85/15,0.01953428101379806,0.5723658134722641
Rg norm w/0.421,expr pH only regr out,All,20,Kernel Ridge,85/15,0.0007783708673622103,0.5778144419276233
Rg norm w/0.421,expr pH only regr out,All,20,GPR,85/15,-0.25474982004623103,0.6474944502195504
Rg norm w/0.421,expr pH only regr out,All,20,Linear,90/10,-0.060263691236620565,0.6924332579133391
Rg norm w/0.421,expr pH only regr out,All,20,Ridge,90/10,-0.0549752296276389,0.6907042142624832
Rg norm w/0.421,expr pH only regr out,All,20,Lasso,90/10,-0.05101622784001014,0.6894069944778556
Rg norm w/0.421,expr pH only regr out,All,20,Kernel Ridge,90/10,-0.043659260125864074,0.6869898805482824
Rg norm w/0.421,expr pH only regr out,All,20,GPR,90/10,-0.2901486616697051,0.7638196952781672
Rg norm w/0.5,expr pH only regr out,All,20,Linear,80/20,0.08499976217540628,0.38304263588385234
Rg norm w/0.5,expr pH only regr out,All,20,Ridge,80/20,0.10403516199736529,0.3790373411481984
Rg norm w/0.5,expr pH only regr out,All,20,Lasso,80/20,0.08700005546189693,0.38262371969773645
Rg norm w/0.5,expr pH only regr out,All,20,Kernel Ridge,80/20,0.14130218352593238,0.37107072529517693
Rg norm w/0.5,expr pH only regr out,All,20,GPR,80/20,-0.38461594559427636,0.47119554773735434
Rg norm w/0.5,expr pH only regr out,All,20,Linear,85/15,-0.009822273661445946,0.43406838746795756
Rg norm w/0.5,expr pH only regr out,All,20,Ridge,85/15,0.01722942665328442,0.4282148826823274
Rg norm w/0.5,expr pH only regr out,All,20,Lasso,85/15,0.007812068521487414,0.43026166671600263
Rg norm w/0.5,expr pH only regr out,All,20,Kernel Ridge,85/15,0.021381585139158332,0.4273093315328258
Rg norm w/0.5,expr pH only regr out,All,20,GPR,85/15,-0.4363624262086532,0.5176875290687769
Rg norm w/0.5,expr pH only regr out,All,20,Linear,90/10,-0.09690951539781478,0.5072553986189413
Rg norm w/0.5,expr pH only regr out,All,20,Ridge,90/10,-0.06607034847343418,0.500073922610186
Rg norm w/0.5,expr pH only regr out,All,20,Lasso,90/10,-0.08356131001988554,0.5041595761170695
Rg norm w/0.5,expr pH only regr out,All,20,Kernel Ridge,90/10,-0.03113910221126015,0.4918128865567958
Rg norm w/0.5,expr pH only regr out,All,20,GPR,90/10,-0.4699645355586499,0.58721170575846
Rg norm w/0.406,expr pH only regr out,All,20,Linear,80/20,0.05374609048013601,0.5243129677102375
Rg norm w/0.406,expr pH only regr out,All,20,Ridge,80/20,0.04738419222154178,0.5260725577803655
Rg norm w/0.406,expr pH only regr out,All,20,Lasso,80/20,0.05009325700560274,0.5253239982359269
Rg norm w/0.406,expr pH only regr out,All,20,Kernel Ridge,80/20,0.0229941139696882,0.5327645825337268
Rg norm w/0.406,expr pH only regr out,All,20,GPR,80/20,-0.11627650361094433,0.569472356724196
Rg norm w/0.406,expr pH only regr out,All,20,Linear,85/15,0.013139382451991644,0.5986492575645975
Rg norm w/0.406,expr pH only regr out,All,20,Ridge,85/15,0.008318185470990835,0.600109792855714
Rg norm w/0.406,expr pH only regr out,All,20,Lasso,85/15,0.015159109431920004,0.5980363405451896
Rg norm w/0.406,expr pH only regr out,All,20,Kernel Ridge,85/15,-0.010351347349703888,0.6057323267141033
Rg norm w/0.406,expr pH only regr out,All,20,GPR,85/15,-0.1371543962299977,0.6426200277744637
Rg norm w/0.406,expr pH only regr out,All,20,Linear,90/10,-0.04380437916552915,0.7310515878180713
Rg norm w/0.406,expr pH only regr out,All,20,Ridge,90/10,-0.04802825073214745,0.7325292356084694
Rg norm w/0.406,expr pH only regr out,All,20,Lasso,90/10,-0.040347307898508156,0.7298399654303447
Rg norm w/0.406,expr pH only regr out,All,20,Kernel Ridge,90/10,-0.04736737805547109,0.7322982375898003
Rg norm w/0.406,expr pH only regr out,All,20,GPR,90/10,-0.17823338256662513,0.7767014735642698
Rg w/no norm,expr buffer only regr out,All,20,Linear,80/20,0.10775773448857773,3.5436866753624847
Rg w/no norm,expr buffer only regr out,All,20,Ridge,80/20,0.12725047890464858,3.504763596364911
Rg w/no norm,expr buffer only regr out,All,20,Lasso,80/20,0.07674321836701647,3.6047501852362145
Rg w/no norm,expr buffer only regr out,All,20,Kernel Ridge,80/20,0.10071497677366037,3.5576449196540842
Rg w/no norm,expr buffer only regr out,All,20,GPR,80/20,-0.36208333973272255,4.378403276048271
Rg w/no norm,expr buffer only regr out,All,20,Linear,85/15,0.0036564644720115114,4.010313314304685
Rg w/no norm,expr buffer only regr out,All,20,Ridge,85/15,0.034046149014336446,3.94867999562291
Rg w/no norm,expr buffer only regr out,All,20,Lasso,85/15,0.08749872974150052,3.837872027983599
Rg w/no norm,expr buffer only regr out,All,20,Kernel Ridge,85/15,0.08046633029755779,3.8526323627471712
Rg w/no norm,expr buffer only regr out,All,20,GPR,85/15,-0.4746754160064999,4.878900605196279
Rg w/no norm,expr buffer only regr out,All,20,Linear,90/10,-0.04796108063742577,4.776987683690083
Rg w/no norm,expr buffer only regr out,All,20,Ridge,90/10,-0.01083425690257589,4.691605863096877
Rg w/no norm,expr buffer only regr out,All,20,Lasso,90/10,0.047684070693153724,4.553780247207079
Rg w/no norm,expr buffer only regr out,All,20,Kernel Ridge,90/10,0.031929674229608684,4.591292891275215
Rg w/no norm,expr buffer only regr out,All,20,GPR,90/10,-0.4088976923715888,5.538871291675348
Rg norm w/0.421,expr buffer only regr out,All,20,Linear,80/20,0.04642459570119195,0.49885872989736063
Rg norm w/0.421,expr buffer only regr out,All,20,Ridge,80/20,0.06524283663571961,0.4939118629121569
Rg norm w/0.421,expr buffer only regr out,All,20,Lasso,80/20,0.06825503180803427,0.4931154210797783
Rg norm w/0.421,expr buffer only regr out,All,20,Kernel Ridge,80/20,0.056413173321572585,0.49623911182966285
Rg norm w/0.421,expr buffer only regr out,All,20,GPR,80/20,-0.25416110322604335,0.5721062865153818
Rg norm w/0.421,expr buffer only regr out,All,20,Linear,85/15,-0.02689096813601277,0.5649366811615313
Rg norm w/0.421,expr buffer only regr out,All,20,Ridge,85/15,-0.007960202682935513,0.5597051458911239
Rg norm w/0.421,expr buffer only regr out,All,20,Lasso,85/15,0.006137374712577248,0.5557772771121233
Rg norm w/0.421,expr buffer only regr out,All,20,Kernel Ridge,85/15,-0.0045872692674648885,0.5587678915445949
Rg norm w/0.421,expr buffer only regr out,All,20,GPR,85/15,-0.30736692791128806,0.637435658483607
Rg norm w/0.421,expr buffer only regr out,All,20,Linear,90/10,-0.08047749036385632,0.6838100124567993
Rg norm w/0.421,expr buffer only regr out,All,20,Ridge,90/10,-0.05895295622251795,0.6769645504287074
Rg norm w/0.421,expr buffer only regr out,All,20,Lasso,90/10,-0.04362885411704753,0.6720485256287
Rg norm w/0.421,expr buffer only regr out,All,20,Kernel Ridge,90/10,-0.055918428036361156,0.6759939021182092
Rg norm w/0.421,expr buffer only regr out,All,20,GPR,90/10,-0.30719080235813245,0.7521372284069536
Rg norm w/0.5,expr buffer only regr out,All,20,Linear,80/20,0.052834159506174205,0.38104142815879216
Rg norm w/0.5,expr buffer only regr out,All,20,Ridge,80/20,0.09294707934196778,0.372885500109109
Rg norm w/0.5,expr buffer only regr out,All,20,Lasso,80/20,0.08455130136390099,0.37460725894743113
Rg norm w/0.5,expr buffer only regr out,All,20,Kernel Ridge,80/20,0.09220140530421761,0.37303874029404044
Rg norm w/0.5,expr buffer only regr out,All,20,GPR,80/20,-0.4276355298512289,0.4678082286965565
Rg norm w/0.5,expr buffer only regr out,All,20,Linear,85/15,-0.05559283838153317,0.4296227509706141
Rg norm w/0.5,expr buffer only regr out,All,20,Ridge,85/15,-0.009348120027092621,0.42010663758446537
Rg norm w/0.5,expr buffer only regr out,All,20,Lasso,85/15,-0.008360239763561372,0.41990100156832905
Rg norm w/0.5,expr buffer only regr out,All,20,Kernel Ridge,85/15,0.01475576254475719,0.41506011859008574
Rg norm w/0.5,expr buffer only regr out,All,20,GPR,85/15,-0.5064005948822345,0.513226760778517
Rg norm w/0.5,expr buffer only regr out,All,20,Linear,90/10,-0.12835300390098503,0.50557475860198
Rg norm w/0.5,expr buffer only regr out,All,20,Ridge,90/10,-0.07515649782054434,0.4935131513670185
Rg norm w/0.5,expr buffer only regr out,All,20,Lasso,90/10,-0.07591383345117975,0.49368693504398736
Rg norm w/0.5,expr buffer only regr out,All,20,Kernel Ridge,90/10,-0.05419699472757711,0.4886791112466971
Rg norm w/0.5,expr buffer only regr out,All,20,GPR,90/10,-0.4954330268012339,0.5820313428549273
Rg norm w/0.406,expr buffer only regr out,All,20,Linear,80/20,0.036200235758942045,0.5154498710943779
Rg norm w/0.406,expr buffer only regr out,All,20,Ridge,80/20,0.04345738902994212,0.5135056047086995
Rg norm w/0.406,expr buffer only regr out,All,20,Lasso,80/20,0.04223881918889405,0.5138325861073885
Rg norm w/0.406,expr buffer only regr out,All,20,Kernel Ridge,80/20,0.0314149188479359,0.5167279046469905
Rg norm w/0.406,expr buffer only regr out,All,20,GPR,80/20,-0.1380244250158742,0.5601041868910313
Rg norm w/0.406,expr buffer only regr out,All,20,Linear,85/15,-0.01221902190317703,0.5854400627188294
Rg norm w/0.406,expr buffer only regr out,All,20,Ridge,85/15,-0.007045721881147049,0.5839420980008916
Rg norm w/0.406,expr buffer only regr out,All,20,Lasso,85/15,0.009909081462427416,0.5790055544431387
Rg norm w/0.406,expr buffer only regr out,All,20,Kernel Ridge,85/15,-0.01349048598104785,0.5858076375162062
Rg norm w/0.406,expr buffer only regr out,All,20,GPR,85/15,-0.17427502535175377,0.6305653519414196
Rg norm w/0.406,expr buffer only regr out,All,20,Linear,90/10,-0.05287547790957925,0.7176708854951713
Rg norm w/0.406,expr buffer only regr out,All,20,Ridge,90/10,-0.046536432402713546,0.7155071839214335
Rg norm w/0.406,expr buffer only regr out,All,20,Lasso,90/10,-0.030488706595595216,0.7100001508510514
Rg norm w/0.406,expr buffer only regr out,All,20,Kernel Ridge,90/10,-0.052448655034234015,0.7175254032382231
Rg norm w/0.406,expr buffer only regr out,All,20,GPR,90/10,-0.19024395872559552,0.7630531958265073
Rg w/no norm,No regr out,All,50,Linear,80/20,-1.3241107313997054,5.372327915288852
Rg w/no norm,No regr out,All,50,Ridge,80/20,-0.055694406240295535,3.620788984727224
Rg w/no norm,No regr out,All,50,Lasso,80/20,-0.04841972031029784,3.608292169214843
Rg w/no norm,No regr out,All,50,Kernel Ridge,80/20,-0.03386424942055921,3.5831572182600375
Rg w/no norm,No regr out,All,50,GPR,80/20,-0.09798297337678252,3.6925969610571836
Rg w/no norm,No regr out,All,50,Linear,85/15,-1.206748232450399,5.877772831194939
Rg w/no norm,No regr out,All,50,Ridge,85/15,-0.08725238800427215,4.12573746175202
Rg w/no norm,No regr out,All,50,Lasso,85/15,-0.07883116645027455,4.1097286271768105
Rg w/no norm,No regr out,All,50,Kernel Ridge,85/15,-0.08586539078591127,4.123105040517839
Rg w/no norm,No regr out,All,50,GPR,85/15,-0.11027193994015416,4.169184220554641
Rg w/no norm,No regr out,All,50,Linear,90/10,-0.8406338705287675,6.446618993468567
Rg w/no norm,No regr out,All,50,Ridge,90/10,-0.12795327675220447,5.046541555539154
Rg w/no norm,No regr out,All,50,Lasso,90/10,-0.11982420716905295,5.028323660582735
Rg w/no norm,No regr out,All,50,Kernel Ridge,90/10,-0.11796051368782279,5.024137665898238
Rg w/no norm,No regr out,All,50,GPR,90/10,-0.14137131027992567,5.076469422336486
Rg norm w/0.421,No regr out,All,50,Linear,80/20,-1.0502941558253833,0.718951994173563
Rg norm w/0.421,No regr out,All,50,Ridge,80/20,-0.04598440188761099,0.513516508555748
Rg norm w/0.421,No regr out,All,50,Lasso,80/20,-0.03270797692488836,0.5102471311586414
Rg norm w/0.421,No regr out,All,50,Kernel Ridge,80/20,-0.030946653112548406,0.5098118222591552
Rg norm w/0.421,No regr out,All,50,GPR,80/20,-0.08487213674555827,0.5229751863564189
Rg norm w/0.421,No regr out,All,50,Linear,85/15,-1.0448572830144438,0.8136261872310991
Rg norm w/0.421,No regr out,All,50,Ridge,85/15,-0.059750791479781684,0.5857270644367396
Rg norm w/0.421,No regr out,All,50,Lasso,85/15,-0.04924921161019702,0.5828177134726958
Rg norm w/0.421,No regr out,All,50,Kernel Ridge,85/15,-0.0462173474722265,0.5819750621601432
Rg norm w/0.421,No regr out,All,50,GPR,85/15,-0.07354733962329463,0.589527429824306
Rg norm w/0.421,No regr out,All,50,Linear,90/10,-0.94676050305164,0.9555431239900927
Rg norm w/0.421,No regr out,All,50,Ridge,90/10,-0.10871410471816834,0.7211138132267303
Rg norm w/0.421,No regr out,All,50,Lasso,90/10,-0.08642065797920773,0.7138271070908137
Rg norm w/0.421,No regr out,All,50,Kernel Ridge,90/10,-0.09567250794080695,0.7168601038280544
Rg norm w/0.421,No regr out,All,50,GPR,90/10,-0.114504182816074,0.7229943107570602
Rg norm w/0.5,No regr out,All,50,Linear,80/20,-1.05804708320189,0.770473007895671
Rg norm w/0.5,No regr out,All,50,Ridge,80/20,-0.048475578906221006,0.5499319286006797
Rg norm w/0.5,No regr out,All,50,Lasso,80/20,-0.03429640594789851,0.5462007388982565
Rg norm w/0.5,No regr out,All,50,Kernel Ridge,80/20,-0.0330141841598135,0.5458620701783448
Rg norm w/0.5,No regr out,All,50,GPR,80/20,-0.08760159745314233,0.5600988667152245
Rg norm w/0.5,No regr out,All,50,Linear,85/15,-1.0497644240895054,0.8713315042201935
Rg norm w/0.5,No regr out,All,50,Ridge,85/15,-0.06237236166182192,0.6272921071508123
Rg norm w/0.5,No regr out,All,50,Lasso,85/15,-0.051415305554904034,0.6240488520651487
Rg norm w/0.5,No regr out,All,50,Kernel Ridge,85/15,-0.04843567524107062,0.6231639714137904
Rg norm w/0.5,No regr out,All,50,GPR,85/15,-0.07630908704522277,0.63139326457502
Rg norm w/0.5,No regr out,All,50,Linear,90/10,-0.9440240993833531,1.0216587416444676
Rg norm w/0.5,No regr out,All,50,Ridge,90/10,-0.11042955386646658,0.7721479790015369
Rg norm w/0.5,No regr out,All,50,Lasso,90/10,-0.0885085982602325,0.7644885145351354
Rg norm w/0.5,No regr out,All,50,Kernel Ridge,90/10,-0.09740516950554978,0.7676063061363931
Rg norm w/0.5,No regr out,All,50,GPR,90/10,-0.11643366325385118,0.7742326727065559
Rg norm w/0.406,No regr out,All,50,Linear,80/20,-1.0149673402310473,0.4978214762840369
Rg norm w/0.406,No regr out,All,50,Ridge,80/20,-0.032343179260375665,0.3563294102959226
Rg norm w/0.406,No regr out,All,50,Lasso,80/20,-0.025329491937017057,0.35511690537015916
Rg norm w/0.406,No regr out,All,50,Kernel Ridge,80/20,-0.019309240001186057,0.35407283091589237
Rg norm w/0.406,No regr out,All,50,GPR,80/20,-0.0699492859555888,0.3627615253615605
Rg norm w/0.406,No regr out,All,50,Linear,85/15,-1.0235793313038162,0.5652231813581168
Rg norm w/0.406,No regr out,All,50,Ridge,85/15,-0.0458032881521635,0.4063355772216758
Rg norm w/0.406,No regr out,All,50,Lasso,85/15,-0.03903703854919294,0.4050189675628173
Rg norm w/0.406,No regr out,All,50,Kernel Ridge,85/15,-0.03410697821354547,0.4040569507659696
Rg norm w/0.406,No regr out,All,50,GPR,85/15,-0.05894531805103376,0.40888070330634574
Rg norm w/0.406,No regr out,All,50,Linear,90/10,-0.9619920838229288,0.6689007729406024
Rg norm w/0.406,No regr out,All,50,Ridge,90/10,-0.09930060788719741,0.5006927541343662
Rg norm w/0.406,No regr out,All,50,Lasso,90/10,-0.07704278514062612,0.4955980059667255
Rg norm w/0.406,No regr out,All,50,Kernel Ridge,90/10,-0.0861909134412484,0.4976982974555724
Rg norm w/0.406,No regr out,All,50,GPR,90/10,-0.10414127548612018,0.5017939201451938
Rg w/no norm,pH regr out,All,50,Linear,80/20,-1.3234153022281432,5.37145501923636
Rg w/no norm,pH regr out,All,50,Ridge,80/20,-0.05570130255586414,3.6207542516318565
Rg w/no norm,pH regr out,All,50,Lasso,80/20,-0.04842525090006933,3.608255287636019
Rg w/no norm,pH regr out,All,50,Kernel Ridge,80/20,-0.04439798163941222,3.601318504504184
Rg w/no norm,pH regr out,All,50,GPR,80/20,-0.06916173876362963,3.643763867268899
Rg w/no norm,pH regr out,All,50,Linear,85/15,-1.2062527494553112,5.877029433586799
Rg w/no norm,pH regr out,All,50,Ridge,85/15,-0.08726457614158045,4.125701976163646
Rg w/no norm,pH regr out,All,50,Lasso,85/15,-0.0788341288368859,4.109675886985648
Rg w/no norm,pH regr out,All,50,Kernel Ridge,85/15,-0.07467257679789707,4.101741787273081
Rg w/no norm,pH regr out,All,50,GPR,85/15,-0.09313240416846336,4.1368199390595475
Rg w/no norm,pH regr out,All,50,Linear,90/10,-0.8402199106842001,6.445818062333014
Rg w/no norm,pH regr out,All,50,Ridge,90/10,-0.12796247354890822,5.046502654572554
Rg w/no norm,pH regr out,All,50,Lasso,90/10,-0.11983237454343021,5.028282737693727
Rg w/no norm,pH regr out,All,50,Kernel Ridge,90/10,-0.12612917671102686,5.042399902980124
Rg w/no norm,pH regr out,All,50,GPR,90/10,-0.15807330572034628,5.113416940550892
Rg norm w/0.421,pH regr out,All,50,Linear,80/20,-1.0496310649019338,0.7188195094669646
Rg norm w/0.421,pH regr out,All,50,Ridge,80/20,-0.04599164597642469,0.5135067022817293
Rg norm w/0.421,pH regr out,All,50,Lasso,80/20,-0.03270636524093562,0.5102352223252867
Rg norm w/0.421,pH regr out,All,50,Kernel Ridge,80/20,-0.03717847098078475,0.5113388084616698
Rg norm w/0.421,pH regr out,All,50,GPR,80/20,-0.05050812985053277,0.5146141425632731
Rg norm w/0.421,pH regr out,All,50,Linear,85/15,-1.0443543718023207,0.8135058432150358
Rg norm w/0.421,pH regr out,All,50,Ridge,85/15,-0.0597645709775263,0.5857162663622508
Rg norm w/0.421,pH regr out,All,50,Lasso,85/15,-0.04925434262354944,0.5828046050753196
Rg norm w/0.421,pH regr out,All,50,Kernel Ridge,85/15,-0.02835922794086687,0.5769723641922752
Rg norm w/0.421,pH regr out,All,50,GPR,85/15,-0.05333702960429587,0.5839373612515097
Rg norm w/0.421,pH regr out,All,50,Linear,90/10,-0.9463674156746913,0.9554258129248224
Rg norm w/0.421,pH regr out,All,50,Ridge,90/10,-0.1087248546373043,0.7211015839049042
Rg norm w/0.421,pH regr out,All,50,Lasso,90/10,-0.08642472590205852,0.7138128772229329
Rg norm w/0.421,pH regr out,All,50,Kernel Ridge,90/10,-0.09801724234347398,0.7176110835553627
Rg norm w/0.421,pH regr out,All,50,GPR,90/10,-0.11536872783959473,0.7232589053036694
Rg norm w/0.5,pH regr out,All,50,Linear,80/20,-1.0143047423766078,0.49772709984613517
Rg norm w/0.5,pH regr out,All,50,Ridge,80/20,-0.0323505652067515,0.35632172308964727
Rg norm w/0.5,pH regr out,All,50,Lasso,80/20,-0.02532668598635701,0.35510748810534865
Rg norm w/0.5,pH regr out,All,50,Kernel Ridge,80/20,-0.024906958985466243,0.35503479739140215
Rg norm w/0.5,pH regr out,All,50,GPR,80/20,-0.04198521829191826,0.35798058954517936
Rg norm w/0.5,pH regr out,All,50,Linear,85/15,-1.0230712857244075,0.5651365252973732
Rg norm w/0.5,pH regr out,All,50,Ridge,85/15,-0.04581762437353154,0.4063270753686208
Rg norm w/0.5,pH regr out,All,50,Lasso,85/15,-0.03904111915688557,0.4050085125684997
Rg norm w/0.5,pH regr out,All,50,Kernel Ridge,85/15,-0.024584080774245898,0.4021810336641429
Rg norm w/0.5,pH regr out,All,50,GPR,85/15,-0.044013385813150396,0.40597642750078755
Rg norm w/0.5,pH regr out,All,50,Linear,90/10,-0.9615959093963451,0.6688168350608704
Rg norm w/0.5,pH regr out,All,50,Ridge,90/10,-0.09931193498225821,0.5006830559318856
Rg norm w/0.5,pH regr out,All,50,Lasso,90/10,-0.07704254003174493,0.49558579682608084
Rg norm w/0.5,pH regr out,All,50,Kernel Ridge,90/10,-0.08799156821676668,0.4980984469306494
Rg norm w/0.5,pH regr out,All,50,GPR,90/10,-0.10638941540538638,0.5022921939882413
Rg norm w/0.406,pH regr out,All,50,Linear,80/20,-1.0573834612877464,0.7703317466860129
Rg norm w/0.406,pH regr out,All,50,Ridge,80/20,-0.04848280353715295,0.549921665381018
Rg norm w/0.406,pH regr out,All,50,Lasso,80/20,-0.03429315822265955,0.5461878060048213
Rg norm w/0.406,pH regr out,All,50,Kernel Ridge,80/20,-0.03937651883951343,0.5475283671691153
Rg norm w/0.406,pH regr out,All,50,GPR,80/20,-0.052197172453185114,0.5508948840568999
Rg norm w/0.406,pH regr out,All,50,Linear,85/15,-1.0492621675941218,0.8712034518170471
Rg norm w/0.406,pH regr out,All,50,Ridge,85/15,-0.06238605340071968,0.6272808172672896
Rg norm w/0.406,pH regr out,All,50,Lasso,85/15,-0.05142062503051692,0.6240351779271345
Rg norm w/0.406,pH regr out,All,50,Kernel Ridge,85/15,-0.029123409918625276,0.6173828410884971
Rg norm w/0.406,pH regr out,All,50,GPR,85/15,-0.05519989282600046,0.6251557002554032
Rg norm w/0.406,pH regr out,All,50,Linear,90/10,-0.9436312821248178,1.0215337228092132
Rg norm w/0.406,pH regr out,All,50,Ridge,90/10,-0.11044020762137952,0.7721352103552046
Rg norm w/0.406,pH regr out,All,50,Lasso,90/10,-0.08851277571255434,0.7644736722194376
Rg norm w/0.406,pH regr out,All,50,Kernel Ridge,90/10,-0.09986575566851363,0.7684499881169596
Rg norm w/0.406,pH regr out,All,50,GPR,90/10,-0.11716715378311893,0.7744704416112995
Rg w/no norm,buffer regr out,All,50,Linear,80/20,-1.771862308078858,5.559562698483388
Rg w/no norm,buffer regr out,All,50,Ridge,80/20,-0.10062202756260286,3.5032723882879098
Rg w/no norm,buffer regr out,All,50,Lasso,80/20,-0.09972380641544087,3.5018425806257802
Rg w/no norm,buffer regr out,All,50,Kernel Ridge,80/20,-0.06625640181801584,3.448145884869189
Rg w/no norm,buffer regr out,All,50,GPR,80/20,-0.016970310795104693,3.367510380438228
Rg w/no norm,buffer regr out,All,50,Linear,85/15,-1.939830397756226,6.363941706011247
Rg w/no norm,buffer regr out,All,50,Ridge,85/15,-0.13811051212068337,3.959654307843219
Rg w/no norm,buffer regr out,All,50,Lasso,85/15,-0.13880239954109586,3.9608577141592196
Rg w/no norm,buffer regr out,All,50,Kernel Ridge,85/15,-0.10424569085208413,3.9002990868350587
Rg w/no norm,buffer regr out,All,50,GPR,85/15,-0.04914020311086964,3.8017348112137284
Rg w/no norm,buffer regr out,All,50,Linear,90/10,-0.8849968637953094,6.176304273576322
Rg w/no norm,buffer regr out,All,50,Ridge,90/10,-0.14413028035100783,4.81183921392143
Rg w/no norm,buffer regr out,All,50,Lasso,90/10,-0.15393462038348305,4.832412164257171
Rg w/no norm,buffer regr out,All,50,Kernel Ridge,90/10,-0.12894828332539077,4.779807330884954
Rg w/no norm,buffer regr out,All,50,GPR,90/10,-0.0677366004062947,4.648420761268202
Rg norm w/0.421,buffer regr out,All,50,Linear,80/20,-0.8781773894881584,0.6745574867673536
Rg norm w/0.421,buffer regr out,All,50,Ridge,80/20,-0.05041428627427358,0.504464921734916
Rg norm w/0.421,buffer regr out,All,50,Lasso,80/20,-0.02777554725039222,0.49899914695460534
Rg norm w/0.421,buffer regr out,All,50,Kernel Ridge,80/20,-0.03557154300370713,0.5008881031590561
Rg norm w/0.421,buffer regr out,All,50,GPR,80/20,-0.014193084193123484,0.4956909446010772
Rg norm w/0.421,buffer regr out,All,50,Linear,85/15,-0.9990924163551873,0.7851706211183104
Rg norm w/0.421,buffer regr out,All,50,Ridge,85/15,-0.0644640624797248,0.5729452288101083
Rg norm w/0.421,buffer regr out,All,50,Lasso,85/15,-0.06318689612169548,0.5726014097841904
Rg norm w/0.421,buffer regr out,All,50,Kernel Ridge,85/15,-0.05224286767283837,0.5696467194698865
Rg norm w/0.421,buffer regr out,All,50,GPR,85/15,-0.030669189849643397,0.5637768674434005
Rg norm w/0.421,buffer regr out,All,50,Linear,90/10,-0.7825484294017224,0.8984604676488095
Rg norm w/0.421,buffer regr out,All,50,Ridge,90/10,-0.09265877148831603,0.7034295074809613
Rg norm w/0.421,buffer regr out,All,50,Lasso,90/10,-0.09063209739272104,0.7027768407580829
Rg norm w/0.421,buffer regr out,All,50,Kernel Ridge,90/10,-0.0823766952074223,0.7001119980263135
Rg norm w/0.421,buffer regr out,All,50,GPR,90/10,-0.0608192199332358,0.6931049392734997
Rg norm w/0.5,buffer regr out,All,50,Linear,80/20,-0.784727142616074,0.46103050390349803
Rg norm w/0.5,buffer regr out,All,50,Ridge,80/20,-0.03435010077849987,0.35097608682143994
Rg norm w/0.5,buffer regr out,All,50,Lasso,80/20,-0.029533031389010533,0.35015786812986427
Rg norm w/0.5,buffer regr out,All,50,Kernel Ridge,80/20,-0.022395355851399623,0.348941947832502
Rg norm w/0.5,buffer regr out,All,50,GPR,80/20,-0.01390247790634569,0.3474896224537087
Rg norm w/0.5,buffer regr out,All,50,Linear,85/15,-0.8998655015891583,0.5369786921166539
Rg norm w/0.5,buffer regr out,All,50,Ridge,85/15,-0.04775711710467867,0.3987731731915632
Rg norm w/0.5,buffer regr out,All,50,Lasso,85/15,-0.041661286655509944,0.397611453743779
Rg norm w/0.5,buffer regr out,All,50,Kernel Ridge,85/15,-0.037999418955479536,0.39691195457713074
Rg norm w/0.5,buffer regr out,All,50,GPR,85/15,-0.02843868935869387,0.3950798020631233
Rg norm w/0.5,buffer regr out,All,50,Linear,90/10,-0.7720406435734806,0.627260499263961
Rg norm w/0.5,buffer regr out,All,50,Ridge,90/10,-0.08256904063949033,0.490274044032054
Rg norm w/0.5,buffer regr out,All,50,Lasso,90/10,-0.07507327252085849,0.48857375334756603
Rg norm w/0.5,buffer regr out,All,50,Kernel Ridge,90/10,-0.07239243029068976,0.4879642103804594
Rg norm w/0.5,buffer regr out,All,50,GPR,90/10,-0.059728843006137566,0.48507453662411226
Rg norm w/0.406,buffer regr out,All,50,Linear,80/20,-0.8982904414868278,0.7248218538715284
Rg norm w/0.406,buffer regr out,All,50,Ridge,80/20,-0.05352493432117611,0.5399733897716477
Rg norm w/0.406,buffer regr out,All,50,Lasso,80/20,-0.03103340071482963,0.5341783914620781
Rg norm w/0.406,buffer regr out,All,50,Kernel Ridge,80/20,-0.03805214354971742,0.5359935128848445
Rg norm w/0.406,buffer regr out,All,50,GPR,80/20,-0.01424994963509385,0.5298127995920517
Rg norm w/0.406,buffer regr out,All,50,Linear,85/15,-1.0203618592400545,0.8435181697432622
Rg norm w/0.406,buffer regr out,All,50,Ridge,85/15,-0.06778137344479296,0.6132266658153309
Rg norm w/0.406,buffer regr out,All,50,Lasso,85/15,-0.06790502742279947,0.613262172016954
Rg norm w/0.406,buffer regr out,All,50,Kernel Ridge,85/15,-0.054999970426695244,0.6095454377062436
Rg norm w/0.406,buffer regr out,All,50,GPR,85/15,-0.03111455020620002,0.6026058160460319
Rg norm w/0.406,buffer regr out,All,50,Linear,90/10,-0.784906312467887,0.9611116990423916
Rg norm w/0.406,buffer regr out,All,50,Ridge,90/10,-0.09464668998552339,0.7526674503251422
Rg norm w/0.406,buffer regr out,All,50,Lasso,90/10,-0.09506333665845701,0.7528106776135102
Rg norm w/0.406,buffer regr out,All,50,Kernel Ridge,90/10,-0.08431518255918591,0.749107112155515
Rg norm w/0.406,buffer regr out,All,50,GPR,90/10,-0.061032162922446176,0.7410208457866012
Rg w/no norm,expr pH only regr out,All,50,Linear,80/20,-0.13705738847474502,4.179645755189135
Rg w/no norm,expr pH only regr out,All,50,Ridge,80/20,0.1744661858879406,3.561358683057821
Rg w/no norm,expr pH only regr out,All,50,Lasso,80/20,0.15872983016549713,3.5951418238420123
Rg w/no norm,expr pH only regr out,All,50,Kernel Ridge,80/20,0.09766625798894313,3.7233330163452045
Rg w/no norm,expr pH only regr out,All,50,GPR,80/20,-0.3322721626925469,4.524230876385316
Rg w/no norm,expr pH only regr out,All,50,Linear,85/15,-0.11580468464645954,4.54153593530636
Rg w/no norm,expr pH only regr out,All,50,Ridge,85/15,0.11491681514013008,4.044834063458097
Rg w/no norm,expr pH only regr out,All,50,Lasso,85/15,0.10707645666803489,4.062709799871306
Rg w/no norm,expr pH only regr out,All,50,Kernel Ridge,85/15,0.13868736468917875,3.990148636699881
Rg w/no norm,expr pH only regr out,All,50,GPR,85/15,-0.3836045960520489,5.057252790481679
Rg w/no norm,expr pH only regr out,All,50,Linear,90/10,0.010691609507829103,4.881658008972087
Rg w/no norm,expr pH only regr out,All,50,Ridge,90/10,0.03822459901319086,4.813249090069919
Rg w/no norm,expr pH only regr out,All,50,Lasso,90/10,0.05448548515179297,4.772386460978592
Rg w/no norm,expr pH only regr out,All,50,Kernel Ridge,90/10,0.055576188077470445,4.769633061746072
Rg w/no norm,expr pH only regr out,All,50,GPR,90/10,-0.3836068273057318,5.773083686029147
Rg norm w/0.421,expr pH only regr out,All,50,Linear,80/20,-0.014814189151173052,0.5280523671386417
Rg norm w/0.421,expr pH only regr out,All,50,Ridge,80/20,0.09586255149300471,0.4984263079421119
Rg norm w/0.421,expr pH only regr out,All,50,Lasso,80/20,0.08167720064676232,0.5023210891793797
Rg norm w/0.421,expr pH only regr out,All,50,Kernel Ridge,80/20,0.0532742856552193,0.5100301091267059
Rg norm w/0.421,expr pH only regr out,All,50,GPR,80/20,-0.2238281901282484,0.5798877770027323
Rg norm w/0.421,expr pH only regr out,All,50,Linear,85/15,-0.03872730089770515,0.5891260848441434
Rg norm w/0.421,expr pH only regr out,All,50,Ridge,85/15,0.03919296458253352,0.5665986906404354
Rg norm w/0.421,expr pH only regr out,All,50,Lasso,85/15,0.019025797848296055,0.572514212672087
Rg norm w/0.421,expr pH only regr out,All,50,Kernel Ridge,85/15,0.00740785368798158,0.5758944545808309
Rg norm w/0.421,expr pH only regr out,All,50,GPR,85/15,-0.2548152688002754,0.6475113369135116
Rg norm w/0.421,expr pH only regr out,All,50,Linear,90/10,-0.19526382266999986,0.7351955367771011
Rg norm w/0.421,expr pH only regr out,All,50,Ridge,90/10,-0.04246732669119502,0.686597472715565
Rg norm w/0.421,expr pH only regr out,All,50,Lasso,90/10,-0.04849258409558699,0.6885788135003417
Rg norm w/0.421,expr pH only regr out,All,50,Kernel Ridge,90/10,-0.03234433666522696,0.6832557013181385
Rg norm w/0.421,expr pH only regr out,All,50,GPR,90/10,-0.2904677660138375,0.7639141507159394
Rg norm w/0.5,expr pH only regr out,All,50,Linear,80/20,0.0031047075170480554,0.39981702788401097
Rg norm w/0.5,expr pH only regr out,All,50,Ridge,80/20,0.17255202296621175,0.36425612490784925
Rg norm w/0.5,expr pH only regr out,All,50,Lasso,80/20,0.11236673488214888,0.37727089176453715
Rg norm w/0.5,expr pH only regr out,All,50,Kernel Ridge,80/20,0.2006275710503036,0.3580231393024936
Rg norm w/0.5,expr pH only regr out,All,50,GPR,80/20,-0.3846126028521013,0.47119497895646395
Rg norm w/0.5,expr pH only regr out,All,50,Linear,85/15,-0.21082499052100845,0.4753093669928365
Rg norm w/0.5,expr pH only regr out,All,50,Ridge,85/15,0.08937090048749108,0.41219853817846613
Rg norm w/0.5,expr pH only regr out,All,50,Lasso,85/15,0.02035932333801216,0.4275324562891545
Rg norm w/0.5,expr pH only regr out,All,50,Kernel Ridge,85/15,0.03772901520295835,0.4237252850578684
Rg norm w/0.5,expr pH only regr out,All,50,GPR,85/15,-0.4363584936011118,0.517686820381597
Rg norm w/0.5,expr pH only regr out,All,50,Linear,90/10,-0.04078324038324421,0.4941074715098557
Rg norm w/0.5,expr pH only regr out,All,50,Ridge,90/10,-0.0224203621763559,0.4897292242107456
Rg norm w/0.5,expr pH only regr out,All,50,Lasso,90/10,-0.04823738394807209,0.4958737263229672
Rg norm w/0.5,expr pH only regr out,All,50,Kernel Ridge,90/10,-0.0006270460522903587,0.48448171914312826
Rg norm w/0.5,expr pH only regr out,All,50,GPR,90/10,-0.4699938770725627,0.5872175663061261
Rg norm w/0.406,expr pH only regr out,All,50,Linear,80/20,-0.28015766606157944,0.609843622321416
Rg norm w/0.406,expr pH only regr out,All,50,Ridge,80/20,0.044345970533702816,0.5269108037272521
Rg norm w/0.406,expr pH only regr out,All,50,Lasso,80/20,0.048582981833223626,0.5257414437874038
Rg norm w/0.406,expr pH only regr out,All,50,Kernel Ridge,80/20,0.022355307150661363,0.5329387258220392
Rg norm w/0.406,expr pH only regr out,All,50,GPR,80/20,-0.11694007318465882,0.5696415927450996
Rg norm w/0.406,expr pH only regr out,All,50,Linear,85/15,-0.2168416317338091,0.6647549334652967
Rg norm w/0.406,expr pH only regr out,All,50,Ridge,85/15,0.007466923875571463,0.600367305311065
Rg norm w/0.406,expr pH only regr out,All,50,Lasso,85/15,0.01272187303338479,0.5987758789278481
Rg norm w/0.406,expr pH only regr out,All,50,Kernel Ridge,85/15,-0.00992415004937186,0.6056042551406935
Rg norm w/0.406,expr pH only regr out,All,50,GPR,85/15,-0.13783541228216412,0.6428124242744737
Rg norm w/0.406,expr pH only regr out,All,50,Linear,90/10,-0.3999060592159842,0.8466188115220091
Rg norm w/0.406,expr pH only regr out,All,50,Ridge,90/10,-0.05391219135134917,0.7345826753977803
Rg norm w/0.406,expr pH only regr out,All,50,Lasso,90/10,-0.04979371270443678,0.7331459691399532
Rg norm w/0.406,expr pH only regr out,All,50,Kernel Ridge,90/10,-0.06759421862187787,0.7393355242699624
Rg norm w/0.406,expr pH only regr out,All,50,GPR,90/10,-0.17941858775778208,0.7770920240481586
Rg w/no norm,expr buffer only regr out,All,50,Linear,80/20,-0.5769401923450639,4.71109140827288
Rg w/no norm,expr buffer only regr out,All,50,Ridge,80/20,0.17529228144826925,3.406935795258355
Rg w/no norm,expr buffer only regr out,All,50,Lasso,80/20,0.07674035857974815,3.604755768087544
Rg w/no norm,expr buffer only regr out,All,50,Kernel Ridge,80/20,0.11043423501097704,3.5383676027286715
Rg w/no norm,expr buffer only regr out,All,50,GPR,80/20,-0.36260050920843057,4.379234415216176
Rg w/no norm,expr buffer only regr out,All,50,Linear,85/15,-0.6709811340354963,5.193492678860401
Rg w/no norm,expr buffer only regr out,All,50,Ridge,85/15,0.0854834478351929,3.84210770886267
Rg w/no norm,expr buffer only regr out,All,50,Lasso,85/15,0.08951403813254133,3.8336316114552598
Rg w/no norm,expr buffer only regr out,All,50,Kernel Ridge,85/15,0.12059305767898043,3.767633895141728
Rg w/no norm,expr buffer only regr out,All,50,GPR,85/15,-0.47447512232624933,4.878569262403402
Rg w/no norm,expr buffer only regr out,All,50,Linear,90/10,-0.028843213337925055,4.73321402943358
Rg w/no norm,expr buffer only regr out,All,50,Ridge,90/10,0.0278046476138053,4.601064429752039
Rg w/no norm,expr buffer only regr out,All,50,Lasso,90/10,0.04704230407770349,4.555314387217669
Rg w/no norm,expr buffer only regr out,All,50,Kernel Ridge,90/10,0.05711984632000977,4.531164110398834
Rg w/no norm,expr buffer only regr out,All,50,GPR,90/10,-0.40958880326598646,5.5402296248570915
Rg norm w/0.421,expr buffer only regr out,All,50,Linear,80/20,-0.07052946303079444,0.5285661762293804
Rg norm w/0.421,expr buffer only regr out,All,50,Ridge,80/20,0.09759337335814,0.48528983458644837
Rg norm w/0.421,expr buffer only regr out,All,50,Lasso,80/20,0.068254619054121,0.4931155303024219
Rg norm w/0.421,expr buffer only regr out,All,50,Kernel Ridge,80/20,0.06309816791821787,0.4944781439038561
Rg norm w/0.421,expr buffer only regr out,All,50,GPR,80/20,-0.2541611030271851,0.5721062864700256
Rg norm w/0.421,expr buffer only regr out,All,50,Linear,85/15,-0.13275862685799078,0.5933436465924082
Rg norm w/0.421,expr buffer only regr out,All,50,Ridge,85/15,0.027189393007072904,0.5498595291385305
Rg norm w/0.421,expr buffer only regr out,All,50,Lasso,85/15,0.01896521601782697,0.5521789038724426
Rg norm w/0.421,expr buffer only regr out,All,50,Kernel Ridge,85/15,0.0038244004357489425,0.5564236197053624
Rg norm w/0.421,expr buffer only regr out,All,50,GPR,85/15,-0.3073669271524002,0.6374356582986007
Rg norm w/0.421,expr buffer only regr out,All,50,Linear,90/10,-0.11307831116436917,0.6940495131319431
Rg norm w/0.421,expr buffer only regr out,All,50,Ridge,90/10,-0.032268956287117234,0.6683808944036269
Rg norm w/0.421,expr buffer only regr out,All,50,Lasso,90/10,-0.03746737790552834,0.6700617365393516
Rg norm w/0.421,expr buffer only regr out,All,50,Kernel Ridge,90/10,-0.05024418439723877,0.6741751436860658
Rg norm w/0.421,expr buffer only regr out,All,50,GPR,90/10,-0.30719189424686344,0.7521375425347729
Rg norm w/0.5,expr buffer only regr out,All,50,Linear,80/20,-0.1689311753987186,0.4233052487807647
Rg norm w/0.5,expr buffer only regr out,All,50,Ridge,80/20,0.17161084774813518,0.3563496892611467
Rg norm w/0.5,expr buffer only regr out,All,50,Lasso,80/20,0.08454783651222775,0.3746079678661077
Rg norm w/0.5,expr buffer only regr out,All,50,Kernel Ridge,80/20,0.19871389723733013,0.35047172658401793
Rg norm w/0.5,expr buffer only regr out,All,50,GPR,80/20,-0.4276355299032446,0.4678082287050788
Rg norm w/0.5,expr buffer only regr out,All,50,Linear,85/15,-0.38275186153893426,0.49171242214024824
Rg norm w/0.5,expr buffer only regr out,All,50,Ridge,85/15,0.07436373053755296,0.4023085253085527
Rg norm w/0.5,expr buffer only regr out,All,50,Lasso,85/15,0.034462610813374206,0.4108881364457847
Rg norm w/0.5,expr buffer only regr out,All,50,Kernel Ridge,85/15,0.033220208568977116,0.4111524059794539
Rg norm w/0.5,expr buffer only regr out,All,50,GPR,85/15,-0.5064005950752228,0.5132267608113923
Rg norm w/0.5,expr buffer only regr out,All,50,Linear,90/10,-0.035448551390133476,0.48431414225874486
Rg norm w/0.5,expr buffer only regr out,All,50,Ridge,90/10,-0.017751083556530656,0.4801574538879271
Rg norm w/0.5,expr buffer only regr out,All,50,Lasso,90/10,-0.04614895078347492,0.4868101787721994
Rg norm w/0.5,expr buffer only regr out,All,50,Kernel Ridge,90/10,0.008236854127433135,0.47398748116031275
Rg norm w/0.5,expr buffer only regr out,All,50,GPR,90/10,-0.4954345358912966,0.5820316365282241
Rg norm w/0.406,expr buffer only regr out,All,50,Linear,80/20,-0.22899541550605074,0.582060541379545
Rg norm w/0.406,expr buffer only regr out,All,50,Ridge,80/20,0.04761222460272452,0.512389160352657
Rg norm w/0.406,expr buffer only regr out,All,50,Lasso,80/20,0.04223886883028782,0.5138325727912473
Rg norm w/0.406,expr buffer only regr out,All,50,Kernel Ridge,80/20,0.03147581885993267,0.5167116596981104
Rg norm w/0.406,expr buffer only regr out,All,50,GPR,80/20,-0.13802440286154405,0.5601041814391565
Rg norm w/0.406,expr buffer only regr out,All,50,Linear,85/15,-0.24581703135826594,0.6494897825016632
Rg norm w/0.406,expr buffer only regr out,All,50,Ridge,85/15,0.0001792524303894094,0.5818436028688936
Rg norm w/0.406,expr buffer only regr out,All,50,Lasso,85/15,0.005085520349834671,0.5804142510007573
Rg norm w/0.406,expr buffer only regr out,All,50,Kernel Ridge,85/15,-0.011589002244813296,0.5852578412080566
Rg norm w/0.406,expr buffer only regr out,All,50,GPR,85/15,-0.17427503208919726,0.6305653537503648
Rg norm w/0.406,expr buffer only regr out,All,50,Linear,90/10,-0.2628751221795578,0.7859900109937175
Rg norm w/0.406,expr buffer only regr out,All,50,Ridge,90/10,-0.03914824689012186,0.7129770939084725
Rg norm w/0.406,expr buffer only regr out,All,50,Lasso,90/10,-0.03531539869577749,0.711660988376078
Rg norm w/0.406,expr buffer only regr out,All,50,Kernel Ridge,90/10,-0.05184772742259436,0.7173205274985232
Rg norm w/0.406,expr buffer only regr out,All,50,GPR,90/10,-0.19024574861521004,0.7630537695662298
Rg w/no norm,No regr out,All,100,Linear,80/20,-39.50820329722137,22.42877713915636
Rg w/no norm,No regr out,All,100,Ridge,80/20,-0.04818686717328813,3.607891447637501
Rg w/no norm,No regr out,All,100,Lasso,80/20,-0.04841972031123176,3.6082921692164502
Rg w/no norm,No regr out,All,100,Kernel Ridge,80/20,-0.03198635496251123,3.5799015445187865
Rg w/no norm,No regr out,All,100,GPR,80/20,-0.08705073604753166,3.6741680172045506
Rg w/no norm,No regr out,All,100,Linear,85/15,-16.65892076471438,16.627175559645234
Rg w/no norm,No regr out,All,100,Ridge,85/15,-0.08059369360376256,4.113084366443584
Rg w/no norm,No regr out,All,100,Lasso,85/15,-0.07883861345453935,4.109742811562074
Rg w/no norm,No regr out,All,100,Kernel Ridge,85/15,-0.07257433280570358,4.097793821952532
Rg w/no norm,No regr out,All,100,GPR,85/15,-0.08097594006260467,4.1138117781110415
Rg w/no norm,No regr out,All,100,Linear,90/10,-0.8202116437762932,6.410755930140961
Rg w/no norm,No regr out,All,100,Ridge,90/10,-0.12149340025972499,5.032069836847121
Rg w/no norm,No regr out,All,100,Lasso,90/10,-0.11982420716795161,5.028323660580261
Rg w/no norm,No regr out,All,100,Kernel Ridge,90/10,-0.11500799105880688,5.017498930918307
Rg w/no norm,No regr out,All,100,GPR,90/10,-0.08773867417838765,4.955763625142867
Rg norm w/0.421,No regr out,All,100,Linear,80/20,-23.42557262356742,2.4814994469422
Rg norm w/0.421,No regr out,All,100,Ridge,80/20,-0.03836943956837424,0.5116438458235981
Rg norm w/0.421,No regr out,All,100,Lasso,80/20,-0.032707977705591196,0.5102471313515088
Rg norm w/0.421,No regr out,All,100,Kernel Ridge,80/20,-0.02888024752950802,0.5093006384776928
Rg norm w/0.421,No regr out,All,100,GPR,80/20,-0.060938260112907594,0.5171742121099077
Rg norm w/0.421,No regr out,All,100,Linear,85/15,-11.643042943711084,2.0231087270160244
Rg norm w/0.421,No regr out,All,100,Ridge,85/15,-0.04905705960984852,0.5827643444942129
Rg norm w/0.421,No regr out,All,100,Lasso,85/15,-0.0492492116764498,0.5828177134910962
Rg norm w/0.421,No regr out,All,100,Kernel Ridge,85/15,-0.04340079477407399,0.5811911580635684
Rg norm w/0.421,No regr out,All,100,GPR,85/15,-0.03492641694693499,0.5788261633042351
Rg norm w/0.421,No regr out,All,100,Linear,90/10,-1.1169693904426676,0.9964403778327543
Rg norm w/0.421,No regr out,All,100,Ridge,90/10,-0.09508640593331008,0.7166683451841701
Rg norm w/0.421,No regr out,All,100,Lasso,90/10,-0.08642065542557065,0.7138271062518866
Rg norm w/0.421,No regr out,All,100,Kernel Ridge,90/10,-0.09210467486040019,0.715691998086512
Rg norm w/0.421,No regr out,All,100,GPR,90/10,-0.06802604326745265,0.707758265432946
Rg norm w/0.5,No regr out,All,100,Linear,80/20,-23.861691608764016,2.677904672679215
Rg norm w/0.5,No regr out,All,100,Ridge,80/20,-0.040829389421402684,0.5479230224770272
Rg norm w/0.5,No regr out,All,100,Lasso,80/20,-0.03429640600415418,0.5462007389131105
Rg norm w/0.5,No regr out,All,100,Kernel Ridge,80/20,-0.030930313674679688,0.5453112161250078
Rg norm w/0.5,No regr out,All,100,GPR,80/20,-0.06363581135180874,0.5538934775410994
Rg norm w/0.5,No regr out,All,100,Linear,85/15,-11.799889736359784,2.1773816345608115
Rg norm w/0.5,No regr out,All,100,Ridge,85/15,-0.05169028013658261,0.6241304498663267
Rg norm w/0.5,No regr out,All,100,Lasso,85/15,-0.05141530494575286,0.6240488518843732
Rg norm w/0.5,No regr out,All,100,Kernel Ridge,85/15,-0.045605367008126674,0.6223222707250352
Rg norm w/0.5,No regr out,All,100,GPR,85/15,-0.037595496195239164,0.6199340350350101
Rg norm w/0.5,No regr out,All,100,Linear,90/10,-1.1113106496162728,1.0647094341530294
Rg norm w/0.5,No regr out,All,100,Ridge,90/10,-0.09690703794265243,0.7674320713412404
Rg norm w/0.5,No regr out,All,100,Lasso,90/10,-0.0885085951357174,0.7644885134379205
Rg norm w/0.5,No regr out,All,100,Kernel Ridge,90/10,-0.0938390050586273,0.7663580717057313
Rg norm w/0.5,No regr out,All,100,GPR,90/10,-0.069655492056095,0.7578390777569278
Rg norm w/0.406,No regr out,All,100,Linear,80/20,-21.257477368114113,1.6545412263278825
Rg norm w/0.406,No regr out,All,100,Ridge,80/20,-0.02489120923474819,0.35504099892537727
Rg norm w/0.406,No regr out,All,100,Lasso,80/20,-0.025329497556398683,0.35511690634327925
Rg norm w/0.406,No regr out,All,100,Kernel Ridge,80/20,-0.01733237009698807,0.3537293161106309
Rg norm w/0.406,No regr out,All,100,GPR,80/20,-0.04638655260655189,0.3587448685193949
Rg norm w/0.406,No regr out,All,100,Linear,85/15,-10.833111597730568,1.3668137146654962
Rg norm w/0.406,No regr out,All,100,Ridge,85/15,-0.03509338027572517,0.4042496134300327
Rg norm w/0.406,No regr out,All,100,Lasso,85/15,-0.039037043064395816,0.40501896844283536
Rg norm w/0.406,No regr out,All,100,Kernel Ridge,85/15,-0.03136860235009431,0.4035216128904848
Rg norm w/0.406,No regr out,All,100,GPR,85/15,-0.020886026727038765,0.4014657286927069
Rg norm w/0.406,No regr out,All,100,Linear,90/10,-1.136682266131293,0.6980443964787464
Rg norm w/0.406,No regr out,All,100,Ridge,90/10,-0.08522661484378569,0.49747732509722353
Rg norm w/0.406,No regr out,All,100,Lasso,90/10,-0.07704278622570304,0.4955980062163729
Rg norm w/0.406,No regr out,All,100,Kernel Ridge,90/10,-0.08262241305818319,0.4968800721957421
Rg norm w/0.406,No regr out,All,100,GPR,90/10,-0.05916850437688148,0.49146840253751256
Rg w/no norm,pH regr out,All,100,Linear,80/20,-39.50399657178588,22.427324114809377
Rg w/no norm,pH regr out,All,100,Ridge,80/20,-0.04819538409533375,3.607859711709025
Rg w/no norm,pH regr out,All,100,Lasso,80/20,-0.04842525090100369,3.608255287637627
Rg w/no norm,pH regr out,All,100,Kernel Ridge,80/20,-0.043512483608019625,3.5997914828453275
Rg w/no norm,pH regr out,All,100,GPR,80/20,-0.05598248151934215,3.621236401338574
Rg w/no norm,pH regr out,All,100,Linear,85/15,-16.657168283029915,16.62611430070663
Rg w/no norm,pH regr out,All,100,Ridge,85/15,-0.0806058450214846,4.113049061860006
Rg w/no norm,pH regr out,All,100,Lasso,85/15,-0.07884157402458292,4.109690067689958
Rg w/no norm,pH regr out,All,100,Kernel Ridge,85/15,-0.08052504404574212,4.112895284887678
Rg w/no norm,pH regr out,All,100,GPR,85/15,-0.07733963928732646,4.106828370379404
Rg w/no norm,pH regr out,All,100,Linear,90/10,-0.8200763840558813,6.410442185546095
Rg w/no norm,pH regr out,All,100,Ridge,90/10,-0.12149899229351724,5.032023078548806
Rg w/no norm,pH regr out,All,100,Lasso,90/10,-0.11983237454232887,5.028282737691255
Rg w/no norm,pH regr out,All,100,Kernel Ridge,90/10,-0.12494790343286755,5.03975455143525
Rg w/no norm,pH regr out,All,100,GPR,90/10,-0.13523805266504518,5.0627519596888035
Rg norm w/0.421,pH regr out,All,100,Linear,80/20,-23.42194692341097,2.481259288740212
Rg norm w/0.421,pH regr out,All,100,Ridge,80/20,-0.03837787044640972,0.5116343806835242
Rg norm w/0.421,pH regr out,All,100,Lasso,80/20,-0.0327063660197382,0.5102352225176804
Rg norm w/0.421,pH regr out,All,100,Kernel Ridge,80/20,-0.03564723434195316,0.5109612119621929
Rg norm w/0.421,pH regr out,All,100,GPR,80/20,-0.03192257827085054,0.5100415604860559
Rg norm w/0.421,pH regr out,All,100,Linear,85/15,-11.64149602082125,2.0229345097772105
Rg norm w/0.421,pH regr out,All,100,Ridge,85/15,-0.049070107431408605,0.5827534364369001
Rg norm w/0.421,pH regr out,All,100,Lasso,85/15,-0.0492543426883596,0.5828046050933189
Rg norm w/0.421,pH regr out,All,100,Kernel Ridge,85/15,-0.050115342182657896,0.583043675617573
Rg norm w/0.421,pH regr out,All,100,GPR,85/15,-0.03848634969959841,0.5798063711303283
Rg norm w/0.421,pH regr out,All,100,Linear,90/10,-1.1168990347765386,0.9964020910194186
Rg norm w/0.421,pH regr out,All,100,Ridge,90/10,-0.0950933971347685,0.7166550045920455
Rg norm w/0.421,pH regr out,All,100,Lasso,90/10,-0.08642472334723683,0.7138128763836363
Rg norm w/0.421,pH regr out,All,100,Kernel Ridge,90/10,-0.0954217194649829,0.7167624274878173
Rg norm w/0.421,pH regr out,All,100,GPR,90/10,-0.10063010038876996,0.7184643951847818
Rg norm w/0.5,pH regr out,All,100,Linear,80/20,-21.253884710976536,1.6543660791358898
Rg norm w/0.5,pH regr out,All,100,Ridge,80/20,-0.02489975828348845,0.3550335502029448
Rg norm w/0.5,pH regr out,All,100,Lasso,80/20,-0.025326691603618556,0.3551074890780784
Rg norm w/0.5,pH regr out,All,100,Kernel Ridge,80/20,-0.023412525107404436,0.3547758618968053
Rg norm w/0.5,pH regr out,All,100,GPR,80/20,-0.024043254724174457,0.35488516932246156
Rg norm w/0.5,pH regr out,All,100,Linear,85/15,-10.831585142326047,1.3666875894737867
Rg norm w/0.5,pH regr out,All,100,Ridge,85/15,-0.035106873801652894,0.4042410193407622
Rg norm w/0.5,pH regr out,All,100,Lasso,85/15,-0.039041123670514155,0.4050085134481848
Rg norm w/0.5,pH regr out,All,100,Kernel Ridge,85/15,-0.01619361741486114,0.4005308898364886
Rg norm w/0.5,pH regr out,All,100,GPR,85/15,-0.029836419502214717,0.4032105688583563
Rg norm w/0.5,pH regr out,All,100,Linear,90/10,-1.1366432561077637,0.6980209073924925
Rg norm w/0.5,pH regr out,All,100,Ridge,90/10,-0.08523398677498872,0.4974668158991599
Rg norm w/0.5,pH regr out,All,100,Lasso,90/10,-0.07704254111556863,0.4955857970754339
Rg norm w/0.5,pH regr out,All,100,Kernel Ridge,90/10,-0.085314978175977,0.49748537861612224
Rg norm w/0.5,pH regr out,All,100,GPR,90/10,-0.09245924952400508,0.49912008411463193
Rg norm w/0.406,pH regr out,All,100,Linear,80/20,-23.858056398353142,2.677649688873983
Rg norm w/0.406,pH regr out,All,100,Ridge,80/20,-0.040837806816566236,0.5479131245614588
Rg norm w/0.406,pH regr out,All,100,Lasso,80/20,-0.034293158276766045,0.5461878060191075
Rg norm w/0.406,pH regr out,All,100,Kernel Ridge,80/20,-0.037838828531286284,0.5471232008632291
Rg norm w/0.406,pH regr out,All,100,GPR,80/20,-0.033528858064233225,0.5459859635331236
Rg norm w/0.406,pH regr out,All,100,Linear,85/15,-11.798337885020507,2.1771964228927803
Rg norm w/0.406,pH regr out,All,100,Ridge,85/15,-0.0517032602851093,0.6241190465929495
Rg norm w/0.406,pH regr out,All,100,Lasso,85/15,-0.051420624419952654,0.6240351777459445
Rg norm w/0.406,pH regr out,All,100,Kernel Ridge,85/15,-0.05248177753449479,0.6243500041150051
Rg norm w/0.406,pH regr out,All,100,GPR,85/15,-0.040232018707524686,0.6207059878377119
Rg norm w/0.406,pH regr out,All,100,Linear,90/10,-1.1112348208941536,1.0646676005897269
Rg norm w/0.406,pH regr out,All,100,Ridge,90/10,-0.09691396370872885,0.7674181219846747
Rg norm w/0.406,pH regr out,All,100,Lasso,90/10,-0.08851277258685819,0.7644736711218334
Rg norm w/0.406,pH regr out,All,100,Kernel Ridge,90/10,-0.0972888635829865,0.7675492536816102
Rg norm w/0.406,pH regr out,All,100,GPR,90/10,-0.10228105368904417,0.7692932809835242
Rg w/no norm,buffer regr out,All,100,Linear,80/20,-52.382568848005235,24.398017604483794
Rg w/no norm,buffer regr out,All,100,Ridge,80/20,-0.09124001742799548,3.4883089949483925
Rg w/no norm,buffer regr out,All,100,Lasso,80/20,-0.09972381565184363,3.5018425953314853
Rg w/no norm,buffer regr out,All,100,Kernel Ridge,80/20,-0.06599204287843796,3.4477184057489954
Rg w/no norm,buffer regr out,All,100,GPR,80/20,-0.017037076284056818,3.36762091945037
Rg w/no norm,buffer regr out,All,100,Linear,85/15,-28.881170138319753,20.289150091772846
Rg w/no norm,buffer regr out,All,100,Ridge,85/15,-0.12474951647497234,3.9363432529825815
Rg w/no norm,buffer regr out,All,100,Lasso,85/15,-0.13879789203802484,3.9608498753998416
Rg w/no norm,buffer regr out,All,100,Kernel Ridge,85/15,-0.10346393936898557,3.8989182327104435
Rg w/no norm,buffer regr out,All,100,GPR,85/15,-0.049135316983762944,3.80172595835446
Rg w/no norm,buffer regr out,All,100,Linear,90/10,-5.318984308355516,11.308291778179692
Rg w/no norm,buffer regr out,All,100,Ridge,90/10,-0.1325849223034412,4.787499648619196
Rg w/no norm,buffer regr out,All,100,Lasso,90/10,-0.15393462879386055,4.832412181867532
Rg w/no norm,buffer regr out,All,100,Kernel Ridge,90/10,-0.12685310546174255,4.775369927775649
Rg w/no norm,buffer regr out,All,100,GPR,90/10,-0.06772996832529143,4.6484063247719325
Rg norm w/0.421,buffer regr out,All,100,Linear,80/20,-30.303005583132265,2.753871567335976
Rg norm w/0.421,buffer regr out,All,100,Ridge,80/20,-0.03840369638771324,0.5015725673826558
Rg norm w/0.421,buffer regr out,All,100,Lasso,80/20,-0.027775551225823314,0.49899914791966854
Rg norm w/0.421,buffer regr out,All,100,Kernel Ridge,80/20,-0.03335889193288999,0.5003527064280838
Rg norm w/0.421,buffer regr out,All,100,GPR,80/20,-0.014187349533597793,0.49568954318015457
Rg norm w/0.421,buffer regr out,All,100,Linear,85/15,-17.44068342729488,2.3847129575866544
Rg norm w/0.421,buffer regr out,All,100,Ridge,85/15,-0.04740922866169406,0.5683368336573789
Rg norm w/0.421,buffer regr out,All,100,Lasso,85/15,-0.06302568980452072,0.5725579976314887
Rg norm w/0.421,buffer regr out,All,100,Kernel Ridge,85/15,-0.049155462288070106,0.568810400032547
Rg norm w/0.421,buffer regr out,All,100,GPR,85/15,-0.030669190594609486,0.563776867647149
Rg norm w/0.421,buffer regr out,All,100,Linear,90/10,-2.3430722171140816,1.2304137707527978
Rg norm w/0.421,buffer regr out,All,100,Ridge,90/10,-0.07172563941125798,0.6966587789816403
Rg norm w/0.421,buffer regr out,All,100,Lasso,90/10,-0.09068160913518342,0.7027927926593394
Rg norm w/0.421,buffer regr out,All,100,Kernel Ridge,90/10,-0.0781686090725009,0.6987497178273806
Rg norm w/0.421,buffer regr out,All,100,GPR,90/10,-0.06081922473802459,0.6931049408431464
Rg norm w/0.5,buffer regr out,All,100,Linear,80/20,-27.536701909025417,1.8435105882149787
Rg norm w/0.5,buffer regr out,All,100,Ridge,80/20,-0.021767784948827362,0.34883483690574413
Rg norm w/0.5,buffer regr out,All,100,Lasso,80/20,-0.02947632489633012,0.35014822468113194
Rg norm w/0.5,buffer regr out,All,100,Kernel Ridge,80/20,-0.02000335941279352,0.34853351646544223
Rg norm w/0.5,buffer regr out,All,100,GPR,80/20,-0.013899229769439136,0.34748906584456923
Rg norm w/0.5,buffer regr out,All,100,Linear,85/15,-15.859947795337035,1.599645457843346
Rg norm w/0.5,buffer regr out,All,100,Ridge,85/15,-0.03029724210002116,0.3954366270335477
Rg norm w/0.5,buffer regr out,All,100,Lasso,85/15,-0.04164996826441425,0.39760929357222413
Rg norm w/0.5,buffer regr out,All,100,Kernel Ridge,85/15,-0.03477337383498291,0.3962946843279409
Rg norm w/0.5,buffer regr out,All,100,GPR,85/15,-0.028438693495278722,0.3950798028576681
Rg norm w/0.5,buffer regr out,All,100,Linear,90/10,-1.857215809974183,0.7964942086017062
Rg norm w/0.5,buffer regr out,All,100,Ridge,90/10,-0.060503158239504806,0.48525171969327957
Rg norm w/0.5,buffer regr out,All,100,Lasso,90/10,-0.07508223539791614,0.488575789961009
Rg norm w/0.5,buffer regr out,All,100,Kernel Ridge,90/10,-0.06794686033462316,0.4869517396589804
Rg norm w/0.5,buffer regr out,All,100,GPR,90/10,-0.059728845704847267,0.48507453724175864
Rg norm w/0.406,buffer regr out,All,100,Linear,80/20,-30.868669527377207,2.9698322224955
Rg norm w/0.406,buffer regr out,All,100,Ridge,80/20,-0.04161026858104555,0.5369113379071337
Rg norm w/0.406,buffer regr out,All,100,Lasso,80/20,-0.03103349537812239,0.5341784159846029
Rg norm w/0.406,buffer regr out,All,100,Kernel Ridge,80/20,-0.03587272511798156,0.5354305508333689
Rg norm w/0.406,buffer regr out,All,100,GPR,80/20,-0.014243632578759158,0.5298111496720718
Rg norm w/0.406,buffer regr out,All,100,Linear,85/15,-17.757880582832357,2.570228557403717
Rg norm w/0.406,buffer regr out,All,100,Ridge,85/15,-0.05079585012760046,0.6083297218395894
Rg norm w/0.406,buffer regr out,All,100,Lasso,85/15,-0.06775351210301994,0.6132186653811608
Rg norm w/0.406,buffer regr out,All,100,Kernel Ridge,85/15,-0.051939303772177814,0.6086606175634995
Rg norm w/0.406,buffer regr out,All,100,GPR,85/15,-0.031114551126717904,0.6026058163150173
Rg norm w/0.406,buffer regr out,All,100,Linear,90/10,-2.4375501139602958,1.3337998678702567
Rg norm w/0.406,buffer regr out,All,100,Ridge,90/10,-0.0739377681060378,0.7455138376301287
Rg norm w/0.406,buffer regr out,All,100,Lasso,90/10,-0.09509984648887726,0.7528232270068521
Rg norm w/0.406,buffer regr out,All,100,Kernel Ridge,90/10,-0.0801536683225097,0.7476682238980268
Rg norm w/0.406,buffer regr out,All,100,GPR,90/10,-0.06103216805594269,0.7410208475792084
Rg w/no norm,expr pH only regr out,All,100,Linear,80/20,-30.536216990577792,22.011674405267915
Rg w/no norm,expr pH only regr out,All,100,Ridge,80/20,0.1706203115972318,3.5696446083377045
Rg w/no norm,expr pH only regr out,All,100,Lasso,80/20,0.15863060787166883,3.5953538292795444
Rg w/no norm,expr pH only regr out,All,100,Kernel Ridge,80/20,0.09459059611135001,3.729673226738503
Rg w/no norm,expr pH only regr out,All,100,GPR,80/20,-0.33253044800128384,4.524669407554506
Rg w/no norm,expr pH only regr out,All,100,Linear,85/15,-12.69674545479184,15.911728398326673
Rg w/no norm,expr pH only regr out,All,100,Ridge,85/15,0.11455567430112867,4.045659186912362
Rg w/no norm,expr pH only regr out,All,100,Lasso,85/15,0.1069398497288242,4.063020561710606
Rg w/no norm,expr pH only regr out,All,100,Kernel Ridge,85/15,0.13974731871752533,3.9876926898439997
Rg w/no norm,expr pH only regr out,All,100,GPR,85/15,-0.3838824646883858,5.057760587793707
Rg w/no norm,expr pH only regr out,All,100,Linear,90/10,-1.533031038448085,7.811271995327122
Rg w/no norm,expr pH only regr out,All,100,Ridge,90/10,0.045904937639177246,4.793992265369953
Rg w/no norm,expr pH only regr out,All,100,Lasso,90/10,0.054572669069193336,4.772166430015405
Rg w/no norm,expr pH only regr out,All,100,Kernel Ridge,90/10,0.06450553178537022,4.7470315345058145
Rg w/no norm,expr pH only regr out,All,100,GPR,90/10,-0.3841327757248676,5.774180838660537
Rg norm w/0.421,expr pH only regr out,All,100,Linear,80/20,-18.03381255703045,2.2868970928606958
Rg norm w/0.421,expr pH only regr out,All,100,Ridge,80/20,0.09736351431718104,0.49801241616760705
Rg norm w/0.421,expr pH only regr out,All,100,Lasso,80/20,0.05567310362198763,0.5093835409801328
Rg norm w/0.421,expr pH only regr out,All,100,Kernel Ridge,80/20,0.05290795822185845,0.5101287754815086
Rg norm w/0.421,expr pH only regr out,All,100,GPR,80/20,-0.2238161177914515,0.5798849168717641
Rg norm w/0.421,expr pH only regr out,All,100,Linear,85/15,-7.6882398567226495,1.7038186994533338
Rg norm w/0.421,expr pH only regr out,All,100,Ridge,85/15,0.04612476799467424,0.5645511097253565
Rg norm w/0.421,expr pH only regr out,All,100,Lasso,85/15,0.019026233645003665,0.572514085502669
Rg norm w/0.421,expr pH only regr out,All,100,Kernel Ridge,85/15,0.00866877239066488,0.5755285505928983
Rg norm w/0.421,expr pH only regr out,All,100,GPR,85/15,-0.25481445666218416,0.6475111273732234
Rg norm w/0.421,expr pH only regr out,All,100,Linear,90/10,-0.5989983287616578,0.8503446416202203
Rg norm w/0.421,expr pH only regr out,All,100,Ridge,90/10,-0.029593855071100794,0.6823448929860869
Rg norm w/0.421,expr pH only regr out,All,100,Lasso,90/10,-0.04572833341445204,0.6876705282746489
Rg norm w/0.421,expr pH only regr out,All,100,Kernel Ridge,90/10,-0.06282542919237466,0.6932692586233151
Rg norm w/0.421,expr pH only regr out,All,100,GPR,90/10,-0.2904697385766044,0.7639147345616095
Rg norm w/0.5,expr pH only regr out,All,100,Linear,80/20,-16.72177657955405,1.6857382544192765
Rg norm w/0.5,expr pH only regr out,All,100,Ridge,80/20,0.16637425892139657,0.36561337265741967
Rg norm w/0.5,expr pH only regr out,All,100,Lasso,80/20,0.07413526874281029,0.3853100034085596
Rg norm w/0.5,expr pH only regr out,All,100,Kernel Ridge,80/20,0.19302912514049664,0.3597207117717239
Rg norm w/0.5,expr pH only regr out,All,100,GPR,80/20,-0.38460534618517217,0.4711937442033301
Rg norm w/0.5,expr pH only regr out,All,100,Linear,85/15,-8.526701796142117,1.3332358120637682
Rg norm w/0.5,expr pH only regr out,All,100,Ridge,85/15,0.09285070706170628,0.4114102127742943
Rg norm w/0.5,expr pH only regr out,All,100,Lasso,85/15,0.020359305646802328,0.42753246014953233
Rg norm w/0.5,expr pH only regr out,All,100,Kernel Ridge,85/15,0.038200959490968356,0.4236213646152564
Rg norm w/0.5,expr pH only regr out,All,100,GPR,85/15,-0.43635017069799886,0.5176853205250119
Rg norm w/0.5,expr pH only regr out,All,100,Linear,90/10,-1.5805390032658524,0.7780302623280393
Rg norm w/0.5,expr pH only regr out,All,100,Ridge,90/10,-0.004154130681202073,0.48533483661882326
Rg norm w/0.5,expr pH only regr out,All,100,Lasso,90/10,-0.046841255709646035,0.49554339371281975
Rg norm w/0.5,expr pH only regr out,All,100,Kernel Ridge,90/10,0.018988258021438886,0.47970956574896356
Rg norm w/0.5,expr pH only regr out,All,100,GPR,90/10,-0.4699938900550018,0.5872175688991697
Rg norm w/0.406,expr pH only regr out,All,100,Linear,80/20,-19.286953708858764,2.4277008749787705
Rg norm w/0.406,expr pH only regr out,All,100,Ridge,80/20,0.04907629507022915,0.5256051266749351
Rg norm w/0.406,expr pH only regr out,All,100,Lasso,80/20,0.048309819955423716,0.5258169113324404
Rg norm w/0.406,expr pH only regr out,All,100,Kernel Ridge,80/20,0.022951125152052665,0.5327763033779299
Rg norm w/0.406,expr pH only regr out,All,100,GPR,80/20,-0.1168743567771593,0.5696248347512816
Rg norm w/0.406,expr pH only regr out,All,100,Linear,85/15,-8.496812477945062,1.8570922197312407
Rg norm w/0.406,expr pH only regr out,All,100,Ridge,85/15,0.015072519897093906,0.5980626303503993
Rg norm w/0.406,expr pH only regr out,All,100,Lasso,85/15,0.013058145649749275,0.5986738969866655
Rg norm w/0.406,expr pH only regr out,All,100,Kernel Ridge,85/15,-0.008567187241086183,0.6051972648340956
Rg norm w/0.406,expr pH only regr out,All,100,GPR,85/15,-0.13785253942688702,0.6428172621885831
Rg norm w/0.406,expr pH only regr out,All,100,Linear,90/10,-0.8330454243716334,0.9687798140725643
Rg norm w/0.406,expr pH only regr out,All,100,Ridge,90/10,-0.04417758518445036,0.7311822677017165
Rg norm w/0.406,expr pH only regr out,All,100,Lasso,90/10,-0.04943164305346781,0.7330195286812023
Rg norm w/0.406,expr pH only regr out,All,100,Kernel Ridge,90/10,-0.06615498491650929,0.7388370036465042
Rg norm w/0.406,expr pH only regr out,All,100,GPR,90/10,-0.17946783727442495,0.777108248570753
Rg w/no norm,expr buffer only regr out,All,100,Linear,80/20,-27.977856638036382,20.19514842525022
Rg w/no norm,expr buffer only regr out,All,100,Ridge,80/20,0.16788980526417152,3.422191758497949
Rg w/no norm,expr buffer only regr out,All,100,Lasso,80/20,0.07674037739175288,3.6047557313629435
Rg w/no norm,expr buffer only regr out,All,100,Kernel Ridge,80/20,0.10545024600573549,3.548266001262352
Rg w/no norm,expr buffer only regr out,All,100,GPR,80/20,-0.3624367533389148,4.378971261459163
Rg w/no norm,expr buffer only regr out,All,100,Linear,85/15,-13.09994041670225,15.086287824341822
Rg w/no norm,expr buffer only regr out,All,100,Ridge,85/15,0.0866818050646696,3.8395895877650528
Rg w/no norm,expr buffer only regr out,All,100,Lasso,85/15,0.08942465286041956,3.8338197866766888
Rg w/no norm,expr buffer only regr out,All,100,Kernel Ridge,85/15,0.12514956134066446,3.7578605286152857
Rg w/no norm,expr buffer only regr out,All,100,GPR,85/15,-0.474476970559111,4.878572320009823
Rg w/no norm,expr buffer only regr out,All,100,Linear,90/10,-1.6464205893141526,7.591209513585967
Rg w/no norm,expr buffer only regr out,All,100,Ridge,90/10,0.03980945919541179,4.5725688786383
Rg w/no norm,expr buffer only regr out,All,100,Lasso,90/10,0.0473014093612224,4.554695059480527
Rg w/no norm,expr buffer only regr out,All,100,Kernel Ridge,90/10,0.07428359507794502,4.489733102032742
Rg w/no norm,expr buffer only regr out,All,100,GPR,90/10,-0.40959381736457123,5.540239478522484
Rg norm w/0.421,expr buffer only regr out,All,100,Linear,80/20,-19.401870668386387,2.3074646231819047
Rg norm w/0.421,expr buffer only regr out,All,100,Ridge,80/20,0.1006115476098346,0.48447760870828355
Rg norm w/0.421,expr buffer only regr out,All,100,Lasso,80/20,0.0682546405018234,0.4931155246269469
Rg norm w/0.421,expr buffer only regr out,All,100,Kernel Ridge,80/20,0.06285128326018508,0.49454329001736774
Rg norm w/0.421,expr buffer only regr out,All,100,GPR,80/20,-0.25416107913749775,0.572106281021188
Rg norm w/0.421,expr buffer only regr out,All,100,Linear,85/15,-10.366571421312033,1.879543362971044
Rg norm w/0.421,expr buffer only regr out,All,100,Ridge,85/15,0.03851725364077452,0.5466487443353262
Rg norm w/0.421,expr buffer only regr out,All,100,Lasso,85/15,0.018965218617550628,0.5521789031408108
Rg norm w/0.421,expr buffer only regr out,All,100,Kernel Ridge,85/15,0.0056723548709158855,0.5559072836294008
Rg norm w/0.421,expr buffer only regr out,All,100,GPR,85/15,-0.30736692617156636,0.6374356580594871
Rg norm w/0.421,expr buffer only regr out,All,100,Linear,90/10,-0.8051724579461552,0.8838670481446783
Rg norm w/0.421,expr buffer only regr out,All,100,Ridge,90/10,-0.012502851160905548,0.6619508148609772
Rg norm w/0.421,expr buffer only regr out,All,100,Lasso,90/10,-0.0372536536641781,0.6699927147004245
Rg norm w/0.421,expr buffer only regr out,All,100,Kernel Ridge,90/10,-0.04664280104257834,0.6730182469472029
Rg norm w/0.421,expr buffer only regr out,All,100,GPR,90/10,-0.3071918944008163,0.752137542579064
Rg norm w/0.5,expr buffer only regr out,All,100,Linear,80/20,-16.605647389403465,1.6428018473783481
Rg norm w/0.5,expr buffer only regr out,All,100,Ridge,80/20,0.16653266942666056,0.3574402651235756
Rg norm w/0.5,expr buffer only regr out,All,100,Lasso,80/20,0.08454781572623149,0.37460797211897867
Rg norm w/0.5,expr buffer only regr out,All,100,Kernel Ridge,80/20,0.10655113554371021,0.3700786519234544
Rg norm w/0.5,expr buffer only regr out,All,100,GPR,80/20,-0.4276355064386743,0.4678082248606385
Rg norm w/0.5,expr buffer only regr out,All,100,Linear,85/15,-10.28381128983586,1.4046462410483236
Rg norm w/0.5,expr buffer only regr out,All,100,Ridge,85/15,0.08145215388986582,0.4007651470877673
Rg norm w/0.5,expr buffer only regr out,All,100,Lasso,85/15,0.028170871233246908,0.41222469956282803
Rg norm w/0.5,expr buffer only regr out,All,100,Kernel Ridge,85/15,0.034198974188148545,0.4109442284052511
Rg norm w/0.5,expr buffer only regr out,All,100,GPR,85/15,-0.5064005681902226,0.5132267562315675
Rg norm w/0.5,expr buffer only regr out,All,100,Linear,90/10,-1.0562123274811324,0.6824909041426072
Rg norm w/0.5,expr buffer only regr out,All,100,Ridge,90/10,0.007221193805846404,0.4742301233123602
Rg norm w/0.5,expr buffer only regr out,All,100,Lasso,90/10,-0.04642540638233905,0.48687449681670464
Rg norm w/0.5,expr buffer only regr out,All,100,Kernel Ridge,90/10,0.03883027017397589,0.46661955052381077
Rg norm w/0.5,expr buffer only regr out,All,100,GPR,90/10,-0.4954345359345067,0.5820316365366329
Rg norm w/0.406,expr buffer only regr out,All,100,Linear,80/20,-22.583321856028487,2.549737765348478
Rg norm w/0.406,expr buffer only regr out,All,100,Ridge,80/20,0.05456195757578208,0.5105162426240767
Rg norm w/0.406,expr buffer only regr out,All,100,Lasso,80/20,0.04223888125197506,0.5138325694591703
Rg norm w/0.406,expr buffer only regr out,All,100,Kernel Ridge,80/20,0.032323307538516644,0.5164855408629992
Rg norm w/0.406,expr buffer only regr out,All,100,GPR,80/20,-0.13802405253643446,0.560104095228978
Rg norm w/0.406,expr buffer only regr out,All,100,Linear,85/15,-12.39315734404302,2.1295442902157613
Rg norm w/0.406,expr buffer only regr out,All,100,Ridge,85/15,0.012736552693375036,0.5781782102066951
Rg norm w/0.406,expr buffer only regr out,All,100,Lasso,85/15,0.005085532847769358,0.5804142473552282
Rg norm w/0.406,expr buffer only regr out,All,100,Kernel Ridge,85/15,-0.00950249309124751,0.5846539515967779
Rg norm w/0.406,expr buffer only regr out,All,100,GPR,85/15,-0.17427503237637154,0.6305653538274686
Rg norm w/0.406,expr buffer only regr out,All,100,Linear,90/10,-1.836336938588294,1.1779198302496439
Rg norm w/0.406,expr buffer only regr out,All,100,Ridge,90/10,-0.0223162679438067,0.707179167593203
Rg norm w/0.406,expr buffer only regr out,All,100,Lasso,90/10,-0.035114826548072076,0.7115920498250974
Rg norm w/0.406,expr buffer only regr out,All,100,Kernel Ridge,90/10,-0.048857190448733157,0.7163000848881594
Rg norm w/0.406,expr buffer only regr out,All,100,GPR,90/10,-0.19024574962968677,0.7630537698914149
Rg w/no norm,No regr out,All,150,Linear,80/20,-8.44171868677699,10.828283894007669
Rg w/no norm,No regr out,All,150,Ridge,80/20,-0.04457505337092793,3.601670096553794
Rg w/no norm,No regr out,All,150,Lasso,80/20,-0.04841972031122155,3.6082921692164325
Rg w/no norm,No regr out,All,150,Kernel Ridge,80/20,-0.032429091440784985,3.5806693759147676
Rg w/no norm,No regr out,All,150,GPR,80/20,-0.09387637155275974,3.685685091188798
Rg w/no norm,No regr out,All,150,Linear,85/15,-14.104804942492114,15.377791353171235
Rg w/no norm,No regr out,All,150,Ridge,85/15,-0.07661606689059175,4.105507329138814
Rg w/no norm,No regr out,All,150,Lasso,85/15,-0.07883861143103643,4.109742807707894
Rg w/no norm,No regr out,All,150,Kernel Ridge,85/15,-0.07020729273530146,4.09326966018888
Rg w/no norm,No regr out,All,150,GPR,85/15,-0.10671021879417353,4.162491535916972
Rg w/no norm,No regr out,All,150,Linear,90/10,-174.96032861686768,63.031215308105715
Rg w/no norm,No regr out,All,150,Ridge,90/10,-0.12141228227506073,5.031887847927178
Rg w/no norm,No regr out,All,150,Lasso,90/10,-0.11982420716794295,5.028323660580242
Rg w/no norm,No regr out,All,150,Kernel Ridge,90/10,-0.11597205842374869,5.019667597809974
Rg w/no norm,No regr out,All,150,GPR,90/10,-0.1436078420480673,5.081440691786877
Rg norm w/0.421,No regr out,All,150,Linear,80/20,-7.100581377485582,1.4290581477210276
Rg norm w/0.421,No regr out,All,150,Ridge,80/20,-0.034772139443344896,0.5107568140773445
Rg norm w/0.421,No regr out,All,150,Lasso,80/20,-0.03270797770273037,0.510247131350802
Rg norm w/0.421,No regr out,All,150,Kernel Ridge,80/20,-0.029068865338629735,0.5093473196967131
Rg norm w/0.421,No regr out,All,150,GPR,80/20,-0.07153071642455644,0.5197495455552228
Rg norm w/0.421,No regr out,All,150,Linear,85/15,-10.583363431506582,1.936469933348053
Rg norm w/0.421,No regr out,All,150,Ridge,85/15,-0.04680148781070903,0.5821375081717709
Rg norm w/0.421,No regr out,All,150,Lasso,85/15,-0.049249211674141424,0.5828177134904551
Rg norm w/0.421,No regr out,All,150,Kernel Ridge,85/15,-0.043877670799917556,0.5813239567304218
Rg norm w/0.421,No regr out,All,150,GPR,85/15,-0.05860100551325398,0.5854092333330595
Rg norm w/0.421,No regr out,All,150,Linear,90/10,-111.95161802517639,7.278472688937892
Rg norm w/0.421,No regr out,All,150,Ridge,90/10,-0.09570790576268995,0.7168716835113724
Rg norm w/0.421,No regr out,All,150,Lasso,90/10,-0.0864206554251632,0.7138271062517527
Rg norm w/0.421,No regr out,All,150,Kernel Ridge,90/10,-0.09281663816893215,0.7159252465268573
Rg norm w/0.421,No regr out,All,150,GPR,90/10,-0.10298774363843632,0.7192491739266222
Rg norm w/0.5,No regr out,All,150,Linear,80/20,-7.206334160816898,1.5385243502872905
Rg norm w/0.5,No regr out,All,150,Ridge,80/20,-0.03723337067722432,0.5469756788077308
Rg norm w/0.5,No regr out,All,150,Lasso,80/20,-0.03429640600178807,0.5462007389124858
Rg norm w/0.5,No regr out,All,150,Kernel Ridge,80/20,-0.03112495422094086,0.5453626913131161
Rg norm w/0.5,No regr out,All,150,GPR,80/20,-0.0743160885240095,0.556667434325948
Rg norm w/0.5,No regr out,All,150,Linear,85/15,-10.768773819804425,2.0878392098743594
Rg norm w/0.5,No regr out,All,150,Ridge,85/15,-0.049412119474821825,0.6234540909085504
Rg norm w/0.5,No regr out,All,150,Lasso,85/15,-0.051415304943901896,0.624048851883824
Rg norm w/0.5,No regr out,All,150,Kernel Ridge,85/15,-0.046087012905405844,0.6224655869646373
Rg norm w/0.5,No regr out,All,150,GPR,85/15,-0.06149646907000217,0.6270334625243115
Rg norm w/0.5,No regr out,All,150,Linear,90/10,-114.48703109727388,7.874475597856352
Rg norm w/0.5,No regr out,All,150,Ridge,90/10,-0.09753107359267554,0.7676503381867713
Rg norm w/0.5,No regr out,All,150,Lasso,90/10,-0.08850859513579623,0.7644885134379481
Rg norm w/0.5,No regr out,All,150,Kernel Ridge,90/10,-0.09455867827112696,0.7666101365368445
Rg norm w/0.5,No regr out,All,150,GPR,90/10,-0.10517208285826474,0.7703178934647341
Rg norm w/0.406,No regr out,All,150,Linear,80/20,-6.53478791838196,0.9626649043349932
Rg norm w/0.406,No regr out,All,150,Ridge,80/20,-0.02128991558706317,0.35441667311296415
Rg norm w/0.406,No regr out,All,150,Lasso,80/20,-0.02532949755009617,0.3551169063421878
Rg norm w/0.406,No regr out,All,150,Kernel Ridge,80/20,-0.017489950509529395,0.35375671062537506
Rg norm w/0.406,No regr out,All,150,GPR,80/20,-0.0564170506895918,0.36046020373269977
Rg norm w/0.406,No regr out,All,150,Linear,85/15,-9.620600694634621,1.294894505683655
Rg norm w/0.406,No regr out,All,150,Ridge,85/15,-0.03293432995269385,0.403827791167156
Rg norm w/0.406,No regr out,All,150,Lasso,85/15,-0.039037043059011234,0.4050189684417859
Rg norm w/0.406,No regr out,All,150,Kernel Ridge,85/15,-0.03181802260907629,0.4036095208584497
Rg norm w/0.406,No regr out,All,150,GPR,85/15,-0.04332159679689784,0.405853173673776
Rg norm w/0.406,No regr out,All,150,Linear,90/10,-99.27044826424896,4.781889659018953
Rg norm w/0.406,No regr out,All,150,Ridge,90/10,-0.08581972750888678,0.4976132505316159
Rg norm w/0.406,No regr out,All,150,Lasso,90/10,-0.07704278622219518,0.4955980062155658
Rg norm w/0.406,No regr out,All,150,Kernel Ridge,90/10,-0.08329354755528562,0.4970340601827043
Rg norm w/0.406,No regr out,All,150,GPR,90/10,-0.09136640182864997,0.4988826061627629
Rg w/no norm,pH regr out,All,150,Linear,80/20,-8.441321676661254,10.827916998323978
Rg w/no norm,pH regr out,All,150,Ridge,80/20,-0.04458447945304633,3.601640033297913
Rg w/no norm,pH regr out,All,150,Lasso,80/20,-0.04842525090099303,3.6082552876376086
Rg w/no norm,pH regr out,All,150,Kernel Ridge,80/20,-0.043168779677873026,3.5991985985260087
Rg w/no norm,pH regr out,All,150,GPR,80/20,-0.060124938235959435,3.628332225667229
Rg w/no norm,pH regr out,All,150,Linear,85/15,-14.105713890769096,15.378035571249447
Rg w/no norm,pH regr out,All,150,Ridge,85/15,-0.0766296319367421,4.105474870145607
Rg w/no norm,pH regr out,All,150,Lasso,85/15,-0.0788415720030946,4.109690063839675
Rg w/no norm,pH regr out,All,150,Kernel Ridge,85/15,-0.07675491366112608,4.1057137294496675
Rg w/no norm,pH regr out,All,150,GPR,85/15,-0.08700866949942321,4.125216419706345
Rg w/no norm,pH regr out,All,150,Linear,90/10,-175.03121476576948,63.043167205470915
Rg w/no norm,pH regr out,All,150,Ridge,90/10,-0.12142088294518327,5.031847842150874
Rg w/no norm,pH regr out,All,150,Lasso,90/10,-0.11983237454232065,5.028282737691236
Rg w/no norm,pH regr out,All,150,Kernel Ridge,90/10,-0.12491741815700674,5.039686264118037
Rg w/no norm,pH regr out,All,150,GPR,90/10,-0.14467071253279595,5.083741578533767
Rg norm w/0.421,pH regr out,All,150,Linear,80/20,-7.100013681701123,1.428975834971868
Rg norm w/0.421,pH regr out,All,150,Ridge,80/20,-0.03478152311925631,0.5107476076961732
Rg norm w/0.421,pH regr out,All,150,Lasso,80/20,-0.03270636601687782,0.5102352225169738
Rg norm w/0.421,pH regr out,All,150,Kernel Ridge,80/20,-0.03519960280557344,0.5108507751913901
Rg norm w/0.421,pH regr out,All,150,GPR,80/20,-0.033118244845742995,0.5103369620543287
Rg norm w/0.421,pH regr out,All,150,Linear,85/15,-10.58384439178539,1.9364618459625043
Rg norm w/0.421,pH regr out,All,150,Ridge,85/15,-0.046816115762142285,0.5821270589974854
Rg norm w/0.421,pH regr out,All,150,Lasso,85/15,-0.04925434268604989,0.5828046050926774
Rg norm w/0.421,pH regr out,All,150,Kernel Ridge,85/15,-0.049883739556471296,0.5829793770175512
Rg norm w/0.421,pH regr out,All,150,GPR,85/15,-0.04207488016644301,0.5808072790780888
Rg norm w/0.421,pH regr out,All,150,Linear,90/10,-111.98015932242184,7.279233475274068
Rg norm w/0.421,pH regr out,All,150,Ridge,90/10,-0.09571787168587598,0.7168593109235885
Rg norm w/0.421,pH regr out,All,150,Lasso,90/10,-0.0864247233468296,0.7138128763835027
Rg norm w/0.421,pH regr out,All,150,Kernel Ridge,90/10,-0.09542742535506155,0.7167642942402401
Rg norm w/0.421,pH regr out,All,150,GPR,90/10,-0.10082290140030303,0.7185273203202763
Rg norm w/0.5,pH regr out,All,150,Linear,80/20,-6.534154546082542,0.9626002323278854
Rg norm w/0.5,pH regr out,All,150,Ridge,80/20,-0.021299433874352625,0.35440941087272926
Rg norm w/0.5,pH regr out,All,150,Lasso,80/20,-0.025326691597315376,0.3551074890769869
Rg norm w/0.5,pH regr out,All,150,Kernel Ridge,80/20,-0.022963681451367846,0.35469805536502114
Rg norm w/0.5,pH regr out,All,150,GPR,80/20,-0.024073686611552736,0.3548904424128417
Rg norm w/0.5,pH regr out,All,150,Linear,85/15,-9.620852267102421,1.2948738728668985
Rg norm w/0.5,pH regr out,All,150,Ridge,85/15,-0.03294944944667866,0.40381952937387705
Rg norm w/0.5,pH regr out,All,150,Lasso,85/15,-0.03904112366512935,0.4050085134471353
Rg norm w/0.5,pH regr out,All,150,Kernel Ridge,85/15,-0.03708088736888815,0.40462629220050167
Rg norm w/0.5,pH regr out,All,150,GPR,85/15,-0.032426745277995606,0.4037173438984509
Rg norm w/0.5,pH regr out,All,150,Linear,90/10,-99.2901928916411,4.782243175598219
Rg norm w/0.5,pH regr out,All,150,Ridge,90/10,-0.08583014021659574,0.4976034342878332
Rg norm w/0.5,pH regr out,All,150,Lasso,90/10,-0.07704254111206099,0.49558579707462685
Rg norm w/0.5,pH regr out,All,150,Kernel Ridge,90/10,-0.08531694320388361,0.49748582897948646
Rg norm w/0.5,pH regr out,All,150,GPR,90/10,-0.09176312971643519,0.498961038025065
Rg norm w/0.406,pH regr out,All,150,Linear,80/20,-7.205777736969498,1.5384381777690268
Rg norm w/0.406,pH regr out,All,150,Ridge,80/20,-0.037242738634623684,0.5469660563017774
Rg norm w/0.406,pH regr out,All,150,Lasso,80/20,-0.03429315827440016,0.5461878060184828
Rg norm w/0.406,pH regr out,All,150,Kernel Ridge,80/20,-0.03739134279487244,0.5470052363882685
Rg norm w/0.406,pH regr out,All,150,GPR,80/20,-0.03495048172132553,0.546361337586551
Rg norm w/0.406,pH regr out,All,150,Linear,85/15,-10.769293539821634,2.0878342786201656
Rg norm w/0.406,pH regr out,All,150,Ridge,85/15,-0.049426672419956574,0.6234431755282237
Rg norm w/0.406,pH regr out,All,150,Lasso,85/15,-0.05142062441810147,0.6240351777453951
Rg norm w/0.406,pH regr out,All,150,Kernel Ridge,85/15,-0.05224677325445026,0.6242802959653445
Rg norm w/0.406,pH regr out,All,150,GPR,85/15,-0.04403293935134278,0.6218389576750113
Rg norm w/0.406,pH regr out,All,150,Linear,90/10,-114.51721780887647,7.875336657643122
Rg norm w/0.406,pH regr out,All,150,Ridge,90/10,-0.09754096472516882,0.7676374204976222
Rg norm w/0.406,pH regr out,All,150,Lasso,90/10,-0.0885127725869368,0.7644736711218609
Rg norm w/0.406,pH regr out,All,150,Kernel Ridge,90/10,-0.09729472903136349,0.7675513051079289
Rg norm w/0.406,pH regr out,All,150,GPR,90/10,-0.10265367699874162,0.7694232988159718
Rg w/no norm,buffer regr out,All,150,Linear,80/20,-327.6507747161753,60.53717299145409
Rg w/no norm,buffer regr out,All,150,Ridge,80/20,-0.0874760925131437,3.4822878289705046
Rg w/no norm,buffer regr out,All,150,Lasso,80/20,-0.09972381563918953,3.5018425953113383
Rg w/no norm,buffer regr out,All,150,Kernel Ridge,80/20,-0.06539646592876092,3.446755139411853
Rg w/no norm,buffer regr out,All,150,GPR,80/20,-0.017046892377360345,3.367637170972642
Rg w/no norm,buffer regr out,All,150,Linear,85/15,-1064.3867585814603,121.14868434172777
Rg w/no norm,buffer regr out,All,150,Ridge,85/15,-0.1212320813399046,3.930183359666539
Rg w/no norm,buffer regr out,All,150,Lasso,85/15,-0.13879788098753232,3.9608498561824974
Rg w/no norm,buffer regr out,All,150,Kernel Ridge,85/15,-0.11464985703787911,3.9186302533164774
Rg w/no norm,buffer regr out,All,150,GPR,85/15,-0.049135815833006635,3.801726862188247
Rg w/no norm,buffer regr out,All,150,Linear,90/10,-11159.161344841368,475.2352034628056
Rg w/no norm,buffer regr out,All,150,Ridge,90/10,-0.13487034716464374,4.792327523515037
Rg w/no norm,buffer regr out,All,150,Lasso,90/10,-0.15393462878335895,4.832412181845543
Rg w/no norm,buffer regr out,All,150,Kernel Ridge,90/10,-0.12736310662427708,4.776450445148102
Rg w/no norm,buffer regr out,All,150,GPR,90/10,-0.0677306308445158,4.648407766924052
Rg norm w/0.421,buffer regr out,All,150,Linear,80/20,-156.0007161222338,6.167390954496158
Rg norm w/0.421,buffer regr out,All,150,Ridge,80/20,-0.03744251896428086,0.5013403783780772
Rg norm w/0.421,buffer regr out,All,150,Lasso,80/20,-0.027775551222369632,0.49899914791883015
Rg norm w/0.421,buffer regr out,All,150,Kernel Ridge,80/20,-0.033208515415662054,0.5003162989246105
Rg norm w/0.421,buffer regr out,All,150,GPR,80/20,-0.014185125203935112,0.49568899960329005
Rg norm w/0.421,buffer regr out,All,150,Linear,85/15,-471.1587527724617,12.066786473797984
Rg norm w/0.421,buffer regr out,All,150,Ridge,85/15,-0.04827845725081237,0.5685726116891627
Rg norm w/0.421,buffer regr out,All,150,Lasso,85/15,-0.06302495637211503,0.5725578001138435
Rg norm w/0.421,buffer regr out,All,150,Kernel Ridge,85/15,-0.04944468954295722,0.5688887983918826
Rg norm w/0.421,buffer regr out,All,150,GPR,85/15,-0.03066919028895354,0.5637768675635519
Rg norm w/0.421,buffer regr out,All,150,Linear,90/10,-4927.219698365983,47.24146250502165
Rg norm w/0.421,buffer regr out,All,150,Ridge,90/10,-0.07671558271003565,0.6982787135436298
Rg norm w/0.421,buffer regr out,All,150,Lasso,90/10,-0.0906809998578213,0.7027925963619988
Rg norm w/0.421,buffer regr out,All,150,Kernel Ridge,90/10,-0.07899801798513795,0.6990184317480771
Rg norm w/0.421,buffer regr out,All,150,GPR,90/10,-0.06081922494242198,0.6931049409099198
Rg norm w/0.5,buffer regr out,All,150,Linear,80/20,-138.22781431169938,4.071990439485464
Rg norm w/0.5,buffer regr out,All,150,Ridge,80/20,-0.021281321982046242,0.3487517870019725
Rg norm w/0.5,buffer regr out,All,150,Lasso,80/20,-0.029475776836650702,0.3501481314773619
Rg norm w/0.5,buffer regr out,All,150,Kernel Ridge,80/20,-0.019955149504689462,0.34852527974387015
Rg norm w/0.5,buffer regr out,All,150,GPR,80/20,-0.013897955135650841,0.34748884741978375
Rg norm w/0.5,buffer regr out,All,150,Linear,85/15,-415.8542423867763,7.9540393881621725
Rg norm w/0.5,buffer regr out,All,150,Ridge,85/15,-0.03169000068083827,0.3957038129159783
Rg norm w/0.5,buffer regr out,All,150,Lasso,85/15,-0.04164964416821171,0.39760923171666995
Rg norm w/0.5,buffer regr out,All,150,Kernel Ridge,85/15,-0.03515422463833162,0.39636760621972994
Rg norm w/0.5,buffer regr out,All,150,GPR,85/15,-0.02843869995061632,0.395079804097593
Rg norm w/0.5,buffer regr out,All,150,Linear,90/10,-4310.654486107122,30.94090951843933
Rg norm w/0.5,buffer regr out,All,150,Ridge,90/10,-0.06582762633482053,0.48646834615522505
Rg norm w/0.5,buffer regr out,All,150,Lasso,90/10,-0.07508217959354546,0.48857577728073953
Rg norm w/0.5,buffer regr out,All,150,Kernel Ridge,90/10,-0.06882654012999989,0.4871522521785431
Rg norm w/0.5,buffer regr out,All,150,GPR,90/10,-0.05972884574029469,0.48507453724987143
Rg norm w/0.406,buffer regr out,All,150,Linear,80/20,-159.72329689882233,6.669439923641457
Rg norm w/0.406,buffer regr out,All,150,Ridge,80/20,-0.04056108629823596,0.5366408625648276
Rg norm w/0.406,buffer regr out,All,150,Lasso,80/20,-0.031033495324165328,0.5341784159706253
Rg norm w/0.406,buffer regr out,All,150,Kernel Ridge,80/20,-0.03570330442235292,0.5353867632503984
Rg norm w/0.406,buffer regr out,All,150,GPR,80/20,-0.014241196221003172,0.5298105133307445
Rg norm w/0.406,buffer regr out,All,150,Linear,85/15,-482.8627402815357,13.053920144571517
Rg norm w/0.406,buffer regr out,All,150,Ridge,85/15,-0.05156272796614747,0.6085516629030373
Rg norm w/0.406,buffer regr out,All,150,Lasso,85/15,-0.06775274483286942,0.6132184450566867
Rg norm w/0.406,buffer regr out,All,150,Kernel Ridge,85/15,-0.052210416233338774,0.6087390464455695
Rg norm w/0.406,buffer regr out,All,150,GPR,85/15,-0.031114550749872905,0.6026058162048991
Rg norm w/0.406,buffer regr out,All,150,Linear,90/10,-5056.109228605508,51.158442962090305
Rg norm w/0.406,buffer regr out,All,150,Ridge,90/10,-0.07886401064849458,0.7472217485135314
Rg norm w/0.406,buffer regr out,All,150,Lasso,90/10,-0.09509917570217974,0.7528229964416276
Rg norm w/0.406,buffer regr out,All,150,Kernel Ridge,90/10,-0.0809734615258424,0.7479518951442787
Rg norm w/0.406,buffer regr out,All,150,GPR,90/10,-0.06103216835183645,0.741020847682534
Rg w/no norm,expr pH only regr out,All,150,Linear,80/20,-92.44560456982475,37.890271886586135
Rg w/no norm,expr pH only regr out,All,150,Ridge,80/20,0.16944432926634057,3.572174421922796
Rg w/no norm,expr pH only regr out,All,150,Lasso,80/20,0.1586305572890837,3.5953539373547194
Rg w/no norm,expr pH only regr out,All,150,Kernel Ridge,80/20,0.09224256601443348,3.7345062418319594
Rg w/no norm,expr pH only regr out,All,150,GPR,80/20,-0.3325147659890315,4.524642782973448
Rg w/no norm,expr pH only regr out,All,150,Linear,85/15,-261.31868070745344,69.63430965819701
Rg w/no norm,expr pH only regr out,All,150,Ridge,85/15,0.11448802220180598,4.04581373762857
Rg w/no norm,expr pH only regr out,All,150,Lasso,85/15,0.10693979243563345,4.063020692039682
Rg w/no norm,expr pH only regr out,All,150,Kernel Ridge,85/15,0.13969762083684678,3.9878078751945383
Rg w/no norm,expr pH only regr out,All,150,GPR,85/15,-0.3838826660851846,5.057760955822344
Rg w/no norm,expr pH only regr out,All,150,Linear,90/10,-13580.154889268948,571.9655293937617
Rg w/no norm,expr pH only regr out,All,150,Ridge,90/10,0.04479280217871484,4.796785496481007
Rg w/no norm,expr pH only regr out,All,150,Lasso,90/10,0.05457321558651129,4.772165050706869
Rg w/no norm,expr pH only regr out,All,150,Kernel Ridge,90/10,0.06419683378374375,4.747814691610746
Rg w/no norm,expr pH only regr out,All,150,GPR,90/10,-0.3841331358949107,5.77418158992041
Rg norm w/0.421,expr pH only regr out,All,150,Linear,80/20,-69.79658903954797,4.410521011284839
Rg norm w/0.421,expr pH only regr out,All,150,Ridge,80/20,0.09740265796628489,0.4980016176706896
Rg norm w/0.421,expr pH only regr out,All,150,Lasso,80/20,0.055673103597364104,0.5093835409867741
Rg norm w/0.421,expr pH only regr out,All,150,Kernel Ridge,80/20,0.05127718503426171,0.5105677753315542
Rg norm w/0.421,expr pH only regr out,All,150,GPR,80/20,-0.22380835854015557,0.5798830785727505
Rg norm w/0.421,expr pH only regr out,All,150,Linear,85/15,-190.98827262182735,8.009304957212006
Rg norm w/0.421,expr pH only regr out,All,150,Ridge,85/15,0.04591711192445935,0.5646125570097309
Rg norm w/0.421,expr pH only regr out,All,150,Lasso,85/15,0.019026233556020733,0.572514085528635
Rg norm w/0.421,expr pH only regr out,All,150,Kernel Ridge,85/15,0.0070284970925146295,0.576004493981383
Rg norm w/0.421,expr pH only regr out,All,150,GPR,85/15,-0.2548154039935506,0.6475113717948118
Rg norm w/0.421,expr pH only regr out,All,150,Linear,90/10,-9681.252524325833,66.16970175204403
Rg norm w/0.421,expr pH only regr out,All,150,Ridge,90/10,-0.030645655210202793,0.6826933348745979
Rg norm w/0.421,expr pH only regr out,All,150,Lasso,90/10,-0.04571271275135391,0.6876653921846072
Rg norm w/0.421,expr pH only regr out,All,150,Kernel Ridge,90/10,-0.018272384069076164,0.6785829717258742
Rg norm w/0.421,expr pH only regr out,All,150,GPR,90/10,-0.2904697392184836,0.7639147347515949
Rg norm w/0.5,expr pH only regr out,All,150,Linear,80/20,-117.27273204988013,4.354906431613484
Rg norm w/0.5,expr pH only regr out,All,150,Ridge,80/20,0.16586521747415017,0.36572498386863206
Rg norm w/0.5,expr pH only regr out,All,150,Lasso,80/20,0.0741352687068666,0.3853100034160388
Rg norm w/0.5,expr pH only regr out,All,150,Kernel Ridge,80/20,0.19412983111693938,0.3594752990441069
Rg norm w/0.5,expr pH only regr out,All,150,GPR,80/20,-0.384606531665985,0.4711939459182176
Rg norm w/0.5,expr pH only regr out,All,150,Linear,85/15,-385.41777531411964,8.491105424678812
Rg norm w/0.5,expr pH only regr out,All,150,Ridge,85/15,0.09155138267593865,0.41170474204864005
Rg norm w/0.5,expr pH only regr out,All,150,Lasso,85/15,0.02035930556871668,0.4275324601665713
Rg norm w/0.5,expr pH only regr out,All,150,Kernel Ridge,85/15,0.12492232692731287,0.40407221358276646
Rg norm w/0.5,expr pH only regr out,All,150,GPR,85/15,-0.43635178907053707,0.5176856121695869
Rg norm w/0.5,expr pH only regr out,All,150,Linear,90/10,-21402.994894571442,70.85796822452322
Rg norm w/0.5,expr pH only regr out,All,150,Ridge,90/10,-0.005132599620443878,0.48557123928853463
Rg norm w/0.5,expr pH only regr out,All,150,Lasso,90/10,-0.0467756919594251,0.4955278755089681
Rg norm w/0.5,expr pH only regr out,All,150,Kernel Ridge,90/10,0.019496345278918192,0.4795853236659107
Rg norm w/0.5,expr pH only regr out,All,150,GPR,90/10,-0.46999389005553827,0.5872175688992768
Rg norm w/0.406,expr pH only regr out,All,150,Linear,80/20,-39.310220576998134,3.422112976071459
Rg norm w/0.406,expr pH only regr out,All,150,Ridge,80/20,0.050247377865556775,0.5252813800151007
Rg norm w/0.406,expr pH only regr out,All,150,Lasso,80/20,0.04832925383284681,0.5258115426138258
Rg norm w/0.406,expr pH only regr out,All,150,Kernel Ridge,80/20,0.02206919710912225,0.5330167030093986
Rg norm w/0.406,expr pH only regr out,All,150,GPR,80/20,-0.11682794138389374,0.5696129983100302
Rg norm w/0.406,expr pH only regr out,All,150,Linear,85/15,-86.41125563595806,5.634147579735849
Rg norm w/0.406,expr pH only regr out,All,150,Ridge,85/15,0.016062352088521692,0.597762034386153
Rg norm w/0.406,expr pH only regr out,All,150,Lasso,85/15,0.013059120532230017,0.5986736013072212
Rg norm w/0.406,expr pH only regr out,All,150,Kernel Ridge,85/15,-0.009430807934015961,0.6054563199813725
Rg norm w/0.406,expr pH only regr out,All,150,GPR,85/15,-0.13785299277247232,0.6428173902448684
Rg norm w/0.406,expr pH only regr out,All,150,Linear,90/10,-4034.8377352931107,45.457475756975164
Rg norm w/0.406,expr pH only regr out,All,150,Ridge,90/10,-0.04462423378183389,0.7313386331621805
Rg norm w/0.406,expr pH only regr out,All,150,Lasso,90/10,-0.04943004630603132,0.7330189710233949
Rg norm w/0.406,expr pH only regr out,All,150,Kernel Ridge,90/10,-0.06684289806613619,0.739075324405988
Rg norm w/0.406,expr pH only regr out,All,150,GPR,90/10,-0.17946797985207108,0.7771082955403515
Rg w/no norm,expr buffer only regr out,All,150,Linear,80/20,-350.30967850936395,70.31678032339603
Rg w/no norm,expr buffer only regr out,All,150,Ridge,80/20,0.1669678831902911,3.424087012724289
Rg w/no norm,expr buffer only regr out,All,150,Lasso,80/20,0.07674037739256512,3.604755731361358
Rg w/no norm,expr buffer only regr out,All,150,Kernel Ridge,80/20,0.1031781117729954,3.552769397354497
Rg w/no norm,expr buffer only regr out,All,150,GPR,80/20,-0.3624373494090951,4.378972219365612
Rg w/no norm,expr buffer only regr out,All,150,Linear,85/15,-1133.7486481540188,135.3391945337315
Rg w/no norm,expr buffer only regr out,All,150,Ridge,85/15,0.08662198984174208,3.8397153173017067
Rg w/no norm,expr buffer only regr out,All,150,Lasso,85/15,0.08942473556875763,3.833819612562119
Rg w/no norm,expr buffer only regr out,All,150,Kernel Ridge,85/15,0.12371796712839278,3.7609339295724076
Rg w/no norm,expr buffer only regr out,All,150,GPR,85/15,-0.474477055297716,4.87857246019628
Rg w/no norm,expr buffer only regr out,All,150,Linear,90/10,-17364.53867443829,614.9299904402106
Rg w/no norm,expr buffer only regr out,All,150,Ridge,90/10,0.03710717739145064,4.578998690053845
Rg w/no norm,expr buffer only regr out,All,150,Lasso,90/10,0.047301942378178974,4.554693785347205
Rg w/no norm,expr buffer only regr out,All,150,Kernel Ridge,90/10,0.0702836381285099,4.499422560492838
Rg w/no norm,expr buffer only regr out,All,150,GPR,90/10,-0.409593819648139,5.540239483010129
Rg norm w/0.421,expr buffer only regr out,All,150,Linear,80/20,-201.05784465603733,7.261693499673222
Rg norm w/0.421,expr buffer only regr out,All,150,Ridge,80/20,0.0988622601639716,0.4849485280923736
Rg norm w/0.421,expr buffer only regr out,All,150,Lasso,80/20,0.06825464049259378,0.49311552462938923
Rg norm w/0.421,expr buffer only regr out,All,150,Kernel Ridge,80/20,0.061007357965955245,0.4950295803702511
Rg norm w/0.421,expr buffer only regr out,All,150,GPR,80/20,-0.2541610392614806,0.5721062719261362
Rg norm w/0.421,expr buffer only regr out,All,150,Linear,85/15,-590.1386019556754,13.554461466884085
Rg norm w/0.421,expr buffer only regr out,All,150,Ridge,85/15,0.03591069864407248,0.5473892181668452
Rg norm w/0.421,expr buffer only regr out,All,150,Lasso,85/15,0.018965218570968112,0.5521789031539203
Rg norm w/0.421,expr buffer only regr out,All,150,Kernel Ridge,85/15,0.0035723531239852946,0.5564940069983793
Rg norm w/0.421,expr buffer only regr out,All,150,GPR,85/15,-0.30736692634513374,0.6374356581018005
Rg norm w/0.421,expr buffer only regr out,All,150,Linear,90/10,-9353.073985433408,63.625029103900346
Rg norm w/0.421,expr buffer only regr out,All,150,Ridge,90/10,-0.017625718135558355,0.6636233076300466
Rg norm w/0.421,expr buffer only regr out,All,150,Lasso,90/10,-0.03725291798175068,0.6699924771008979
Rg norm w/0.421,expr buffer only regr out,All,150,Kernel Ridge,90/10,-0.04866833349183297,0.6736691669103743
Rg norm w/0.421,expr buffer only regr out,All,150,GPR,90/10,-0.30719189440083206,0.7521375425790685
Rg norm w/0.5,expr buffer only regr out,All,150,Linear,80/20,-208.68477896151916,5.669472275851927
Rg norm w/0.5,expr buffer only regr out,All,150,Ridge,80/20,0.16463060713541933,0.3578478913018719
Rg norm w/0.5,expr buffer only regr out,All,150,Lasso,80/20,0.08454781569622016,0.37460797212511904
Rg norm w/0.5,expr buffer only regr out,All,150,Kernel Ridge,80/20,0.10395625751032411,0.3706156791377639
Rg norm w/0.5,expr buffer only regr out,All,150,GPR,80/20,-0.42763551659045773,0.46780822652390885
Rg norm w/0.5,expr buffer only regr out,All,150,Linear,85/15,-659.669301671754,10.748085632387578
Rg norm w/0.5,expr buffer only regr out,All,150,Ridge,85/15,0.07808613944843046,0.40149877664427963
Rg norm w/0.5,expr buffer only regr out,All,150,Lasso,85/15,0.028168057725626583,0.4122252962708602
Rg norm w/0.5,expr buffer only regr out,All,150,Kernel Ridge,85/15,0.031191050906796858,0.41158366020624115
Rg norm w/0.5,expr buffer only regr out,All,150,GPR,85/15,-0.506400582508781,0.5132267586707153
Rg norm w/0.5,expr buffer only regr out,All,150,Linear,90/10,-18043.337490437214,63.934218228150144
Rg norm w/0.5,expr buffer only regr out,All,150,Ridge,90/10,0.0023965242299972545,0.4753810496712621
Rg norm w/0.5,expr buffer only regr out,All,150,Lasso,90/10,-0.04642437770902674,0.486874257509191
Rg norm w/0.5,expr buffer only regr out,All,150,Kernel Ridge,90/10,0.03301628171461202,0.4680286827687128
Rg norm w/0.5,expr buffer only regr out,All,150,GPR,90/10,-0.49543453593450804,0.5820316365366331
Rg norm w/0.406,expr buffer only regr out,All,150,Linear,80/20,-188.17535352330046,7.221464898421185
Rg norm w/0.406,expr buffer only regr out,All,150,Ridge,80/20,0.053551648769594395,0.5107889423218971
Rg norm w/0.406,expr buffer only regr out,All,150,Lasso,80/20,0.04223888124703945,0.5138325694604944
Rg norm w/0.406,expr buffer only regr out,All,150,Kernel Ridge,80/20,0.031160350595348385,0.5167958046592263
Rg norm w/0.406,expr buffer only regr out,All,150,GPR,80/20,-0.13802374514806792,0.560104019584929
Rg norm w/0.406,expr buffer only regr out,All,150,Linear,85/15,-537.3360737281815,13.50118638615315
Rg norm w/0.406,expr buffer only regr out,All,150,Ridge,85/15,0.01102263318996144,0.5786798600987643
Rg norm w/0.406,expr buffer only regr out,All,150,Lasso,85/15,0.005085532841947904,0.5804142473569261
Rg norm w/0.406,expr buffer only regr out,All,150,Kernel Ridge,85/15,-0.010874656772672076,0.5850511613601056
Rg norm w/0.406,expr buffer only regr out,All,150,GPR,85/15,-0.1742750321213109,0.630565353758987
Rg norm w/0.406,expr buffer only regr out,All,150,Linear,90/10,-5623.427279028236,52.45368159584728
Rg norm w/0.406,expr buffer only regr out,All,150,Ridge,90/10,-0.027038623130124062,0.708810611610841
Rg norm w/0.406,expr buffer only regr out,All,150,Lasso,90/10,-0.03511344861819876,0.7115915761944216
Rg norm w/0.406,expr buffer only regr out,All,150,Kernel Ridge,90/10,-0.05036486479656066,0.7168147209418995
Rg norm w/0.406,expr buffer only regr out,All,150,GPR,90/10,-0.190245749629959,0.7630537698915022
Rg w/no norm,No regr out,All,167,Linear,80/20,-0.2499158048262351,3.9398028045018574
Rg w/no norm,No regr out,All,167,Ridge,80/20,-0.04564320882072681,3.6035111134030577
Rg w/no norm,No regr out,All,167,Lasso,80/20,-0.04841972031122155,3.6082921692164325
Rg w/no norm,No regr out,All,167,Kernel Ridge,80/20,-0.03246536941658329,3.580732284978906
Rg w/no norm,No regr out,All,167,GPR,80/20,-0.07183442758713787,3.648362276039328
Rg w/no norm,No regr out,All,167,Linear,85/15,-0.2508671884631932,4.425292724749246
Rg w/no norm,No regr out,All,167,Ridge,85/15,-0.0775856534368875,4.10735559657995
Rg w/no norm,No regr out,All,167,Lasso,85/15,-0.07883861143103754,4.109742807707897
Rg w/no norm,No regr out,All,167,Kernel Ridge,85/15,-0.0713114043439409,4.095380588384765
Rg w/no norm,No regr out,All,167,GPR,85/15,-1.2890766902051882,5.986411615448685
Rg w/no norm,No regr out,All,167,Linear,90/10,-0.1430012139169834,5.080092784903911
Rg w/no norm,No regr out,All,167,Ridge,90/10,-0.1219553661465933,5.033106135973647
Rg w/no norm,No regr out,All,167,Lasso,90/10,-0.11982420716794318,5.028323660580242
Rg w/no norm,No regr out,All,167,Kernel Ridge,90/10,-0.11592658476935624,5.019565326004357
Rg w/no norm,No regr out,All,167,GPR,90/10,-0.11528424174326046,5.018120451877146
Rg norm w/0.421,No regr out,All,167,Linear,80/20,-0.13989167050453766,0.5360725826302322
Rg norm w/0.421,No regr out,All,167,Ridge,80/20,-0.03570732753461603,0.5109875633405124
Rg norm w/0.421,No regr out,All,167,Lasso,80/20,-0.03270797770273037,0.510247131350802
Rg norm w/0.421,No regr out,All,167,Kernel Ridge,80/20,-0.02911542131510747,0.5093588412257567
Rg norm w/0.421,No regr out,All,167,GPR,80/20,-0.0588604958927712,0.5166675413906816
Rg norm w/0.421,No regr out,All,167,Linear,85/15,-0.11679010378800792,0.6012833739929375
Rg norm w/0.421,No regr out,All,167,Ridge,85/15,-0.047599170384557965,0.5823592658411988
Rg norm w/0.421,No regr out,All,167,Lasso,85/15,-0.049249211674141424,0.5828177134904551
Rg norm w/0.421,No regr out,All,167,Kernel Ridge,85/15,-0.0439038417883042,0.5813312438520793
Rg norm w/0.421,No regr out,All,167,GPR,85/15,-0.0422779372862605,0.5808783489712992
Rg norm w/0.421,No regr out,All,167,Linear,90/10,-0.07951982174055106,0.7115564160618953
Rg norm w/0.421,No regr out,All,167,Ridge,90/10,-0.09617093643084762,0.7170231374310954
Rg norm w/0.421,No regr out,All,167,Lasso,90/10,-0.0864206554251632,0.7138271062517527
Rg norm w/0.421,No regr out,All,167,Kernel Ridge,90/10,-0.09278482765955354,0.7159148266120673
Rg norm w/0.421,No regr out,All,167,GPR,90/10,-0.08715923087979904,0.7140697036305329
Rg norm w/0.5,No regr out,All,167,Linear,80/20,-0.1447603850039061,0.5746283803151456
Rg norm w/0.5,No regr out,All,167,Ridge,80/20,-0.03817636772390842,0.5472242628216731
Rg norm w/0.5,No regr out,All,167,Lasso,80/20,-0.034296406001788515,0.5462007389124859
Rg norm w/0.5,No regr out,All,167,Kernel Ridge,80/20,-0.031170922337942386,0.5453748474618473
Rg norm w/0.5,No regr out,All,167,GPR,80/20,-0.06140704442880107,0.5533128526568533
Rg norm w/0.5,No regr out,All,167,Linear,85/15,-0.12158591543380615,0.6445367942759798
Rg norm w/0.5,No regr out,All,167,Ridge,85/15,-0.05021783381147471,0.6236933817974281
Rg norm w/0.5,No regr out,All,167,Lasso,85/15,-0.051415304943901896,0.624048851883824
Rg norm w/0.5,No regr out,All,167,Kernel Ridge,85/15,-0.04611261747408535,0.6224732048134156
Rg norm w/0.5,No regr out,All,167,GPR,85/15,-0.0448508964176757,0.6220977077138634
Rg norm w/0.5,No regr out,All,167,Linear,90/10,-0.0820313159793169,0.762210536907238
Rg norm w/0.5,No regr out,All,167,Ridge,90/10,-0.09799684762013561,0.7678132099594268
Rg norm w/0.5,No regr out,All,167,Lasso,90/10,-0.08850859513579623,0.7644885134379481
Rg norm w/0.5,No regr out,All,167,Kernel Ridge,90/10,-0.09452612787234349,0.766598737581415
Rg norm w/0.5,No regr out,All,167,GPR,90/10,-0.08910295075131058,0.7646972008264498
Rg norm w/0.406,No regr out,All,167,Linear,80/20,-0.11473296274025802,0.3702755574775684
Rg norm w/0.406,No regr out,All,167,Ridge,80/20,-0.022183369687037713,0.35457166622529257
Rg norm w/0.406,No regr out,All,167,Lasso,80/20,-0.02532949755009617,0.3551169063421878
Rg norm w/0.406,No regr out,All,167,Kernel Ridge,80/20,-0.01753922746652714,0.35376527672627633
Rg norm w/0.406,No regr out,All,167,GPR,80/20,-0.044919407790301014,0.35849328114224965
Rg norm w/0.406,No regr out,All,167,Linear,85/15,-0.09244852741686471,0.4152984780030118
Rg norm w/0.406,No regr out,All,167,Ridge,85/15,-0.0336906254448428,0.40397560175162284
Rg norm w/0.406,No regr out,All,167,Lasso,85/15,-0.03903704305901168,0.40501896844178603
Rg norm w/0.406,No regr out,All,167,Kernel Ridge,85/15,-0.031846732949745826,0.40361513603766785
Rg norm w/0.406,No regr out,All,167,GPR,85/15,-0.02855761640430332,0.4029713404118242
Rg norm w/0.406,No regr out,All,167,Linear,90/10,-0.06639418213941717,0.4931419588603101
Rg norm w/0.406,No regr out,All,167,Ridge,90/10,-0.08626877529729482,0.4977161354885889
Rg norm w/0.406,No regr out,All,167,Lasso,90/10,-0.07704278622219518,0.4955980062155658
Rg norm w/0.406,No regr out,All,167,Kernel Ridge,90/10,-0.08326537304572179,0.4970275966613589
Rg norm w/0.406,No regr out,All,167,GPR,90/10,-0.07668536269095183,0.4955157657092969
Rg w/no norm,pH regr out,All,167,Linear,80/20,-0.24998604053976625,3.939862833449518
Rg w/no norm,pH regr out,All,167,Ridge,80/20,-0.04565276293511178,3.603481238781143
Rg w/no norm,pH regr out,All,167,Lasso,80/20,-0.04842525090099348,3.6082552876376095
Rg w/no norm,pH regr out,All,167,Kernel Ridge,80/20,-0.04331395622574452,3.5994490378889803
Rg w/no norm,pH regr out,All,167,GPR,80/20,-0.05728015534464004,3.623460747376861
Rg w/no norm,pH regr out,All,167,Linear,85/15,-0.250925809016175,4.425333549873505
Rg w/no norm,pH regr out,All,167,Ridge,85/15,-0.07759933402344688,4.107323319886054
Rg w/no norm,pH regr out,All,167,Lasso,85/15,-0.07884157200309572,4.109690063839678
Rg w/no norm,pH regr out,All,167,Kernel Ridge,85/15,-0.07807243479857529,4.108224844484485
Rg w/no norm,pH regr out,All,167,GPR,85/15,-0.07981762508792678,4.111548709680341
Rg w/no norm,pH regr out,All,167,Linear,90/10,-0.14301480505888886,5.080063117872283
Rg w/no norm,pH regr out,All,167,Ridge,90/10,-0.12196396172633617,5.033066099751446
Rg w/no norm,pH regr out,All,167,Lasso,90/10,-0.11983237454232087,5.028282737691236
Rg w/no norm,pH regr out,All,167,Kernel Ridge,90/10,-0.12498812402724546,5.039844644545862
Rg w/no norm,pH regr out,All,167,GPR,90/10,-0.13430269527785432,5.060665851729693
Rg norm w/0.421,pH regr out,All,167,Linear,80/20,-0.13994921463962462,0.5360740199074497
Rg norm w/0.421,pH regr out,All,167,Ridge,80/20,-0.035716925761408946,0.5109784036332184
Rg norm w/0.421,pH regr out,All,167,Lasso,80/20,-0.03270636601687782,0.5102352225169738
Rg norm w/0.421,pH regr out,All,167,Kernel Ridge,80/20,-0.03534025469421742,0.510885478491938
Rg norm w/0.421,pH regr out,All,167,GPR,80/20,-0.03585571663858933,0.5110126392256773
Rg norm w/0.421,pH regr out,All,167,Linear,85/15,-0.11683527718018061,0.601280540447745
Rg norm w/0.421,pH regr out,All,167,Ridge,85/15,-0.04761395750585762,0.5823488538280616
Rg norm w/0.421,pH regr out,All,167,Lasso,85/15,-0.04925434268605011,0.5828046050926775
Rg norm w/0.421,pH regr out,All,167,Kernel Ridge,85/15,-0.05000163319317652,0.5830121080843128
Rg norm w/0.421,pH regr out,All,167,GPR,85/15,-0.04345588755456875,0.5811920084241596
Rg norm w/0.421,pH regr out,All,167,Linear,90/10,-0.07952450548538947,0.7115424429270619
Rg norm w/0.421,pH regr out,All,167,Ridge,90/10,-0.09618095757145895,0.7170107789108213
Rg norm w/0.421,pH regr out,All,167,Lasso,90/10,-0.0864247233468296,0.7138128763835027
Rg norm w/0.421,pH regr out,All,167,Kernel Ridge,90/10,-0.09548722224714012,0.7167838572396964
Rg norm w/0.421,pH regr out,All,167,GPR,90/10,-0.10054728124052748,0.7184373635196376
Rg norm w/0.5,pH regr out,All,167,Linear,80/20,-0.11478959503288522,0.3702756501495947
Rg norm w/0.5,pH regr out,All,167,Ridge,80/20,-0.02219311399739632,0.35456443856489167
Rg norm w/0.5,pH regr out,All,167,Lasso,80/20,-0.025326691597315598,0.3551074890769869
Rg norm w/0.5,pH regr out,All,167,Kernel Ridge,80/20,-0.023103568803212182,0.35472230650727227
Rg norm w/0.5,pH regr out,All,167,GPR,80/20,-0.026280916758369965,0.35527269188586924
Rg norm w/0.5,pH regr out,All,167,Linear,85/15,-0.09249318759554126,0.4152954307268513
Rg norm w/0.5,pH regr out,All,167,Ridge,85/15,-0.03370590996161682,0.40396736701629987
Rg norm w/0.5,pH regr out,All,167,Lasso,85/15,-0.03904112366512935,0.4050085134471353
Rg norm w/0.5,pH regr out,All,167,Kernel Ridge,85/15,-0.03719694287418407,0.4046489316087157
Rg norm w/0.5,pH regr out,All,167,GPR,85/15,-0.033353314284407354,0.4038984647809919
Rg norm w/0.5,pH regr out,All,167,Linear,90/10,-0.06639805008226096,0.49313076065754213
Rg norm w/0.5,pH regr out,All,167,Ridge,90/10,-0.08627925501483591,0.4977063315798488
Rg norm w/0.5,pH regr out,All,167,Lasso,90/10,-0.07704254111206099,0.49558579707462685
Rg norm w/0.5,pH regr out,All,167,Kernel Ridge,90/10,-0.08537627369442569,0.4974994267009086
Rg norm w/0.5,pH regr out,All,167,GPR,90/10,-0.09121260561847389,0.49883522103010075
Rg norm w/0.406,pH regr out,All,167,Linear,80/20,-0.1448181624428182,0.5746301770619604
Rg norm w/0.406,pH regr out,All,167,Ridge,80/20,-0.038185948081450816,0.547214689674737
Rg norm w/0.406,pH regr out,All,167,Lasso,80/20,-0.03429315827440038,0.5461878060184829
Rg norm w/0.406,pH regr out,All,167,Kernel Ridge,80/20,-0.03753208074163594,0.5470423399285685
Rg norm w/0.406,pH regr out,All,167,GPR,80/20,-0.03776608652052027,0.547104026624382
Rg norm w/0.406,pH regr out,All,167,Linear,85/15,-0.12163125106443329,0.6445340667435715
Rg norm w/0.406,pH regr out,All,167,Ridge,85/15,-0.05023254487793394,0.6236825058602605
Rg norm w/0.406,pH regr out,All,167,Lasso,85/15,-0.05142062441810147,0.6240351777453952
Rg norm w/0.406,pH regr out,All,167,Kernel Ridge,85/15,-0.052364998842350685,0.6243153656057914
Rg norm w/0.406,pH regr out,All,167,GPR,85/15,-0.04547321907372481,0.6222677340742145
Rg norm w/0.406,pH regr out,All,167,Linear,90/10,-0.082036174636821,0.7621959874965807
Rg norm w/0.406,pH regr out,All,167,Ridge,90/10,-0.09800679180905658,0.767800306612222
Rg norm w/0.406,pH regr out,All,167,Lasso,90/10,-0.0885127725869368,0.7644736711218609
Rg norm w/0.406,pH regr out,All,167,Kernel Ridge,90/10,-0.09735459917178702,0.7675722442304809
Rg norm w/0.406,pH regr out,All,167,GPR,90/10,-0.1023880740042129,0.7693306253662735
Rg w/no norm,buffer regr out,All,167,Linear,80/20,-0.6115114670108448,4.239078958883316
Rg w/no norm,buffer regr out,All,167,Ridge,80/20,-0.08795904484391959,3.483060991872808
Rg w/no norm,buffer regr out,All,167,Lasso,80/20,-0.09972381563918908,3.5018425953113375
Rg w/no norm,buffer regr out,All,167,Kernel Ridge,80/20,-0.06541810269599169,3.4467901387113646
Rg w/no norm,buffer regr out,All,167,GPR,80/20,-0.01705993901508651,3.367658770862278
Rg w/no norm,buffer regr out,All,167,Linear,85/15,-0.5368506423364365,4.601303565102668
Rg w/no norm,buffer regr out,All,167,Ridge,85/15,-0.12170850447286075,3.9310182588096128
Rg w/no norm,buffer regr out,All,167,Lasso,85/15,-0.13879788098753365,3.9608498561825
Rg w/no norm,buffer regr out,All,167,Kernel Ridge,85/15,-0.1152640159368652,3.9197096641321174
Rg w/no norm,buffer regr out,All,167,GPR,85/15,-0.04913517096320663,3.8017256937888937
Rg w/no norm,buffer regr out,All,167,Linear,90/10,-0.3690183533212208,5.263540906096482
Rg w/no norm,buffer regr out,All,167,Ridge,90/10,-0.13485839370878394,4.792302284937562
Rg w/no norm,buffer regr out,All,167,Lasso,90/10,-0.15393462878335828,4.832412181845542
Rg w/no norm,buffer regr out,All,167,Kernel Ridge,90/10,-0.1273271240724152,4.77637421848862
Rg w/no norm,buffer regr out,All,167,GPR,90/10,-0.06772950907324637,4.648405325085493
Rg norm w/0.421,buffer regr out,All,167,Linear,80/20,-0.273273663202412,0.5554072453194538
Rg norm w/0.421,buffer regr out,All,167,Ridge,80/20,-0.03816691683361628,0.5015153791714857
Rg norm w/0.421,buffer regr out,All,167,Lasso,80/20,-0.027775551222370076,0.49899914791883027
Rg norm w/0.421,buffer regr out,All,167,Kernel Ridge,80/20,-0.0333054916530553,0.5003397780447593
Rg norm w/0.421,buffer regr out,All,167,GPR,80/20,-0.014137133012377179,0.4956772712302991
Rg norm w/0.421,buffer regr out,All,167,Linear,85/15,-0.22342547650401445,0.6142375539546818
Rg norm w/0.421,buffer regr out,All,167,Ridge,85/15,-0.04880555923896823,0.5687155403584017
Rg norm w/0.421,buffer regr out,All,167,Lasso,85/15,-0.0630249563721137,0.5725578001138432
Rg norm w/0.421,buffer regr out,All,167,Kernel Ridge,85/15,-0.04950979073711648,0.5689064433264579
Rg norm w/0.421,buffer regr out,All,167,GPR,85/15,-0.03066918977497335,0.5637768674229782
Rg norm w/0.421,buffer regr out,All,167,Linear,90/10,-0.1763841064203866,0.7298823775846451
Rg norm w/0.421,buffer regr out,All,167,Ridge,90/10,-0.07681666117668717,0.6983114888124174
Rg norm w/0.421,buffer regr out,All,167,Lasso,90/10,-0.09068099985782063,0.7027925963619985
Rg norm w/0.421,buffer regr out,All,167,Kernel Ridge,90/10,-0.07900427901846818,0.6990204598200835
Rg norm w/0.421,buffer regr out,All,167,GPR,90/10,-0.06081922397829631,0.6931049405949555
Rg norm w/0.5,buffer regr out,All,167,Linear,80/20,-0.2254932283322435,0.38203152746386904
Rg norm w/0.5,buffer regr out,All,167,Ridge,80/20,-0.022010337246514355,0.3488762385195554
Rg norm w/0.5,buffer regr out,All,167,Lasso,80/20,-0.029475776836649814,0.35014813147736173
Rg norm w/0.5,buffer regr out,All,167,Kernel Ridge,80/20,-0.02006008457729669,0.3485432077796948
Rg norm w/0.5,buffer regr out,All,167,GPR,80/20,-0.013868352610946433,0.34748377461032465
Rg norm w/0.5,buffer regr out,All,167,Linear,85/15,-0.18103742518362975,0.42337718827930576
Rg norm w/0.5,buffer regr out,All,167,Ridge,85/15,-0.03220960488725355,0.3958034472458642
Rg norm w/0.5,buffer regr out,All,167,Lasso,85/15,-0.04164964416821082,0.3976092317166698
Rg norm w/0.5,buffer regr out,All,167,Kernel Ridge,85/15,-0.035224587638507776,0.3963810772269289
Rg norm w/0.5,buffer regr out,All,167,GPR,85/15,-0.028438748901049804,0.3950798134998682
Rg norm w/0.5,buffer regr out,All,167,Linear,90/10,-0.14913873381887788,0.5051232186151785
Rg norm w/0.5,buffer regr out,All,167,Ridge,90/10,-0.06594560208708589,0.4864952688393463
Rg norm w/0.5,buffer regr out,All,167,Lasso,90/10,-0.07508217959354568,0.4885757772807396
Rg norm w/0.5,buffer regr out,All,167,Kernel Ridge,90/10,-0.06883796745075088,0.4871548563570285
Rg norm w/0.5,buffer regr out,All,167,GPR,90/10,-0.05972884553069835,0.48507453720190163
Rg norm w/0.406,buffer regr out,All,167,Linear,80/20,-0.28292132670312964,0.5958678600106367
Rg norm w/0.406,buffer regr out,All,167,Ridge,80/20,-0.041284004490242276,0.5368272428216367
Rg norm w/0.406,buffer regr out,All,167,Lasso,80/20,-0.031033495324165106,0.5341784159706253
Rg norm w/0.406,buffer regr out,All,167,Kernel Ridge,80/20,-0.035798582887705876,0.5354113888626932
Rg norm w/0.406,buffer regr out,All,167,GPR,80/20,-0.0141893108289739,0.5297969614370405
Rg norm w/0.406,buffer regr out,All,167,Linear,85/15,-0.23203199164186827,0.6587048389627844
Rg norm w/0.406,buffer regr out,All,167,Ridge,85/15,-0.052091292294279556,0.6087045868714714
Rg norm w/0.406,buffer regr out,All,167,Lasso,85/15,-0.06775274483286786,0.6132184450566862
Rg norm w/0.406,buffer regr out,All,167,Kernel Ridge,85/15,-0.05227441399458854,0.6087575585906679
Rg norm w/0.406,buffer regr out,All,167,GPR,85/15,-0.031114548838329315,0.6026058156463252
Rg norm w/0.406,buffer regr out,All,167,Linear,90/10,-0.1818438470671706,0.7820710326237215
Rg norm w/0.406,buffer regr out,All,167,Ridge,90/10,-0.07896183246674782,0.7472556234655825
Rg norm w/0.406,buffer regr out,All,167,Lasso,90/10,-0.09509917570217907,0.7528229964416275
Rg norm w/0.406,buffer regr out,All,167,Kernel Ridge,90/10,-0.08097864465125881,0.7479536883075565
Rg norm w/0.406,buffer regr out,All,167,GPR,90/10,-0.0610321670267282,0.7410208472198087
Rg w/no norm,expr pH only regr out,All,167,Linear,80/20,-0.0031562995179752473,3.9258399026163464
Rg w/no norm,expr pH only regr out,All,167,Ridge,80/20,0.16698754582145647,3.577453766208114
Rg w/no norm,expr pH only regr out,All,167,Lasso,80/20,0.1586305572890817,3.5953539373547234
Rg w/no norm,expr pH only regr out,All,167,Kernel Ridge,80/20,0.09177019241869133,3.7354777859029302
Rg w/no norm,expr pH only regr out,All,167,GPR,80/20,-0.3313979841804897,4.522746331968874
Rg w/no norm,expr pH only regr out,All,167,Linear,85/15,-0.046848229220993964,4.398965197799859
Rg w/no norm,expr pH only regr out,All,167,Ridge,85/15,0.11209464564190597,4.051277594632479
Rg w/no norm,expr pH only regr out,All,167,Lasso,85/15,0.10693979243563001,4.06302069203969
Rg w/no norm,expr pH only regr out,All,167,Kernel Ridge,85/15,0.13569162099031973,3.9970817097244855
Rg w/no norm,expr pH only regr out,All,167,GPR,85/15,-0.38339384879839367,5.056867621652428
Rg w/no norm,expr pH only regr out,All,167,Linear,90/10,-0.03736419951839243,4.998815788508764
Rg w/no norm,expr pH only regr out,All,167,Ridge,90/10,0.04202712413839049,4.803724711062477
Rg w/no norm,expr pH only regr out,All,167,Lasso,90/10,0.0545732155865114,4.772165050706869
Rg w/no norm,expr pH only regr out,All,167,Kernel Ridge,90/10,0.05946522325540049,4.759802514315662
Rg w/no norm,expr pH only regr out,All,167,GPR,90/10,-0.21347488926640157,5.406508644972846
Rg norm w/0.421,expr pH only regr out,All,167,Linear,80/20,-0.003565920407998746,0.525117728565539
Rg norm w/0.421,expr pH only regr out,All,167,Ridge,80/20,0.09532410076331099,0.4985747024500675
Rg norm w/0.421,expr pH only regr out,All,167,Lasso,80/20,0.055673103597364104,0.5093835409867741
Rg norm w/0.421,expr pH only regr out,All,167,Kernel Ridge,80/20,0.05092223416299313,0.510663277161063
Rg norm w/0.421,expr pH only regr out,All,167,GPR,80/20,-0.22321807627402612,0.5797432135439561
Rg norm w/0.421,expr pH only regr out,All,167,Linear,85/15,-0.03238308595901307,0.5873242322649546
Rg norm w/0.421,expr pH only regr out,All,167,Ridge,85/15,0.043811813623402474,0.5652351563951232
Rg norm w/0.421,expr pH only regr out,All,167,Lasso,85/15,0.019026233556020733,0.572514085528635
Rg norm w/0.421,expr pH only regr out,All,167,Kernel Ridge,85/15,0.006697097008979913,0.5761006055074981
Rg norm w/0.421,expr pH only regr out,All,167,GPR,85/15,-0.25480864929017044,0.6475096290073373
Rg norm w/0.421,expr pH only regr out,All,167,Linear,90/10,-0.05183280337246976,0.6896747560814005
Rg norm w/0.421,expr pH only regr out,All,167,Ridge,90/10,-0.033002590383832686,0.6834734987712806
Rg norm w/0.421,expr pH only regr out,All,167,Lasso,90/10,-0.045712712751442286,0.6876653921846362
Rg norm w/0.421,expr pH only regr out,All,167,Kernel Ridge,90/10,-0.022315836716795934,0.6799289277283795
Rg norm w/0.421,expr pH only regr out,All,167,GPR,90/10,-0.2904553520693407,0.763910476385234
Rg norm w/0.5,expr pH only regr out,All,167,Linear,80/20,0.08457383108929972,0.38313177836552353
Rg norm w/0.5,expr pH only regr out,All,167,Ridge,80/20,0.1631367530709552,0.36632264083218113
Rg norm w/0.5,expr pH only regr out,All,167,Lasso,80/20,0.07413526870686671,0.38531000341603877
Rg norm w/0.5,expr pH only regr out,All,167,Kernel Ridge,80/20,0.18974168351872656,0.3604526829886782
Rg norm w/0.5,expr pH only regr out,All,167,GPR,80/20,-0.3843578909997796,0.4711516367010943
Rg norm w/0.5,expr pH only regr out,All,167,Linear,85/15,0.036286952019953134,0.42404266440738336
Rg norm w/0.5,expr pH only regr out,All,167,Ridge,85/15,0.08870960251572557,0.4123481801059183
Rg norm w/0.5,expr pH only regr out,All,167,Lasso,85/15,0.02035930556871668,0.4275324601665713
Rg norm w/0.5,expr pH only regr out,All,167,Kernel Ridge,85/15,0.120128001343203,0.4051776054960011
Rg norm w/0.5,expr pH only regr out,All,167,GPR,85/15,-0.43633048654932716,0.51768177325989
Rg norm w/0.5,expr pH only regr out,All,167,Linear,90/10,-0.03380194975632733,0.49244751399045156
Rg norm w/0.5,expr pH only regr out,All,167,Ridge,90/10,-0.008801422872765974,0.4864566211668064
Rg norm w/0.5,expr pH only regr out,All,167,Lasso,90/10,-0.046775691959607624,0.4955278755090113
Rg norm w/0.5,expr pH only regr out,All,167,Kernel Ridge,90/10,0.013162012553472824,0.48113195861797575
Rg norm w/0.5,expr pH only regr out,All,167,GPR,90/10,-0.4699928347472262,0.5872173581175528
Rg norm w/0.406,expr pH only regr out,All,167,Linear,80/20,-0.06215173996528245,0.5554948515734509
Rg norm w/0.406,expr pH only regr out,All,167,Ridge,80/20,0.048658996384975284,0.525720441010652
Rg norm w/0.406,expr pH only regr out,All,167,Lasso,80/20,0.048329253832818164,0.5258115426138338
Rg norm w/0.406,expr pH only regr out,All,167,Kernel Ridge,80/20,0.02181058366884181,0.5330871763858409
Rg norm w/0.406,expr pH only regr out,All,167,GPR,80/20,-0.11559149588002926,0.56929760036699
Rg norm w/0.406,expr pH only regr out,All,167,Linear,85/15,-0.07532478680493182,0.6249055294858683
Rg norm w/0.406,expr pH only regr out,All,167,Ridge,85/15,0.014492740059443787,0.5982386299284066
Rg norm w/0.406,expr pH only regr out,All,167,Lasso,85/15,0.013059120532229573,0.5986736013072214
Rg norm w/0.406,expr pH only regr out,All,167,Kernel Ridge,85/15,-0.009667614618247056,0.6055273341086598
Rg norm w/0.406,expr pH only regr out,All,167,GPR,85/15,-0.1377779197853124,0.6427961840706047
Rg norm w/0.406,expr pH only regr out,All,167,Linear,90/10,-0.06188353526539414,0.7373554777833421
Rg norm w/0.406,expr pH only regr out,All,167,Ridge,90/10,-0.04617077017514837,0.7318797959393117
Rg norm w/0.406,expr pH only regr out,All,167,Lasso,90/10,-0.04943004630603243,0.7330189710233951
Rg norm w/0.406,expr pH only regr out,All,167,Kernel Ridge,90/10,-0.0670613383687455,0.7391509848310548
Rg norm w/0.406,expr pH only regr out,All,167,GPR,90/10,-0.12349096233657986,0.7584435442401675
Rg w/no norm,expr buffer only regr out,All,167,Linear,80/20,-0.1420177813725072,4.009131972915475
Rg w/no norm,expr buffer only regr out,All,167,Ridge,80/20,0.16532185980083147,3.4274682424383176
Rg w/no norm,expr buffer only regr out,All,167,Lasso,80/20,0.07674037739256556,3.6047557313613576
Rg w/no norm,expr buffer only regr out,All,167,Kernel Ridge,80/20,0.10285198194077583,3.55341532202728
Rg w/no norm,expr buffer only regr out,All,167,GPR,80/20,-0.3624521381381043,4.378995985323653
Rg w/no norm,expr buffer only regr out,All,167,Linear,85/15,-0.1990275199532534,4.399348089412978
Rg w/no norm,expr buffer only regr out,All,167,Ridge,85/15,0.08493837265425053,3.843252535376673
Rg w/no norm,expr buffer only regr out,All,167,Lasso,85/15,0.08942473556875441,3.833819612562125
Rg w/no norm,expr buffer only regr out,All,167,Kernel Ridge,85/15,0.12075991870248926,3.7672764377224355
Rg w/no norm,expr buffer only regr out,All,167,GPR,85/15,-0.47447726135045154,4.8785728010775316
Rg w/no norm,expr buffer only regr out,All,167,Linear,90/10,-0.14497375999601347,4.993204019557773
Rg w/no norm,expr buffer only regr out,All,167,Ridge,90/10,0.034967688055913326,4.584082995775031
Rg w/no norm,expr buffer only regr out,All,167,Lasso,90/10,0.047301942378176975,4.55469378534721
Rg w/no norm,expr buffer only regr out,All,167,Kernel Ridge,90/10,0.06645053022125602,4.508688306942232
Rg w/no norm,expr buffer only regr out,All,167,GPR,90/10,-0.40959363007900595,5.540239110470743
Rg norm w/0.421,expr buffer only regr out,All,167,Linear,80/20,-0.06381024277059,0.5269047819820015
Rg norm w/0.421,expr buffer only regr out,All,167,Ridge,80/20,0.09722870225777369,0.485387879801005
Rg norm w/0.421,expr buffer only regr out,All,167,Lasso,80/20,0.068254640492594,0.4931155246293892
Rg norm w/0.421,expr buffer only regr out,All,167,Kernel Ridge,80/20,0.06073624290810731,0.49510104008202527
Rg norm w/0.421,expr buffer only regr out,All,167,GPR,80/20,-0.2541348540498154,0.5721002994865724
Rg norm w/0.421,expr buffer only regr out,All,167,Linear,85/15,-0.10793528579767875,0.5868063492399632
Rg norm w/0.421,expr buffer only regr out,All,167,Ridge,85/15,0.03423748547620231,0.5478640195139638
Rg norm w/0.421,expr buffer only regr out,All,167,Lasso,85/15,0.018965218570968334,0.5521789031539203
Rg norm w/0.421,expr buffer only regr out,All,167,Kernel Ridge,85/15,0.003315984331099142,0.5565655919859002
Rg norm w/0.421,expr buffer only regr out,All,167,GPR,85/15,-0.3073669259549332,0.637435658006675
Rg norm w/0.421,expr buffer only regr out,All,167,Linear,90/10,-0.11177375094571174,0.6936426707613235
Rg norm w/0.421,expr buffer only regr out,All,167,Ridge,90/10,-0.019510396938242636,0.664237550274118
Rg norm w/0.421,expr buffer only regr out,All,167,Lasso,90/10,-0.037252917981736244,0.6699924771008934
Rg norm w/0.421,expr buffer only regr out,All,167,Kernel Ridge,90/10,-0.04894691100111226,0.6737586406795063
Rg norm w/0.421,expr buffer only regr out,All,167,GPR,90/10,-0.30719189378155054,0.7521375424009061
Rg norm w/0.5,expr buffer only regr out,All,167,Linear,80/20,0.07069556591325243,0.37743153863150775
Rg norm w/0.5,expr buffer only regr out,All,167,Ridge,80/20,0.16232266097334014,0.358341878763791
Rg norm w/0.5,expr buffer only regr out,All,167,Lasso,80/20,0.0845478156962205,0.374607972125119
Rg norm w/0.5,expr buffer only regr out,All,167,Kernel Ridge,80/20,0.10355377565671497,0.37069890573247505
Rg norm w/0.5,expr buffer only regr out,All,167,GPR,80/20,-0.42760983425133103,0.46780401870496147
Rg norm w/0.5,expr buffer only regr out,All,167,Linear,85/15,-0.005221168552188571,0.4192469066729295
Rg norm w/0.5,expr buffer only regr out,All,167,Ridge,85/15,0.07564471132489936,0.4020300531218936
Rg norm w/0.5,expr buffer only regr out,All,167,Lasso,85/15,0.028168057725675766,0.41222529627084975
Rg norm w/0.5,expr buffer only regr out,All,167,Kernel Ridge,85/15,0.030796270178931495,0.41166750994135237
Rg norm w/0.5,expr buffer only regr out,All,167,GPR,85/15,-0.5064005104965854,0.5132267464035314
Rg norm w/0.5,expr buffer only regr out,All,167,Linear,90/10,-0.0539223557979307,0.4886154518685326
Rg norm w/0.5,expr buffer only regr out,All,167,Ridge,90/10,-0.0007696939810144521,0.47613484002291767
Rg norm w/0.5,expr buffer only regr out,All,167,Lasso,90/10,-0.046424377709011866,0.48687425750918756
Rg norm w/0.5,expr buffer only regr out,All,167,Kernel Ridge,90/10,0.02750597828708523,0.46936030624553476
Rg norm w/0.5,expr buffer only regr out,All,167,GPR,90/10,-0.49543453271513327,0.5820316359101336
Rg norm w/0.406,expr buffer only regr out,All,167,Linear,80/20,-0.15649765094314305,0.5646318923820356
Rg norm w/0.406,expr buffer only regr out,All,167,Ridge,80/20,0.05236168305580802,0.5111099478974976
Rg norm w/0.406,expr buffer only regr out,All,167,Lasso,80/20,0.04223888124703934,0.5138325694604944
Rg norm w/0.406,expr buffer only regr out,All,167,Kernel Ridge,80/20,0.03097707030342689,0.5168446847844512
Rg norm w/0.406,expr buffer only regr out,All,167,GPR,80/20,-0.13799422347029933,0.5600967546584761
Rg norm w/0.406,expr buffer only regr out,All,167,Linear,85/15,-0.16949150782928446,0.6292797082751972
Rg norm w/0.406,expr buffer only regr out,All,167,Ridge,85/15,0.009850261954100548,0.5790227530233877
Rg norm w/0.406,expr buffer only regr out,All,167,Lasso,85/15,0.005085532841947904,0.5804142473569261
Rg norm w/0.406,expr buffer only regr out,All,167,Kernel Ridge,85/15,-0.011040474787712862,0.5850991435919422
Rg norm w/0.406,expr buffer only regr out,All,167,GPR,85/15,-0.17427503156063762,0.6305653536084512
Rg norm w/0.406,expr buffer only regr out,All,167,Linear,90/10,-0.14636447930673002,0.7488557745864742
Rg norm w/0.406,expr buffer only regr out,All,167,Ridge,90/10,-0.028167749282071552,0.7092001377341393
Rg norm w/0.406,expr buffer only regr out,All,167,Lasso,90/10,-0.03511344861819632,0.7115915761944208
Rg norm w/0.406,expr buffer only regr out,All,167,Kernel Ridge,90/10,-0.0505167764056047,0.7168665546162578
Rg norm w/0.406,expr buffer only regr out,All,167,GPR,90/10,-0.19024574938667893,0.76305376981352
Rg w/no norm,No regr out,Inliers,-1,Linear,80/20,0.6047817896779977,0.8696656380633557
Rg w/no norm,No regr out,Inliers,-1,Ridge,80/20,0.7002390837818366,0.7573930940254114
Rg w/no norm,No regr out,Inliers,-1,Lasso,80/20,0.6781410028534751,0.7848138596663565
Rg w/no norm,No regr out,Inliers,-1,Kernel Ridge,80/20,0.7354273212896809,0.7115514931498852
Rg w/no norm,No regr out,Inliers,-1,GPR,80/20,0.7368934656194172,0.7095772029474221
Rg w/no norm,No regr out,Inliers,-1,Linear,85/15,0.6153107380075011,0.8710366487102198
Rg w/no norm,No regr out,Inliers,-1,Ridge,85/15,0.6858700327521601,0.7871111795885185
Rg w/no norm,No regr out,Inliers,-1,Lasso,85/15,0.632338030400287,0.8515413683151509
Rg w/no norm,No regr out,Inliers,-1,Kernel Ridge,85/15,0.7193734316811423,0.7439534962097859
Rg w/no norm,No regr out,Inliers,-1,GPR,85/15,0.6843948465423526,0.788957191856581
Rg w/no norm,No regr out,Inliers,-1,Linear,90/10,0.5657845859550774,0.8709719039941284
Rg w/no norm,No regr out,Inliers,-1,Ridge,90/10,0.6066844442728211,0.8289380767623392
Rg w/no norm,No regr out,Inliers,-1,Lasso,90/10,0.5496120407093344,0.8870434907172068
Rg w/no norm,No regr out,Inliers,-1,Kernel Ridge,90/10,0.6655490549175701,0.7643948304649487
Rg w/no norm,No regr out,Inliers,-1,GPR,90/10,0.6609646717870874,0.7696158531065458
Rg norm w/0.421,No regr out,Inliers,-1,Linear,80/20,-0.0038639104483277897,0.09220888802428645
Rg norm w/0.421,No regr out,Inliers,-1,Ridge,80/20,0.3745954024676421,0.07278064479354861
Rg norm w/0.421,No regr out,Inliers,-1,Lasso,80/20,0.35651154293448184,0.07382538908828461
Rg norm w/0.421,No regr out,Inliers,-1,Kernel Ridge,80/20,0.2753231122580364,0.07834432973173074
Rg norm w/0.421,No regr out,Inliers,-1,GPR,80/20,0.26872951957932145,0.07869993710464887
Rg norm w/0.421,No regr out,Inliers,-1,Linear,85/15,0.1508629868747441,0.08732352419692238
Rg norm w/0.421,No regr out,Inliers,-1,Ridge,85/15,0.42092446732126154,0.07211240442826544
Rg norm w/0.421,No regr out,Inliers,-1,Lasso,85/15,0.36535644579583415,0.07549310801808408
Rg norm w/0.421,No regr out,Inliers,-1,Kernel Ridge,85/15,0.44207121823301543,0.07078345411123897
Rg norm w/0.421,No regr out,Inliers,-1,GPR,85/15,0.20670525116437266,0.08440334498529023
Rg norm w/0.421,No regr out,Inliers,-1,Linear,90/10,0.20558522550176117,0.08855046240154561
Rg norm w/0.421,No regr out,Inliers,-1,Ridge,90/10,0.46930421161921476,0.07237523679182978
Rg norm w/0.421,No regr out,Inliers,-1,Lasso,90/10,0.4698090916888674,0.07234080132960208
Rg norm w/0.421,No regr out,Inliers,-1,Kernel Ridge,90/10,0.48875883083738003,0.07103625977930354
Rg norm w/0.421,No regr out,Inliers,-1,GPR,90/10,0.3376733371104016,0.08085433254710024
Rg norm w/0.5,No regr out,Inliers,-1,Linear,80/20,0.08875025886524468,0.06331167712041588
Rg norm w/0.5,No regr out,Inliers,-1,Ridge,80/20,0.4672585659414945,0.04840869184879642
Rg norm w/0.5,No regr out,Inliers,-1,Lasso,80/20,0.3130079281823921,0.054971928340121747
Rg norm w/0.5,No regr out,Inliers,-1,Kernel Ridge,80/20,0.49179170684137485,0.0472809270192841
Rg norm w/0.5,No regr out,Inliers,-1,GPR,80/20,0.3322986006744024,0.05419462959056772
Rg norm w/0.5,No regr out,Inliers,-1,Linear,85/15,0.21708921387377678,0.060367771398585644
Rg norm w/0.5,No regr out,Inliers,-1,Ridge,85/15,0.5071012620839894,0.04789915567934946
Rg norm w/0.5,No regr out,Inliers,-1,Lasso,85/15,0.34491391773880675,0.05522022748384436
Rg norm w/0.5,No regr out,Inliers,-1,Kernel Ridge,85/15,0.5109568185184755,0.04771144931056546
Rg norm w/0.5,No regr out,Inliers,-1,GPR,85/15,0.2742441822224635,0.05812249757372346
Rg norm w/0.5,No regr out,Inliers,-1,Linear,90/10,0.2505407697685531,0.06098845422157636
Rg norm w/0.5,No regr out,Inliers,-1,Ridge,90/10,0.5284711410855479,0.04837575529451943
Rg norm w/0.5,No regr out,Inliers,-1,Lasso,90/10,0.4039241977372907,0.0543906646338122
Rg norm w/0.5,No regr out,Inliers,-1,Kernel Ridge,90/10,0.5380203734813647,0.04788340564793572
Rg norm w/0.5,No regr out,Inliers,-1,GPR,90/10,0.3866267125427999,0.05517420053157187
Rg norm w/0.406,No regr out,Inliers,-1,Linear,80/20,-0.008041841639225167,0.09904188590182837
Rg norm w/0.406,No regr out,Inliers,-1,Ridge,80/20,0.36419097184040317,0.07865801220315648
Rg norm w/0.406,No regr out,Inliers,-1,Lasso,80/20,0.3612906997914085,0.07883720914740587
Rg norm w/0.406,No regr out,Inliers,-1,Kernel Ridge,80/20,0.270324289428308,0.08426448418642304
Rg norm w/0.406,No regr out,Inliers,-1,GPR,80/20,0.26703927585669773,0.08445395131447707
Rg norm w/0.406,No regr out,Inliers,-1,Linear,85/15,0.1476652508471934,0.0937101421214077
Rg norm w/0.406,No regr out,Inliers,-1,Ridge,85/15,0.4098574498141446,0.07797582236644066
Rg norm w/0.406,No regr out,Inliers,-1,Lasso,85/15,0.37092611008955956,0.08050675635640907
Rg norm w/0.406,No regr out,Inliers,-1,Kernel Ridge,85/15,0.4345762988030579,0.07632529714287412
Rg norm w/0.406,No regr out,Inliers,-1,GPR,85/15,0.20349307909410497,0.0905891690603456
Rg norm w/0.406,No regr out,Inliers,-1,Linear,90/10,0.20453377273691675,0.09509506976988492
Rg norm w/0.406,No regr out,Inliers,-1,Ridge,90/10,0.46190164900282993,0.07821282256628853
Rg norm w/0.406,No regr out,Inliers,-1,Lasso,90/10,0.47716931894163783,0.07709525710864848
Rg norm w/0.406,No regr out,Inliers,-1,Kernel Ridge,90/10,0.4836085185528295,0.0766190324237382
Rg norm w/0.406,No regr out,Inliers,-1,GPR,90/10,0.33514328734293064,0.08693830276173355
Rg w/no norm,pH regr out,Inliers,-1,Linear,80/20,0.6047192810889847,0.8696969789092925
Rg w/no norm,pH regr out,Inliers,-1,Ridge,80/20,0.70018221839935,0.7574323314415727
Rg w/no norm,pH regr out,Inliers,-1,Lasso,80/20,0.6781003232069895,0.7848296762877677
Rg w/no norm,pH regr out,Inliers,-1,Kernel Ridge,80/20,0.7043655018032489,0.7521296366125427
Rg w/no norm,pH regr out,Inliers,-1,GPR,80/20,0.7113105502365699,0.7432426146490987
Rg w/no norm,pH regr out,Inliers,-1,Linear,85/15,0.6152485262769206,0.8710574556322719
Rg w/no norm,pH regr out,Inliers,-1,Ridge,85/15,0.6858166580702967,0.7871332058051691
Rg w/no norm,pH regr out,Inliers,-1,Lasso,85/15,0.6322934087460809,0.8515445304175139
Rg w/no norm,pH regr out,Inliers,-1,Kernel Ridge,85/15,0.6835372112131763,0.7899834296664126
Rg w/no norm,pH regr out,Inliers,-1,GPR,85/15,0.6577857140125911,0.8214965126098431
Rg w/no norm,pH regr out,Inliers,-1,Linear,90/10,0.5657718003677068,0.8709390599369835
Rg w/no norm,pH regr out,Inliers,-1,Ridge,90/10,0.6066272831028903,0.8289548444586817
Rg w/no norm,pH regr out,Inliers,-1,Lasso,90/10,0.5495743383201103,0.8870341066606339
Rg w/no norm,pH regr out,Inliers,-1,Kernel Ridge,90/10,0.618808519708474,0.8160191468194282
Rg w/no norm,pH regr out,Inliers,-1,GPR,90/10,0.6244202223306825,0.8099903717955802
Rg norm w/0.421,pH regr out,Inliers,-1,Linear,80/20,-0.003960533908357267,0.09220988911187192
Rg norm w/0.421,pH regr out,Inliers,-1,Ridge,80/20,0.37457367022955534,0.07277919701592324
Rg norm w/0.421,pH regr out,Inliers,-1,Lasso,80/20,0.35652830146843983,0.0738216766076458
Rg norm w/0.421,pH regr out,Inliers,-1,Kernel Ridge,80/20,0.2666247164647847,0.07881017899694596
Rg norm w/0.421,pH regr out,Inliers,-1,GPR,80/20,0.21254507368156383,0.08166426007707911
Rg norm w/0.421,pH regr out,Inliers,-1,Linear,85/15,0.15076870772852569,0.08732421305718505
Rg norm w/0.421,pH regr out,Inliers,-1,Ridge,85/15,0.4209180936361069,0.07210936713672257
Rg norm w/0.421,pH regr out,Inliers,-1,Lasso,85/15,0.36536054860188627,0.07548926888232933
Rg norm w/0.421,pH regr out,Inliers,-1,Kernel Ridge,85/15,0.2804971071969058,0.08037814117677275
Rg norm w/0.421,pH regr out,Inliers,-1,GPR,85/15,0.24063627665937115,0.08257462484892039
Rg norm w/0.421,pH regr out,Inliers,-1,Linear,90/10,0.20562996416391832,0.0885426956893367
Rg norm w/0.421,pH regr out,Inliers,-1,Ridge,90/10,0.469307872781785,0.07237067703058768
Rg norm w/0.421,pH regr out,Inliers,-1,Lasso,90/10,0.46987613939631556,0.07233191929061751
Rg norm w/0.421,pH regr out,Inliers,-1,Kernel Ridge,90/10,0.4611601444992063,0.07292411520881639
Rg norm w/0.421,pH regr out,Inliers,-1,GPR,90/10,0.35890490638196415,0.07954310495417423
Rg norm w/0.5,pH regr out,Inliers,-1,Linear,80/20,0.0887038915116013,0.06331132170214088
Rg norm w/0.5,pH regr out,Inliers,-1,Ridge,80/20,0.46726881459343206,0.048406722930057766
Rg norm w/0.5,pH regr out,Inliers,-1,Lasso,80/20,0.3130035383830826,0.05497039685167215
Rg norm w/0.5,pH regr out,Inliers,-1,Kernel Ridge,80/20,0.34664740304116615,0.053607485036935944
Rg norm w/0.5,pH regr out,Inliers,-1,GPR,80/20,0.23845245824075012,0.05787621649070598
Rg norm w/0.5,pH regr out,Inliers,-1,Linear,85/15,0.2170320763191388,0.06036751585318271
Rg norm w/0.5,pH regr out,Inliers,-1,Ridge,85/15,0.507124706066083,0.047896066063496515
Rg norm w/0.5,pH regr out,Inliers,-1,Lasso,85/15,0.34490976185738065,0.05521815398765771
Rg norm w/0.5,pH regr out,Inliers,-1,Kernel Ridge,85/15,0.32065044969821577,0.05623127951166108
Rg norm w/0.5,pH regr out,Inliers,-1,GPR,85/15,0.26802589514455055,0.0583685867722084
Rg norm w/0.5,pH regr out,Inliers,-1,Linear,90/10,0.25063065297135445,0.06098137710711452
Rg norm w/0.5,pH regr out,Inliers,-1,Ridge,90/10,0.5285026118880443,0.04837142827010484
Rg norm w/0.5,pH regr out,Inliers,-1,Lasso,90/10,0.4039701269739552,0.05438551920368265
Rg norm w/0.5,pH regr out,Inliers,-1,Kernel Ridge,90/10,0.523269226400125,0.0486391368080861
Rg norm w/0.5,pH regr out,Inliers,-1,GPR,90/10,0.3982213087770674,0.05464716899075454
Rg norm w/0.406,pH regr out,Inliers,-1,Linear,80/20,-0.008148232630173391,0.09904324667561933
Rg norm w/0.406,pH regr out,Inliers,-1,Ridge,80/20,0.36416180771434525,0.07865674621902512
Rg norm w/0.406,pH regr out,Inliers,-1,Lasso,80/20,0.36127270669612943,0.07883524267726803
Rg norm w/0.406,pH regr out,Inliers,-1,Kernel Ridge,80/20,0.260845475770369,0.0848067248346043
Rg norm w/0.406,pH regr out,Inliers,-1,GPR,80/20,0.21826052565592746,0.08721550361569073
Rg norm w/0.406,pH regr out,Inliers,-1,Linear,85/15,0.14756323729282061,0.09371108994088727
Rg norm w/0.406,pH regr out,Inliers,-1,Ridge,85/15,0.40984374447044625,0.07797285045766093
Rg norm w/0.406,pH regr out,Inliers,-1,Lasso,85/15,0.3709118464184885,0.0805036658594451
Rg norm w/0.406,pH regr out,Inliers,-1,Kernel Ridge,85/15,0.28125241040735494,0.08604945106946017
Rg norm w/0.406,pH regr out,Inliers,-1,GPR,85/15,0.24274575659140996,0.08832441332433537
Rg norm w/0.406,pH regr out,Inliers,-1,Linear,90/10,0.20456964829374258,0.09508717569340937
Rg norm w/0.406,pH regr out,Inliers,-1,Ridge,90/10,0.4618992631300648,0.07820826692382446
Rg norm w/0.406,pH regr out,Inliers,-1,Lasso,90/10,0.4772310010364561,0.0770860480549644
Rg norm w/0.406,pH regr out,Inliers,-1,Kernel Ridge,90/10,0.4534976401816687,0.07881645359157005
Rg norm w/0.406,pH regr out,Inliers,-1,GPR,90/10,0.3575844536097086,0.08545331005605176
Rg w/no norm,buffer regr out,Inliers,-1,Linear,80/20,-2.2100304166904507,2.2038010226405875
Rg w/no norm,buffer regr out,Inliers,-1,Ridge,80/20,0.3265604607474968,1.0094088593071466
Rg w/no norm,buffer regr out,Inliers,-1,Lasso,80/20,0.39296390054318264,0.9583520270437633
Rg w/no norm,buffer regr out,Inliers,-1,Kernel Ridge,80/20,0.30201537568693715,1.0276393703386346
Rg w/no norm,buffer regr out,Inliers,-1,GPR,80/20,-0.10628375860179107,1.2937521208286964
Rg w/no norm,buffer regr out,Inliers,-1,Linear,85/15,-1.9968233718127029,1.992041313691563
Rg w/no norm,buffer regr out,Inliers,-1,Ridge,85/15,0.3341914887467148,0.9389499409098689
Rg w/no norm,buffer regr out,Inliers,-1,Lasso,85/15,0.46236340849323476,0.8437468747407469
Rg w/no norm,buffer regr out,Inliers,-1,Kernel Ridge,85/15,0.3398082869259018,0.9349810353557998
Rg w/no norm,buffer regr out,Inliers,-1,GPR,85/15,-0.11253876588807343,1.2137391035177254
Rg w/no norm,buffer regr out,Inliers,-1,Linear,90/10,-2.7197894943435057,2.198873882761276
Rg w/no norm,buffer regr out,Inliers,-1,Ridge,90/10,0.3674897288373208,0.9067236224181336
Rg w/no norm,buffer regr out,Inliers,-1,Lasso,90/10,0.47318171651221963,0.827506776004761
Rg w/no norm,buffer regr out,Inliers,-1,Kernel Ridge,90/10,0.39231589291091185,0.88875095075272
Rg w/no norm,buffer regr out,Inliers,-1,GPR,90/10,-0.07825330023647314,1.1838632445865438
Rg norm w/0.421,buffer regr out,Inliers,-1,Linear,80/20,-4.471371211564677,0.24848384844950797
Rg norm w/0.421,buffer regr out,Inliers,-1,Ridge,80/20,0.09976651203721865,0.1007923698009401
Rg norm w/0.421,buffer regr out,Inliers,-1,Lasso,80/20,0.006104999454372484,0.10590594192798913
Rg norm w/0.421,buffer regr out,Inliers,-1,Kernel Ridge,80/20,0.09863070504647853,0.10085593363910901
Rg norm w/0.421,buffer regr out,Inliers,-1,GPR,80/20,-0.213151095303183,0.1170058353371772
Rg norm w/0.421,buffer regr out,Inliers,-1,Linear,85/15,-4.186548971445615,0.23067422807287705
Rg norm w/0.421,buffer regr out,Inliers,-1,Ridge,85/15,0.15185792380754393,0.09328120315454017
Rg norm w/0.421,buffer regr out,Inliers,-1,Lasso,85/15,-0.06687945064600043,0.10462067305112725
Rg norm w/0.421,buffer regr out,Inliers,-1,Kernel Ridge,85/15,0.14788159895383746,0.09349961151638626
Rg norm w/0.421,buffer regr out,Inliers,-1,GPR,85/15,-0.22965992032704485,0.11231877118473968
Rg norm w/0.421,buffer regr out,Inliers,-1,Linear,90/10,-4.9136149570455,0.2558891865245669
Rg norm w/0.421,buffer regr out,Inliers,-1,Ridge,90/10,0.424037199236998,0.07985877229454999
Rg norm w/0.421,buffer regr out,Inliers,-1,Lasso,90/10,0.3252667277519623,0.08643536595767348
Rg norm w/0.421,buffer regr out,Inliers,-1,Kernel Ridge,90/10,0.45903007097725557,0.07739483418828057
Rg norm w/0.421,buffer regr out,Inliers,-1,GPR,90/10,-0.22039230465268922,0.11624523026055109
Rg norm w/0.5,buffer regr out,Inliers,-1,Linear,80/20,-3.761262000529908,0.16698494027033117
Rg norm w/0.5,buffer regr out,Inliers,-1,Ridge,80/20,0.22912738324920423,0.06719045387793326
Rg norm w/0.5,buffer regr out,Inliers,-1,Lasso,80/20,0.19062937762836596,0.06884778679313489
Rg norm w/0.5,buffer regr out,Inliers,-1,Kernel Ridge,80/20,0.22629029068323014,0.06731398302022648
Rg norm w/0.5,buffer regr out,Inliers,-1,GPR,80/20,-0.2039310317559322,0.0839686304458538
Rg norm w/0.5,buffer regr out,Inliers,-1,Linear,85/15,-3.3336135279989803,0.15576512388553224
Rg norm w/0.5,buffer regr out,Inliers,-1,Ridge,85/15,0.31377193157626593,0.06198396796651104
Rg norm w/0.5,buffer regr out,Inliers,-1,Lasso,85/15,0.21259529377697262,0.06639633978607999
Rg norm w/0.5,buffer regr out,Inliers,-1,Kernel Ridge,85/15,0.30821249211216195,0.0622345413652724
Rg norm w/0.5,buffer regr out,Inliers,-1,GPR,85/15,-0.2109873183209996,0.0823407717704565
Rg norm w/0.5,buffer regr out,Inliers,-1,Linear,90/10,-4.22031666373508,0.17363374283173635
Rg norm w/0.5,buffer regr out,Inliers,-1,Ridge,90/10,0.5128036516248508,0.05304417695515469
Rg norm w/0.5,buffer regr out,Inliers,-1,Lasso,90/10,0.29832956442042324,0.06365789771061547
Rg norm w/0.5,buffer regr out,Inliers,-1,Kernel Ridge,90/10,0.5388954217073187,0.05160424400738674
Rg norm w/0.5,buffer regr out,Inliers,-1,GPR,90/10,-0.21338516227838888,0.08371148436979617
Rg norm w/0.406,buffer regr out,Inliers,-1,Linear,80/20,-4.5811719496666585,0.26779824151465625
Rg norm w/0.406,buffer regr out,Inliers,-1,Ridge,80/20,0.07876405644535123,0.10880039113834439
Rg norm w/0.406,buffer regr out,Inliers,-1,Lasso,80/20,2.5344751895861606e-05,0.11335469581952802
Rg norm w/0.406,buffer regr out,Inliers,-1,Kernel Ridge,80/20,0.07800564414039002,0.10884516717001551
Rg norm w/0.406,buffer regr out,Inliers,-1,GPR,80/20,-0.21396259932267814,0.12489575363304355
Rg norm w/0.406,buffer regr out,Inliers,-1,Linear,85/15,-4.339390128218235,0.24837903892710178
Rg norm w/0.406,buffer regr out,Inliers,-1,Ridge,85/15,0.12147768105006729,0.10075010671751396
Rg norm w/0.406,buffer regr out,Inliers,-1,Lasso,85/15,-0.07102998399961491,0.11124229238248813
Rg norm w/0.406,buffer regr out,Inliers,-1,Kernel Ridge,85/15,0.11790055834514668,0.10095501293984316
Rg norm w/0.406,buffer regr out,Inliers,-1,GPR,85/15,-0.23260091921163717,0.11933844066312548
Rg norm w/0.406,buffer regr out,Inliers,-1,Linear,90/10,-5.020090294472151,0.2753115578998572
Rg norm w/0.406,buffer regr out,Inliers,-1,Ridge,90/10,0.40723860273187196,0.08638988540022188
Rg norm w/0.406,buffer regr out,Inliers,-1,Lasso,90/10,0.08865264966127129,0.10711860517895358
Rg norm w/0.406,buffer regr out,Inliers,-1,Kernel Ridge,90/10,0.44372875831316505,0.08368858896003185
Rg norm w/0.406,buffer regr out,Inliers,-1,GPR,90/10,-0.22040890986571782,0.12395830416867325
Rg w/no norm,expr pH only regr out,Inliers,-1,Linear,80/20,0.5354967194567632,1.6457330676965785
Rg w/no norm,expr pH only regr out,Inliers,-1,Ridge,80/20,0.6512422239415123,1.4260243867409332
Rg w/no norm,expr pH only regr out,Inliers,-1,Lasso,80/20,0.6612761964694883,1.405360883881705
Rg w/no norm,expr pH only regr out,Inliers,-1,Kernel Ridge,80/20,0.6907860170826677,1.3427481576399118
Rg w/no norm,expr pH only regr out,Inliers,-1,GPR,80/20,-0.44397158024384753,2.9016453188193605
Rg w/no norm,expr pH only regr out,Inliers,-1,Linear,85/15,0.6534146840619095,1.4855040377397633
Rg w/no norm,expr pH only regr out,Inliers,-1,Ridge,85/15,0.6558596566684465,1.4802550489834505
Rg w/no norm,expr pH only regr out,Inliers,-1,Lasso,85/15,0.6740237398018468,1.440660814744342
Rg w/no norm,expr pH only regr out,Inliers,-1,Kernel Ridge,85/15,0.7142010348535759,1.3489600349881885
Rg w/no norm,expr pH only regr out,Inliers,-1,GPR,85/15,-0.4991196905333417,3.0894908372798207
Rg w/no norm,expr pH only regr out,Inliers,-1,Linear,90/10,0.5668751776744881,1.5982974114904498
Rg w/no norm,expr pH only regr out,Inliers,-1,Ridge,90/10,0.6134201094214706,1.5099782392825045
Rg w/no norm,expr pH only regr out,Inliers,-1,Lasso,90/10,0.6435213127375412,1.449999472129284
Rg w/no norm,expr pH only regr out,Inliers,-1,Kernel Ridge,90/10,0.6794882616918334,1.3749060689934915
Rg w/no norm,expr pH only regr out,Inliers,-1,GPR,90/10,-0.36462344990788,2.836987839240768
Rg norm w/0.421,expr pH only regr out,Inliers,-1,Linear,80/20,0.19557789875527887,0.1917009262433351
Rg norm w/0.421,expr pH only regr out,Inliers,-1,Ridge,80/20,0.5009670676258586,0.15098952453232534
Rg norm w/0.421,expr pH only regr out,Inliers,-1,Lasso,80/20,0.47168279978991734,0.1553565574777424
Rg norm w/0.421,expr pH only regr out,Inliers,-1,Kernel Ridge,80/20,0.5479408462970387,0.14370763690294516
Rg norm w/0.421,expr pH only regr out,Inliers,-1,GPR,80/20,-0.7829903946584205,0.28540180532744386
Rg norm w/0.421,expr pH only regr out,Inliers,-1,Linear,85/15,0.3625603758538576,0.17455321033008805
Rg norm w/0.421,expr pH only regr out,Inliers,-1,Ridge,85/15,0.5476436077924987,0.14704446389184744
Rg norm w/0.421,expr pH only regr out,Inliers,-1,Lasso,85/15,0.49546983074658557,0.15529300105948832
Rg norm w/0.421,expr pH only regr out,Inliers,-1,Kernel Ridge,85/15,0.6191722045840176,0.13491885032072676
Rg norm w/0.421,expr pH only regr out,Inliers,-1,GPR,85/15,-0.9128986108824946,0.3023808533753945
Rg norm w/0.421,expr pH only regr out,Inliers,-1,Linear,90/10,0.27779394234192545,0.18800071700093207
Rg norm w/0.421,expr pH only regr out,Inliers,-1,Ridge,90/10,0.4977903918644567,0.1567730656039484
Rg norm w/0.421,expr pH only regr out,Inliers,-1,Lasso,90/10,0.47379281918094085,0.16047497892946244
Rg norm w/0.421,expr pH only regr out,Inliers,-1,Kernel Ridge,90/10,0.5683680322898204,0.14534019656497163
Rg norm w/0.421,expr pH only regr out,Inliers,-1,GPR,90/10,-0.6626379003268505,0.2852513971426201
Rg norm w/0.5,expr pH only regr out,Inliers,-1,Linear,80/20,0.14465917868359834,0.13150453582894805
Rg norm w/0.5,expr pH only regr out,Inliers,-1,Ridge,80/20,0.4807563218085438,0.10246056393536765
Rg norm w/0.5,expr pH only regr out,Inliers,-1,Lasso,80/20,0.47424004293273936,0.10310147682792128
Rg norm w/0.5,expr pH only regr out,Inliers,-1,Kernel Ridge,80/20,0.5280473960209482,0.09768330079711034
Rg norm w/0.5,expr pH only regr out,Inliers,-1,GPR,80/20,-0.8311755053937508,0.19241375641188982
Rg norm w/0.5,expr pH only regr out,Inliers,-1,Linear,85/15,0.3096482560814211,0.11982301773800746
Rg norm w/0.5,expr pH only regr out,Inliers,-1,Ridge,85/15,0.5324621308380424,0.09860829202482042
Rg norm w/0.5,expr pH only regr out,Inliers,-1,Lasso,85/15,0.53308959997003,0.09854210013198875
Rg norm w/0.5,expr pH only regr out,Inliers,-1,Kernel Ridge,85/15,0.6050682616853633,0.09062876425985364
Rg norm w/0.5,expr pH only regr out,Inliers,-1,GPR,85/15,-0.9816993380858159,0.20301303418039113
Rg norm w/0.5,expr pH only regr out,Inliers,-1,Linear,90/10,0.2270911639814046,0.12871068084285167
Rg norm w/0.5,expr pH only regr out,Inliers,-1,Ridge,90/10,0.48037929033158067,0.10553431056758722
Rg norm w/0.5,expr pH only regr out,Inliers,-1,Lasso,90/10,0.5092329662471586,0.10256239235706859
Rg norm w/0.5,expr pH only regr out,Inliers,-1,Kernel Ridge,90/10,0.5514241008997798,0.09805470097781853
Rg norm w/0.5,expr pH only regr out,Inliers,-1,GPR,90/10,-0.7095513240431215,0.19142185624448915
Rg norm w/0.406,expr pH only regr out,Inliers,-1,Linear,80/20,0.20664659944023456,0.20589287153605232
Rg norm w/0.406,expr pH only regr out,Inliers,-1,Ridge,80/20,0.505547861422668,0.16254368324593135
Rg norm w/0.406,expr pH only regr out,Inliers,-1,Lasso,80/20,0.47446496267889837,0.1675748366336562
Rg norm w/0.406,expr pH only regr out,Inliers,-1,Kernel Ridge,80/20,0.5524166889345734,0.15464821414857216
Rg norm w/0.406,expr pH only regr out,Inliers,-1,GPR,80/20,-0.772423359413944,0.30774549165177556
Rg norm w/0.406,expr pH only regr out,Inliers,-1,Linear,85/15,0.37323551752604867,0.18744644923457662
Rg norm w/0.406,expr pH only regr out,Inliers,-1,Ridge,85/15,0.5509565609294869,0.15866064182987918
Rg norm w/0.406,expr pH only regr out,Inliers,-1,Lasso,85/15,0.5147389477666269,0.1649349704285492
Rg norm w/0.406,expr pH only regr out,Inliers,-1,Kernel Ridge,85/15,0.6222239582023401,0.14552655048560992
Rg norm w/0.406,expr pH only regr out,Inliers,-1,GPR,85/15,-0.8986980688618771,0.32625185035372245
Rg norm w/0.406,expr pH only regr out,Inliers,-1,Linear,90/10,0.2880921498164851,0.20199348190239025
Rg norm w/0.406,expr pH only regr out,Inliers,-1,Ridge,90/10,0.5015356145663088,0.16902172571643534
Rg norm w/0.406,expr pH only regr out,Inliers,-1,Lasso,90/10,0.4619552005632883,0.17560411291855368
Rg norm w/0.406,expr pH only regr out,Inliers,-1,Kernel Ridge,90/10,0.5719882145531796,0.15662220300521323
Rg norm w/0.406,expr pH only regr out,Inliers,-1,GPR,90/10,-0.6527105053206859,0.3077682806562402
Rg w/no norm,expr buffer only regr out,Inliers,-1,Linear,80/20,-0.5497057245044339,2.620636010270741
Rg w/no norm,expr buffer only regr out,Inliers,-1,Ridge,80/20,0.5886728515830217,1.3501305772618741
Rg w/no norm,expr buffer only regr out,Inliers,-1,Lasso,80/20,0.5985380715323486,1.3338416333063206
Rg w/no norm,expr buffer only regr out,Inliers,-1,Kernel Ridge,80/20,0.6276882063939202,1.2845040634305571
Rg w/no norm,expr buffer only regr out,Inliers,-1,GPR,80/20,-0.8865627038292667,2.891463457051319
Rg w/no norm,expr buffer only regr out,Inliers,-1,Linear,85/15,-0.10627607477069967,2.382833182062549
Rg w/no norm,expr buffer only regr out,Inliers,-1,Ridge,85/15,0.5860916023808873,1.4575182387451024
Rg w/no norm,expr buffer only regr out,Inliers,-1,Lasso,85/15,0.6143572031477887,1.4068716918213846
Rg w/no norm,expr buffer only regr out,Inliers,-1,Kernel Ridge,85/15,0.6503111850284666,1.3396851699573262
Rg w/no norm,expr buffer only regr out,Inliers,-1,GPR,85/15,-0.8065872013763202,3.045028373759935
Rg w/no norm,expr buffer only regr out,Inliers,-1,Linear,90/10,-0.11256733652483986,2.3898020944381178
Rg w/no norm,expr buffer only regr out,Inliers,-1,Ridge,90/10,0.49224124431921834,1.614460765072568
Rg w/no norm,expr buffer only regr out,Inliers,-1,Lasso,90/10,0.5285350934297263,1.5556914701273505
Rg w/no norm,expr buffer only regr out,Inliers,-1,Kernel Ridge,90/10,0.572791730676611,1.4808757109403148
Rg w/no norm,expr buffer only regr out,Inliers,-1,GPR,90/10,-0.5398554113399283,2.811504328333018
Rg norm w/0.421,expr buffer only regr out,Inliers,-1,Linear,80/20,-1.2203852518926697,0.2884260085482339
Rg norm w/0.421,expr buffer only regr out,Inliers,-1,Ridge,80/20,0.4527014742036032,0.14319649636145604
Rg norm w/0.421,expr buffer only regr out,Inliers,-1,Lasso,80/20,0.4140383148917318,0.14816815141491177
Rg norm w/0.421,expr buffer only regr out,Inliers,-1,Kernel Ridge,80/20,0.49196850602288966,0.1379639343952235
Rg norm w/0.421,expr buffer only regr out,Inliers,-1,GPR,80/20,-1.3090438499907298,0.2941279819106221
Rg norm w/0.421,expr buffer only regr out,Inliers,-1,Linear,85/15,-0.706662710325098,0.2679866406414777
Rg norm w/0.421,expr buffer only regr out,Inliers,-1,Ridge,85/15,0.5154613701770407,0.14279187564623436
Rg norm w/0.421,expr buffer only regr out,Inliers,-1,Lasso,85/15,0.474916355729314,0.14864610721003524
Rg norm w/0.421,expr buffer only regr out,Inliers,-1,Kernel Ridge,85/15,0.44622650455252644,0.1526530120002157
Rg norm w/0.421,expr buffer only regr out,Inliers,-1,GPR,85/15,-1.2423416114861365,0.3071780527570687
Rg norm w/0.421,expr buffer only regr out,Inliers,-1,Linear,90/10,-0.6168826955589013,0.27031812436630664
Rg norm w/0.421,expr buffer only regr out,Inliers,-1,Ridge,90/10,0.42828579591029026,0.16074053148129305
Rg norm w/0.421,expr buffer only regr out,Inliers,-1,Lasso,90/10,0.4204849381908883,0.16183344261382163
Rg norm w/0.421,expr buffer only regr out,Inliers,-1,Kernel Ridge,90/10,0.5137463739067036,0.1482406584379403
Rg norm w/0.421,expr buffer only regr out,Inliers,-1,GPR,90/10,-0.8611135857138672,0.29001626057681085
Rg norm w/0.5,expr buffer only regr out,Inliers,-1,Linear,80/20,-1.193509473046373,0.1930055807699657
Rg norm w/0.5,expr buffer only regr out,Inliers,-1,Ridge,80/20,0.44067370614141355,0.09746141841761216
Rg norm w/0.5,expr buffer only regr out,Inliers,-1,Lasso,80/20,0.4589672468829743,0.09585436363877528
Rg norm w/0.5,expr buffer only regr out,Inliers,-1,Kernel Ridge,80/20,0.4789990326257555,0.09406311884531535
Rg norm w/0.5,expr buffer only regr out,Inliers,-1,GPR,80/20,-1.3208700351187432,0.19852971556419455
Rg norm w/0.5,expr buffer only regr out,Inliers,-1,Linear,85/15,-0.7173740377317375,0.17960705201195395
Rg norm w/0.5,expr buffer only regr out,Inliers,-1,Ridge,85/15,0.45434893002911325,0.10123913913857092
Rg norm w/0.5,expr buffer only regr out,Inliers,-1,Lasso,85/15,0.5315856383123219,0.09380069130168893
Rg norm w/0.5,expr buffer only regr out,Inliers,-1,Kernel Ridge,85/15,0.4476982432856501,0.101854248850247
Rg norm w/0.5,expr buffer only regr out,Inliers,-1,GPR,85/15,-1.275558628041912,0.20674497021475755
Rg norm w/0.5,expr buffer only regr out,Inliers,-1,Linear,90/10,-0.6487371478194006,0.18168916736625793
Rg norm w/0.5,expr buffer only regr out,Inliers,-1,Ridge,90/10,0.4296351936226376,0.10686357111342176
Rg norm w/0.5,expr buffer only regr out,Inliers,-1,Lasso,90/10,0.46522949939923675,0.10347538340827908
Rg norm w/0.5,expr buffer only regr out,Inliers,-1,Kernel Ridge,90/10,0.5138642757474086,0.0986579510104504
Rg norm w/0.5,expr buffer only regr out,Inliers,-1,GPR,90/10,-0.898935627723386,0.1949882513117457
Rg norm w/0.406,expr buffer only regr out,Inliers,-1,Linear,80/20,-1.2193247444597795,0.31110398825788504
Rg norm w/0.406,expr buffer only regr out,Inliers,-1,Ridge,80/20,0.4555953204262707,0.15408347904255507
Rg norm w/0.406,expr buffer only regr out,Inliers,-1,Lasso,80/20,0.45209565838026455,0.15457794233665378
Rg norm w/0.406,expr buffer only regr out,Inliers,-1,Kernel Ridge,80/20,0.49499935319528665,0.14840246617126848
Rg norm w/0.406,expr buffer only regr out,Inliers,-1,GPR,80/20,-1.303892790893335,0.31697592938771924
Rg norm w/0.406,expr buffer only regr out,Inliers,-1,Linear,85/15,-0.7005701005734999,0.2889602805495615
Rg norm w/0.406,expr buffer only regr out,Inliers,-1,Ridge,85/15,0.5161123542158081,0.15413921677037073
Rg norm w/0.406,expr buffer only regr out,Inliers,-1,Lasso,85/15,0.4998923978374107,0.15670130343682892
Rg norm w/0.406,expr buffer only regr out,Inliers,-1,Kernel Ridge,85/15,0.5880518558208558,0.14222048525649583
Rg norm w/0.406,expr buffer only regr out,Inliers,-1,GPR,85/15,-1.2339263047804745,0.3311885408753907
Rg norm w/0.406,expr buffer only regr out,Inliers,-1,Linear,90/10,-0.6077999682348587,0.2913359220176827
Rg norm w/0.406,expr buffer only regr out,Inliers,-1,Ridge,90/10,0.4285546733206186,0.17368622325807473
Rg norm w/0.406,expr buffer only regr out,Inliers,-1,Lasso,90/10,0.44118049130429604,0.1717567479653586
Rg norm w/0.406,expr buffer only regr out,Inliers,-1,Kernel Ridge,90/10,0.5141571383971881,0.16014963089629372
Rg norm w/0.406,expr buffer only regr out,Inliers,-1,GPR,90/10,-0.8526153457867063,0.3127308012604406
Rg w/no norm,No regr out,Inliers,10,Linear,80/20,0.7548365913254399,0.6849544044020673
Rg w/no norm,No regr out,Inliers,10,Ridge,80/20,0.7911492080394642,0.6321962280662684
Rg w/no norm,No regr out,Inliers,10,Lasso,80/20,0.7750530720666395,0.6561057900063574
Rg w/no norm,No regr out,Inliers,10,Kernel Ridge,80/20,0.7477137738033124,0.6948332734926621
Rg w/no norm,No regr out,Inliers,10,GPR,80/20,-0.14425926520497367,1.4797762609177338
Rg w/no norm,No regr out,Inliers,10,Linear,85/15,0.7616309013182078,0.6856561464341845
Rg w/no norm,No regr out,Inliers,10,Ridge,85/15,0.7837711782480448,0.6530375997755898
Rg w/no norm,No regr out,Inliers,10,Lasso,85/15,0.7272639106694827,0.7334199190571583
Rg w/no norm,No regr out,Inliers,10,Kernel Ridge,85/15,0.7375951672264891,0.7193948276709585
Rg w/no norm,No regr out,Inliers,10,GPR,85/15,-0.3148906757989063,1.6103720313434824
Rg w/no norm,No regr out,Inliers,10,Linear,90/10,0.70423172471212,0.7188318671842887
Rg w/no norm,No regr out,Inliers,10,Ridge,90/10,0.7287304494564797,0.688417737175113
Rg w/no norm,No regr out,Inliers,10,Lasso,90/10,0.6644953575085358,0.7655980075980213
Rg w/no norm,No regr out,Inliers,10,Kernel Ridge,90/10,0.6943803856646356,0.7307051011387637
Rg w/no norm,No regr out,Inliers,10,GPR,90/10,-0.25612236957391454,1.481383497844841
Rg norm w/0.421,No regr out,Inliers,10,Linear,80/20,0.37182389102851143,0.07294173203977239
Rg norm w/0.421,No regr out,Inliers,10,Ridge,80/20,0.3643197677708969,0.07337611560256217
Rg norm w/0.421,No regr out,Inliers,10,Lasso,80/20,0.3717986081888641,0.07294319990486048
Rg norm w/0.421,No regr out,Inliers,10,Kernel Ridge,80/20,0.32506413325564376,0.0756078028775262
Rg norm w/0.421,No regr out,Inliers,10,GPR,80/20,-2.0685772784571848,0.16121442423535867
Rg norm w/0.421,No regr out,Inliers,10,Linear,85/15,0.4055881365217794,0.07306108257492332
Rg norm w/0.421,No regr out,Inliers,10,Ridge,85/15,0.39465427569724354,0.07372997868237018
Rg norm w/0.421,No regr out,Inliers,10,Lasso,85/15,0.40558640622521314,0.07306118891301654
Rg norm w/0.421,No regr out,Inliers,10,Kernel Ridge,85/15,0.3339539674856403,0.07733827686377993
Rg norm w/0.421,No regr out,Inliers,10,GPR,85/15,-2.2223491067382115,0.17010953741723864
Rg norm w/0.421,No regr out,Inliers,10,Linear,90/10,0.4752247510540133,0.07197038878515133
Rg norm w/0.421,No regr out,Inliers,10,Ridge,90/10,0.4639326293057022,0.07274059745469183
Rg norm w/0.421,No regr out,Inliers,10,Lasso,90/10,0.4670420205875102,0.07252932931258682
Rg norm w/0.421,No regr out,Inliers,10,Kernel Ridge,90/10,0.5166697323358598,0.0690699550759946
Rg norm w/0.421,No regr out,Inliers,10,GPR,90/10,-2.0110705033482974,0.17239618038428534
Rg norm w/0.5,No regr out,Inliers,10,Linear,80/20,0.437163529981102,0.04975723336341269
Rg norm w/0.5,No regr out,Inliers,10,Ridge,80/20,0.421797898410754,0.05043185491228726
Rg norm w/0.5,No regr out,Inliers,10,Lasso,80/20,0.327085014049074,0.05440580107102178
Rg norm w/0.5,No regr out,Inliers,10,Kernel Ridge,80/20,0.3606624995714295,0.05303104662931469
Rg norm w/0.5,No regr out,Inliers,10,GPR,80/20,-1.7042005505642557,0.10906478750677824
Rg norm w/0.5,No regr out,Inliers,10,Linear,85/15,0.46682454365611226,0.0498177466571058
Rg norm w/0.5,No regr out,Inliers,10,Ridge,85/15,0.4508631630269553,0.05055793113521692
Rg norm w/0.5,No regr out,Inliers,10,Lasso,85/15,0.44659387190218935,0.050754083175816214
Rg norm w/0.5,No regr out,Inliers,10,Kernel Ridge,85/15,0.37058992033525684,0.05412723617854867
Rg norm w/0.5,No regr out,Inliers,10,GPR,85/15,-1.8573932841555103,0.11532780197468384
Rg norm w/0.5,No regr out,Inliers,10,Linear,90/10,0.4910107794594334,0.05026062817030572
Rg norm w/0.5,No regr out,Inliers,10,Ridge,90/10,0.481710515060661,0.05071773133077635
Rg norm w/0.5,No regr out,Inliers,10,Lasso,90/10,0.46488882626643036,0.051534210799026585
Rg norm w/0.5,No regr out,Inliers,10,Kernel Ridge,90/10,0.5727147986952905,0.04605030867213463
Rg norm w/0.5,No regr out,Inliers,10,GPR,90/10,-1.773812426012836,0.11733083582774471
Rg norm w/0.406,No regr out,Inliers,10,Linear,80/20,0.3676708894454702,0.07844246087065262
Rg norm w/0.406,No regr out,Inliers,10,Ridge,80/20,0.36267440678228446,0.07875176593901961
Rg norm w/0.406,No regr out,Inliers,10,Lasso,80/20,0.3676492492204648,0.07844380312894156
Rg norm w/0.406,No regr out,Inliers,10,Kernel Ridge,80/20,0.3291345325195565,0.08079739157871008
Rg norm w/0.406,No regr out,Inliers,10,GPR,80/20,-2.095937668409845,0.17357042463221395
Rg norm w/0.406,No regr out,Inliers,10,Linear,85/15,0.40088246528431193,0.07856651952311873
Rg norm w/0.406,No regr out,Inliers,10,Ridge,85/15,0.3917331092711419,0.0791641563633537
Rg norm w/0.406,No regr out,Inliers,10,Lasso,85/15,0.4008845062108316,0.07856638570244039
Rg norm w/0.406,No regr out,Inliers,10,Kernel Ridge,85/15,0.336356381599342,0.08268923240890358
Rg norm w/0.406,No regr out,Inliers,10,GPR,85/15,-2.254369358774139,0.1831112048618147
Rg norm w/0.406,No regr out,Inliers,10,Linear,90/10,0.47716066616595754,0.07709589506394635
Rg norm w/0.406,No regr out,Inliers,10,Ridge,90/10,0.46597501335193003,0.07791622758533251
Rg norm w/0.406,No regr out,Inliers,10,Lasso,90/10,0.4165360491390332,0.08144307125936935
Rg norm w/0.406,No regr out,Inliers,10,Kernel Ridge,90/10,0.510287948293823,0.07461351924704927
Rg norm w/0.406,No regr out,Inliers,10,GPR,90/10,-2.0232131472212154,0.18538795436285013
Rg w/no norm,pH regr out,Inliers,10,Linear,80/20,0.7547928751581141,0.6849859894463349
Rg w/no norm,pH regr out,Inliers,10,Ridge,80/20,0.7911084515796163,0.6322307000981122
Rg w/no norm,pH regr out,Inliers,10,Lasso,80/20,0.775007038241869,0.656144680754155
Rg w/no norm,pH regr out,Inliers,10,Kernel Ridge,80/20,0.7455309599925442,0.6978026618653834
Rg w/no norm,pH regr out,Inliers,10,GPR,80/20,0.4918405120817698,0.9860868458574683
Rg w/no norm,pH regr out,Inliers,10,Linear,85/15,0.7616117179387173,0.6856446763721427
Rg w/no norm,pH regr out,Inliers,10,Ridge,85/15,0.7837463751968092,0.6530378508662097
Rg w/no norm,pH regr out,Inliers,10,Lasso,85/15,0.7272091813827393,0.7334517192133393
Rg w/no norm,pH regr out,Inliers,10,Kernel Ridge,85/15,0.7626947653028945,0.6840853903942252
Rg w/no norm,pH regr out,Inliers,10,GPR,85/15,0.4136299881816681,1.075331906549087
Rg w/no norm,pH regr out,Inliers,10,Linear,90/10,0.7042310928388467,0.7187949456206874
Rg w/no norm,pH regr out,Inliers,10,Ridge,90/10,0.7287163917033002,0.6883994789134696
Rg w/no norm,pH regr out,Inliers,10,Lasso,90/10,0.6644317567336662,0.765630425216569
Rg w/no norm,pH regr out,Inliers,10,Kernel Ridge,90/10,0.7000987463771351,0.7237988635107581
Rg w/no norm,pH regr out,Inliers,10,GPR,90/10,0.4072476703153486,1.017572568976763
Rg norm w/0.421,pH regr out,Inliers,10,Linear,80/20,0.37181973756163955,0.07293925492075766
Rg norm w/0.421,pH regr out,Inliers,10,Ridge,80/20,0.36431091365419765,0.07337389215310204
Rg norm w/0.421,pH regr out,Inliers,10,Lasso,80/20,0.37179445389236676,0.07294072277445549
Rg norm w/0.421,pH regr out,Inliers,10,Kernel Ridge,80/20,0.33559014425689104,0.07501311707053698
Rg norm w/0.421,pH regr out,Inliers,10,GPR,80/20,0.21913598991476324,0.08132178124076654
Rg norm w/0.421,pH regr out,Inliers,10,Linear,85/15,0.4055932301741231,0.07305729024290634
Rg norm w/0.421,pH regr out,Inliers,10,Ridge,85/15,0.3946546414718288,0.07372644524637215
Rg norm w/0.421,pH regr out,Inliers,10,Lasso,85/15,0.40559150141441436,0.07305739648194531
Rg norm w/0.421,pH regr out,Inliers,10,Kernel Ridge,85/15,0.36374415297497453,0.07558534148508127
Rg norm w/0.421,pH regr out,Inliers,10,GPR,85/15,0.18891606636943914,0.08534038262109242
Rg norm w/0.421,pH regr out,Inliers,10,Linear,90/10,0.47523881035080917,0.07196513873886934
Rg norm w/0.421,pH regr out,Inliers,10,Ridge,90/10,0.46394616454040816,0.07273534730241028
Rg norm w/0.421,pH regr out,Inliers,10,Lasso,90/10,0.46705461583744856,0.0725241530244428
Rg norm w/0.421,pH regr out,Inliers,10,Kernel Ridge,90/10,0.5116355740621437,0.06942458998220112
Rg norm w/0.421,pH regr out,Inliers,10,GPR,90/10,0.303658138247321,0.08289962483911993
Rg norm w/0.5,pH regr out,Inliers,10,Linear,80/20,0.4371806689432207,0.04975493062502813
Rg norm w/0.5,pH regr out,Inliers,10,Ridge,80/20,0.421811905756856,0.050429677928246514
Rg norm w/0.5,pH regr out,Inliers,10,Lasso,80/20,0.3270789932401936,0.05440435492277426
Rg norm w/0.5,pH regr out,Inliers,10,Kernel Ridge,80/20,0.3768077554130411,0.05235553986957588
Rg norm w/0.5,pH regr out,Inliers,10,GPR,80/20,0.2120786333500645,0.05886986786930092
Rg norm w/0.5,pH regr out,Inliers,10,Linear,85/15,0.4668446819913439,0.04981477721334877
Rg norm w/0.5,pH regr out,Inliers,10,Ridge,85/15,0.4508815622709683,0.050555025379305674
Rg norm w/0.5,pH regr out,Inliers,10,Lasso,85/15,0.44660660007427366,0.05075143275192379
Rg norm w/0.5,pH regr out,Inliers,10,Kernel Ridge,85/15,0.4057774320174473,0.05259032934213536
Rg norm w/0.5,pH regr out,Inliers,10,GPR,85/15,0.1831973097852747,0.06165806615182978
Rg norm w/0.5,pH regr out,Inliers,10,Linear,90/10,0.4910304760357571,0.05025683730037161
Rg norm w/0.5,pH regr out,Inliers,10,Ridge,90/10,0.4817340115007158,0.05071373767937535
Rg norm w/0.5,pH regr out,Inliers,10,Lasso,90/10,0.464893975070929,0.05153107302856763
Rg norm w/0.5,pH regr out,Inliers,10,Kernel Ridge,90/10,0.5432730457619459,0.04760774233751279
Rg norm w/0.5,pH regr out,Inliers,10,GPR,90/10,0.3265587349157705,0.05780948860551771
Rg norm w/0.406,pH regr out,Inliers,10,Linear,80/20,0.3676609834564972,0.07844001380407066
Rg norm w/0.406,pH regr out,Inliers,10,Ridge,80/20,0.3626597384636696,0.07874959860432232
Rg norm w/0.406,pH regr out,Inliers,10,Lasso,80/20,0.36763933484918965,0.07844135651935297
Rg norm w/0.406,pH regr out,Inliers,10,Kernel Ridge,80/20,0.33836386518092365,0.08023655609065847
Rg norm w/0.406,pH regr out,Inliers,10,GPR,80/20,0.22561339297171668,0.08680436977610315
Rg norm w/0.406,pH regr out,Inliers,10,Linear,85/15,0.4008831665016491,0.07856256687013552
Rg norm w/0.406,pH regr out,Inliers,10,Ridge,85/15,0.39172856836174874,0.0791605154465171
Rg norm w/0.406,pH regr out,Inliers,10,Lasso,85/15,0.4008852100622389,0.0785624328833291
Rg norm w/0.406,pH regr out,Inliers,10,Kernel Ridge,85/15,0.3645705875434505,0.08090839019686752
Rg norm w/0.406,pH regr out,Inliers,10,GPR,85/15,0.1937969818425681,0.09113435273306617
Rg norm w/0.406,pH regr out,Inliers,10,Linear,90/10,0.47717314561693946,0.07709031353577021
Rg norm w/0.406,pH regr out,Inliers,10,Ridge,90/10,0.46598602680538126,0.07791071308549548
Rg norm w/0.406,pH regr out,Inliers,10,Lasso,90/10,0.4165347647325902,0.0814382365581914
Rg norm w/0.406,pH regr out,Inliers,10,Kernel Ridge,90/10,0.5095296753400529,0.07466674801364002
Rg norm w/0.406,pH regr out,Inliers,10,GPR,90/10,0.30335253807776286,0.08898717060224808
Rg w/no norm,buffer regr out,Inliers,10,Linear,80/20,0.2543376398579794,1.062157492626585
Rg w/no norm,buffer regr out,Inliers,10,Ridge,80/20,0.34700292267262267,0.993970339822927
Rg w/no norm,buffer regr out,Inliers,10,Lasso,80/20,0.348225018360099,0.9930397876151268
Rg w/no norm,buffer regr out,Inliers,10,Kernel Ridge,80/20,0.3155532218404218,1.0176247199189485
Rg w/no norm,buffer regr out,Inliers,10,GPR,80/20,-0.10631680615170391,1.2937714445411512
Rg w/no norm,buffer regr out,Inliers,10,Linear,85/15,0.3104486457853841,0.9555448485700604
Rg w/no norm,buffer regr out,Inliers,10,Ridge,85/15,0.3682732547833927,0.9146025324966278
Rg w/no norm,buffer regr out,Inliers,10,Lasso,85/15,0.36158860957611905,0.9194287529659165
Rg w/no norm,buffer regr out,Inliers,10,Kernel Ridge,85/15,0.3396324265212357,0.9351055561514772
Rg w/no norm,buffer regr out,Inliers,10,GPR,85/15,-0.1125891372683554,1.2137665798735244
Rg w/no norm,buffer regr out,Inliers,10,Linear,90/10,0.4023893466033881,0.8813538472859492
Rg w/no norm,buffer regr out,Inliers,10,Ridge,90/10,0.4471997298771706,0.8476669731460194
Rg w/no norm,buffer regr out,Inliers,10,Lasso,90/10,0.4458859251405458,0.8486736730640975
Rg w/no norm,buffer regr out,Inliers,10,Kernel Ridge,90/10,0.38494626613907135,0.894123828154719
Rg w/no norm,buffer regr out,Inliers,10,GPR,90/10,-0.07832462463076806,1.1839023990841546
Rg norm w/0.421,buffer regr out,Inliers,10,Linear,80/20,0.0267186724135825,0.10480192743587466
Rg norm w/0.421,buffer regr out,Inliers,10,Ridge,80/20,0.05172723129079704,0.10344671733268905
Rg norm w/0.421,buffer regr out,Inliers,10,Lasso,80/20,0.0007955552882956685,0.10618844295798206
Rg norm w/0.421,buffer regr out,Inliers,10,Kernel Ridge,80/20,0.11373699228978973,0.1000072270095193
Rg norm w/0.421,buffer regr out,Inliers,10,GPR,80/20,-0.2130628760989759,0.11700158098280113
Rg norm w/0.421,buffer regr out,Inliers,10,Linear,85/15,0.09187299626421119,0.096523515152828
Rg norm w/0.421,buffer regr out,Inliers,10,Ridge,85/15,0.09797063211561508,0.09619891487220632
Rg norm w/0.421,buffer regr out,Inliers,10,Lasso,85/15,0.025223207719655694,0.10000286099304552
Rg norm w/0.421,buffer regr out,Inliers,10,Kernel Ridge,85/15,0.18215393601722074,0.09160003054481423
Rg norm w/0.421,buffer regr out,Inliers,10,GPR,85/15,-0.22953376649941104,0.11231300950783049
Rg norm w/0.421,buffer regr out,Inliers,10,Linear,90/10,0.2571133680217085,0.0906956971746854
Rg norm w/0.421,buffer regr out,Inliers,10,Ridge,90/10,0.2544000046758682,0.09086117739091455
Rg norm w/0.421,buffer regr out,Inliers,10,Lasso,90/10,0.24051902691251537,0.09170306701712126
Rg norm w/0.421,buffer regr out,Inliers,10,Kernel Ridge,90/10,0.32963843116138836,0.08615489672632555
Rg norm w/0.421,buffer regr out,Inliers,10,GPR,90/10,-0.22023856500337624,0.11623790799878937
Rg norm w/0.5,buffer regr out,Inliers,10,Linear,80/20,0.1941555740212778,0.06869764802538844
Rg norm w/0.5,buffer regr out,Inliers,10,Ridge,80/20,0.20109345589389682,0.0684012840853475
Rg norm w/0.5,buffer regr out,Inliers,10,Lasso,80/20,0.04984674654618604,0.07459558004361268
Rg norm w/0.5,buffer regr out,Inliers,10,Kernel Ridge,80/20,0.2295998534547503,0.06716986010369445
Rg norm w/0.5,buffer regr out,Inliers,10,GPR,80/20,-0.20376537155599328,0.08396285323009761
Rg norm w/0.5,buffer regr out,Inliers,10,Linear,85/15,0.2785034876394702,0.06355683377720715
Rg norm w/0.5,buffer regr out,Inliers,10,Ridge,85/15,0.2755505995367511,0.06368676135147691
Rg norm w/0.5,buffer regr out,Inliers,10,Lasso,85/15,0.05896072182898704,0.0725853559897384
Rg norm w/0.5,buffer regr out,Inliers,10,Kernel Ridge,85/15,0.3257257079664643,0.061441730145054906
Rg norm w/0.5,buffer regr out,Inliers,10,GPR,85/15,-0.2107646830052512,0.08233320240697628
Rg norm w/0.5,buffer regr out,Inliers,10,Linear,90/10,0.3441978486375433,0.06154207305671956
Rg norm w/0.5,buffer regr out,Inliers,10,Ridge,90/10,0.34386840578453015,0.06155752897622561
Rg norm w/0.5,buffer regr out,Inliers,10,Lasso,90/10,0.2854679079386292,0.06423867470670172
Rg norm w/0.5,buffer regr out,Inliers,10,Kernel Ridge,90/10,0.4182527125729275,0.057963271090296475
Rg norm w/0.5,buffer regr out,Inliers,10,GPR,90/10,-0.21309073397812162,0.08370132744429717
Rg norm w/0.406,buffer regr out,Inliers,10,Linear,80/20,-0.0025556473896515275,0.11350088904421679
Rg norm w/0.406,buffer regr out,Inliers,10,Ridge,80/20,0.026778427315389042,0.11182808374438181
Rg norm w/0.406,buffer regr out,Inliers,10,Lasso,80/20,-0.010432595744703788,0.11394589746770331
Rg norm w/0.406,buffer regr out,Inliers,10,Kernel Ridge,80/20,0.09618971510804131,0.10776647041819688
Rg norm w/0.406,buffer regr out,Inliers,10,GPR,80/20,-0.21388286001165802,0.12489165166775393
Rg norm w/0.406,buffer regr out,Inliers,10,Linear,85/15,0.055954467307514744,0.10443969285109761
Rg norm w/0.406,buffer regr out,Inliers,10,Ridge,85/15,0.06471437531537183,0.10395400953477409
Rg norm w/0.406,buffer regr out,Inliers,10,Lasso,85/15,0.01660103623757292,0.10659430157459461
Rg norm w/0.406,buffer regr out,Inliers,10,Kernel Ridge,85/15,0.15656693334738347,0.09871756330760101
Rg norm w/0.406,buffer regr out,Inliers,10,GPR,85/15,-0.23248535088940603,0.11933284596234162
Rg norm w/0.406,buffer regr out,Inliers,10,Linear,90/10,0.24265409955660977,0.09764951279617128
Rg norm w/0.406,buffer regr out,Inliers,10,Ridge,90/10,0.23992007140563942,0.09782561198912262
Rg norm w/0.406,buffer regr out,Inliers,10,Lasso,90/10,0.22840461513013632,0.09856387108473345
Rg norm w/0.406,buffer regr out,Inliers,10,Kernel Ridge,90/10,0.31497816473012163,0.09286993655131241
Rg norm w/0.406,buffer regr out,Inliers,10,GPR,90/10,-0.22027032439373806,0.12395126582780655
Rg w/no norm,expr pH only regr out,Inliers,10,Linear,80/20,0.6522735813929428,1.4239142835128085
Rg w/no norm,expr pH only regr out,Inliers,10,Ridge,80/20,0.6559429789258999,1.4163814006142297
Rg w/no norm,expr pH only regr out,Inliers,10,Lasso,80/20,0.6514328994514597,1.4256345099828158
Rg w/no norm,expr pH only regr out,Inliers,10,Kernel Ridge,80/20,0.6673842647577568,1.3926320895369482
Rg w/no norm,expr pH only regr out,Inliers,10,GPR,80/20,-0.4440827170956345,2.901756980823442
Rg w/no norm,expr pH only regr out,Inliers,10,Linear,85/15,0.6674560968930248,1.4551013786362834
Rg w/no norm,expr pH only regr out,Inliers,10,Ridge,85/15,0.6738066141507134,1.4411405311914385
Rg w/no norm,expr pH only regr out,Inliers,10,Lasso,85/15,0.666734846133622,1.4566785005176754
Rg w/no norm,expr pH only regr out,Inliers,10,Kernel Ridge,85/15,0.6968676172895982,1.3892644538623804
Rg w/no norm,expr pH only regr out,Inliers,10,GPR,85/15,-0.4992369391250875,3.089611651971814
Rg w/no norm,expr pH only regr out,Inliers,10,Linear,90/10,0.5913334753864459,1.5525142369176972
Rg w/no norm,expr pH only regr out,Inliers,10,Ridge,90/10,0.6234998690181566,1.4901624823277733
Rg w/no norm,expr pH only regr out,Inliers,10,Lasso,90/10,0.6337763214699903,1.4696850264551282
Rg w/no norm,expr pH only regr out,Inliers,10,Kernel Ridge,90/10,0.6633421767869361,1.4091116798496275
Rg w/no norm,expr pH only regr out,Inliers,10,GPR,90/10,-0.36462344990788,2.836987839240768
Rg norm w/0.421,expr pH only regr out,Inliers,10,Linear,80/20,0.5018016463710476,0.1508632148546627
Rg norm w/0.421,expr pH only regr out,Inliers,10,Ridge,80/20,0.5037227720206409,0.1505720585977846
Rg norm w/0.421,expr pH only regr out,Inliers,10,Lasso,80/20,0.49935075964759823,0.15123384536576112
Rg norm w/0.421,expr pH only regr out,Inliers,10,Kernel Ridge,80/20,0.5381658759460367,0.14525303770955245
Rg norm w/0.421,expr pH only regr out,Inliers,10,GPR,80/20,-0.7784015117060603,0.28503429935344526
Rg norm w/0.421,expr pH only regr out,Inliers,10,Linear,85/15,0.5767280853840686,0.14223878660236317
Rg norm w/0.421,expr pH only regr out,Inliers,10,Ridge,85/15,0.5715718986584987,0.14310252179088284
Rg norm w/0.421,expr pH only regr out,Inliers,10,Lasso,85/15,0.5754264850197544,0.14245731745607784
Rg norm w/0.421,expr pH only regr out,Inliers,10,Kernel Ridge,85/15,0.5891516260753291,0.1401358004990908
Rg norm w/0.421,expr pH only regr out,Inliers,10,GPR,85/15,-0.9076302805920302,0.3019641714441565
Rg norm w/0.421,expr pH only regr out,Inliers,10,Linear,90/10,0.5315847512647183,0.15140647709503702
Rg norm w/0.421,expr pH only regr out,Inliers,10,Ridge,90/10,0.5353835759477592,0.15079127769657877
Rg norm w/0.421,expr pH only regr out,Inliers,10,Lasso,90/10,0.5360917619144612,0.1506763129805692
Rg norm w/0.421,expr pH only regr out,Inliers,10,Kernel Ridge,90/10,0.5583715627160731,0.14701358137504952
Rg norm w/0.421,expr pH only regr out,Inliers,10,GPR,90/10,-0.6538071541662356,0.28449286266215285
Rg norm w/0.5,expr pH only regr out,Inliers,10,Linear,80/20,0.4734366700251317,0.10318021743486842
Rg norm w/0.5,expr pH only regr out,Inliers,10,Ridge,80/20,0.4762460440598828,0.1029046005427603
Rg norm w/0.5,expr pH only regr out,Inliers,10,Lasso,80/20,0.4670020526987778,0.10380873558307789
Rg norm w/0.5,expr pH only regr out,Inliers,10,Kernel Ridge,80/20,0.522883193497846,0.09821628215646774
Rg norm w/0.5,expr pH only regr out,Inliers,10,GPR,80/20,-0.8266878090004413,0.19217783576611455
Rg norm w/0.5,expr pH only regr out,Inliers,10,Linear,85/15,0.5575660343615599,0.09592443947455136
Rg norm w/0.5,expr pH only regr out,Inliers,10,Ridge,85/15,0.5502739925126593,0.09671170539869064
Rg norm w/0.5,expr pH only regr out,Inliers,10,Lasso,85/15,0.5518839789059734,0.09653843975484315
Rg norm w/0.5,expr pH only regr out,Inliers,10,Kernel Ridge,85/15,0.5745754502893617,0.09406245594566376
Rg norm w/0.5,expr pH only regr out,Inliers,10,GPR,85/15,-0.9764170030360881,0.2027422820980347
Rg norm w/0.5,expr pH only regr out,Inliers,10,Linear,90/10,0.5206645195419617,0.10136084906669829
Rg norm w/0.5,expr pH only regr out,Inliers,10,Ridge,90/10,0.519602807133823,0.10147304245726159
Rg norm w/0.5,expr pH only regr out,Inliers,10,Lasso,90/10,0.5082967160573987,0.10266017633539462
Rg norm w/0.5,expr pH only regr out,Inliers,10,Kernel Ridge,90/10,0.5467045979213286,0.09856917200378545
Rg norm w/0.5,expr pH only regr out,Inliers,10,GPR,90/10,-0.7007503909392658,0.19092849147554283
Rg norm w/0.406,expr pH only regr out,Inliers,10,Linear,80/20,0.5077409106394829,0.1621828167351557
Rg norm w/0.406,expr pH only regr out,Inliers,10,Ridge,80/20,0.5095858373027149,0.16187861078787846
Rg norm w/0.406,expr pH only regr out,Inliers,10,Lasso,80/20,0.5057588087523238,0.16250900667047202
Rg norm w/0.406,expr pH only regr out,Inliers,10,Kernel Ridge,80/20,0.5418741987999829,0.15645892522995228
Rg norm w/0.406,expr pH only regr out,Inliers,10,GPR,80/20,-0.7677998716132193,0.30734384194534703
Rg norm w/0.406,expr pH only regr out,Inliers,10,Linear,85/15,0.5806046252378391,0.15333342882883005
Rg norm w/0.406,expr pH only regr out,Inliers,10,Ridge,85/15,0.5759258017792783,0.15418635933960106
Rg norm w/0.406,expr pH only regr out,Inliers,10,Lasso,85/15,0.5797774905916995,0.15348455701017497
Rg norm w/0.406,expr pH only regr out,Inliers,10,Kernel Ridge,85/15,0.5924483435274164,0.15115285703314302
Rg norm w/0.406,expr pH only regr out,Inliers,10,GPR,85/15,-0.8934086556620713,0.3257970954866827
Rg norm w/0.406,expr pH only regr out,Inliers,10,Linear,90/10,0.5340686807540064,0.16341292984899447
Rg norm w/0.406,expr pH only regr out,Inliers,10,Ridge,90/10,0.5388221678379045,0.16257721373142697
Rg norm w/0.406,expr pH only regr out,Inliers,10,Lasso,90/10,0.5387087589062511,0.16259720230575012
Rg norm w/0.406,expr pH only regr out,Inliers,10,Kernel Ridge,90/10,0.5611964555559534,0.15858442359285405
Rg norm w/0.406,expr pH only regr out,Inliers,10,GPR,90/10,-0.6438344517031662,0.3069407172550467
Rg w/no norm,expr buffer only regr out,Inliers,10,Linear,80/20,0.5560902883669923,1.4025857070560015
Rg w/no norm,expr buffer only regr out,Inliers,10,Ridge,80/20,0.5761111499595672,1.3705916519172479
Rg w/no norm,expr buffer only regr out,Inliers,10,Lasso,80/20,0.5745442133354057,1.373122562080531
Rg w/no norm,expr buffer only regr out,Inliers,10,Kernel Ridge,80/20,0.5998549286128227,1.3316522332387584
Rg w/no norm,expr buffer only regr out,Inliers,10,GPR,80/20,-0.8858812312168407,2.8909411762048007
Rg w/no norm,expr buffer only regr out,Inliers,10,Linear,85/15,0.5672037970625676,1.49040260212562
Rg w/no norm,expr buffer only regr out,Inliers,10,Ridge,85/15,0.5888720803641341,1.4526144649854176
Rg w/no norm,expr buffer only regr out,Inliers,10,Lasso,85/15,0.5884173090369649,1.453417651528992
Rg w/no norm,expr buffer only regr out,Inliers,10,Kernel Ridge,85/15,0.6182457561807452,1.399760764472538
Rg w/no norm,expr buffer only regr out,Inliers,10,GPR,85/15,-0.8058682663495098,3.044422425872638
Rg w/no norm,expr buffer only regr out,Inliers,10,Linear,90/10,0.4487271203243828,1.6822173134148148
Rg w/no norm,expr buffer only regr out,Inliers,10,Ridge,90/10,0.5057230567533488,1.592883306164293
Rg w/no norm,expr buffer only regr out,Inliers,10,Lasso,90/10,0.4525432851954623,1.6763846601458001
Rg w/no norm,expr buffer only regr out,Inliers,10,Kernel Ridge,90/10,0.5326636997413849,1.548864916766416
Rg w/no norm,expr buffer only regr out,Inliers,10,GPR,90/10,-0.5398554113399283,2.811504328333018
Rg norm w/0.421,expr buffer only regr out,Inliers,10,Linear,80/20,0.4582774042278239,0.14246517907077158
Rg norm w/0.421,expr buffer only regr out,Inliers,10,Ridge,80/20,0.4664015075032887,0.1413928830164629
Rg norm w/0.421,expr buffer only regr out,Inliers,10,Lasso,80/20,0.4463668326753598,0.14402281758763827
Rg norm w/0.421,expr buffer only regr out,Inliers,10,Kernel Ridge,80/20,0.4961230261827335,0.13739866375928317
Rg norm w/0.421,expr buffer only regr out,Inliers,10,GPR,80/20,-1.3075352347984501,0.2940318818640973
Rg norm w/0.421,expr buffer only regr out,Inliers,10,Linear,85/15,0.5315736950381997,0.14039768038545614
Rg norm w/0.421,expr buffer only regr out,Inliers,10,Ridge,85/15,0.5336747340213094,0.1400824626970171
Rg norm w/0.421,expr buffer only regr out,Inliers,10,Lasso,85/15,0.5175196539533045,0.14248826828606126
Rg norm w/0.421,expr buffer only regr out,Inliers,10,Kernel Ridge,85/15,0.46961747860647207,0.14939425492873099
Rg norm w/0.421,expr buffer only regr out,Inliers,10,GPR,85/15,-1.2407024655215908,0.30706575904751315
Rg norm w/0.421,expr buffer only regr out,Inliers,10,Linear,90/10,0.44934887137405055,0.15775174634664693
Rg norm w/0.421,expr buffer only regr out,Inliers,10,Ridge,90/10,0.4606343463157875,0.1561268338488611
Rg norm w/0.421,expr buffer only regr out,Inliers,10,Lasso,90/10,0.4547075787567474,0.1569822826067101
Rg norm w/0.421,expr buffer only regr out,Inliers,10,Kernel Ridge,90/10,0.48248866794810297,0.15293111004929108
Rg norm w/0.421,expr buffer only regr out,Inliers,10,GPR,90/10,-0.8584632407730965,0.2898096861422506
Rg norm w/0.5,expr buffer only regr out,Inliers,10,Linear,80/20,0.44902699973772653,0.09673090886602075
Rg norm w/0.5,expr buffer only regr out,Inliers,10,Ridge,80/20,0.4543374713972561,0.09626361688934604
Rg norm w/0.5,expr buffer only regr out,Inliers,10,Lasso,80/20,0.4375527612150435,0.09773294918221606
Rg norm w/0.5,expr buffer only regr out,Inliers,10,Kernel Ridge,80/20,0.49354848973423937,0.09274041713453961
Rg norm w/0.5,expr buffer only regr out,Inliers,10,GPR,80/20,-1.3188298016331066,0.19844243449633797
Rg norm w/0.5,expr buffer only regr out,Inliers,10,Linear,85/15,0.5329365026544968,0.09366533732029501
Rg norm w/0.5,expr buffer only regr out,Inliers,10,Ridge,85/15,0.530559646158367,0.09390336335834017
Rg norm w/0.5,expr buffer only regr out,Inliers,10,Lasso,85/15,0.5064988334241289,0.09627976682875736
Rg norm w/0.5,expr buffer only regr out,Inliers,10,Kernel Ridge,85/15,0.464776560259722,0.10026711068504518
Rg norm w/0.5,expr buffer only regr out,Inliers,10,GPR,85/15,-1.2732875883475825,0.20664177725917443
Rg norm w/0.5,expr buffer only regr out,Inliers,10,Linear,90/10,0.46205475738463,0.10378207714930442
Rg norm w/0.5,expr buffer only regr out,Inliers,10,Ridge,90/10,0.46503244064451443,0.1034944465877792
Rg norm w/0.5,expr buffer only regr out,Inliers,10,Lasso,90/10,0.4501168786888695,0.10492730482763876
Rg norm w/0.5,expr buffer only regr out,Inliers,10,Kernel Ridge,90/10,0.4190550083829605,0.10785016877343724
Rg norm w/0.5,expr buffer only regr out,Inliers,10,GPR,90/10,-0.8952746607352502,0.19480020124588018
Rg norm w/0.406,expr buffer only regr out,Inliers,10,Linear,80/20,0.4605026521173793,0.15338744310279953
Rg norm w/0.406,expr buffer only regr out,Inliers,10,Ridge,80/20,0.46924365554965997,0.1521397674574541
Rg norm w/0.406,expr buffer only regr out,Inliers,10,Lasso,80/20,0.45103313919843757,0.1547277517716212
Rg norm w/0.406,expr buffer only regr out,Inliers,10,Kernel Ridge,80/20,0.4973175813860804,0.14806145025983528
Rg norm w/0.406,expr buffer only regr out,Inliers,10,GPR,80/20,-1.3024591121619782,0.3168772893012073
Rg norm w/0.406,expr buffer only regr out,Inliers,10,Linear,85/15,0.5315685090973727,0.15165751043428224
Rg norm w/0.406,expr buffer only regr out,Inliers,10,Ridge,85/15,0.5346116150543686,0.1511640958559503
Rg norm w/0.406,expr buffer only regr out,Inliers,10,Lasso,85/15,0.5213974742838889,0.15329513557273364
Rg norm w/0.406,expr buffer only regr out,Inliers,10,Kernel Ridge,85/15,0.5530920482737169,0.1481323531237768
Rg norm w/0.406,expr buffer only regr out,Inliers,10,GPR,85/15,-1.2323744222219637,0.3310734844808312
Rg norm w/0.406,expr buffer only regr out,Inliers,10,Linear,90/10,0.44750483926860574,0.1707820680374772
Rg norm w/0.406,expr buffer only regr out,Inliers,10,Ridge,90/10,0.4604208193858331,0.16877403020328677
Rg norm w/0.406,expr buffer only regr out,Inliers,10,Lasso,90/10,0.45374964992261857,0.16981415686505918
Rg norm w/0.406,expr buffer only regr out,Inliers,10,Kernel Ridge,90/10,0.4810289739003629,0.16551965980566358
Rg norm w/0.406,expr buffer only regr out,Inliers,10,GPR,90/10,-0.850104665056244,0.3125188216406224
Rg w/no norm,No regr out,Inliers,20,Linear,80/20,0.5151043521375588,0.9632920591057182
Rg w/no norm,No regr out,Inliers,20,Ridge,80/20,0.6240985254255951,0.84814645615036
Rg w/no norm,No regr out,Inliers,20,Lasso,80/20,0.7449716579626671,0.6985991628483179
Rg w/no norm,No regr out,Inliers,20,Kernel Ridge,80/20,0.6612650470017756,0.8051259847255927
Rg w/no norm,No regr out,Inliers,20,GPR,80/20,-0.17755017150135166,1.5011481215388058
Rg w/no norm,No regr out,Inliers,20,Linear,85/15,0.5674965188100096,0.9235835733652087
Rg w/no norm,No regr out,Inliers,20,Ridge,85/15,0.6369877201626394,0.8461396656790217
Rg w/no norm,No regr out,Inliers,20,Lasso,85/15,0.7192018268831954,0.7441809274166791
Rg w/no norm,No regr out,Inliers,20,Kernel Ridge,85/15,0.7365388514930471,0.7208413422916005
Rg w/no norm,No regr out,Inliers,20,GPR,85/15,0.07605299829081014,1.349910348194159
Rg w/no norm,No regr out,Inliers,20,Linear,90/10,0.5478999263359852,0.8887279044456793
Rg w/no norm,No regr out,Inliers,20,Ridge,90/10,0.5900095938755581,0.8463273477751424
Rg w/no norm,No regr out,Inliers,20,Lasso,90/10,0.6645167127822844,0.7655736415935933
Rg w/no norm,No regr out,Inliers,20,Kernel Ridge,90/10,0.7035666091328742,0.71963965799111
Rg w/no norm,No regr out,Inliers,20,GPR,90/10,0.06430952957168368,1.278549747370463
Rg norm w/0.421,No regr out,Inliers,20,Linear,80/20,0.2327902937525621,0.08061064727438212
Rg norm w/0.421,No regr out,Inliers,20,Ridge,80/20,0.26828805751447315,0.07872368877774892
Rg norm w/0.421,No regr out,Inliers,20,Lasso,80/20,0.3239463598921727,0.07567038469501017
Rg norm w/0.421,No regr out,Inliers,20,Kernel Ridge,80/20,0.27502940171874235,0.07836020454757013
Rg norm w/0.421,No regr out,Inliers,20,GPR,80/20,-2.1566415564819494,0.16351138564337753
Rg norm w/0.421,No regr out,Inliers,20,Linear,85/15,0.32819099217332726,0.07767214164439783
Rg norm w/0.421,No regr out,Inliers,20,Ridge,85/15,0.34012328751863996,0.07697926670678037
Rg norm w/0.421,No regr out,Inliers,20,Lasso,85/15,0.36291173998430204,0.07563837148615812
Rg norm w/0.421,No regr out,Inliers,20,Kernel Ridge,85/15,0.3165878280640275,0.07834002819038083
Rg norm w/0.421,No regr out,Inliers,20,GPR,85/15,-1.6083400887388986,0.15304687870564967
Rg norm w/0.421,No regr out,Inliers,20,Linear,90/10,0.44291220897608286,0.07415304635959379
Rg norm w/0.421,No regr out,Inliers,20,Ridge,90/10,0.4284421888814234,0.07510991305832179
Rg norm w/0.421,No regr out,Inliers,20,Lasso,90/10,0.4003203628564621,0.07693550842359015
Rg norm w/0.421,No regr out,Inliers,20,Kernel Ridge,90/10,0.3663194317818753,0.0790865028836881
Rg norm w/0.421,No regr out,Inliers,20,GPR,90/10,-1.3390380747381911,0.15194479332124605
Rg norm w/0.5,No regr out,Inliers,20,Linear,80/20,0.3513272245874218,0.053416809490680714
Rg norm w/0.5,No regr out,Inliers,20,Ridge,80/20,0.36896100190783176,0.052685755101119044
Rg norm w/0.5,No regr out,Inliers,20,Lasso,80/20,0.3406645644149805,0.053854043617360584
Rg norm w/0.5,No regr out,Inliers,20,Kernel Ridge,80/20,0.3240125070390889,0.05452986713345672
Rg norm w/0.5,No regr out,Inliers,20,GPR,80/20,-1.7768492189025418,0.11052009724136963
Rg norm w/0.5,No regr out,Inliers,20,Linear,85/15,0.4203169795313252,0.05194506510110488
Rg norm w/0.5,No regr out,Inliers,20,Ridge,85/15,0.4283271793593628,0.05158492191607582
Rg norm w/0.5,No regr out,Inliers,20,Lasso,85/15,0.33912250868151295,0.05546378266102508
Rg norm w/0.5,No regr out,Inliers,20,Kernel Ridge,85/15,0.357961722348376,0.05466753171833478
Rg norm w/0.5,No regr out,Inliers,20,GPR,85/15,-1.3492264597576482,0.10457104474004851
Rg norm w/0.5,No regr out,Inliers,20,Linear,90/10,0.4860475227930844,0.05050508444745162
Rg norm w/0.5,No regr out,Inliers,20,Ridge,90/10,0.4745567925685803,0.0510665491139619
Rg norm w/0.5,No regr out,Inliers,20,Lasso,90/10,0.3641933395875715,0.056174104302858074
Rg norm w/0.5,No regr out,Inliers,20,Kernel Ridge,90/10,0.38460678661701386,0.05526497412552403
Rg norm w/0.5,No regr out,Inliers,20,GPR,90/10,-1.2020791397030708,0.10454182592642747
Rg norm w/0.406,No regr out,Inliers,20,Linear,80/20,0.21765931876515154,0.08725243959124936
Rg norm w/0.406,No regr out,Inliers,20,Ridge,80/20,0.25767643338430424,0.08499164714412495
Rg norm w/0.406,No regr out,Inliers,20,Lasso,80/20,0.3169077226052692,0.08153035053521064
Rg norm w/0.406,No regr out,Inliers,20,Kernel Ridge,80/20,0.27670600294745107,0.08389518810816513
Rg norm w/0.406,No regr out,Inliers,20,GPR,80/20,-2.1861014805545453,0.1760797544891136
Rg norm w/0.406,No regr out,Inliers,20,Linear,85/15,0.316135135495031,0.08393955157418365
Rg norm w/0.406,No regr out,Inliers,20,Ridge,85/15,0.3297710373388647,0.08309848283031124
Rg norm w/0.406,No regr out,Inliers,20,Lasso,85/15,0.36534796693740623,0.0808629045675353
Rg norm w/0.406,No regr out,Inliers,20,Kernel Ridge,85/15,0.3179212643556595,0.0838298625941126
Rg norm w/0.406,No regr out,Inliers,20,GPR,85/15,-1.625645673683636,0.16447487249226597
Rg norm w/0.406,No regr out,Inliers,20,Linear,90/10,0.4385641148713393,0.07989088138223412
Rg norm w/0.406,No regr out,Inliers,20,Ridge,90/10,0.4241677621024136,0.08090868004806877
Rg norm w/0.406,No regr out,Inliers,20,Lasso,90/10,0.4055495781591655,0.0822062709855302
Rg norm w/0.406,No regr out,Inliers,20,Kernel Ridge,90/10,0.36952614069752754,0.08466046915254705
Rg norm w/0.406,No regr out,Inliers,20,GPR,90/10,-1.3402114477644882,0.163107780577441
Rg w/no norm,pH regr out,Inliers,20,Linear,80/20,0.5150201290934799,0.9633342535035295
Rg w/no norm,pH regr out,Inliers,20,Ridge,80/20,0.6240263160044283,0.8481914103047764
Rg w/no norm,pH regr out,Inliers,20,Lasso,80/20,0.7449223987701576,0.6986365590924126
Rg w/no norm,pH regr out,Inliers,20,Kernel Ridge,80/20,0.6456152011965868,0.8234793033506251
Rg w/no norm,pH regr out,Inliers,20,GPR,80/20,0.50355629580721,0.9746532825457439
Rg w/no norm,pH regr out,Inliers,20,Linear,85/15,0.5674426187453242,0.923588507072112
Rg w/no norm,pH regr out,Inliers,20,Ridge,85/15,0.6369388554677888,0.846148409739313
Rg w/no norm,pH regr out,Inliers,20,Lasso,85/15,0.7191430826952272,0.744216370091705
Rg w/no norm,pH regr out,Inliers,20,Kernel Ridge,85/15,0.7197817133764008,0.7433697648169654
Rg w/no norm,pH regr out,Inliers,20,GPR,85/15,0.4693258900838566,1.0229881580919034
Rg w/no norm,pH regr out,Inliers,20,Linear,90/10,0.5478641929752954,0.8887164265573231
Rg w/no norm,pH regr out,Inliers,20,Ridge,90/10,0.5899695409658218,0.8463243102946068
Rg w/no norm,pH regr out,Inliers,20,Lasso,90/10,0.6644508743529648,0.7656086155850507
Rg w/no norm,pH regr out,Inliers,20,Kernel Ridge,90/10,0.6588908320767582,0.7719256146563291
Rg w/no norm,pH regr out,Inliers,20,GPR,90/10,0.42102625938294325,1.0056762399566466
Rg norm w/0.421,pH regr out,Inliers,20,Linear,80/20,0.23276237453689108,0.08060910989746004
Rg norm w/0.421,pH regr out,Inliers,20,Ridge,80/20,0.26826694467280987,0.07872189075129009
Rg norm w/0.421,pH regr out,Inliers,20,Lasso,80/20,0.3239462182683517,0.07566757268140131
Rg norm w/0.421,pH regr out,Inliers,20,Kernel Ridge,80/20,0.30239965560299154,0.07686391878262987
Rg norm w/0.421,pH regr out,Inliers,20,GPR,80/20,0.10194845915825879,0.08721070765447815
Rg norm w/0.421,pH regr out,Inliers,20,Linear,85/15,0.3281916600836815,0.0776684041405123
Rg norm w/0.421,pH regr out,Inliers,20,Ridge,85/15,0.34012649731565703,0.07697541359375615
Rg norm w/0.421,pH regr out,Inliers,20,Lasso,85/15,0.3629239598150529,0.07563404407385405
Rg norm w/0.421,pH regr out,Inliers,20,Kernel Ridge,85/15,0.34239353124900074,0.07684307306694589
Rg norm w/0.421,pH regr out,Inliers,20,GPR,85/15,0.17684538397226468,0.08597306209919946
Rg norm w/0.421,pH regr out,Inliers,20,Linear,90/10,0.4429399434019834,0.07414678460686369
Rg norm w/0.421,pH regr out,Inliers,20,Ridge,90/10,0.4284624427741739,0.07510410933577777
Rg norm w/0.421,pH regr out,Inliers,20,Lasso,90/10,0.4003485117401534,0.07692912113847065
Rg norm w/0.421,pH regr out,Inliers,20,Kernel Ridge,90/10,0.4123553409678947,0.07615505036231691
Rg norm w/0.421,pH regr out,Inliers,20,GPR,90/10,0.29643094371413214,0.08332871376524538
Rg norm w/0.5,pH regr out,Inliers,20,Linear,80/20,0.35133328818796916,0.05341490101391637
Rg norm w/0.5,pH regr out,Inliers,20,Ridge,80/20,0.3689736660520335,0.052683590327770737
Rg norm w/0.5,pH regr out,Inliers,20,Lasso,80/20,0.34066606134600375,0.05385231008540523
Rg norm w/0.5,pH regr out,Inliers,20,Kernel Ridge,80/20,0.35721676758906495,0.05317210966980408
Rg norm w/0.5,pH regr out,Inliers,20,GPR,80/20,0.10452264053339644,0.06275942084413107
Rg norm w/0.5,pH regr out,Inliers,20,Linear,85/15,0.4203421020317224,0.05194182424966705
Rg norm w/0.5,pH regr out,Inliers,20,Ridge,85/15,0.42835621331501683,0.05158151139960588
Rg norm w/0.5,pH regr out,Inliers,20,Lasso,85/15,0.3391211815232973,0.055461579783339196
Rg norm w/0.5,pH regr out,Inliers,20,Kernel Ridge,85/15,0.3714873613932209,0.05408643132779753
Rg norm w/0.5,pH regr out,Inliers,20,GPR,85/15,0.18031871508289132,0.06176661897757807
Rg norm w/0.5,pH regr out,Inliers,20,Linear,90/10,0.4860901743449697,0.05050015673539463
Rg norm w/0.5,pH regr out,Inliers,20,Ridge,90/10,0.4745945446366461,0.0510618510384061
Rg norm w/0.5,pH regr out,Inliers,20,Lasso,90/10,0.3642143605205491,0.056170025694837894
Rg norm w/0.5,pH regr out,Inliers,20,Kernel Ridge,90/10,0.44682308978289353,0.052393967639647966
Rg norm w/0.5,pH regr out,Inliers,20,GPR,90/10,0.3138234822283087,0.05835353780930315
Rg norm w/0.406,pH regr out,Inliers,20,Linear,80/20,0.21762283213496902,0.08725106880452549
Rg norm w/0.406,pH regr out,Inliers,20,Ridge,80/20,0.2576470850672705,0.08499001008745621
Rg norm w/0.406,pH regr out,Inliers,20,Lasso,80/20,0.31689991935358686,0.0815276342033741
Rg norm w/0.406,pH regr out,Inliers,20,Kernel Ridge,80/20,0.302412007162452,0.08238766037981753
Rg norm w/0.406,pH regr out,Inliers,20,GPR,80/20,0.10657229137021751,0.09323787791085508
Rg norm w/0.406,pH regr out,Inliers,20,Linear,85/15,0.3161290615968162,0.08393575047017975
Rg norm w/0.406,pH regr out,Inliers,20,Ridge,85/15,0.3297673819232566,0.08309457740060873
Rg norm w/0.406,pH regr out,Inliers,20,Lasso,85/15,0.36535903395917557,0.08085817869446808
Rg norm w/0.406,pH regr out,Inliers,20,Kernel Ridge,85/15,0.34063615841884043,0.08241807511777041
Rg norm w/0.406,pH regr out,Inliers,20,GPR,85/15,0.18259447778896776,0.09176534194827132
Rg norm w/0.406,pH regr out,Inliers,20,Linear,90/10,0.43858792924181433,0.07988435661790025
Rg norm w/0.406,pH regr out,Inliers,20,Ridge,90/10,0.4241837045247929,0.08090266806729153
Rg norm w/0.406,pH regr out,Inliers,20,Lasso,90/10,0.4055781975151702,0.08219932171898257
Rg norm w/0.406,pH regr out,Inliers,20,Kernel Ridge,90/10,0.4113585750441856,0.08179867702712573
Rg norm w/0.406,pH regr out,Inliers,20,GPR,90/10,0.3008748862412016,0.0891452731942784
Rg w/no norm,buffer regr out,Inliers,20,Linear,80/20,-0.1579340955039834,1.3236090485355838
Rg w/no norm,buffer regr out,Inliers,20,Ridge,80/20,0.08950089035370212,1.1737012556104707
Rg w/no norm,buffer regr out,Inliers,20,Lasso,80/20,0.23165590885698895,1.0781909553474358
Rg w/no norm,buffer regr out,Inliers,20,Kernel Ridge,80/20,0.12089982356092688,1.1532859203638313
Rg w/no norm,buffer regr out,Inliers,20,GPR,80/20,-0.1062844036888122,1.2937524980296513
Rg w/no norm,buffer regr out,Inliers,20,Linear,85/15,-0.012166656763078043,1.157693995806
Rg w/no norm,buffer regr out,Inliers,20,Ridge,85/15,0.1280661440137979,1.0745077152205464
Rg w/no norm,buffer regr out,Inliers,20,Lasso,85/15,0.18399941784347618,1.0394724945085079
Rg w/no norm,buffer regr out,Inliers,20,Kernel Ridge,85/15,0.38472312413669885,0.9026160760138455
Rg w/no norm,buffer regr out,Inliers,20,GPR,85/15,-0.11253975500079205,1.2137396430605056
Rg w/no norm,buffer regr out,Inliers,20,Linear,90/10,-0.04924397996179497,1.167829340498755
Rg w/no norm,buffer regr out,Inliers,20,Ridge,90/10,0.10045632300448515,1.0813150976498964
Rg w/no norm,buffer regr out,Inliers,20,Lasso,90/10,0.18721838293531678,1.0278460599231303
Rg w/no norm,buffer regr out,Inliers,20,Kernel Ridge,90/10,0.3941895767926922,0.8873797416740081
Rg w/no norm,buffer regr out,Inliers,20,GPR,90/10,-0.0782546577574239,1.1838639898282468
Rg norm w/0.421,buffer regr out,Inliers,20,Linear,80/20,-0.08885959161698964,0.11085008098349987
Rg norm w/0.421,buffer regr out,Inliers,20,Ridge,80/20,-0.013189801249694488,0.10692899350564607
Rg norm w/0.421,buffer regr out,Inliers,20,Lasso,80/20,-0.04091736238770305,0.1083822594340557
Rg norm w/0.421,buffer regr out,Inliers,20,Kernel Ridge,80/20,0.08777215530125737,0.10146160694973486
Rg norm w/0.421,buffer regr out,Inliers,20,GPR,80/20,-0.2131499684690057,0.11700578099678824
Rg norm w/0.421,buffer regr out,Inliers,20,Linear,85/15,0.11938344306195348,0.09505024876436982
Rg norm w/0.421,buffer regr out,Inliers,20,Ridge,85/15,0.11958768306550005,0.09503922569835285
Rg norm w/0.421,buffer regr out,Inliers,20,Lasso,85/15,0.025279178388212253,0.09999998992174965
Rg norm w/0.421,buffer regr out,Inliers,20,Kernel Ridge,85/15,0.1918417115765224,0.0910558913862608
Rg norm w/0.421,buffer regr out,Inliers,20,GPR,85/15,-0.22965832657341578,0.1123186983969289
Rg norm w/0.421,buffer regr out,Inliers,20,Linear,90/10,0.31014459996886634,0.08739859396921927
Rg norm w/0.421,buffer regr out,Inliers,20,Ridge,90/10,0.2868478003472399,0.08886209029421858
Rg norm w/0.421,buffer regr out,Inliers,20,Lasso,90/10,0.2576210888384527,0.09066469919870493
Rg norm w/0.421,buffer regr out,Inliers,20,Kernel Ridge,90/10,0.3483311129210337,0.08494521213127608
Rg norm w/0.421,buffer regr out,Inliers,20,GPR,90/10,-0.22039051186067504,0.11624514487669696
Rg norm w/0.5,buffer regr out,Inliers,20,Linear,80/20,0.12326632209737232,0.07165559558608312
Rg norm w/0.5,buffer regr out,Inliers,20,Ridge,80/20,0.16771210046391105,0.06981569339495891
Rg norm w/0.5,buffer regr out,Inliers,20,Lasso,80/20,0.07569666747474724,0.07357385716446992
Rg norm w/0.5,buffer regr out,Inliers,20,Kernel Ridge,80/20,0.21417642714481777,0.06783889912379147
Rg norm w/0.5,buffer regr out,Inliers,20,GPR,80/20,-0.20392784835377076,0.08396851943197954
Rg norm w/0.5,buffer regr out,Inliers,20,Linear,85/15,0.31105525386027577,0.06210653955966055
Rg norm w/0.5,buffer regr out,Inliers,20,Ridge,85/15,0.3129975128949922,0.062018933024020007
Rg norm w/0.5,buffer regr out,Inliers,20,Lasso,85/15,0.05691012880488999,0.0726643973386895
Rg norm w/0.5,buffer regr out,Inliers,20,Kernel Ridge,85/15,0.33741531609184994,0.06090680693400673
Rg norm w/0.5,buffer regr out,Inliers,20,GPR,85/15,-0.2109831243061755,0.0823406291848525
Rg norm w/0.5,buffer regr out,Inliers,20,Linear,90/10,0.4215005988967465,0.05780124058654498
Rg norm w/0.5,buffer regr out,Inliers,20,Ridge,90/10,0.405695983288172,0.058585485824806036
Rg norm w/0.5,buffer regr out,Inliers,20,Lasso,90/10,0.23531964859639742,0.06645469490075524
Rg norm w/0.5,buffer regr out,Inliers,20,Kernel Ridge,90/10,0.4395117378573624,0.056894326916339576
Rg norm w/0.5,buffer regr out,Inliers,20,GPR,90/10,-0.21337991312377969,0.0837113032999212
Rg norm w/0.406,buffer regr out,Inliers,20,Linear,80/20,-0.1294795179279722,0.12047146714894595
Rg norm w/0.406,buffer regr out,Inliers,20,Ridge,80/20,-0.04606984958574989,0.1159378819045004
Rg norm w/0.406,buffer regr out,Inliers,20,Lasso,80/20,-0.08652229567500158,0.11815832906281054
Rg norm w/0.406,buffer regr out,Inliers,20,Kernel Ridge,80/20,0.06774820825746997,0.10944895840077225
Rg norm w/0.406,buffer regr out,Inliers,20,GPR,80/20,-0.21396163245629607,0.12489570389612022
Rg norm w/0.406,buffer regr out,Inliers,20,Linear,85/15,0.07878556295846384,0.10316906222276907
Rg norm w/0.406,buffer regr out,Inliers,20,Ridge,85/15,0.08042927378179798,0.1030769795274504
Rg norm w/0.406,buffer regr out,Inliers,20,Lasso,85/15,0.006660974852222945,0.10713166734905029
Rg norm w/0.406,buffer regr out,Inliers,20,Kernel Ridge,85/15,0.16531777279452442,0.09820411773688795
Rg norm w/0.406,buffer regr out,Inliers,20,GPR,85/15,-0.23259953078628892,0.11933837345055077
Rg norm w/0.406,buffer regr out,Inliers,20,Linear,90/10,0.28645510575805544,0.09478368578756215
Rg norm w/0.406,buffer regr out,Inliers,20,Ridge,90/10,0.2634027629402306,0.09630259371054288
Rg norm w/0.406,buffer regr out,Inliers,20,Lasso,90/10,0.2511419801143797,0.09710077226391695
Rg norm w/0.406,buffer regr out,Inliers,20,Kernel Ridge,90/10,0.3324923646740988,0.09167502989071001
Rg norm w/0.406,buffer regr out,Inliers,20,GPR,90/10,-0.2204073800560955,0.12395822647640782
Rg w/no norm,expr pH only regr out,Inliers,20,Linear,80/20,0.5104112738116806,1.6895875748648241
Rg w/no norm,expr pH only regr out,Inliers,20,Ridge,80/20,0.5908391939882561,1.5445857202889024
Rg w/no norm,expr pH only regr out,Inliers,20,Lasso,80/20,0.5846473792645189,1.5562289148016681
Rg w/no norm,expr pH only regr out,Inliers,20,Kernel Ridge,80/20,0.6534023022989741,1.421601390242988
Rg w/no norm,expr pH only regr out,Inliers,20,GPR,80/20,-0.443476788787573,2.901148137176837
Rg w/no norm,expr pH only regr out,Inliers,20,Linear,85/15,0.48279573850646196,1.8146789627435906
Rg w/no norm,expr pH only regr out,Inliers,20,Ridge,85/15,0.5879892332372667,1.619656953625098
Rg w/no norm,expr pH only regr out,Inliers,20,Lasso,85/15,0.6522216208613694,1.488058643382951
Rg w/no norm,expr pH only regr out,Inliers,20,Kernel Ridge,85/15,0.6806102532064635,1.4260319053185797
Rg w/no norm,expr pH only regr out,Inliers,20,GPR,85/15,-0.4985859349814168,3.0889407879053596
Rg w/no norm,expr pH only regr out,Inliers,20,Linear,90/10,0.4560247878633862,1.7911857038294998
Rg w/no norm,expr pH only regr out,Inliers,20,Ridge,90/10,0.5517975419649919,1.6258788295581816
Rg w/no norm,expr pH only regr out,Inliers,20,Lasso,90/10,0.6229031116001402,1.49134297782694
Rg w/no norm,expr pH only regr out,Inliers,20,Kernel Ridge,90/10,0.6589737167144765,1.4182245050033182
Rg w/no norm,expr pH only regr out,Inliers,20,GPR,90/10,-0.3632412792529569,2.8355507414285994
Rg norm w/0.421,expr pH only regr out,Inliers,20,Linear,80/20,0.33239617278708544,0.17463915567583066
Rg norm w/0.421,expr pH only regr out,Inliers,20,Ridge,80/20,0.4427799789467908,0.15954954511842184
Rg norm w/0.421,expr pH only regr out,Inliers,20,Lasso,80/20,0.5027233543150481,0.15072359556802065
Rg norm w/0.421,expr pH only regr out,Inliers,20,Kernel Ridge,80/20,0.5114067042534307,0.14940184678690066
Rg norm w/0.421,expr pH only regr out,Inliers,20,GPR,80/20,-0.7828107743265793,0.28538742912600834
Rg norm w/0.421,expr pH only regr out,Inliers,20,Linear,85/15,0.34048774788876013,0.17754961974139502
Rg norm w/0.421,expr pH only regr out,Inliers,20,Ridge,85/15,0.46764935608921177,0.15951708483118102
Rg norm w/0.421,expr pH only regr out,Inliers,20,Lasso,85/15,0.4067178464140705,0.1683987854018857
Rg norm w/0.421,expr pH only regr out,Inliers,20,Kernel Ridge,85/15,0.5533426350844739,0.14611525562653851
Rg norm w/0.421,expr pH only regr out,Inliers,20,GPR,85/15,-0.912706594151856,0.30236567650201346
Rg norm w/0.421,expr pH only regr out,Inliers,20,Linear,90/10,0.3207502582962539,0.18232393404191433
Rg norm w/0.421,expr pH only regr out,Inliers,20,Ridge,90/10,0.4281211825159854,0.1672942242450284
Rg norm w/0.421,expr pH only regr out,Inliers,20,Lasso,90/10,0.5346802488572174,0.1509053669530847
Rg norm w/0.421,expr pH only regr out,Inliers,20,Kernel Ridge,90/10,0.5282131408685449,0.15195040509596877
Rg norm w/0.421,expr pH only regr out,Inliers,20,GPR,90/10,-0.6622761479393837,0.2852203633295729
Rg norm w/0.5,expr pH only regr out,Inliers,20,Linear,80/20,0.2995921045495028,0.11899991455832674
Rg norm w/0.5,expr pH only regr out,Inliers,20,Ridge,80/20,0.4202040643925893,0.10827014448279342
Rg norm w/0.5,expr pH only regr out,Inliers,20,Lasso,80/20,0.4629525786436529,0.10420233499207217
Rg norm w/0.5,expr pH only regr out,Inliers,20,Kernel Ridge,80/20,0.4940362000494969,0.10114184131755363
Rg norm w/0.5,expr pH only regr out,Inliers,20,GPR,80/20,-0.8310133916031637,0.19240523903774182
Rg norm w/0.5,expr pH only regr out,Inliers,20,Linear,85/15,0.30617091956964837,0.12012441596355439
Rg norm w/0.5,expr pH only regr out,Inliers,20,Ridge,85/15,0.4447808649300511,0.10745762868230704
Rg norm w/0.5,expr pH only regr out,Inliers,20,Lasso,85/15,0.5254029367165878,0.09934992949066161
Rg norm w/0.5,expr pH only regr out,Inliers,20,Kernel Ridge,85/15,0.5331194326310918,0.0985389519690509
Rg norm w/0.5,expr pH only regr out,Inliers,20,GPR,85/15,-0.9815206530048217,0.20300388137463712
Rg norm w/0.5,expr pH only regr out,Inliers,20,Linear,90/10,0.28203774059606623,0.12405128270399239
Rg norm w/0.5,expr pH only regr out,Inliers,20,Ridge,90/10,0.4026844691863962,0.11314942595640405
Rg norm w/0.5,expr pH only regr out,Inliers,20,Lasso,90/10,0.5011208868740105,0.10340656509666331
Rg norm w/0.5,expr pH only regr out,Inliers,20,Kernel Ridge,90/10,0.5072085823868322,0.10277370645031117
Rg norm w/0.5,expr pH only regr out,Inliers,20,GPR,90/10,-0.7092163356918977,0.19140310067023028
Rg norm w/0.406,expr pH only regr out,Inliers,20,Linear,80/20,0.3392229339435422,0.18790375003309373
Rg norm w/0.406,expr pH only regr out,Inliers,20,Ridge,80/20,0.44778897928093186,0.17177521537763712
Rg norm w/0.406,expr pH only regr out,Inliers,20,Lasso,80/20,0.40624493230068437,0.1781195673332949
Rg norm w/0.406,expr pH only regr out,Inliers,20,Kernel Ridge,80/20,0.5155522149993741,0.16089089001926132
Rg norm w/0.406,expr pH only regr out,Inliers,20,GPR,80/20,-0.7722390463104283,0.3077294901132484
Rg norm w/0.406,expr pH only regr out,Inliers,20,Linear,85/15,0.34697359263154104,0.1913332290826977
Rg norm w/0.406,expr pH only regr out,Inliers,20,Ridge,85/15,0.47228427553334473,0.17199865337428116
Rg norm w/0.406,expr pH only regr out,Inliers,20,Lasso,85/15,0.43561223842458774,0.17787455353516388
Rg norm w/0.406,expr pH only regr out,Inliers,20,Kernel Ridge,85/15,0.557659766751984,0.15747196631043447
Rg norm w/0.406,expr pH only regr out,Inliers,20,GPR,85/15,-0.8985018308878543,0.32623499020688607
Rg norm w/0.406,expr pH only regr out,Inliers,20,Linear,90/10,0.32799415559474643,0.196251050253994
Rg norm w/0.406,expr pH only regr out,Inliers,20,Ridge,90/10,0.4332406784015296,0.1802290528675897
Rg norm w/0.406,expr pH only regr out,Inliers,20,Lasso,90/10,0.45647492639496323,0.17649615810835306
Rg norm w/0.406,expr pH only regr out,Inliers,20,Kernel Ridge,90/10,0.5326881384296908,0.1636548449051517
Rg norm w/0.406,expr pH only regr out,Inliers,20,GPR,90/10,-0.6523405197260419,0.30773382930992993
Rg w/no norm,expr buffer only regr out,Inliers,20,Linear,80/20,0.3409231792094525,1.7090316468056954
Rg w/no norm,expr buffer only regr out,Inliers,20,Ridge,80/20,0.46602103602025735,1.5383110509170317
Rg w/no norm,expr buffer only regr out,Inliers,20,Lasso,80/20,0.549875040825739,1.4123704847122784
Rg w/no norm,expr buffer only regr out,Inliers,20,Kernel Ridge,80/20,0.5381727100327295,1.4306120603563552
Rg w/no norm,expr buffer only regr out,Inliers,20,GPR,80/20,-0.8865529383698538,2.8914559734660883
Rg w/no norm,expr buffer only regr out,Inliers,20,Linear,85/15,0.2943509924659464,1.903076501173633
Rg w/no norm,expr buffer only regr out,Inliers,20,Ridge,85/15,0.4591011906877356,1.6661722302270328
Rg w/no norm,expr buffer only regr out,Inliers,20,Lasso,85/15,0.573830513263211,1.478948512535875
Rg w/no norm,expr buffer only regr out,Inliers,20,Kernel Ridge,85/15,0.5783719756673431,1.4710472208647543
Rg w/no norm,expr buffer only regr out,Inliers,20,GPR,85/15,-0.8065774618026398,3.0450201656540226
Rg w/no norm,expr buffer only regr out,Inliers,20,Linear,90/10,0.1538792727373578,2.0840827151030945
Rg w/no norm,expr buffer only regr out,Inliers,20,Ridge,90/10,0.33848921127656173,1.8427535242534703
Rg w/no norm,expr buffer only regr out,Inliers,20,Lasso,90/10,0.47324487453842035,1.6443837247647688
Rg w/no norm,expr buffer only regr out,Inliers,20,Kernel Ridge,90/10,0.4830769128764931,1.628964985679105
Rg w/no norm,expr buffer only regr out,Inliers,20,GPR,90/10,-0.5398331796448232,2.8114840326831283
Rg norm w/0.421,expr buffer only regr out,Inliers,20,Linear,80/20,0.21786445623507045,0.17118324873994414
Rg norm w/0.421,expr buffer only regr out,Inliers,20,Ridge,80/20,0.3538003821332286,0.15559785343107732
Rg norm w/0.421,expr buffer only regr out,Inliers,20,Lasso,80/20,0.44105515008736296,0.14471206218398494
Rg norm w/0.421,expr buffer only regr out,Inliers,20,Kernel Ridge,80/20,0.39472655260582334,0.1505899760025651
Rg norm w/0.421,expr buffer only regr out,Inliers,20,GPR,80/20,-1.3090198708001801,0.29412645466174914
Rg norm w/0.421,expr buffer only regr out,Inliers,20,Linear,85/15,0.21027825379796294,0.18229566593172206
Rg norm w/0.421,expr buffer only regr out,Inliers,20,Ridge,85/15,0.3903542704295543,0.16016885202852874
Rg norm w/0.421,expr buffer only regr out,Inliers,20,Lasso,85/15,0.49491548491518,0.145787846863834
Rg norm w/0.421,expr buffer only regr out,Inliers,20,Kernel Ridge,85/15,0.43632710125093277,0.15401140121954615
Rg norm w/0.421,expr buffer only regr out,Inliers,20,GPR,85/15,-1.242317017912408,0.30717636821739736
Rg norm w/0.421,expr buffer only regr out,Inliers,20,Linear,90/10,0.12138554321766293,0.1992668618041046
Rg norm w/0.421,expr buffer only regr out,Inliers,20,Ridge,90/10,0.2933962392154197,0.1786997237407385
Rg norm w/0.421,expr buffer only regr out,Inliers,20,Lasso,90/10,0.4227493658512297,0.16151695488942738
Rg norm w/0.421,expr buffer only regr out,Inliers,20,Kernel Ridge,90/10,0.37712234125346034,0.16777887801160984
Rg norm w/0.421,expr buffer only regr out,Inliers,20,GPR,90/10,-0.8610686624913251,0.2900127603757121
Rg norm w/0.5,expr buffer only regr out,Inliers,20,Linear,80/20,0.20081209118356014,0.11649963428375794
Rg norm w/0.5,expr buffer only regr out,Inliers,20,Ridge,80/20,0.34432878536732126,0.10552203754641395
Rg norm w/0.5,expr buffer only regr out,Inliers,20,Lasso,80/20,0.4250635112007738,0.0988120810356475
Rg norm w/0.5,expr buffer only regr out,Inliers,20,Kernel Ridge,80/20,0.38708015948803687,0.10202390672717357
Rg norm w/0.5,expr buffer only regr out,Inliers,20,GPR,80/20,-1.3208303785883375,0.19852801942584683
Rg norm w/0.5,expr buffer only regr out,Inliers,20,Linear,85/15,0.19337379694700252,0.12309122702505264
Rg norm w/0.5,expr buffer only regr out,Inliers,20,Ridge,85/15,0.3849387003577708,0.10748556379373533
Rg norm w/0.5,expr buffer only regr out,Inliers,20,Lasso,85/15,0.4735699770417042,0.09944003370712899
Rg norm w/0.5,expr buffer only regr out,Inliers,20,Kernel Ridge,85/15,0.432059505408406,0.10328621333494004
Rg norm w/0.5,expr buffer only regr out,Inliers,20,GPR,85/15,-1.275516688808608,0.20674306501983425
Rg norm w/0.5,expr buffer only regr out,Inliers,20,Linear,90/10,0.1084634254948571,0.13360505965746933
Rg norm w/0.5,expr buffer only regr out,Inliers,20,Ridge,90/10,0.2923216362236538,0.11903406967800657
Rg norm w/0.5,expr buffer only regr out,Inliers,20,Lasso,90/10,0.39000628658599557,0.11051367031430011
Rg norm w/0.5,expr buffer only regr out,Inliers,20,Kernel Ridge,90/10,0.3741783223168921,0.11193827868620604
Rg norm w/0.5,expr buffer only regr out,Inliers,20,GPR,90/10,-0.8988598368303855,0.19498436005789324
Rg norm w/0.406,expr buffer only regr out,Inliers,20,Linear,80/20,0.22131024913089226,0.18427965064572227
Rg norm w/0.406,expr buffer only regr out,Inliers,20,Ridge,80/20,0.35607804679878163,0.16757597960565762
Rg norm w/0.406,expr buffer only regr out,Inliers,20,Lasso,80/20,0.3337214533582221,0.1704602283347086
Rg norm w/0.406,expr buffer only regr out,Inliers,20,Kernel Ridge,80/20,0.41794215891445385,0.15932290740932
Rg norm w/0.406,expr buffer only regr out,Inliers,20,GPR,80/20,-1.3038707056717045,0.3169744101112024
Rg norm w/0.406,expr buffer only regr out,Inliers,20,Linear,85/15,0.2131203475091833,0.19655995244356247
Rg norm w/0.406,expr buffer only regr out,Inliers,20,Ridge,85/15,0.39150769465943003,0.17284961881964073
Rg norm w/0.406,expr buffer only regr out,Inliers,20,Lasso,85/15,0.49503030749240085,0.15746119294236904
Rg norm w/0.406,expr buffer only regr out,Inliers,20,Kernel Ridge,85/15,0.4378202898411584,0.1661416290158841
Rg norm w/0.406,expr buffer only regr out,Inliers,20,GPR,85/15,-1.2339037602257115,0.33118686971080963
Rg norm w/0.406,expr buffer only regr out,Inliers,20,Linear,90/10,0.12355242304789693,0.2151002927027412
Rg norm w/0.406,expr buffer only regr out,Inliers,20,Ridge,90/10,0.2938810134569886,0.19307096782608138
Rg norm w/0.406,expr buffer only regr out,Inliers,20,Lasso,90/10,0.430594129025786,0.1733760081244984
Rg norm w/0.406,expr buffer only regr out,Inliers,20,Kernel Ridge,90/10,0.37841291898217677,0.1811461127229634
Rg norm w/0.406,expr buffer only regr out,Inliers,20,GPR,90/10,-0.8525740922937171,0.31272731934235987
Rg w/no norm,No regr out,Inliers,50,Linear,80/20,-0.946834005380857,1.9301821670069683
Rg w/no norm,No regr out,Inliers,50,Ridge,80/20,0.6915818601139907,0.768252166907997
Rg w/no norm,No regr out,Inliers,50,Lasso,80/20,0.7449384763469411,0.6986446085717741
Rg w/no norm,No regr out,Inliers,50,Kernel Ridge,80/20,0.7125764704301736,0.7416431609339587
Rg w/no norm,No regr out,Inliers,50,GPR,80/20,0.15588566225475142,1.2709675887476661
Rg w/no norm,No regr out,Inliers,50,Linear,85/15,-0.6837035352370506,1.8222762216789652
Rg w/no norm,No regr out,Inliers,50,Ridge,85/15,0.714504072522343,0.7503801812631355
Rg w/no norm,No regr out,Inliers,50,Lasso,85/15,0.7192192821338987,0.744157796805837
Rg w/no norm,No regr out,Inliers,50,Kernel Ridge,85/15,0.7472883902665568,0.7059825936185933
Rg w/no norm,No regr out,Inliers,50,GPR,85/15,0.3345371609115936,1.1456271586045716
Rg w/no norm,No regr out,Inliers,50,Linear,90/10,-1.4369765195731188,2.0633704181609636
Rg w/no norm,No regr out,Inliers,50,Ridge,90/10,0.6561045684964941,0.7751124823158162
Rg w/no norm,No regr out,Inliers,50,Lasso,90/10,0.6693942395253142,0.7599880014389646
Rg w/no norm,No regr out,Inliers,50,Kernel Ridge,90/10,0.698934084965878,0.7252409573523475
Rg w/no norm,No regr out,Inliers,50,GPR,90/10,0.40112475802246883,1.0228682711279429
Rg norm w/0.421,No regr out,Inliers,50,Linear,80/20,-8.249808635376443,0.2798992521228209
Rg norm w/0.421,No regr out,Inliers,50,Ridge,80/20,0.3546183291734686,0.07393391053051436
Rg norm w/0.421,No regr out,Inliers,50,Lasso,80/20,0.33101881772312713,0.07527353553095537
Rg norm w/0.421,No regr out,Inliers,50,Kernel Ridge,80/20,0.33541640532153927,0.07502572007018259
Rg norm w/0.421,No regr out,Inliers,50,GPR,80/20,-1.4792695401538656,0.14490962630074544
Rg norm w/0.421,No regr out,Inliers,50,Linear,85/15,-11.66595811266029,0.33725732609726256
Rg norm w/0.421,No regr out,Inliers,50,Ridge,85/15,0.43612019576773753,0.07115995075451612
Rg norm w/0.421,No regr out,Inliers,50,Lasso,85/15,0.3711184516602348,0.0751496210547468
Rg norm w/0.421,No regr out,Inliers,50,Kernel Ridge,85/15,0.42476267863253003,0.0718730204466856
Rg norm w/0.421,No regr out,Inliers,50,GPR,85/15,-0.9531213474152838,0.1324362826756434
Rg norm w/0.421,No regr out,Inliers,50,Linear,90/10,-16.102265325595933,0.4108601278971213
Rg norm w/0.421,No regr out,Inliers,50,Ridge,90/10,0.5062744685843199,0.06980876743887725
Rg norm w/0.421,No regr out,Inliers,50,Lasso,90/10,0.40553915962423015,0.07660000582291396
Rg norm w/0.421,No regr out,Inliers,50,Kernel Ridge,90/10,0.49987384763534426,0.07025980815765198
Rg norm w/0.421,No regr out,Inliers,50,GPR,90/10,-0.555972929327216,0.12392764462381105
Rg norm w/0.5,No regr out,Inliers,50,Linear,80/20,-8.326616785939851,0.2025476344766479
Rg norm w/0.5,No regr out,Inliers,50,Ridge,80/20,0.45800158148028003,0.04882745841116049
Rg norm w/0.5,No regr out,Inliers,50,Lasso,80/20,0.3407512649996237,0.05385050268028915
Rg norm w/0.5,No regr out,Inliers,50,Kernel Ridge,80/20,0.4356933069287622,0.049822178089745726
Rg norm w/0.5,No regr out,Inliers,50,GPR,80/20,-1.1831003876456307,0.09799455892782058
Rg norm w/0.5,No regr out,Inliers,50,Linear,85/15,-11.57742479339821,0.24196072083442455
Rg norm w/0.5,No regr out,Inliers,50,Ridge,85/15,0.5205522359799049,0.04724106218363954
Rg norm w/0.5,No regr out,Inliers,50,Lasso,85/15,0.3393167803705939,0.055455629989117794
Rg norm w/0.5,No regr out,Inliers,50,Kernel Ridge,85/15,0.5005417663498757,0.048216823241843815
Rg norm w/0.5,No regr out,Inliers,50,GPR,85/15,-0.7606331026629898,0.09052810647927033
Rg norm w/0.5,No regr out,Inliers,50,Linear,90/10,-16.99007526576241,0.29880654774652254
Rg norm w/0.5,No regr out,Inliers,50,Ridge,90/10,0.5587389902403431,0.04679736466517747
Rg norm w/0.5,No regr out,Inliers,50,Lasso,90/10,0.4587902265781856,0.051827043515211
Rg norm w/0.5,No regr out,Inliers,50,Kernel Ridge,90/10,0.556508036971783,0.04691551594359046
Rg norm w/0.5,No regr out,Inliers,50,GPR,90/10,-0.47666092089691836,0.08560793289066006
Rg norm w/0.406,No regr out,Inliers,50,Linear,80/20,-8.090609174271297,0.29742407201897997
Rg norm w/0.406,No regr out,Inliers,50,Ridge,80/20,0.34245395636847176,0.07999129105031728
Rg norm w/0.406,No regr out,Inliers,50,Lasso,80/20,0.3260911938494898,0.08098045032778134
Rg norm w/0.406,No regr out,Inliers,50,Kernel Ridge,80/20,0.27232272267067603,0.08414901343461417
Rg norm w/0.406,No regr out,Inliers,50,GPR,80/20,-1.5006919955824505,0.15599465709973342
Rg norm w/0.406,No regr out,Inliers,50,Linear,85/15,-11.494626337099344,0.3587923176743473
Rg norm w/0.406,No regr out,Inliers,50,Ridge,85/15,0.4255305713716955,0.07693340602845497
Rg norm w/0.406,No regr out,Inliers,50,Lasso,85/15,0.29626883062150766,0.08515004713435186
Rg norm w/0.406,No regr out,Inliers,50,Kernel Ridge,85/15,0.41669883567845023,0.07752252697773412
Rg norm w/0.406,No regr out,Inliers,50,GPR,85/15,-0.9651736744899553,0.14229248632616742
Rg norm w/0.406,No regr out,Inliers,50,Linear,90/10,-15.716661754127664,0.43593516796796133
Rg norm w/0.406,No regr out,Inliers,50,Ridge,90/10,0.5002871138344767,0.07537154243276126
Rg norm w/0.406,No regr out,Inliers,50,Lasso,90/10,0.41914732013110234,0.08126061918825125
Rg norm w/0.406,No regr out,Inliers,50,Kernel Ridge,90/10,0.4938054560338814,0.075858780795745
Rg norm w/0.406,No regr out,Inliers,50,GPR,90/10,-0.5540878198570465,0.13291833941316436
Rg w/no norm,pH regr out,Inliers,50,Linear,80/20,-0.9470775291324083,1.9302198096449437
Rg w/no norm,pH regr out,Inliers,50,Ridge,80/20,0.6915178916092892,0.7682987672242787
Rg w/no norm,pH regr out,Inliers,50,Lasso,80/20,0.744889123661677,0.6986821264983212
Rg w/no norm,pH regr out,Inliers,50,Kernel Ridge,80/20,0.7045041786043866,0.7519532107095994
Rg w/no norm,pH regr out,Inliers,50,GPR,80/20,0.5746024343653899,0.9022204074271465
Rg w/no norm,pH regr out,Inliers,50,Linear,85/15,-0.6827272745486246,1.8216440658790487
Rg w/no norm,pH regr out,Inliers,50,Ridge,85/15,0.7144558279699655,0.7504008316163219
Rg w/no norm,pH regr out,Inliers,50,Lasso,85/15,0.7191604728929261,0.7441933294091487
Rg w/no norm,pH regr out,Inliers,50,Kernel Ridge,85/15,0.7151414345280204,0.7494994142941094
Rg w/no norm,pH regr out,Inliers,50,GPR,85/15,0.5427832942955562,0.9495497012078655
Rg w/no norm,pH regr out,Inliers,50,Linear,90/10,-1.4356050104977278,2.0626815580483258
Rg w/no norm,pH regr out,Inliers,50,Ridge,90/10,0.6560584057073092,0.7751238611946614
Rg w/no norm,pH regr out,Inliers,50,Lasso,90/10,0.6693885809567444,0.759954657709823
Rg w/no norm,pH regr out,Inliers,50,Kernel Ridge,90/10,0.6695371534055675,0.7597838816783274
Rg w/no norm,pH regr out,Inliers,50,GPR,90/10,0.5307961074066595,0.9053355192599026
Rg norm w/0.421,pH regr out,Inliers,50,Linear,80/20,-8.243193633804358,0.2797887222134967
Rg norm w/0.421,pH regr out,Inliers,50,Ridge,80/20,0.35459981877629165,0.07393221551675518
Rg norm w/0.421,pH regr out,Inliers,50,Lasso,80/20,0.3310102335461146,0.07527121330550766
Rg norm w/0.421,pH regr out,Inliers,50,Kernel Ridge,80/20,0.3153896978262397,0.07614491293543701
Rg norm w/0.421,pH regr out,Inliers,50,GPR,80/20,0.09854567609028453,0.0873757753185685
Rg norm w/0.421,pH regr out,Inliers,50,Linear,85/15,-11.6586624759734,0.3371441251910917
Rg norm w/0.421,pH regr out,Inliers,50,Ridge,85/15,0.43612553112111074,0.07115622534479457
Rg norm w/0.421,pH regr out,Inliers,50,Lasso,85/15,0.3711171071573507,0.07514612261528988
Rg norm w/0.421,pH regr out,Inliers,50,Kernel Ridge,85/15,0.36161298967740696,0.07571182365569817
Rg norm w/0.421,pH regr out,Inliers,50,GPR,85/15,0.18967186159681404,0.08530061183782373
Rg norm w/0.421,pH regr out,Inliers,50,Linear,90/10,-16.093367882712755,0.4107287777573715
Rg norm w/0.421,pH regr out,Inliers,50,Ridge,90/10,0.5062907032630491,0.06980346248710975
Rg norm w/0.421,pH regr out,Inliers,50,Lasso,90/10,0.40555445210801866,0.07659445888894888
Rg norm w/0.421,pH regr out,Inliers,50,Kernel Ridge,90/10,0.48704086103449473,0.07115127696539839
Rg norm w/0.421,pH regr out,Inliers,50,GPR,90/10,0.32104436502443057,0.08185816625169172
Rg norm w/0.5,pH regr out,Inliers,50,Linear,80/20,-8.319229119299294,0.20246111152975207
Rg norm w/0.5,pH regr out,Inliers,50,Ridge,80/20,0.4580175108309975,0.04882522460529097
Rg norm w/0.5,pH regr out,Inliers,50,Lasso,80/20,0.3407529328418779,0.05384876227407166
Rg norm w/0.5,pH regr out,Inliers,50,Kernel Ridge,80/20,0.3696642002184881,0.05265475652538959
Rg norm w/0.5,pH regr out,Inliers,50,GPR,80/20,0.10597877259880162,0.06270837366523314
Rg norm w/0.5,pH regr out,Inliers,50,Linear,85/15,-11.569734329607753,0.2418768861271062
Rg norm w/0.5,pH regr out,Inliers,50,Ridge,85/15,0.5205851177984031,0.04723751853744816
Rg norm w/0.5,pH regr out,Inliers,50,Lasso,85/15,0.33931566348076203,0.05545341862734814
Rg norm w/0.5,pH regr out,Inliers,50,Kernel Ridge,85/15,0.47937277169415593,0.04922602392077606
Rg norm w/0.5,pH regr out,Inliers,50,GPR,85/15,0.19188899743822874,0.061329133613185975
Rg norm w/0.5,pH regr out,Inliers,50,Linear,90/10,-16.980225393320765,0.2987079842953538
Rg norm w/0.5,pH regr out,Inliers,50,Ridge,90/10,0.5587777295864449,0.046792686280736365
Rg norm w/0.5,pH regr out,Inliers,50,Lasso,90/10,0.4588603253524176,0.0518207809385219
Rg norm w/0.5,pH regr out,Inliers,50,Kernel Ridge,90/10,0.5514853400007251,0.0471777893394131
Rg norm w/0.5,pH regr out,Inliers,50,GPR,90/10,0.3450514179729771,0.05701023989985629
Rg norm w/0.406,pH regr out,Inliers,50,Linear,80/20,-8.08426509478541,0.2973086680729706
Rg norm w/0.406,pH regr out,Inliers,50,Ridge,80/20,0.3424273255863065,0.0799897888812316
Rg norm w/0.406,pH regr out,Inliers,50,Lasso,80/20,0.3260762780839511,0.08097818593804039
Rg norm w/0.406,pH regr out,Inliers,50,Kernel Ridge,80/20,0.31538475925228804,0.08161800090066275
Rg norm w/0.406,pH regr out,Inliers,50,GPR,80/20,0.10633561997476493,0.09325022657503353
Rg norm w/0.406,pH regr out,Inliers,50,Linear,85/15,-11.487521416125203,0.35867245599204584
Rg norm w/0.406,pH regr out,Inliers,50,Ridge,85/15,0.42552889069817346,0.07692969308956775
Rg norm w/0.406,pH regr out,Inliers,50,Lasso,85/15,0.29625964169459873,0.08514636898588092
Rg norm w/0.406,pH regr out,Inliers,50,Kernel Ridge,85/15,0.35981941092814007,0.08121030741117563
Rg norm w/0.406,pH regr out,Inliers,50,GPR,85/15,0.198365898086315,0.09087574737705277
Rg norm w/0.406,pH regr out,Inliers,50,Linear,90/10,-15.708044028024911,0.435796436054535
Rg norm w/0.406,pH regr out,Inliers,50,Ridge,90/10,0.5002981709763265,0.07536615137421224
Rg norm w/0.406,pH regr out,Inliers,50,Lasso,90/10,0.41916365510996667,0.08125456332073985
Rg norm w/0.406,pH regr out,Inliers,50,Kernel Ridge,90/10,0.47934282585211474,0.07693018861225688
Rg norm w/0.406,pH regr out,Inliers,50,GPR,90/10,0.32696272059703557,0.08746623425426917
Rg w/no norm,buffer regr out,Inliers,50,Linear,80/20,-3.5228215909692766,2.6159084143904314
Rg w/no norm,buffer regr out,Inliers,50,Ridge,80/20,0.17280318648587,1.1187221395157665
Rg w/no norm,buffer regr out,Inliers,50,Lasso,80/20,0.24309357413693822,1.0701358234913663
Rg w/no norm,buffer regr out,Inliers,50,Kernel Ridge,80/20,0.21861583269012597,1.0873018076099825
Rg w/no norm,buffer regr out,Inliers,50,GPR,80/20,-0.10628369220599887,1.2937520820051587
Rg w/no norm,buffer regr out,Inliers,50,Linear,85/15,0.15636345474552538,1.056928137757047
Rg w/no norm,buffer regr out,Inliers,50,Ridge,85/15,0.2499388889448353,0.9965890064711903
Rg w/no norm,buffer regr out,Inliers,50,Lasso,85/15,0.1806036300253503,1.0416331322496482
Rg w/no norm,buffer regr out,Inliers,50,Kernel Ridge,85/15,0.3363951421406072,0.9373948127530137
Rg w/no norm,buffer regr out,Inliers,50,GPR,85/15,-0.11253866334225204,1.2137390475808538
Rg w/no norm,buffer regr out,Inliers,50,Linear,90/10,0.3238664870865091,0.9374699820516801
Rg w/no norm,buffer regr out,Inliers,50,Ridge,90/10,0.2952214280077312,0.9571224099532579
Rg w/no norm,buffer regr out,Inliers,50,Lasso,90/10,0.1874945512094376,1.0276714234752564
Rg w/no norm,buffer regr out,Inliers,50,Kernel Ridge,90/10,0.4009438659349087,0.8824190981364313
Rg w/no norm,buffer regr out,Inliers,50,GPR,90/10,-0.07825316613221389,1.1838631709669645
Rg norm w/0.421,buffer regr out,Inliers,50,Linear,80/20,-0.8559635522575428,0.14472208001364936
Rg norm w/0.421,buffer regr out,Inliers,50,Ridge,80/20,0.017049225506916788,0.10532123882233181
Rg norm w/0.421,buffer regr out,Inliers,50,Lasso,80/20,-0.03305411201343422,0.10797211523670786
Rg norm w/0.421,buffer regr out,Inliers,50,Kernel Ridge,80/20,0.08314671192351042,0.10171851180224219
Rg norm w/0.421,buffer regr out,Inliers,50,GPR,80/20,-0.21315102484832238,0.11700583193956665
Rg norm w/0.421,buffer regr out,Inliers,50,Linear,85/15,-1.9140194141523854,0.17290440390125944
Rg norm w/0.421,buffer regr out,Inliers,50,Ridge,85/15,0.24553029312730712,0.08797934775599639
Rg norm w/0.421,buffer regr out,Inliers,50,Lasso,85/15,0.005736319345004404,0.1009974996400173
Rg norm w/0.421,buffer regr out,Inliers,50,Kernel Ridge,85/15,0.210351034827721,0.0900071208742184
Rg norm w/0.421,buffer regr out,Inliers,50,GPR,85/15,-0.22965982131371754,0.11231876666273514
Rg norm w/0.421,buffer regr out,Inliers,50,Linear,90/10,-5.201786470861995,0.26204979029241415
Rg norm w/0.421,buffer regr out,Inliers,50,Ridge,90/10,0.44136735923107573,0.0786481598457163
Rg norm w/0.421,buffer regr out,Inliers,50,Lasso,90/10,0.286410938147034,0.08888930366112968
Rg norm w/0.421,buffer regr out,Inliers,50,Kernel Ridge,90/10,0.37232813693949707,0.08336653329762322
Rg norm w/0.421,buffer regr out,Inliers,50,GPR,90/10,-0.22039219839238933,0.11624522519977953
Rg norm w/0.5,buffer regr out,Inliers,50,Linear,80/20,-0.7101236723361344,0.1000760198964103
Rg norm w/0.5,buffer regr out,Inliers,50,Ridge,80/20,0.1999354112606786,0.06845084123081228
Rg norm w/0.5,buffer regr out,Inliers,50,Lasso,80/20,0.0758669392304917,0.07356708009984549
Rg norm w/0.5,buffer regr out,Inliers,50,Kernel Ridge,80/20,0.20912785670241718,0.06805646776562423
Rg norm w/0.5,buffer regr out,Inliers,50,GPR,80/20,-0.20393063344731166,0.08396861655575909
Rg norm w/0.5,buffer regr out,Inliers,50,Linear,85/15,-2.240515219487181,0.13469521518966981
Rg norm w/0.5,buffer regr out,Inliers,50,Ridge,85/15,0.4272751226380941,0.05662629663374353
Rg norm w/0.5,buffer regr out,Inliers,50,Lasso,85/15,0.05699317891832689,0.07266119779244773
Rg norm w/0.5,buffer regr out,Inliers,50,Kernel Ridge,85/15,0.3513225316206028,0.06026422033107519
Rg norm w/0.5,buffer regr out,Inliers,50,GPR,85/15,-0.21098679925464991,0.08234075412356302
Rg norm w/0.5,buffer regr out,Inliers,50,Linear,90/10,-5.981347563146285,0.2007961274588426
Rg norm w/0.5,buffer regr out,Inliers,50,Ridge,90/10,0.5420944824405287,0.05142492195252405
Rg norm w/0.5,buffer regr out,Inliers,50,Lasso,90/10,0.23724958331504586,0.06637078124469903
Rg norm w/0.5,buffer regr out,Inliers,50,Kernel Ridge,90/10,0.5712498005201596,0.049760859195129244
Rg norm w/0.5,buffer regr out,Inliers,50,GPR,90/10,-0.21338453202643626,0.08371146262924133
Rg norm w/0.406,buffer regr out,Inliers,50,Linear,80/20,-0.9135410814137757,0.15680644708647962
Rg norm w/0.406,buffer regr out,Inliers,50,Ridge,80/20,-0.016199683146858712,0.11427061034861302
Rg norm w/0.406,buffer regr out,Inliers,50,Lasso,80/20,-0.07561406848519692,0.11756370286744784
Rg norm w/0.406,buffer regr out,Inliers,50,Kernel Ridge,80/20,0.06346200089166243,0.10970027620641948
Rg norm w/0.406,buffer regr out,Inliers,50,GPR,80/20,-0.21396254619086297,0.12489575089987115
Rg norm w/0.406,buffer regr out,Inliers,50,Linear,85/15,-1.8388252139346535,0.1811083367494422
Rg norm w/0.406,buffer regr out,Inliers,50,Ridge,85/15,0.20817721718772197,0.09564958980538527
Rg norm w/0.406,buffer regr out,Inliers,50,Lasso,85/15,-0.020808693320609306,0.10860286820731856
Rg norm w/0.406,buffer regr out,Inliers,50,Kernel Ridge,85/15,0.1848667190807497,0.09704729343805693
Rg norm w/0.406,buffer regr out,Inliers,50,GPR,85/15,-0.23260084332182784,0.11933843698936071
Rg norm w/0.406,buffer regr out,Inliers,50,Linear,90/10,-5.010326546108284,0.27508820879326923
Rg norm w/0.406,buffer regr out,Inliers,50,Ridge,90/10,0.4212120511342857,0.08536555757678876
Rg norm w/0.406,buffer regr out,Inliers,50,Lasso,90/10,0.28623356023937474,0.09479839913726716
Rg norm w/0.406,buffer regr out,Inliers,50,Kernel Ridge,90/10,0.3567387496285197,0.08999463847067388
Rg norm w/0.406,buffer regr out,Inliers,50,GPR,90/10,-0.22040883032666136,0.12395830012923752
Rg w/no norm,expr pH only regr out,Inliers,50,Linear,80/20,-1.1645343075363663,3.55260759218491
Rg w/no norm,expr pH only regr out,Inliers,50,Ridge,80/20,0.6906970998554324,1.3429412033424364
Rg w/no norm,expr pH only regr out,Inliers,50,Lasso,80/20,0.6379276865238068,1.4529901200327509
Rg w/no norm,expr pH only regr out,Inliers,50,Kernel Ridge,80/20,0.7202748389263995,1.27711724438102
Rg w/no norm,expr pH only regr out,Inliers,50,GPR,80/20,-0.44406233858724287,2.9017365063426848
Rg w/no norm,expr pH only regr out,Inliers,50,Linear,85/15,-0.2789919864623651,2.853662899221845
Rg w/no norm,expr pH only regr out,Inliers,50,Ridge,85/15,0.6954322628593144,1.3925497048565763
Rg w/no norm,expr pH only regr out,Inliers,50,Lasso,85/15,0.65963636714499,1.4721102359868925
Rg w/no norm,expr pH only regr out,Inliers,50,Kernel Ridge,85/15,0.7416867946837221,1.2824547825982384
Rg w/no norm,expr pH only regr out,Inliers,50,GPR,85/15,-0.499216109625064,3.0895901892904236
Rg w/no norm,expr pH only regr out,Inliers,50,Linear,90/10,-1.6632324431286878,3.9632876643093162
Rg w/no norm,expr pH only regr out,Inliers,50,Ridge,90/10,0.652592128252665,1.4314325431856063
Rg w/no norm,expr pH only regr out,Inliers,50,Lasso,90/10,0.6344775657964351,1.468277277350613
Rg w/no norm,expr pH only regr out,Inliers,50,Kernel Ridge,90/10,0.7127095008297726,1.301702356771459
Rg w/no norm,expr pH only regr out,Inliers,50,GPR,90/10,-0.3645733867856813,2.8369357993276574
Rg norm w/0.421,expr pH only regr out,Inliers,50,Linear,80/20,-0.37622959084578356,0.25074233159149967
Rg norm w/0.421,expr pH only regr out,Inliers,50,Ridge,80/20,0.5517140181678001,0.14310664275021553
Rg norm w/0.421,expr pH only regr out,Inliers,50,Lasso,80/20,0.5325250175052842,0.1461374083598148
Rg norm w/0.421,expr pH only regr out,Inliers,50,Kernel Ridge,80/20,0.5879176475023646,0.13720635347297383
Rg norm w/0.421,expr pH only regr out,Inliers,50,GPR,80/20,-0.7829921369157169,0.2854019447682557
Rg norm w/0.421,expr pH only regr out,Inliers,50,Linear,85/15,0.12708694563466139,0.20426492864991863
Rg norm w/0.421,expr pH only regr out,Inliers,50,Ridge,85/15,0.586758790254408,0.14054329285044606
Rg norm w/0.421,expr pH only regr out,Inliers,50,Lasso,85/15,0.40670989185055095,0.16839991432034124
Rg norm w/0.421,expr pH only regr out,Inliers,50,Kernel Ridge,85/15,0.6297082471973796,0.13303941673728853
Rg norm w/0.421,expr pH only regr out,Inliers,50,GPR,85/15,-0.9129004258253666,0.3023809968236257
Rg norm w/0.421,expr pH only regr out,Inliers,50,Linear,90/10,-0.687202955957156,0.2873509292867075
Rg norm w/0.421,expr pH only regr out,Inliers,50,Ridge,90/10,0.5435428712628607,0.14946136326002593
Rg norm w/0.421,expr pH only regr out,Inliers,50,Lasso,90/10,0.5777444360711381,0.14375290592322595
Rg norm w/0.421,expr pH only regr out,Inliers,50,Kernel Ridge,90/10,0.5997358069065788,0.1399594774982338
Rg norm w/0.421,expr pH only regr out,Inliers,50,GPR,90/10,-0.6626414780463625,0.2852517040491751
Rg norm w/0.5,expr pH only regr out,Inliers,50,Linear,80/20,-0.2445215635784317,0.15862525965322827
Rg norm w/0.5,expr pH only regr out,Inliers,50,Ridge,80/20,0.5331455035133503,0.09715427293981685
Rg norm w/0.5,expr pH only regr out,Inliers,50,Lasso,80/20,0.4635759699402541,0.10414183969153379
Rg norm w/0.5,expr pH only regr out,Inliers,50,Kernel Ridge,80/20,0.571818298931901,0.0930433169994964
Rg norm w/0.5,expr pH only regr out,Inliers,50,GPR,80/20,-0.8311813076607826,0.19241406125298985
Rg norm w/0.5,expr pH only regr out,Inliers,50,Linear,85/15,0.2108174192181923,0.1281131723340189
Rg norm w/0.5,expr pH only regr out,Inliers,50,Ridge,85/15,0.5714163576302037,0.09441105173016742
Rg norm w/0.5,expr pH only regr out,Inliers,50,Lasso,85/15,0.5317599986682701,0.09868230750466223
Rg norm w/0.5,expr pH only regr out,Inliers,50,Kernel Ridge,85/15,0.61475950369412,0.08950988657303979
Rg norm w/0.5,expr pH only regr out,Inliers,50,GPR,85/15,-0.9817056822652146,0.2030133591414116
Rg norm w/0.5,expr pH only regr out,Inliers,50,Linear,90/10,-0.45987329537782506,0.17689193540646536
Rg norm w/0.5,expr pH only regr out,Inliers,50,Ridge,90/10,0.5274186669162225,0.10064419557624334
Rg norm w/0.5,expr pH only regr out,Inliers,50,Lasso,90/10,0.5137758796147206,0.10208659090112375
Rg norm w/0.5,expr pH only regr out,Inliers,50,Kernel Ridge,90/10,0.5844844302307891,0.09437220499671738
Rg norm w/0.5,expr pH only regr out,Inliers,50,GPR,90/10,-0.7095633977261355,0.191422532200426
Rg norm w/0.406,expr pH only regr out,Inliers,50,Linear,80/20,-0.4028946030746101,0.27379183285923936
Rg norm w/0.406,expr pH only regr out,Inliers,50,Ridge,80/20,0.555919087923907,0.15404195437251575
Rg norm w/0.406,expr pH only regr out,Inliers,50,Lasso,80/20,0.5351934953112388,0.1575955917971457
Rg norm w/0.406,expr pH only regr out,Inliers,50,Kernel Ridge,80/20,0.5916928969479491,0.1477071213881025
Rg norm w/0.406,expr pH only regr out,Inliers,50,GPR,80/20,-0.7724246754382931,0.30774560590226857
Rg norm w/0.406,expr pH only regr out,Inliers,50,Linear,85/15,0.11073007056298811,0.22327589176115373
Rg norm w/0.406,expr pH only regr out,Inliers,50,Ridge,85/15,0.5900710715005305,0.1515930576501767
Rg norm w/0.406,expr pH only regr out,Inliers,50,Lasso,85/15,0.4356048312078591,0.17787572077437003
Rg norm w/0.406,expr pH only regr out,Inliers,50,Kernel Ridge,85/15,0.6330198373201534,0.14343208895696324
Rg norm w/0.406,expr pH only regr out,Inliers,50,GPR,85/15,-0.8986994216849924,0.3262519665809871
Rg norm w/0.406,expr pH only regr out,Inliers,50,Linear,90/10,-0.730118669369046,0.31489329316451514
Rg norm w/0.406,expr pH only regr out,Inliers,50,Ridge,90/10,0.5470618692160036,0.16111831312949182
Rg norm w/0.406,expr pH only regr out,Inliers,50,Lasso,90/10,0.4564727857125259,0.17649650567452088
Rg norm w/0.406,expr pH only regr out,Inliers,50,Kernel Ridge,90/10,0.6031340399580088,0.1508159901262879
Rg norm w/0.406,expr pH only regr out,Inliers,50,GPR,90/10,-0.6527132150541777,0.307768532959857
Rg w/no norm,expr buffer only regr out,Inliers,50,Linear,80/20,-5.566681405412528,5.394547963889765
Rg w/no norm,expr buffer only regr out,Inliers,50,Ridge,80/20,0.5987559428315156,1.3334796497318033
Rg w/no norm,expr buffer only regr out,Inliers,50,Lasso,80/20,0.5521307284858089,1.4088271708694715
Rg w/no norm,expr buffer only regr out,Inliers,50,Kernel Ridge,80/20,0.6439426581755374,1.2561516072503949
Rg w/no norm,expr buffer only regr out,Inliers,50,GPR,80/20,-0.8865628407317125,2.891463561963923
Rg w/no norm,expr buffer only regr out,Inliers,50,Linear,85/15,-3.73725276674475,4.930888228608494
Rg w/no norm,expr buffer only regr out,Inliers,50,Ridge,85/15,0.5908087090268223,1.4491891375105876
Rg w/no norm,expr buffer only regr out,Inliers,50,Lasso,85/15,0.5753053994306792,1.4763871240662836
Rg w/no norm,expr buffer only regr out,Inliers,50,Kernel Ridge,85/15,0.663162189141768,1.3148381518959409
Rg w/no norm,expr buffer only regr out,Inliers,50,GPR,85/15,-0.8065873312718661,3.0450284832303263
Rg w/no norm,expr buffer only regr out,Inliers,50,Linear,90/10,-5.797842931867792,5.9072363513220365
Rg w/no norm,expr buffer only regr out,Inliers,50,Ridge,90/10,0.4875058636538071,1.6219715605422955
Rg w/no norm,expr buffer only regr out,Inliers,50,Lasso,90/10,0.47690699473831644,1.6386576923453533
Rg w/no norm,expr buffer only regr out,Inliers,50,Kernel Ridge,90/10,0.587563056141692,1.4550488187811081
Rg w/no norm,expr buffer only regr out,Inliers,50,GPR,90/10,-0.539855402105728,2.811504319903008
Rg norm w/0.421,expr buffer only regr out,Inliers,50,Linear,80/20,-2.2735231193936882,0.350209529272419
Rg norm w/0.421,expr buffer only regr out,Inliers,50,Ridge,80/20,0.48578665596332515,0.13880078559739065
Rg norm w/0.421,expr buffer only regr out,Inliers,50,Lasso,80/20,0.4931221745619464,0.13780719695331448
Rg norm w/0.421,expr buffer only regr out,Inliers,50,Kernel Ridge,80/20,0.5222356987965323,0.13379106193527365
Rg norm w/0.421,expr buffer only regr out,Inliers,50,GPR,80/20,-1.3090438361834638,0.2941279810312315
Rg norm w/0.421,expr buffer only regr out,Inliers,50,Linear,85/15,-1.8929969623014635,0.34890989306209136
Rg norm w/0.421,expr buffer only regr out,Inliers,50,Ridge,85/15,0.5340978736491814,0.14001889344841653
Rg norm w/0.421,expr buffer only regr out,Inliers,50,Lasso,85/15,0.5518438490213081,0.13732638116391055
Rg norm w/0.421,expr buffer only regr out,Inliers,50,Kernel Ridge,85/15,0.5880356655909975,0.1316646243221981
Rg norm w/0.421,expr buffer only regr out,Inliers,50,GPR,85/15,-1.2423415981427337,0.3071780518431133
Rg norm w/0.421,expr buffer only regr out,Inliers,50,Linear,90/10,-3.035878065764945,0.4270757646506762
Rg norm w/0.421,expr buffer only regr out,Inliers,50,Ridge,90/10,0.45183332685894306,0.15739546788793501
Rg norm w/0.421,expr buffer only regr out,Inliers,50,Lasso,90/10,0.4759938529588671,0.15388776764692277
Rg norm w/0.421,expr buffer only regr out,Inliers,50,Kernel Ridge,90/10,0.5353199714679611,0.1449148569649384
Rg norm w/0.421,expr buffer only regr out,Inliers,50,GPR,90/10,-0.8611135582211251,0.29001625843472173
Rg norm w/0.5,expr buffer only regr out,Inliers,50,Linear,80/20,-1.5194311065005635,0.2068480129377199
Rg norm w/0.5,expr buffer only regr out,Inliers,50,Ridge,80/20,0.47830354696615274,0.09412588046834869
Rg norm w/0.5,expr buffer only regr out,Inliers,50,Lasso,80/20,0.4466662877696186,0.09693791513875356
Rg norm w/0.5,expr buffer only regr out,Inliers,50,Kernel Ridge,80/20,0.515724534093641,0.09068727316640923
Rg norm w/0.5,expr buffer only regr out,Inliers,50,GPR,80/20,-1.3208700970969511,0.19852971821503576
Rg norm w/0.5,expr buffer only regr out,Inliers,50,Linear,85/15,-1.3448772917026135,0.2098703073049249
Rg norm w/0.5,expr buffer only regr out,Inliers,50,Ridge,85/15,0.5359473615217276,0.09336294902268574
Rg norm w/0.5,expr buffer only regr out,Inliers,50,Lasso,85/15,0.49013333719188235,0.09786316258309279
Rg norm w/0.5,expr buffer only regr out,Inliers,50,Kernel Ridge,85/15,0.4698588905718083,0.09978992111529034
Rg norm w/0.5,expr buffer only regr out,Inliers,50,GPR,85/15,-1.2755586913928942,0.20674497309262163
Rg norm w/0.5,expr buffer only regr out,Inliers,50,Linear,90/10,-2.2945964943053507,0.25683513748272807
Rg norm w/0.5,expr buffer only regr out,Inliers,50,Ridge,90/10,0.4578851411771816,0.10418350847065616
Rg norm w/0.5,expr buffer only regr out,Inliers,50,Lasso,90/10,0.407484504727573,0.10891888310161066
Rg norm w/0.5,expr buffer only regr out,Inliers,50,Kernel Ridge,90/10,0.540135909455209,0.09595510215515261
Rg norm w/0.5,expr buffer only regr out,Inliers,50,GPR,90/10,-0.8989357531754743,0.1949882577526388
Rg norm w/0.406,expr buffer only regr out,Inliers,50,Linear,80/20,-2.423366944760361,0.38638644064789934
Rg norm w/0.406,expr buffer only regr out,Inliers,50,Ridge,80/20,0.48763839157043154,0.14948012114642456
Rg norm w/0.406,expr buffer only regr out,Inliers,50,Lasso,80/20,0.333720130831215,0.17046039751180794
Rg norm w/0.406,expr buffer only regr out,Inliers,50,Kernel Ridge,80/20,0.5240586515873086,0.14406944041853564
Rg norm w/0.406,expr buffer only regr out,Inliers,50,GPR,80/20,-1.303892776270255,0.31697592838177735
Rg norm w/0.406,expr buffer only regr out,Inliers,50,Linear,85/15,-1.9968456598440487,0.38359511620758313
Rg norm w/0.406,expr buffer only regr out,Inliers,50,Ridge,85/15,0.5339324056402185,0.1512743635877194
Rg norm w/0.406,expr buffer only regr out,Inliers,50,Lasso,85/15,0.5528042885739236,0.14818003594280824
Rg norm w/0.406,expr buffer only regr out,Inliers,50,Kernel Ridge,85/15,0.5884722758686549,0.14214789407318273
Rg norm w/0.406,expr buffer only regr out,Inliers,50,GPR,85/15,-1.2339262907045772,0.33118853983198654
Rg norm w/0.406,expr buffer only regr out,Inliers,50,Linear,90/10,-3.1747389891628055,0.4694536207417098
Rg norm w/0.406,expr buffer only regr out,Inliers,50,Ridge,90/10,0.4510601655326745,0.17023168679735726
Rg norm w/0.406,expr buffer only regr out,Inliers,50,Lasso,90/10,0.48521235039625044,0.1648511907799262
Rg norm w/0.406,expr buffer only regr out,Inliers,50,Kernel Ridge,90/10,0.5349325217034533,0.15668810002698555
Rg norm w/0.406,expr buffer only regr out,Inliers,50,GPR,90/10,-0.8526153167048645,0.3127307988058599
Rg w/no norm,No regr out,Inliers,100,Linear,80/20,-40.35960766253954,8.896558571146713
Rg w/no norm,No regr out,Inliers,100,Ridge,80/20,0.7092329670748562,0.7459443340109083
Rg w/no norm,No regr out,Inliers,100,Lasso,80/20,0.744938137315013,0.6986450728965113
Rg w/no norm,No regr out,Inliers,100,Kernel Ridge,80/20,0.731195141515671,0.7172200042794614
Rg w/no norm,No regr out,Inliers,100,GPR,80/20,0.4514194524891313,1.0245992624454676
Rg w/no norm,No regr out,Inliers,100,Linear,85/15,-25.943409569266887,7.2896667159896
Rg w/no norm,No regr out,Inliers,100,Ridge,85/15,0.7149159725951966,0.7498386792937975
Rg w/no norm,No regr out,Inliers,100,Lasso,85/15,0.7192188817281766,0.7441583274066134
Rg w/no norm,No regr out,Inliers,100,Kernel Ridge,85/15,0.7541710832454771,0.6963023807124566
Rg w/no norm,No regr out,Inliers,100,GPR,85/15,0.52026726019085,0.9727048369796963
Rg w/no norm,No regr out,Inliers,100,Linear,90/10,-5.847396532609414,3.4587109339679167
Rg w/no norm,No regr out,Inliers,100,Ridge,90/10,0.6505902953682097,0.7813021314108594
Rg w/no norm,No regr out,Inliers,100,Lasso,90/10,0.6680662860161297,0.7615128044443351
Rg w/no norm,No regr out,Inliers,100,Kernel Ridge,90/10,0.706460686685138,0.7161181227306488
Rg w/no norm,No regr out,Inliers,100,GPR,90/10,0.5459432956770492,0.890648977876065
Rg norm w/0.421,No regr out,Inliers,100,Linear,80/20,-29.061961859985,0.5045962560052288
Rg norm w/0.421,No regr out,Inliers,100,Ridge,80/20,0.362643584207732,0.07347279225074733
Rg norm w/0.421,No regr out,Inliers,100,Lasso,80/20,0.33047008859217963,0.07530440061078189
Rg norm w/0.421,No regr out,Inliers,100,Kernel Ridge,80/20,0.2714199530581033,0.07855503035547215
Rg norm w/0.421,No regr out,Inliers,100,GPR,80/20,-0.6344605455989278,0.11765830426150653
Rg norm w/0.421,No regr out,Inliers,100,Linear,85/15,-5.476451417043797,0.24116313715900903
Rg norm w/0.421,No regr out,Inliers,100,Ridge,85/15,0.42380201650413196,0.0719330103701743
Rg norm w/0.421,No regr out,Inliers,100,Lasso,85/15,0.3151758486077292,0.0784209145423382
Rg norm w/0.421,No regr out,Inliers,100,Kernel Ridge,85/15,0.43262867168020713,0.07137992073538835
Rg norm w/0.421,No regr out,Inliers,100,GPR,85/15,-0.4721761845231014,0.11497998896785212
Rg norm w/0.421,No regr out,Inliers,100,Linear,90/10,-15.894926514869987,0.4083620079991204
Rg norm w/0.421,No regr out,Inliers,100,Ridge,90/10,0.486487458664252,0.07119388691979138
Rg norm w/0.421,No regr out,Inliers,100,Lasso,90/10,0.40468097210159715,0.07665527730311388
Rg norm w/0.421,No regr out,Inliers,100,Kernel Ridge,90/10,0.50746433468712,0.06972459801057497
Rg norm w/0.421,No regr out,Inliers,100,GPR,90/10,-0.2350844057600603,0.11041180157372771
Rg norm w/0.5,No regr out,Inliers,100,Linear,80/20,-22.25849657541989,0.31985705068321896
Rg norm w/0.5,No regr out,Inliers,100,Ridge,80/20,0.4572864078118608,0.04885966201136621
Rg norm w/0.5,No regr out,Inliers,100,Lasso,80/20,0.34075224630631473,0.05385046260142707
Rg norm w/0.5,No regr out,Inliers,100,Kernel Ridge,80/20,0.31765567554911045,0.0547856603731995
Rg norm w/0.5,No regr out,Inliers,100,GPR,80/20,-0.4644142754682521,0.08025961757171361
Rg norm w/0.5,No regr out,Inliers,100,Linear,85/15,-6.332739671744063,0.18474901794147414
Rg norm w/0.5,No regr out,Inliers,100,Ridge,85/15,0.5052030927339222,0.04799129767089584
Rg norm w/0.5,No regr out,Inliers,100,Lasso,85/15,0.33931753925921215,0.0554555981397706
Rg norm w/0.5,No regr out,Inliers,100,Kernel Ridge,85/15,0.5009695285384013,0.04819617111270676
Rg norm w/0.5,No regr out,Inliers,100,GPR,85/15,-0.35504308316881983,0.07941920893980955
Rg norm w/0.5,No regr out,Inliers,100,Linear,90/10,-22.6954860528502,0.34293075101125386
Rg norm w/0.5,No regr out,Inliers,100,Ridge,90/10,0.5412809077821841,0.04771413201825911
Rg norm w/0.5,No regr out,Inliers,100,Lasso,90/10,0.364106491638288,0.05617794072002582
Rg norm w/0.5,No regr out,Inliers,100,Kernel Ridge,90/10,0.5626125945379732,0.046591506846786486
Rg norm w/0.5,No regr out,Inliers,100,GPR,90/10,-0.167387324997458,0.07611690246195697
Rg norm w/0.406,No regr out,Inliers,100,Linear,80/20,-30.407067862361213,0.5528321840228001
Rg norm w/0.406,No regr out,Inliers,100,Ridge,80/20,0.3523866899588677,0.07938482738640294
Rg norm w/0.406,No regr out,Inliers,100,Lasso,80/20,0.32565499417392296,0.08100665411954044
Rg norm w/0.406,No regr out,Inliers,100,Kernel Ridge,80/20,0.27377664045767003,0.08406490546201785
Rg norm w/0.406,No regr out,Inliers,100,GPR,80/20,-0.6431050057950429,0.12644809217431435
Rg norm w/0.406,No regr out,Inliers,100,Linear,85/15,-5.5349408785367835,0.25947906875220766
Rg norm w/0.406,No regr out,Inliers,100,Ridge,85/15,0.4141160365158544,0.07769396840041158
Rg norm w/0.406,No regr out,Inliers,100,Lasso,85/15,0.2821210615462898,0.0860017136824876
Rg norm w/0.406,No regr out,Inliers,100,Kernel Ridge,85/15,0.4260389869555897,0.07689935478168224
Rg norm w/0.406,No regr out,Inliers,100,GPR,85/15,-0.4752351121547673,0.12328553366248274
Rg norm w/0.406,No regr out,Inliers,100,Linear,90/10,-14.380600995616243,0.41815161786112537
Rg norm w/0.406,No regr out,Inliers,100,Ridge,90/10,0.48024226833448114,0.07686835864070711
Rg norm w/0.406,No regr out,Inliers,100,Lasso,90/10,0.4184819226834202,0.08130715003346942
Rg norm w/0.406,No regr out,Inliers,100,Kernel Ridge,90/10,0.5016071381789933,0.07527192716926286
Rg norm w/0.406,No regr out,Inliers,100,GPR,90/10,-0.23371963372474314,0.11842826495875071
Rg w/no norm,pH regr out,Inliers,100,Linear,80/20,-40.37418854591513,8.89774367920547
Rg w/no norm,pH regr out,Inliers,100,Ridge,80/20,0.7091698473232708,0.7459931879541704
Rg w/no norm,pH regr out,Inliers,100,Lasso,80/20,0.7448887846942861,0.698682590669787
Rg w/no norm,pH regr out,Inliers,100,Kernel Ridge,80/20,0.7226764036536772,0.7284647776620313
Rg w/no norm,pH regr out,Inliers,100,GPR,80/20,0.6393014380301285,0.8307825224758628
Rg w/no norm,pH regr out,Inliers,100,Linear,85/15,-25.95531948828381,7.290862337845322
Rg w/no norm,pH regr out,Inliers,100,Ridge,85/15,0.7148655314545211,0.7498622946306417
Rg w/no norm,pH regr out,Inliers,100,Lasso,85/15,0.7191600725715825,0.744193859812348
Rg w/no norm,pH regr out,Inliers,100,Kernel Ridge,85/15,0.7213200317518207,0.7413265128729488
Rg w/no norm,pH regr out,Inliers,100,GPR,85/15,0.6201488697765177,0.8654926176328916
Rg w/no norm,pH regr out,Inliers,100,Linear,90/10,-5.850196980812176,3.459236751271806
Rg w/no norm,pH regr out,Inliers,100,Ridge,90/10,0.6505424832878006,0.7813146174168634
Rg w/no norm,pH regr out,Inliers,100,Lasso,90/10,0.6680598926027326,0.7614802106236268
Rg w/no norm,pH regr out,Inliers,100,Kernel Ridge,90/10,0.6693220079263162,0.7600311673749853
Rg w/no norm,pH regr out,Inliers,100,GPR,90/10,0.5902001820332347,0.8460862492003678
Rg norm w/0.421,pH regr out,Inliers,100,Linear,80/20,-29.07580532274018,0.5046936166696386
Rg norm w/0.421,pH regr out,Inliers,100,Ridge,80/20,0.3626195196889235,0.073471441189995
Rg norm w/0.421,pH regr out,Inliers,100,Lasso,80/20,0.3304613003529896,0.0753020885124737
Rg norm w/0.421,pH regr out,Inliers,100,Kernel Ridge,80/20,0.3117679381467253,0.07634606007109951
Rg norm w/0.421,pH regr out,Inliers,100,GPR,80/20,0.13882065373994734,0.08540159505021558
Rg norm w/0.421,pH regr out,Inliers,100,Linear,85/15,-5.47410344506409,0.24110793500263836
Rg norm w/0.421,pH regr out,Inliers,100,Ridge,85/15,0.42379626941752635,0.07192994350092856
Rg norm w/0.421,pH regr out,Inliers,100,Lasso,85/15,0.31518844556652237,0.07841645876584262
Rg norm w/0.421,pH regr out,Inliers,100,Kernel Ridge,85/15,0.3541001979611422,0.0761560239923254
Rg norm w/0.421,pH regr out,Inliers,100,GPR,85/15,0.2122358146139196,0.08410461022404578
Rg norm w/0.421,pH regr out,Inliers,100,Linear,90/10,-15.88571658634222,0.40822637532894357
Rg norm w/0.421,pH regr out,Inliers,100,Ridge,90/10,0.48648277525198647,0.0711899717838424
Rg norm w/0.421,pH regr out,Inliers,100,Lasso,90/10,0.40469594460808844,0.0766497483876931
Rg norm w/0.421,pH regr out,Inliers,100,Kernel Ridge,90/10,0.48831644833298105,0.07106275513971018
Rg norm w/0.421,pH regr out,Inliers,100,GPR,90/10,0.33795563086540237,0.08083228598449473
Rg norm w/0.5,pH regr out,Inliers,100,Linear,80/20,-22.266127548486917,0.3198995834023196
Rg norm w/0.5,pH regr out,Inliers,100,Ridge,80/20,0.4572966520344154,0.048857683585121395
Rg norm w/0.5,pH regr out,Inliers,100,Lasso,80/20,0.3407539147681402,0.05384872217109951
Rg norm w/0.5,pH regr out,Inliers,100,Kernel Ridge,80/20,0.3635717951832491,0.052908607474380066
Rg norm w/0.5,pH regr out,Inliers,100,GPR,80/20,0.16158115179745347,0.06072704359792213
Rg norm w/0.5,pH regr out,Inliers,100,Linear,85/15,-6.325747253554872,0.1846533899766558
Rg norm w/0.5,pH regr out,Inliers,100,Ridge,85/15,0.5052259679404509,0.047988234072802526
Rg norm w/0.5,pH regr out,Inliers,100,Lasso,85/15,0.339316423168619,0.05545338674578342
Rg norm w/0.5,pH regr out,Inliers,100,Kernel Ridge,85/15,0.40429150685365345,0.05265604251595593
Rg norm w/0.5,pH regr out,Inliers,100,GPR,85/15,0.22234081838221664,0.06016251342654194
Rg norm w/0.5,pH regr out,Inliers,100,Linear,90/10,-22.682923599918553,0.3428206092522563
Rg norm w/0.5,pH regr out,Inliers,100,Ridge,90/10,0.5412986412295979,0.047710534141790266
Rg norm w/0.5,pH regr out,Inliers,100,Lasso,90/10,0.36412770656206006,0.05617385339157699
Rg norm w/0.5,pH regr out,Inliers,100,Kernel Ridge,90/10,0.5524672143677543,0.047126120970460726
Rg norm w/0.5,pH regr out,Inliers,100,GPR,90/10,0.37176244473848086,0.05583560324892071
Rg norm w/0.406,pH regr out,Inliers,100,Linear,80/20,-30.42207463091671,0.5529426627595769
Rg norm w/0.406,pH regr out,Inliers,100,Ridge,80/20,0.3523546739967214,0.07938369129942262
Rg norm w/0.406,pH regr out,Inliers,100,Lasso,80/20,0.3256398521645196,0.08100440200548467
Rg norm w/0.406,pH regr out,Inliers,100,Kernel Ridge,80/20,0.3123277094787409,0.08180002458237037
Rg norm w/0.406,pH regr out,Inliers,100,GPR,80/20,0.145563920934478,0.09118060319546645
Rg norm w/0.406,pH regr out,Inliers,100,Linear,85/15,-5.5336613715307195,0.25944076399873184
Rg norm w/0.406,pH regr out,Inliers,100,Ridge,85/15,0.4141031993029749,0.07769095623335455
Rg norm w/0.406,pH regr out,Inliers,100,Lasso,85/15,0.2821267276127475,0.08599709791358799
Rg norm w/0.406,pH regr out,Inliers,100,Kernel Ridge,85/15,0.35299523803291044,0.08164200130802382
Rg norm w/0.406,pH regr out,Inliers,100,GPR,85/15,0.22010624114180677,0.08963500066199409
Rg norm w/0.406,pH regr out,Inliers,100,Linear,90/10,-14.372114428327851,0.4180109640477676
Rg norm w/0.406,pH regr out,Inliers,100,Ridge,90/10,0.48023272146478524,0.07686441681628398
Rg norm w/0.406,pH regr out,Inliers,100,Lasso,90/10,0.418497941698982,0.08130111409419108
Rg norm w/0.406,pH regr out,Inliers,100,Kernel Ridge,90/10,0.4806051970984425,0.07683687059068434
Rg norm w/0.406,pH regr out,Inliers,100,GPR,90/10,0.344298269154381,0.08633244363892094
Rg w/no norm,buffer regr out,Inliers,100,Linear,80/20,-19.665398043063416,5.591646320339943
Rg w/no norm,buffer regr out,Inliers,100,Ridge,80/20,0.23503795617586876,1.075815382702468
Rg w/no norm,buffer regr out,Inliers,100,Lasso,80/20,0.2431941261982713,1.0700647394489908
Rg w/no norm,buffer regr out,Inliers,100,Kernel Ridge,80/20,0.2704713522148319,1.0506038352667622
Rg w/no norm,buffer regr out,Inliers,100,GPR,80/20,-0.10628378549601547,1.293752136554526
Rg w/no norm,buffer regr out,Inliers,100,Linear,85/15,-6.306923446966796,3.1105346698913676
Rg w/no norm,buffer regr out,Inliers,100,Ridge,85/15,0.2695317892663526,0.9834865567966541
Rg w/no norm,buffer regr out,Inliers,100,Lasso,85/15,0.18059520523044992,1.0416384871201758
Rg w/no norm,buffer regr out,Inliers,100,Kernel Ridge,85/15,0.3351212265019071,0.9382941350995246
Rg w/no norm,buffer regr out,Inliers,100,GPR,85/15,-0.11253880814705108,1.2137391265692248
Rg w/no norm,buffer regr out,Inliers,100,Linear,90/10,-27.865839492009478,6.125382809631939
Rg w/no norm,buffer regr out,Inliers,100,Ridge,90/10,0.25950123762857824,0.9810774818298279
Rg w/no norm,buffer regr out,Inliers,100,Lasso,90/10,0.1874946768456366,1.0276713440217975
Rg w/no norm,buffer regr out,Inliers,100,Kernel Ridge,90/10,0.34981535850049894,0.9193047252968066
Rg w/no norm,buffer regr out,Inliers,100,GPR,90/10,-0.07825335221114815,1.183863273119221
Rg norm w/0.421,buffer regr out,Inliers,100,Linear,80/20,-32.526304040056296,0.6150960155377272
Rg norm w/0.421,buffer regr out,Inliers,100,Ridge,80/20,0.03458933093625416,0.10437731507492407
Rg norm w/0.421,buffer regr out,Inliers,100,Lasso,80/20,-0.03314008708240479,0.1079766080879602
Rg norm w/0.421,buffer regr out,Inliers,100,Kernel Ridge,80/20,0.08334388851430141,0.10170757352668476
Rg norm w/0.421,buffer regr out,Inliers,100,GPR,80/20,-0.21315109524097342,0.11700583533417722
Rg norm w/0.421,buffer regr out,Inliers,100,Linear,85/15,-23.144533708634256,0.49770183937484896
Rg norm w/0.421,buffer regr out,Inliers,100,Ridge,85/15,0.2135322790790527,0.08982563288484022
Rg norm w/0.421,buffer regr out,Inliers,100,Lasso,85/15,0.005624490479189226,0.10100317927937744
Rg norm w/0.421,buffer regr out,Inliers,100,Kernel Ridge,85/15,0.1980743047995941,0.0907040959765972
Rg norm w/0.421,buffer regr out,Inliers,100,GPR,85/15,-0.22965992024109982,0.11231877118081451
Rg norm w/0.421,buffer regr out,Inliers,100,Linear,90/10,-78.97275278118337,0.9410147579248722
Rg norm w/0.421,buffer regr out,Inliers,100,Ridge,90/10,0.3697679758761968,0.08353637885732869
Rg norm w/0.421,buffer regr out,Inliers,100,Lasso,90/10,0.28619583247034264,0.08890270013405549
Rg norm w/0.421,buffer regr out,Inliers,100,Kernel Ridge,90/10,0.3566648656519207,0.08440031099420926
Rg norm w/0.421,buffer regr out,Inliers,100,GPR,90/10,-0.22039230457146175,0.11624523025668253
Rg norm w/0.5,buffer regr out,Inliers,100,Linear,80/20,-27.10505775900994,0.4057032684406651
Rg norm w/0.5,buffer regr out,Inliers,100,Ridge,80/20,0.2031880302564033,0.06831155794167125
Rg norm w/0.5,buffer regr out,Inliers,100,Lasso,80/20,0.07586757189918658,0.07356705491754302
Rg norm w/0.5,buffer regr out,Inliers,100,Kernel Ridge,80/20,0.20612718904592597,0.0681854529029922
Rg norm w/0.5,buffer regr out,Inliers,100,GPR,80/20,-0.20393103160902393,0.08396863044073072
Rg norm w/0.5,buffer regr out,Inliers,100,Linear,85/15,-18.267899110751017,0.32844474485311453
Rg norm w/0.5,buffer regr out,Inliers,100,Ridge,85/15,0.39404789273945284,0.05824575589195509
Rg norm w/0.5,buffer regr out,Inliers,100,Lasso,85/15,0.05699326543796435,0.07266119445916291
Rg norm w/0.5,buffer regr out,Inliers,100,Kernel Ridge,85/15,0.3374651190474506,0.060904517871131214
Rg norm w/0.5,buffer regr out,Inliers,100,GPR,85/15,-0.21098731813727079,0.0823407717642102
Rg norm w/0.5,buffer regr out,Inliers,100,Linear,90/10,-65.95576292375056,0.6218414743801582
Rg norm w/0.5,buffer regr out,Inliers,100,Ridge,90/10,0.48607895154612113,0.05447959941372829
Rg norm w/0.5,buffer regr out,Inliers,100,Lasso,90/10,0.2372531449557551,0.06637062628630952
Rg norm w/0.5,buffer regr out,Inliers,100,Kernel Ridge,90/10,0.5355099737326889,0.05179333775467767
Rg norm w/0.5,buffer regr out,Inliers,100,GPR,90/10,-0.21338516207513303,0.08371148436278486
Rg norm w/0.406,buffer regr out,Inliers,100,Linear,80/20,-33.36631211203306,0.6645252453861203
Rg norm w/0.406,buffer regr out,Inliers,100,Ridge,80/20,0.004679826257503739,0.11309057776627714
Rg norm w/0.406,buffer regr out,Inliers,100,Lasso,80/20,-0.07582756033188454,0.11757536952719941
Rg norm w/0.406,buffer regr out,Inliers,100,Kernel Ridge,80/20,0.06436544309333059,0.10964735162029773
Rg norm w/0.406,buffer regr out,Inliers,100,GPR,80/20,-0.2139625992776093,0.12489575363072515
Rg norm w/0.406,buffer regr out,Inliers,100,Linear,85/15,-23.866162297118322,0.5360107467148317
Rg norm w/0.406,buffer regr out,Inliers,100,Ridge,85/15,0.17720256644124377,0.09750246140258866
Rg norm w/0.406,buffer regr out,Inliers,100,Lasso,85/15,-0.020876451842684718,0.10860647252994103
Rg norm w/0.406,buffer regr out,Inliers,100,Kernel Ridge,85/15,0.17308901131636734,0.0977458880852274
Rg norm w/0.406,buffer regr out,Inliers,100,GPR,85/15,-0.2326009191481635,0.11933844066005277
Rg norm w/0.406,buffer regr out,Inliers,100,Linear,90/10,-80.73625938241206,1.0144492388695963
Rg norm w/0.406,buffer regr out,Inliers,100,Ridge,90/10,0.3471573727178937,0.09066239620968325
Rg norm w/0.406,buffer regr out,Inliers,100,Lasso,90/10,0.2862029288793787,0.09480043325695652
Rg norm w/0.406,buffer regr out,Inliers,100,Kernel Ridge,90/10,0.3410536189645387,0.09108523432599112
Rg norm w/0.406,buffer regr out,Inliers,100,GPR,90/10,-0.22040890980750638,0.12395830416571695
Rg w/no norm,expr pH only regr out,Inliers,100,Linear,80/20,-76.50062452861373,21.257765104494986
Rg w/no norm,expr pH only regr out,Inliers,100,Ridge,80/20,0.7009168976898796,1.3205685227058097
Rg w/no norm,expr pH only regr out,Inliers,100,Lasso,80/20,0.6382623213832237,1.4523185227822133
Rg w/no norm,expr pH only regr out,Inliers,100,Kernel Ridge,80/20,0.7298951936811531,1.2549636851731358
Rg w/no norm,expr pH only regr out,Inliers,100,GPR,80/20,-0.4440815274523928,2.9017557855815586
Rg w/no norm,expr pH only regr out,Inliers,100,Linear,85/15,-51.88330441926027,18.349661172769572
Rg w/no norm,expr pH only regr out,Inliers,100,Ridge,85/15,0.7262170901610394,1.3202978764045274
Rg w/no norm,expr pH only regr out,Inliers,100,Lasso,85/15,0.6598958481503994,1.471548987019855
Rg w/no norm,expr pH only regr out,Inliers,100,Kernel Ridge,85/15,0.778071894273088,1.1887072469358702
Rg w/no norm,expr pH only regr out,Inliers,100,GPR,85/15,-0.49923578041749916,3.089610458045402
Rg w/no norm,expr pH only regr out,Inliers,100,Linear,90/10,-66.42030575061519,19.94097633315065
Rg w/no norm,expr pH only regr out,Inliers,100,Ridge,90/10,0.6745097363303131,1.3855431649643315
Rg w/no norm,expr pH only regr out,Inliers,100,Lasso,90/10,0.6344506334023368,1.4683313690973598
Rg w/no norm,expr pH only regr out,Inliers,100,Kernel Ridge,90/10,0.7343483479523536,1.251720369728952
Rg w/no norm,expr pH only regr out,Inliers,100,GPR,90/10,-0.3646203177065559,2.8369845833894316
Rg norm w/0.421,expr pH only regr out,Inliers,100,Linear,80/20,-70.24292030826413,1.8040686962202308
Rg norm w/0.421,expr pH only regr out,Inliers,100,Ridge,80/20,0.5611982124267045,0.14158472715638878
Rg norm w/0.421,expr pH only regr out,Inliers,100,Lasso,80/20,0.5342409378151238,0.145868954762654
Rg norm w/0.421,expr pH only regr out,Inliers,100,Kernel Ridge,80/20,0.596300223789441,0.13580365808359599
Rg norm w/0.421,expr pH only regr out,Inliers,100,GPR,80/20,-0.7829922780864689,0.285401956066793
Rg norm w/0.421,expr pH only regr out,Inliers,100,Linear,85/15,-37.36625732957424,1.3542006881455204
Rg norm w/0.421,expr pH only regr out,Inliers,100,Ridge,85/15,0.6210471511883768,0.1345863144981977
Rg norm w/0.421,expr pH only regr out,Inliers,100,Lasso,85/15,0.406709884475318,0.1683999153670371
Rg norm w/0.421,expr pH only regr out,Inliers,100,Kernel Ridge,85/15,0.6727404119123245,0.12507038945112176
Rg norm w/0.421,expr pH only regr out,Inliers,100,GPR,85/15,-0.9129005548566127,0.30238100702190773
Rg norm w/0.421,expr pH only regr out,Inliers,100,Linear,90/10,-48.17121786811389,1.5512593946337212
Rg norm w/0.421,expr pH only regr out,Inliers,100,Ridge,90/10,0.5581460944856842,0.14705110461815157
Rg norm w/0.421,expr pH only regr out,Inliers,100,Lasso,90/10,0.5794965927009856,0.1434543433170191
Rg norm w/0.421,expr pH only regr out,Inliers,100,Kernel Ridge,90/10,0.6144932987204201,0.13735513752428413
Rg norm w/0.421,expr pH only regr out,Inliers,100,GPR,90/10,-0.662641792720789,0.2852517310427914
Rg norm w/0.5,expr pH only regr out,Inliers,100,Linear,80/20,-64.94492693150993,1.154680492333046
Rg norm w/0.5,expr pH only regr out,Inliers,100,Ridge,80/20,0.5421124412078105,0.0962167215381426
Rg norm w/0.5,expr pH only regr out,Inliers,100,Lasso,80/20,0.46594074159007026,0.1039120367071803
Rg norm w/0.5,expr pH only regr out,Inliers,100,Kernel Ridge,80/20,0.579096325403393,0.09224917516577799
Rg norm w/0.5,expr pH only regr out,Inliers,100,GPR,80/20,-0.8311814751820055,0.19241407005425876
Rg norm w/0.5,expr pH only regr out,Inliers,100,Linear,85/15,-33.6437707426416,0.8488239363622395
Rg norm w/0.5,expr pH only regr out,Inliers,100,Ridge,85/15,0.6045068108617553,0.09069316212624995
Rg norm w/0.5,expr pH only regr out,Inliers,100,Lasso,85/15,0.533550759422829,0.09849342393256258
Rg norm w/0.5,expr pH only regr out,Inliers,100,Kernel Ridge,85/15,0.656153218475267,0.08456439025165682
Rg norm w/0.5,expr pH only regr out,Inliers,100,GPR,85/15,-0.9817058463917079,0.20301336754827806
Rg norm w/0.5,expr pH only regr out,Inliers,100,Linear,90/10,-44.19275758368402,0.9842034260604273
Rg norm w/0.5,expr pH only regr out,Inliers,100,Ridge,90/10,0.5403172102727365,0.09926121198101738
Rg norm w/0.5,expr pH only regr out,Inliers,100,Lasso,90/10,0.5150893297591225,0.10194861304612964
Rg norm w/0.5,expr pH only regr out,Inliers,100,Kernel Ridge,90/10,0.5970090178115268,0.09293902572068899
Rg norm w/0.5,expr pH only regr out,Inliers,100,GPR,90/10,-0.7095637788384048,0.19142255353729823
Rg norm w/0.406,expr pH only regr out,Inliers,100,Linear,80/20,-71.1244686620817,1.9631309960422534
Rg norm w/0.406,expr pH only regr out,Inliers,100,Ridge,80/20,0.5655186296546955,0.15236792268661162
Rg norm w/0.406,expr pH only regr out,Inliers,100,Lasso,80/20,0.5378125753164318,0.15715095671868806
Rg norm w/0.406,expr pH only regr out,Inliers,100,Kernel Ridge,80/20,0.6002842497620768,0.1461448774842429
Rg norm w/0.406,expr pH only regr out,Inliers,100,GPR,80/20,-0.7724248442191866,0.30774562055495813
Rg norm w/0.406,expr pH only regr out,Inliers,100,Linear,85/15,-38.07557024705717,1.4800544445502533
Rg norm w/0.406,expr pH only regr out,Inliers,100,Ridge,85/15,0.6245438290956838,0.1450790330917953
Rg norm w/0.406,expr pH only regr out,Inliers,100,Lasso,85/15,0.43560482279386703,0.1778757221002539
Rg norm w/0.406,expr pH only regr out,Inliers,100,Kernel Ridge,85/15,0.6762687506523007,0.13471542972290798
Rg norm w/0.406,expr pH only regr out,Inliers,100,GPR,85/15,-0.898699576884489,0.326251979914888
Rg norm w/0.406,expr pH only regr out,Inliers,100,Linear,90/10,-48.92594828269899,1.6915647474715552
Rg norm w/0.406,expr pH only regr out,Inliers,100,Ridge,90/10,0.5619744452808673,0.15844377775210067
Rg norm w/0.406,expr pH only regr out,Inliers,100,Lasso,90/10,0.4564727728011181,0.17649650777084494
Rg norm w/0.406,expr pH only regr out,Inliers,100,Kernel Ridge,90/10,0.6182812837242646,0.1479098824250525
Rg norm w/0.406,expr pH only regr out,Inliers,100,GPR,90/10,-0.6527135868044762,0.30776856757355664
Rg w/no norm,expr buffer only regr out,Inliers,100,Linear,80/20,-49.33223184031735,14.934998383335067
Rg w/no norm,expr buffer only regr out,Inliers,100,Ridge,80/20,0.6024635522587255,1.3273044855795142
Rg w/no norm,expr buffer only regr out,Inliers,100,Lasso,80/20,0.5521579405169306,1.4087843708454424
Rg w/no norm,expr buffer only regr out,Inliers,100,Kernel Ridge,80/20,0.6375363379653158,1.2674018090329071
Rg w/no norm,expr buffer only regr out,Inliers,100,GPR,80/20,-0.8865628441643043,2.891463564594425
Rg w/no norm,expr buffer only regr out,Inliers,100,Linear,85/15,-26.57537608997108,11.89659292763882
Rg w/no norm,expr buffer only regr out,Inliers,100,Ridge,85/15,0.6181435148238685,1.3999481937694065
Rg w/no norm,expr buffer only regr out,Inliers,100,Lasso,85/15,0.5753259611124399,1.4763513838312958
Rg w/no norm,expr buffer only regr out,Inliers,100,Kernel Ridge,85/15,0.6878673013768384,1.2657021352806117
Rg w/no norm,expr buffer only regr out,Inliers,100,GPR,85/15,-0.8065873344357835,3.04502848589674
Rg w/no norm,expr buffer only regr out,Inliers,100,Linear,90/10,-33.70787944016439,13.347896325431135
Rg w/no norm,expr buffer only regr out,Inliers,100,Ridge,90/10,0.5074909383386612,1.5900321195564697
Rg w/no norm,expr buffer only regr out,Inliers,100,Lasso,90/10,0.47687320742193384,1.6387106130987628
Rg w/no norm,expr buffer only regr out,Inliers,100,Kernel Ridge,90/10,0.601766832158136,1.4297743411455708
Rg w/no norm,expr buffer only regr out,Inliers,100,GPR,90/10,-0.5398554112860596,2.811504328283841
Rg norm w/0.421,expr buffer only regr out,Inliers,100,Linear,80/20,-61.551562927793036,1.5308736070249183
Rg norm w/0.421,expr buffer only regr out,Inliers,100,Ridge,80/20,0.4789081107557207,0.13972605892410203
Rg norm w/0.421,expr buffer only regr out,Inliers,100,Lasso,80/20,0.4942420975936763,0.13765487346576613
Rg norm w/0.421,expr buffer only regr out,Inliers,100,Kernel Ridge,80/20,0.509630667193929,0.13554450126271578
Rg norm w/0.421,expr buffer only regr out,Inliers,100,GPR,80/20,-1.309043863519232,0.2941279827722582
Rg norm w/0.421,expr buffer only regr out,Inliers,100,Linear,85/15,-23.664859817281616,1.0187758010424441
Rg norm w/0.421,expr buffer only regr out,Inliers,100,Ridge,85/15,0.5564432299905913,0.13661988046565782
Rg norm w/0.421,expr buffer only regr out,Inliers,100,Lasso,85/15,0.5528579805367937,0.13717091538846576
Rg norm w/0.421,expr buffer only regr out,Inliers,100,Kernel Ridge,85/15,0.6169289572917978,0.12696352066741612
Rg norm w/0.421,expr buffer only regr out,Inliers,100,GPR,85/15,-1.2423416246263699,0.30717805365710804
Rg norm w/0.421,expr buffer only regr out,Inliers,100,Linear,90/10,-28.293736799530816,1.150597156503459
Rg norm w/0.421,expr buffer only regr out,Inliers,100,Ridge,90/10,0.46229149256441027,0.15588680741438157
Rg norm w/0.421,expr buffer only regr out,Inliers,100,Lasso,90/10,0.47546438136407665,0.15396549443538385
Rg norm w/0.421,expr buffer only regr out,Inliers,100,Kernel Ridge,90/10,0.5465653521843878,0.1431506287881458
Rg norm w/0.421,expr buffer only regr out,Inliers,100,GPR,90/10,-0.8611136128768899,0.29001626269320996
Rg norm w/0.5,expr buffer only regr out,Inliers,100,Linear,80/20,-62.52275081252301,1.0386393158593366
Rg norm w/0.5,expr buffer only regr out,Inliers,100,Ridge,80/20,0.47176761473877216,0.0947136604940839
Rg norm w/0.5,expr buffer only regr out,Inliers,100,Lasso,80/20,0.4479390535011496,0.09682636375122124
Rg norm w/0.5,expr buffer only regr out,Inliers,100,Kernel Ridge,80/20,0.5042198662435068,0.09175815443081393
Rg norm w/0.5,expr buffer only regr out,Inliers,100,GPR,80/20,-1.320870200957406,0.1985297226572031
Rg norm w/0.5,expr buffer only regr out,Inliers,100,Linear,85/15,-23.97146980305177,0.6848776450079674
Rg norm w/0.5,expr buffer only regr out,Inliers,100,Ridge,85/15,0.5586455159941803,0.09105099783523952
Rg norm w/0.5,expr buffer only regr out,Inliers,100,Lasso,85/15,0.4914272821802498,0.09773890461471586
Rg norm w/0.5,expr buffer only regr out,Inliers,100,Kernel Ridge,85/15,0.46239958079067545,0.10048951203832761
Rg norm w/0.5,expr buffer only regr out,Inliers,100,GPR,85/15,-1.2755587960526173,0.20674497784703016
Rg norm w/0.5,expr buffer only regr out,Inliers,100,Linear,90/10,-28.755761945597715,0.7718605789281409
Rg norm w/0.5,expr buffer only regr out,Inliers,100,Ridge,90/10,0.46974028028179293,0.10303805260819
Rg norm w/0.5,expr buffer only regr out,Inliers,100,Lasso,90/10,0.4084484232050527,0.10883025110869117
Rg norm w/0.5,expr buffer only regr out,Inliers,100,Kernel Ridge,90/10,0.5533347468567662,0.09456804428859243
Rg norm w/0.5,expr buffer only regr out,Inliers,100,GPR,90/10,-0.8989359641309616,0.19498826858340065
Rg norm w/0.406,expr buffer only regr out,Inliers,100,Linear,80/20,-61.36146852877182,1.6491240217567564
Rg norm w/0.406,expr buffer only regr out,Inliers,100,Ridge,80/20,0.4808777648675574,0.1504630865366168
Rg norm w/0.406,expr buffer only regr out,Inliers,100,Lasso,80/20,0.33372012340144785,0.17046039846222016
Rg norm w/0.406,expr buffer only regr out,Inliers,100,Kernel Ridge,80/20,0.5114218603711973,0.1459695155722345
Rg norm w/0.406,expr buffer only regr out,Inliers,100,GPR,80/20,-1.3038927976636705,0.31697592985345996
Rg norm w/0.406,expr buffer only regr out,Inliers,100,Linear,85/15,-23.68084214652525,1.1008315498477919
Rg norm w/0.406,expr buffer only regr out,Inliers,100,Ridge,85/15,0.5563762228757914,0.14758706233607954
Rg norm w/0.406,expr buffer only regr out,Inliers,100,Lasso,85/15,0.5542560415841079,0.147939318421417
Rg norm w/0.406,expr buffer only regr out,Inliers,100,Kernel Ridge,85/15,0.6172268202000786,0.13709184799594168
Rg norm w/0.406,expr buffer only regr out,Inliers,100,GPR,85/15,-1.2339263112961114,0.3311885413583754
Rg norm w/0.406,expr buffer only regr out,Inliers,100,Linear,90/10,-28.292323973369307,1.2435262100303717
Rg norm w/0.406,expr buffer only regr out,Inliers,100,Ridge,90/10,0.4614194908048558,0.1686177715224745
Rg norm w/0.406,expr buffer only regr out,Inliers,100,Lasso,90/10,0.48474508709234276,0.1649259900108441
Rg norm w/0.406,expr buffer only regr out,Inliers,100,Kernel Ridge,90/10,0.545941088221375,0.1548225196187914
Rg norm w/0.406,expr buffer only regr out,Inliers,100,GPR,90/10,-0.8526153594056622,0.3127308024099148
Rg w/no norm,No regr out,Inliers,150,Linear,80/20,-6.937537609705386,3.8974157436226076
Rg w/no norm,No regr out,Inliers,150,Ridge,80/20,0.7085475006186879,0.7468230767228269
Rg w/no norm,No regr out,Inliers,150,Lasso,80/20,0.7449381379117709,0.6986450720792157
Rg w/no norm,No regr out,Inliers,150,Kernel Ridge,80/20,0.7316302326853235,0.7166393182212407
Rg w/no norm,No regr out,Inliers,150,GPR,80/20,0.6637891677649744,0.8021206331601927
Rg w/no norm,No regr out,Inliers,150,Linear,85/15,-13.933230680089695,5.426980777352566
Rg w/no norm,No regr out,Inliers,150,Ridge,85/15,0.7108763762794628,0.7551325406759098
Rg w/no norm,No regr out,Inliers,150,Lasso,85/15,0.7192188821773262,0.7441583268114195
Rg w/no norm,No regr out,Inliers,150,Kernel Ridge,85/15,0.7489015954400625,0.7037256372502979
Rg w/no norm,No regr out,Inliers,150,GPR,85/15,0.632425878587416,0.851439629706455
Rg w/no norm,No regr out,Inliers,150,Linear,90/10,-77.8660026043513,11.738063157274462
Rg w/no norm,No regr out,Inliers,150,Ridge,90/10,0.6455164056957319,0.786954454192978
Rg w/no norm,No regr out,Inliers,150,Lasso,90/10,0.6680594743126897,0.7615206180115616
Rg w/no norm,No regr out,Inliers,150,Kernel Ridge,90/10,0.6977003146818612,0.7267254593606326
Rg w/no norm,No regr out,Inliers,150,GPR,90/10,0.5333934319335778,0.9028735936819207
Rg norm w/0.421,No regr out,Inliers,150,Linear,80/20,-20.589102642417792,0.42761473271805117
Rg norm w/0.421,No regr out,Inliers,150,Ridge,80/20,0.3574036539912707,0.07377419680373365
Rg norm w/0.421,No regr out,Inliers,150,Lasso,80/20,0.33047038981226406,0.07530438367113508
Rg norm w/0.421,No regr out,Inliers,150,Kernel Ridge,80/20,0.3503552012408959,0.0741776972243116
Rg norm w/0.421,No regr out,Inliers,150,GPR,80/20,-0.06069149209932956,0.09478288132253343
Rg norm w/0.421,No regr out,Inliers,150,Linear,85/15,-37.05406088993968,0.5845785464891476
Rg norm w/0.421,No regr out,Inliers,150,Ridge,85/15,0.4154449059972388,0.07245278659202033
Rg norm w/0.421,No regr out,Inliers,150,Lasso,85/15,0.3003347404415295,0.07926610604148958
Rg norm w/0.421,No regr out,Inliers,150,Kernel Ridge,85/15,0.4223676762135071,0.07202248680710156
Rg norm w/0.421,No regr out,Inliers,150,GPR,85/15,-0.12648471766385594,0.10057846907725312
Rg norm w/0.421,No regr out,Inliers,150,Linear,90/10,-160.7896869016303,1.2636959521649953
Rg norm w/0.421,No regr out,Inliers,150,Ridge,90/10,0.4757623380941558,0.07193351560737332
Rg norm w/0.421,No regr out,Inliers,150,Lasso,90/10,0.4046811561939865,0.07665526545093582
Rg norm w/0.421,No regr out,Inliers,150,Kernel Ridge,90/10,0.4868135898861077,0.07117127575146531
Rg norm w/0.421,No regr out,Inliers,150,GPR,90/10,-0.07175527499658796,0.10285253304850564
Rg norm w/0.5,No regr out,Inliers,150,Linear,80/20,-17.201150115505346,0.28295314464344196
Rg norm w/0.5,No regr out,Inliers,150,Ridge,80/20,0.45241080677897827,0.04907864268955019
Rg norm w/0.5,No regr out,Inliers,150,Lasso,80/20,0.34075224588392294,0.05385046261867855
Rg norm w/0.5,No regr out,Inliers,150,Kernel Ridge,80/20,0.4391666258146686,0.0496686131791976
Rg norm w/0.5,No regr out,Inliers,150,GPR,80/20,0.05966136283472567,0.06431425594446205
Rg norm w/0.5,No regr out,Inliers,150,Linear,85/15,-31.195628569143416,0.38712164923046327
Rg norm w/0.5,No regr out,Inliers,150,Ridge,85/15,0.49839707520816956,0.04832023471119876
Rg norm w/0.5,No regr out,Inliers,150,Lasso,85/15,0.33931753878959037,0.05545559815947988
Rg norm w/0.5,No regr out,Inliers,150,Kernel Ridge,85/15,0.4934486282138675,0.048557995774958757
Rg norm w/0.5,No regr out,Inliers,150,GPR,85/15,-0.011177574386929567,0.06860609806758634
Rg norm w/0.5,No regr out,Inliers,150,Linear,90/10,-136.37934946584522,0.825722934927381
Rg norm w/0.5,No regr out,Inliers,150,Ridge,90/10,0.5305547382523572,0.04826875528737366
Rg norm w/0.5,No regr out,Inliers,150,Lasso,90/10,0.364106491433955,0.05617794072905171
Rg norm w/0.5,No regr out,Inliers,150,Kernel Ridge,90/10,0.5430424161609536,0.047622431358542855
Rg norm w/0.5,No regr out,Inliers,150,GPR,90/10,0.041174612383107045,0.06898320723142838
Rg norm w/0.406,No regr out,Inliers,150,Linear,80/20,-20.941948950056652,0.46208005361911314
Rg norm w/0.406,No regr out,Inliers,150,Ridge,80/20,0.3471799403866306,0.07970331176228017
Rg norm w/0.406,No regr out,Inliers,150,Lasso,80/20,0.3256551851936935,0.08100664264627866
Rg norm w/0.406,No regr out,Inliers,150,Kernel Ridge,80/20,0.34193258883756383,0.0800229972697174
Rg norm w/0.406,No regr out,Inliers,150,GPR,80/20,-0.06697064415428877,0.10189570000117396
Rg norm w/0.406,No regr out,Inliers,150,Linear,85/15,-37.727419195051695,0.631670765102566
Rg norm w/0.406,No regr out,Inliers,150,Ridge,85/15,0.40556069564610897,0.07825917365019677
Rg norm w/0.406,No regr out,Inliers,150,Lasso,85/15,0.2531016679109108,0.08772275124518375
Rg norm w/0.406,No regr out,Inliers,150,Kernel Ridge,85/15,0.4153778711355224,0.07761025747101025
Rg norm w/0.406,No regr out,Inliers,150,GPR,85/15,-0.13258364362620423,0.10802310138307931
Rg norm w/0.406,No regr out,Inliers,150,Linear,90/10,-163.5658754878346,1.3677824305039
Rg norm w/0.406,No regr out,Inliers,150,Ridge,90/10,0.46963210554347545,0.07764897759415484
Rg norm w/0.406,No regr out,Inliers,150,Lasso,90/10,0.41848224838187553,0.08130712726408536
Rg norm w/0.406,No regr out,Inliers,150,Kernel Ridge,90/10,0.4809717601948279,0.07681439645031578
Rg norm w/0.406,No regr out,Inliers,150,GPR,90/10,-0.07987023409653737,0.11079825323791681
Rg w/no norm,pH regr out,Inliers,150,Linear,80/20,-6.937229523868344,3.897172377246961
Rg w/no norm,pH regr out,Inliers,150,Ridge,80/20,0.7084856579930338,0.7468701615815118
Rg w/no norm,pH regr out,Inliers,150,Lasso,80/20,0.7448887852911188,0.6986825898525031
Rg w/no norm,pH regr out,Inliers,150,Kernel Ridge,80/20,0.7231013101087167,0.727906498373719
Rg w/no norm,pH regr out,Inliers,150,GPR,80/20,0.6972840387700578,0.7610843755757449
Rg w/no norm,pH regr out,Inliers,150,Linear,85/15,-13.931181681755143,5.426299321817731
Rg w/no norm,pH regr out,Inliers,150,Ridge,85/15,0.7108271053817019,0.7551538614894863
Rg w/no norm,pH regr out,Inliers,150,Lasso,85/15,0.7191600730206512,0.7441938592173575
Rg w/no norm,pH regr out,Inliers,150,Kernel Ridge,85/15,0.7168636000413158,0.7472303604452725
Rg w/no norm,pH regr out,Inliers,150,GPR,85/15,0.6581560376973816,0.8210519052765888
Rg w/no norm,pH regr out,Inliers,150,Linear,90/10,-78.03915649438618,11.750325699069855
Rg w/no norm,pH regr out,Inliers,150,Ridge,90/10,0.6454700400449429,0.7869646546060587
Rg w/no norm,pH regr out,Inliers,150,Lasso,90/10,0.6680530751036753,0.7614880303535223
Rg w/no norm,pH regr out,Inliers,150,Kernel Ridge,90/10,0.6633615550727814,0.7668503360892925
Rg w/no norm,pH regr out,Inliers,150,GPR,90/10,0.5904108902135192,0.8458687036959883
Rg norm w/0.421,pH regr out,Inliers,150,Linear,80/20,-20.588828492984177,0.4275960822471455
Rg norm w/0.421,pH regr out,Inliers,150,Ridge,80/20,0.3573829322846681,0.07377263696671414
Rg norm w/0.421,pH regr out,Inliers,150,Lasso,80/20,0.3304616015722498,0.07530207157361568
Rg norm w/0.421,pH regr out,Inliers,150,Kernel Ridge,80/20,0.30862638217589156,0.07652010916945577
Rg norm w/0.421,pH regr out,Inliers,150,GPR,80/20,0.20583665179331945,0.08201137612161616
Rg norm w/0.421,pH regr out,Inliers,150,Linear,85/15,-37.0527007414818,0.5845402609933465
Rg norm w/0.421,pH regr out,Inliers,150,Ridge,85/15,0.415445362207144,0.07244930798144186
Rg norm w/0.421,pH regr out,Inliers,150,Lasso,85/15,0.30032555299708596,0.07926285164191021
Rg norm w/0.421,pH regr out,Inliers,150,Kernel Ridge,85/15,0.39017513375701274,0.07399872738638988
Rg norm w/0.421,pH regr out,Inliers,150,GPR,85/15,0.27382437887458655,0.08074999771748342
Rg norm w/0.421,pH regr out,Inliers,150,Linear,90/10,-160.99612137390665,1.2644265931536465
Rg norm w/0.421,pH regr out,Inliers,150,Ridge,90/10,0.47576802263957674,0.07192884180671351
Rg norm w/0.421,pH regr out,Inliers,150,Lasso,90/10,0.40469612834947455,0.07664973655866897
Rg norm w/0.421,pH regr out,Inliers,150,Kernel Ridge,90/10,0.47121807586543274,0.07224031207193117
Rg norm w/0.421,pH regr out,Inliers,150,GPR,90/10,0.386062887547284,0.0778400769582238
Rg norm w/0.5,pH regr out,Inliers,150,Linear,80/20,-17.20061936390433,0.2829402323253016
Rg norm w/0.5,pH regr out,Inliers,150,Ridge,80/20,0.4524239549938559,0.04907652938543553
Rg norm w/0.5,pH regr out,Inliers,150,Lasso,80/20,0.3407539143451144,0.05384872218837637
Rg norm w/0.5,pH regr out,Inliers,150,Kernel Ridge,80/20,0.36015289572180176,0.053050529944077385
Rg norm w/0.5,pH regr out,Inliers,150,GPR,80/20,0.23265892838945645,0.05809594819782758
Rg norm w/0.5,pH regr out,Inliers,150,Linear,85/15,-31.193965789109235,0.38709588868181954
Rg norm w/0.5,pH regr out,Inliers,150,Ridge,85/15,0.49842594249667416,0.04831687666088354
Rg norm w/0.5,pH regr out,Inliers,150,Lasso,85/15,0.3393164226982647,0.05545338676552263
Rg norm w/0.5,pH regr out,Inliers,150,Kernel Ridge,85/15,0.47508732702204637,0.04942820607541392
Rg norm w/0.5,pH regr out,Inliers,150,GPR,85/15,0.2924329535479918,0.05738721101114234
Rg norm w/0.5,pH regr out,Inliers,150,Linear,90/10,-136.5091477341913,0.8260665956757237
Rg norm w/0.5,pH regr out,Inliers,150,Ridge,90/10,0.5305825936570496,0.04826461654910862
Rg norm w/0.5,pH regr out,Inliers,150,Lasso,90/10,0.36412770635728,0.056173853400622274
Rg norm w/0.5,pH regr out,Inliers,150,Kernel Ridge,90/10,0.5357448084900649,0.04799849827696856
Rg norm w/0.5,pH regr out,Inliers,150,GPR,90/10,0.4327757513433257,0.0530550416339495
Rg norm w/0.406,pH regr out,Inliers,150,Linear,80/20,-20.941752149889147,0.46205994727330607
Rg norm w/0.406,pH regr out,Inliers,150,Ridge,80/20,0.3471513073405915,0.0797019489064388
Rg norm w/0.406,pH regr out,Inliers,150,Lasso,80/20,0.32564004317289197,0.08100439053348404
Rg norm w/0.406,pH regr out,Inliers,150,Kernel Ridge,80/20,0.30929206525191366,0.08198037381206781
Rg norm w/0.406,pH regr out,Inliers,150,GPR,80/20,0.2113062959396279,0.08760257230320853
Rg norm w/0.406,pH regr out,Inliers,150,Linear,85/15,-37.7261741123806,0.631629201964445
Rg norm w/0.406,pH regr out,Inliers,150,Ridge,85/15,0.40555400643501016,0.07825572255650111
Rg norm w/0.406,pH regr out,Inliers,150,Lasso,85/15,0.2530836235955751,0.087719448866876
Rg norm w/0.406,pH regr out,Inliers,150,Kernel Ridge,85/15,0.3805813274679324,0.0798825739556086
Rg norm w/0.406,pH regr out,Inliers,150,GPR,85/15,0.27779936453269916,0.08625590510547457
Rg norm w/0.406,pH regr out,Inliers,150,Linear,90/10,-163.78496399077088,1.368609844139837
Rg norm w/0.406,pH regr out,Inliers,150,Ridge,90/10,0.46963282140897944,0.07764423026032534
Rg norm w/0.406,pH regr out,Inliers,150,Lasso,90/10,0.41849826708265814,0.08130109134787514
Rg norm w/0.406,pH regr out,Inliers,150,Kernel Ridge,90/10,0.46362989360577567,0.07808239958751807
Rg norm w/0.406,pH regr out,Inliers,150,GPR,90/10,0.3837963987386903,0.08369181469838605
Rg w/no norm,buffer regr out,Inliers,150,Linear,80/20,-609.8061423248305,30.399714456841135
Rg w/no norm,buffer regr out,Inliers,150,Ridge,80/20,0.24057407718786783,1.0719154120104293
Rg w/no norm,buffer regr out,Inliers,150,Lasso,80/20,0.24319408125816122,1.0700647712199034
Rg w/no norm,buffer regr out,Inliers,150,Kernel Ridge,80/20,0.28293065434789055,1.0415937972376859
Rg w/no norm,buffer regr out,Inliers,150,GPR,80/20,-0.10628378604378441,1.2937521368748222
Rg w/no norm,buffer regr out,Inliers,150,Linear,85/15,-2349.230533908794,55.78571448983096
Rg w/no norm,buffer regr out,Inliers,150,Ridge,85/15,0.2688027274061575,0.9839772309332903
Rg w/no norm,buffer regr out,Inliers,150,Lasso,85/15,0.180595170339521,1.0416385092970866
Rg w/no norm,buffer regr out,Inliers,150,Kernel Ridge,85/15,0.3416371596149532,0.9336850881865868
Rg w/no norm,buffer regr out,Inliers,150,GPR,85/15,-0.11253880901028901,1.2137391270401052
Rg w/no norm,buffer regr out,Inliers,150,Linear,90/10,-96121.58538260675,353.47105886769964
Rg w/no norm,buffer regr out,Inliers,150,Ridge,90/10,0.2609800608140411,0.9800973551369457
Rg w/no norm,buffer regr out,Inliers,150,Lasso,90/10,0.1874946751221086,1.0276713451117723
Rg w/no norm,buffer regr out,Inliers,150,Kernel Ridge,90/10,0.3577616169042611,0.9136697951840183
Rg w/no norm,buffer regr out,Inliers,150,GPR,90/10,-0.07825335323733085,1.1838632736825672
Rg norm w/0.421,buffer regr out,Inliers,150,Linear,80/20,-793.176676827939,2.9937024895837534
Rg norm w/0.421,buffer regr out,Inliers,150,Ridge,80/20,0.03896973889842015,0.10414024754850766
Rg norm w/0.421,buffer regr out,Inliers,150,Lasso,80/20,-0.03314079281573146,0.10797664496712052
Rg norm w/0.421,buffer regr out,Inliers,150,Kernel Ridge,80/20,0.0836591256897069,0.10169008345336729
Rg norm w/0.421,buffer regr out,Inliers,150,GPR,80/20,-0.2131510953059066,0.11700583533730856
Rg norm w/0.421,buffer regr out,Inliers,150,Linear,85/15,-3012.664069788821,5.560415620210532
Rg norm w/0.421,buffer regr out,Inliers,150,Ridge,85/15,0.21157779109500485,0.08993717858197696
Rg norm w/0.421,buffer regr out,Inliers,150,Lasso,85/15,0.005624337562435522,0.10100318704559733
Rg norm w/0.421,buffer regr out,Inliers,150,Kernel Ridge,85/15,0.19761924087872507,0.0907298279788129
Rg norm w/0.421,buffer regr out,Inliers,150,GPR,85/15,-0.22965992033082516,0.11231877118491232
Rg norm w/0.421,buffer regr out,Inliers,150,Linear,90/10,-109523.23312580977,34.82414980178909
Rg norm w/0.421,buffer regr out,Inliers,150,Ridge,90/10,0.3685272401625065,0.0836185673233718
Rg norm w/0.421,buffer regr out,Inliers,150,Lasso,90/10,0.2861953618419636,0.08890272944190256
Rg norm w/0.421,buffer regr out,Inliers,150,Kernel Ridge,90/10,0.42125996730276893,0.08005107604873245
Rg norm w/0.421,buffer regr out,Inliers,150,GPR,90/10,-0.22039230465630077,0.11624523026072309
Rg norm w/0.5,buffer regr out,Inliers,150,Linear,80/20,-652.3411027208441,1.956078393755091
Rg norm w/0.5,buffer regr out,Inliers,150,Ridge,80/20,0.20664047681184516,0.06816340628711763
Rg norm w/0.5,buffer regr out,Inliers,150,Lasso,80/20,0.07586756800904715,0.07356705507238344
Rg norm w/0.5,buffer regr out,Inliers,150,Kernel Ridge,80/20,0.20600360690849373,0.06819075990934287
Rg norm w/0.5,buffer regr out,Inliers,150,GPR,80/20,-0.20393103229270748,0.0839686304645726
Rg norm w/0.5,buffer regr out,Inliers,150,Linear,85/15,-2365.2928272929576,3.639815577552679
Rg norm w/0.5,buffer regr out,Inliers,150,Ridge,85/15,0.3929641376529699,0.058297819358718896
Rg norm w/0.5,buffer regr out,Inliers,150,Lasso,85/15,0.056993262339673834,0.0726611945785287
Rg norm w/0.5,buffer regr out,Inliers,150,Kernel Ridge,85/15,0.33680650822634517,0.06093478224809425
Rg norm w/0.5,buffer regr out,Inliers,150,GPR,85/15,-0.2109873190013185,0.08234077179358555
Rg norm w/0.5,buffer regr out,Inliers,150,Linear,90/10,-89603.37455087532,22.74837135734393
Rg norm w/0.5,buffer regr out,Inliers,150,Ridge,90/10,0.48381862150102417,0.054599274188594726
Rg norm w/0.5,buffer regr out,Inliers,150,Lasso,90/10,0.23725314503592365,0.06637062628282157
Rg norm w/0.5,buffer regr out,Inliers,150,Kernel Ridge,90/10,0.5344578535125925,0.05185196333510284
Rg norm w/0.5,buffer regr out,Inliers,150,GPR,90/10,-0.21338516303777277,0.08371148439599113
Rg norm w/0.406,buffer regr out,Inliers,150,Linear,80/20,-817.5784888055972,3.2432108432868323
Rg norm w/0.406,buffer regr out,Inliers,150,Ridge,80/20,0.009233603436176296,0.11283157583887962
Rg norm w/0.406,buffer regr out,Inliers,150,Lasso,80/20,-0.07582843827012509,0.11757541750138031
Rg norm w/0.406,buffer regr out,Inliers,150,Kernel Ridge,80/20,0.06476318568556594,0.10962404334390762
Rg norm w/0.406,buffer regr out,Inliers,150,GPR,80/20,-0.2139625993228551,0.12489575363305265
Rg norm w/0.406,buffer regr out,Inliers,150,Linear,85/15,-3137.304420644215,6.021665811121263
Rg norm w/0.406,buffer regr out,Inliers,150,Ridge,85/15,0.1750586399905183,0.09762940766195949
Rg norm w/0.406,buffer regr out,Inliers,150,Lasso,85/15,-0.020876563689421035,0.10860647847937749
Rg norm w/0.406,buffer regr out,Inliers,150,Kernel Ridge,85/15,0.17267952124822972,0.0977700871930431
Rg norm w/0.406,buffer regr out,Inliers,150,GPR,85/15,-0.23260091921188453,0.11933844066313745
Rg norm w/0.406,buffer regr out,Inliers,150,Linear,90/10,-113050.82326928902,37.72782133931002
Rg norm w/0.406,buffer regr out,Inliers,150,Ridge,90/10,0.34612709808386966,0.09073390681569558
Rg norm w/0.406,buffer regr out,Inliers,150,Lasso,90/10,0.2862025616281235,0.0948004576445416
Rg norm w/0.406,buffer regr out,Inliers,150,Kernel Ridge,90/10,0.39982352378965613,0.08692854810384996
Rg norm w/0.406,buffer regr out,Inliers,150,GPR,90/10,-0.2204089098659201,0.12395830416868352
Rg w/no norm,expr pH only regr out,Inliers,150,Linear,80/20,-173.61387266376568,31.908352042468735
Rg w/no norm,expr pH only regr out,Inliers,150,Ridge,80/20,0.6976502362745793,1.3277607292480376
Rg w/no norm,expr pH only regr out,Inliers,150,Lasso,80/20,0.6382627782048123,1.4523176057493696
Rg w/no norm,expr pH only regr out,Inliers,150,Kernel Ridge,80/20,0.7277605235763205,1.2599129886100637
Rg w/no norm,expr pH only regr out,Inliers,150,GPR,80/20,-0.4440827170240653,2.9017569807515358
Rg w/no norm,expr pH only regr out,Inliers,150,Linear,85/15,-239.1573643872965,39.103597289066016
Rg w/no norm,expr pH only regr out,Inliers,150,Ridge,85/15,0.7162432263992192,1.3441318620748435
Rg w/no norm,expr pH only regr out,Inliers,150,Lasso,85/15,0.6598958021817003,1.4715490864676122
Rg w/no norm,expr pH only regr out,Inliers,150,Kernel Ridge,85/15,0.7637903804491993,1.2263587873662671
Rg w/no norm,expr pH only regr out,Inliers,150,GPR,85/15,-0.4992369390682625,3.0896116519132617
Rg w/no norm,expr pH only regr out,Inliers,150,Linear,90/10,-659.7022072941355,62.42433694069978
Rg w/no norm,expr pH only regr out,Inliers,150,Ridge,90/10,0.6710192445199175,1.392952496342821
Rg w/no norm,expr pH only regr out,Inliers,150,Lasso,90/10,0.6344505768818471,1.4683314826125404
Rg w/no norm,expr pH only regr out,Inliers,150,Kernel Ridge,90/10,0.7306322932922479,1.2604447788987636
Rg w/no norm,expr pH only regr out,Inliers,150,GPR,90/10,-0.36462344965371063,2.8369878389765653
Rg norm w/0.421,expr pH only regr out,Inliers,150,Linear,80/20,-289.31814293071085,3.6418269276183097
Rg norm w/0.421,expr pH only regr out,Inliers,150,Ridge,80/20,0.5590832700971812,0.14192552292414684
Rg norm w/0.421,expr pH only regr out,Inliers,150,Lasso,80/20,0.5342443450456322,0.14586842121419277
Rg norm w/0.421,expr pH only regr out,Inliers,150,Kernel Ridge,80/20,0.5974092821428799,0.1356169874736542
Rg norm w/0.421,expr pH only regr out,Inliers,150,GPR,80/20,-0.7829922784908476,0.2854019560991573
Rg norm w/0.421,expr pH only regr out,Inliers,150,Linear,85/15,-413.38379003371296,4.450509081616524
Rg norm w/0.421,expr pH only regr out,Inliers,150,Ridge,85/15,0.6082522540247407,0.13683952740885919
Rg norm w/0.421,expr pH only regr out,Inliers,150,Lasso,85/15,0.40670988446552603,0.16839991536842677
Rg norm w/0.421,expr pH only regr out,Inliers,150,Kernel Ridge,85/15,0.6551238981179227,0.12839256139689595
Rg norm w/0.421,expr pH only regr out,Inliers,150,GPR,85/15,-0.912900555223205,0.3023810070508822
Rg norm w/0.421,expr pH only regr out,Inliers,150,Linear,90/10,-1055.2908247739808,7.1898643363048125
Rg norm w/0.421,expr pH only regr out,Inliers,150,Ridge,90/10,0.5555294929244823,0.14748587070251878
Rg norm w/0.421,expr pH only regr out,Inliers,150,Lasso,90/10,0.5795002218692931,0.14345372427199996
Rg norm w/0.421,expr pH only regr out,Inliers,150,Kernel Ridge,90/10,0.6116528456993264,0.13786023222393212
Rg norm w/0.421,expr pH only regr out,Inliers,150,GPR,90/10,-0.6626417936265712,0.2852517311204918
Rg norm w/0.5,expr pH only regr out,Inliers,150,Linear,80/20,-299.292244164866,2.4640141119606587
Rg norm w/0.5,expr pH only regr out,Inliers,150,Ridge,80/20,0.540435151241528,0.09639278640121551
Rg norm w/0.5,expr pH only regr out,Inliers,150,Lasso,80/20,0.465943048994617,0.1039118122308126
Rg norm w/0.5,expr pH only regr out,Inliers,150,Kernel Ridge,80/20,0.5809897124284122,0.09204145512108902
Rg norm w/0.5,expr pH only regr out,Inliers,150,GPR,80/20,-0.8311814770813242,0.1924140701540456
Rg norm w/0.5,expr pH only regr out,Inliers,150,Linear,85/15,-434.92554623805796,3.0110030827360075
Rg norm w/0.5,expr pH only regr out,Inliers,150,Ridge,85/15,0.5914564094345659,0.09217735471367698
Rg norm w/0.5,expr pH only regr out,Inliers,150,Lasso,85/15,0.5335523355450278,0.09849325752881537
Rg norm w/0.5,expr pH only regr out,Inliers,150,Kernel Ridge,85/15,0.638447904647564,0.08671425182800484
Rg norm w/0.5,expr pH only regr out,Inliers,150,GPR,85/15,-0.9817058482018421,0.20301336764099653
Rg norm w/0.5,expr pH only regr out,Inliers,150,Linear,90/10,-1112.6855621137722,4.885755687081026
Rg norm w/0.5,expr pH only regr out,Inliers,150,Ridge,90/10,0.5378258176691276,0.09952983686976638
Rg norm w/0.5,expr pH only regr out,Inliers,150,Lasso,90/10,0.515091013298838,0.10194843607055608
Rg norm w/0.5,expr pH only regr out,Inliers,150,Kernel Ridge,90/10,0.5944776544290626,0.09323046419697441
Rg norm w/0.5,expr pH only regr out,Inliers,150,GPR,90/10,-0.70956378324927,0.191422553784244
Rg norm w/0.406,expr pH only regr out,Inliers,150,Linear,80/20,-286.7230207975553,3.9209858271731495
Rg norm w/0.406,expr pH only regr out,Inliers,150,Ridge,80/20,0.5633311252644491,0.15275100818577433
Rg norm w/0.406,expr pH only regr out,Inliers,150,Lasso,80/20,0.5378160800869114,0.15715036087915557
Rg norm w/0.406,expr pH only regr out,Inliers,150,Kernel Ridge,80/20,0.6012501347663903,0.14596819627514698
Rg norm w/0.406,expr pH only regr out,Inliers,150,GPR,80/20,-0.7724248451214111,0.3077456206332846
Rg norm w/0.406,expr pH only regr out,Inliers,150,Linear,85/15,-408.5894804966424,4.7918081979229825
Rg norm w/0.406,expr pH only regr out,Inliers,150,Ridge,85/15,0.6118178310169211,0.14751725427654966
Rg norm w/0.406,expr pH only regr out,Inliers,150,Lasso,85/15,0.4356048227814424,0.17787572210221175
Rg norm w/0.406,expr pH only regr out,Inliers,150,Kernel Ridge,85/15,0.6587033840122636,0.1383219237048973
Rg norm w/0.406,expr pH only regr out,Inliers,150,GPR,85/15,-0.898699577708455,0.3262519799856787
Rg norm w/0.406,expr pH only regr out,Inliers,150,Linear,90/10,-1043.1439137722361,7.735807341589042
Rg norm w/0.406,expr pH only regr out,Inliers,150,Ridge,90/10,0.5593374845504195,0.15891998637262017
Rg norm w/0.406,expr pH only regr out,Inliers,150,Lasso,90/10,0.45647277279826304,0.17649650777130851
Rg norm w/0.406,expr pH only regr out,Inliers,150,Kernel Ridge,90/10,0.6153919760730397,0.14846860733734732
Rg norm w/0.406,expr pH only regr out,Inliers,150,GPR,90/10,-0.6527135887983673,0.30776856775920797
Rg w/no norm,expr buffer only regr out,Inliers,150,Linear,80/20,-454.7329792283064,44.94043941469669
Rg w/no norm,expr buffer only regr out,Inliers,150,Ridge,80/20,0.6039615590648859,1.3248013342294929
Rg w/no norm,expr buffer only regr out,Inliers,150,Lasso,80/20,0.5521579351361812,1.4087843793086
Rg w/no norm,expr buffer only regr out,Inliers,150,Kernel Ridge,80/20,0.643808101083103,1.256388940008607
Rg w/no norm,expr buffer only regr out,Inliers,150,GPR,80/20,-0.8865628441817808,2.8914635646078173
Rg w/no norm,expr buffer only regr out,Inliers,150,Linear,85/15,-447.9666046050684,48.00305729135643
Rg w/no norm,expr buffer only regr out,Inliers,150,Ridge,85/15,0.6136338810819383,1.4081904570417634
Rg w/no norm,expr buffer only regr out,Inliers,150,Lasso,85/15,0.5753259574701821,1.4763513901623306
Rg w/no norm,expr buffer only regr out,Inliers,150,Kernel Ridge,85/15,0.6817480103744473,1.2780488176496574
Rg w/no norm,expr buffer only regr out,Inliers,150,GPR,85/15,-0.8065873344508656,3.0450284859094503
Rg w/no norm,expr buffer only regr out,Inliers,150,Linear,90/10,-15811.559485669935,284.9048686457909
Rg w/no norm,expr buffer only regr out,Inliers,150,Ridge,90/10,0.507331477334737,1.5902895032455442
Rg w/no norm,expr buffer only regr out,Inliers,150,Lasso,90/10,0.4768732234961609,1.6387105879222597
Rg w/no norm,expr buffer only regr out,Inliers,150,Kernel Ridge,90/10,0.6026182125810993,1.4282451701936605
Rg w/no norm,expr buffer only regr out,Inliers,150,GPR,90/10,-0.5398554113399283,2.811504328333018
Rg norm w/0.421,expr buffer only regr out,Inliers,150,Linear,80/20,-554.6798682021273,4.562812098028427
Rg norm w/0.421,expr buffer only regr out,Inliers,150,Ridge,80/20,0.4807781048651969,0.13947512262274944
Rg norm w/0.421,expr buffer only regr out,Inliers,150,Lasso,80/20,0.4942439361039489,0.13765462326687877
Rg norm w/0.421,expr buffer only regr out,Inliers,150,Kernel Ridge,80/20,0.5172321915996505,0.13448981755419215
Rg norm w/0.421,expr buffer only regr out,Inliers,150,GPR,80/20,-1.3090438636456931,0.2941279827803126
Rg norm w/0.421,expr buffer only regr out,Inliers,150,Linear,85/15,-545.3670598448621,4.794922023468566
Rg norm w/0.421,expr buffer only regr out,Inliers,150,Ridge,85/15,0.5496951109475622,0.13765520134334494
Rg norm w/0.421,expr buffer only regr out,Inliers,150,Lasso,85/15,0.5528604962297424,0.13717052951510234
Rg norm w/0.421,expr buffer only regr out,Inliers,150,Kernel Ridge,85/15,0.6069042250975283,0.12861407033312047
Rg norm w/0.421,expr buffer only regr out,Inliers,150,GPR,85/15,-1.2423416247408121,0.30717805366494677
Rg norm w/0.421,expr buffer only regr out,Inliers,150,Linear,90/10,-16122.2095187124,26.993652804272816
Rg norm w/0.421,expr buffer only regr out,Inliers,150,Ridge,90/10,0.4618603486648458,0.155949291249068
Rg norm w/0.421,expr buffer only regr out,Inliers,150,Lasso,90/10,0.4754673294151547,0.15396506176812208
Rg norm w/0.421,expr buffer only regr out,Inliers,150,Kernel Ridge,90/10,0.5458781685364719,0.1432590606532099
Rg norm w/0.421,expr buffer only regr out,Inliers,150,GPR,90/10,-0.8611136131498447,0.29001626271447717
Rg norm w/0.5,expr buffer only regr out,Inliers,150,Linear,80/20,-528.3926040280982,2.998396377349755
Rg norm w/0.5,expr buffer only regr out,Inliers,150,Ridge,80/20,0.47317509163808524,0.09458739390115699
Rg norm w/0.5,expr buffer only regr out,Inliers,150,Lasso,80/20,0.4479409283945125,0.09682619933163855
Rg norm w/0.5,expr buffer only regr out,Inliers,150,Kernel Ridge,80/20,0.5110228612794459,0.09112643642114536
Rg norm w/0.5,expr buffer only regr out,Inliers,150,GPR,80/20,-1.3208702016317009,0.19852972268604305
Rg norm w/0.5,expr buffer only regr out,Inliers,150,Linear,85/15,-523.781704014308,3.1396430884568858
Rg norm w/0.5,expr buffer only regr out,Inliers,150,Ridge,85/15,0.5511096869723464,0.09182502489618177
Rg norm w/0.5,expr buffer only regr out,Inliers,150,Lasso,85/15,0.49142909856360795,0.0977387300757836
Rg norm w/0.5,expr buffer only regr out,Inliers,150,Kernel Ridge,85/15,0.606692216394628,0.08595224184385471
Rg norm w/0.5,expr buffer only regr out,Inliers,150,GPR,85/15,-1.2755587966906008,0.20674497787601204
Rg norm w/0.5,expr buffer only regr out,Inliers,150,Linear,90/10,-15191.914705519046,17.44110003042052
Rg norm w/0.5,expr buffer only regr out,Inliers,150,Ridge,90/10,0.4688626137677624,0.10312328976240961
Rg norm w/0.5,expr buffer only regr out,Inliers,150,Lasso,90/10,0.40845033483707427,0.108830075263026
Rg norm w/0.5,expr buffer only regr out,Inliers,150,Kernel Ridge,90/10,0.5520834808754214,0.09470041077667558
Rg norm w/0.5,expr buffer only regr out,Inliers,150,GPR,90/10,-0.8989359656121625,0.19498826865944766
Rg norm w/0.406,expr buffer only regr out,Inliers,150,Linear,80/20,-558.1164015691074,4.93794521408537
Rg norm w/0.406,expr buffer only regr out,Inliers,150,Ridge,80/20,0.48281502595330583,0.1501820749429333
Rg norm w/0.406,expr buffer only regr out,Inliers,150,Lasso,80/20,0.33372012337967105,0.17046039846500585
Rg norm w/0.406,expr buffer only regr out,Inliers,150,Kernel Ridge,80/20,0.5191358994013804,0.1448125925776459
Rg norm w/0.406,expr buffer only regr out,Inliers,150,GPR,80/20,-1.3038927977568884,0.31697592985987255
Rg norm w/0.406,expr buffer only regr out,Inliers,150,Linear,85/15,-548.1294995221073,5.192521078656861
Rg norm w/0.406,expr buffer only regr out,Inliers,150,Ridge,85/15,0.5497625817985301,0.14868312260418173
Rg norm w/0.406,expr buffer only regr out,Inliers,150,Lasso,85/15,0.5542595662496064,0.1479387335142831
Rg norm w/0.406,expr buffer only regr out,Inliers,150,Kernel Ridge,85/15,0.6074069701427575,0.13883922257005232
Rg norm w/0.406,expr buffer only regr out,Inliers,150,GPR,85/15,-1.2339263113798977,0.3311885413645862
Rg norm w/0.406,expr buffer only regr out,Inliers,150,Linear,90/10,-16261.776068506653,29.300522840732175
Rg norm w/0.406,expr buffer only regr out,Inliers,150,Ridge,90/10,0.46105885195287366,0.1686742161413844
Rg norm w/0.406,expr buffer only regr out,Inliers,150,Lasso,90/10,0.4847484244628323,0.16492545588685079
Rg norm w/0.406,expr buffer only regr out,Inliers,150,Kernel Ridge,90/10,0.5453492792504131,0.1549233826538905
Rg norm w/0.406,expr buffer only regr out,Inliers,150,GPR,90/10,-0.8526153596063715,0.31273080242685514
Rg w/no norm,No regr out,Inliers,167,Linear,80/20,0.5111006540952077,0.9672607502662686
Rg w/no norm,No regr out,Inliers,167,Ridge,80/20,0.7096111481644785,0.7454590764050594
Rg w/no norm,No regr out,Inliers,167,Lasso,80/20,0.7449381379117717,0.6986450720792146
Rg w/no norm,No regr out,Inliers,167,Kernel Ridge,80/20,0.7332665252423451,0.7144512467147852
Rg w/no norm,No regr out,Inliers,167,GPR,80/20,0.7080994749759796,0.7473968707403612
Rg w/no norm,No regr out,Inliers,167,Linear,85/15,0.5430665430036594,0.9493096063091487
Rg w/no norm,No regr out,Inliers,167,Ridge,85/15,0.7119136009438376,0.7537768129515371
Rg w/no norm,No regr out,Inliers,167,Lasso,85/15,0.7192188821773267,0.7441583268114189
Rg w/no norm,No regr out,Inliers,167,Kernel Ridge,85/15,0.7509660273225212,0.7008267895713569
Rg w/no norm,No regr out,Inliers,167,GPR,85/15,0.7082128165810186,0.7586029064127658
Rg w/no norm,No regr out,Inliers,167,Linear,90/10,0.4169588853962217,1.0092554845249926
Rg w/no norm,No regr out,Inliers,167,Ridge,90/10,0.6471832075312545,0.7851021220906497
Rg w/no norm,No regr out,Inliers,167,Lasso,90/10,0.6680594743126906,0.7615206180115606
Rg w/no norm,No regr out,Inliers,167,Kernel Ridge,90/10,0.7008642623672763,0.7229124065134691
Rg w/no norm,No regr out,Inliers,167,GPR,90/10,0.6564330736860038,0.7747421818015969
Rg norm w/0.421,No regr out,Inliers,167,Linear,80/20,0.10102342047267021,0.08725886361910369
Rg norm w/0.421,No regr out,Inliers,167,Ridge,80/20,0.35873016176362205,0.07369801165090002
Rg norm w/0.421,No regr out,Inliers,167,Lasso,80/20,0.33047038981226207,0.07530438367113519
Rg norm w/0.421,No regr out,Inliers,167,Kernel Ridge,80/20,0.3525285281001227,0.07405351594991354
Rg norm w/0.421,No regr out,Inliers,167,GPR,80/20,0.22111302731198745,0.08122179518176247
Rg norm w/0.421,No regr out,Inliers,167,Linear,85/15,0.2969414863433182,0.07945808692771082
Rg norm w/0.421,No regr out,Inliers,167,Ridge,85/15,0.4150589202354229,0.07247670318204355
Rg norm w/0.421,No regr out,Inliers,167,Lasso,85/15,0.3003347404424077,0.07926610604143983
Rg norm w/0.421,No regr out,Inliers,167,Kernel Ridge,85/15,0.423504596756602,0.07195157303292303
Rg norm w/0.421,No regr out,Inliers,167,GPR,85/15,0.24053798390870174,0.08258390174670072
Rg norm w/0.421,No regr out,Inliers,167,Linear,90/10,0.39453851507768867,0.07730550791708857
Rg norm w/0.421,No regr out,Inliers,167,Ridge,90/10,0.4767317193368745,0.07186697778397425
Rg norm w/0.421,No regr out,Inliers,167,Lasso,90/10,0.4046811561939837,0.076655265450936
Rg norm w/0.421,No regr out,Inliers,167,Kernel Ridge,90/10,0.4911871279389617,0.07086735469682452
Rg norm w/0.421,No regr out,Inliers,167,GPR,90/10,0.32843722022962474,0.08141613584543894
Rg norm w/0.5,No regr out,Inliers,167,Linear,80/20,0.22118106453155173,0.058530651753462136
Rg norm w/0.5,No regr out,Inliers,167,Ridge,80/20,0.4534000733430734,0.04903429027269825
Rg norm w/0.5,No regr out,Inliers,167,Lasso,80/20,0.34075224588392283,0.053850462618678555
Rg norm w/0.5,No regr out,Inliers,167,Kernel Ridge,80/20,0.44080893064680726,0.04959583683289442
Rg norm w/0.5,No regr out,Inliers,167,GPR,80/20,0.2997753986931794,0.05549882539559624
Rg norm w/0.5,No regr out,Inliers,167,Linear,85/15,0.3786304490736738,0.05378039515498374
Rg norm w/0.5,No regr out,Inliers,167,Ridge,85/15,0.4978612670892577,0.04834603546165873
Rg norm w/0.5,No regr out,Inliers,167,Lasso,85/15,0.33931753878958915,0.05545559815947993
Rg norm w/0.5,No regr out,Inliers,167,Kernel Ridge,85/15,0.4941353273964776,0.04852507113358799
Rg norm w/0.5,No regr out,Inliers,167,GPR,85/15,0.3076574275454347,0.05676877513027876
Rg norm w/0.5,No regr out,Inliers,167,Linear,90/10,0.48229680351947934,0.05068903729465155
Rg norm w/0.5,No regr out,Inliers,167,Ridge,90/10,0.5311445109661654,0.048238425295966884
Rg norm w/0.5,No regr out,Inliers,167,Lasso,90/10,0.36410649143395324,0.05617794072905179
Rg norm w/0.5,No regr out,Inliers,167,Kernel Ridge,90/10,0.5466258606509979,0.047435337166527924
Rg norm w/0.5,No regr out,Inliers,167,GPR,90/10,0.39177786976026296,0.05494203342184481
Rg norm w/0.406,No regr out,Inliers,167,Linear,80/20,0.08801801069676474,0.09420473941356694
Rg norm w/0.406,No regr out,Inliers,167,Ridge,80/20,0.34856286950888216,0.07961884555623745
Rg norm w/0.406,No regr out,Inliers,167,Lasso,80/20,0.32565518519369163,0.08100664264627877
Rg norm w/0.406,No regr out,Inliers,167,Kernel Ridge,80/20,0.34419109878595355,0.07988555840761988
Rg norm w/0.406,No regr out,Inliers,167,GPR,80/20,0.21716783079870472,0.08727984248112372
Rg norm w/0.406,No regr out,Inliers,167,Linear,85/15,0.2871064281903395,0.08570257059595576
Rg norm w/0.406,No regr out,Inliers,167,Ridge,85/15,0.4052268102724571,0.07828114891760368
Rg norm w/0.406,No regr out,Inliers,167,Lasso,85/15,0.2531016679118534,0.0877227512451284
Rg norm w/0.406,No regr out,Inliers,167,Kernel Ridge,85/15,0.41661173623705394,0.07752831465412334
Rg norm w/0.406,No regr out,Inliers,167,GPR,85/15,0.23718029586812783,0.08865279869934212
Rg norm w/0.406,No regr out,Inliers,167,Linear,90/10,0.3811947247033233,0.08387337754664158
Rg norm w/0.406,No regr out,Inliers,167,Ridge,90/10,0.47067902229669256,0.07757230235373518
Rg norm w/0.406,No regr out,Inliers,167,Lasso,90/10,0.4184822483818731,0.08130712726408554
Rg norm w/0.406,No regr out,Inliers,167,Kernel Ridge,90/10,0.48546328774866654,0.07648130894863364
Rg norm w/0.406,No regr out,Inliers,167,GPR,90/10,0.32373572705980724,0.0876809710018125
Rg w/no norm,pH regr out,Inliers,167,Linear,80/20,0.5109877588903471,0.9673307897465835
Rg w/no norm,pH regr out,Inliers,167,Ridge,80/20,0.7095494657035447,0.7455061593641371
Rg w/no norm,pH regr out,Inliers,167,Lasso,80/20,0.7448887852911198,0.6986825898525016
Rg w/no norm,pH regr out,Inliers,167,Kernel Ridge,80/20,0.7245561061945066,0.725991808743531
Rg w/no norm,pH regr out,Inliers,167,GPR,80/20,0.7193983587474112,0.7327574616403978
Rg w/no norm,pH regr out,Inliers,167,Linear,85/15,0.5429587633725724,0.9493674762404369
Rg w/no norm,pH regr out,Inliers,167,Ridge,85/15,0.7118643939520846,0.753798243104496
Rg w/no norm,pH regr out,Inliers,167,Lasso,85/15,0.7191600730206515,0.744193859217357
Rg w/no norm,pH regr out,Inliers,167,Kernel Ridge,85/15,0.718571417560332,0.7449733859521083
Rg w/no norm,pH regr out,Inliers,167,GPR,85/15,0.6903136964197265,0.781479617984955
Rg w/no norm,pH regr out,Inliers,167,Linear,90/10,0.4168651833648829,1.0092836603392685
Rg w/no norm,pH regr out,Inliers,167,Ridge,90/10,0.6471369635390598,0.7851124056882307
Rg w/no norm,pH regr out,Inliers,167,Lasso,90/10,0.6680530751036763,0.7614880303535212
Rg w/no norm,pH regr out,Inliers,167,Kernel Ridge,90/10,0.6660318539807735,0.7638028580225921
Rg w/no norm,pH regr out,Inliers,167,GPR,90/10,0.6426658914478749,0.7900707664427284
Rg norm w/0.421,pH regr out,Inliers,167,Linear,80/20,0.10098824802481299,0.08725731874324844
Rg norm w/0.421,pH regr out,Inliers,167,Ridge,80/20,0.3587095135908821,0.07369645165734462
Rg norm w/0.421,pH regr out,Inliers,167,Lasso,80/20,0.3304616015722479,0.07530207157361579
Rg norm w/0.421,pH regr out,Inliers,167,Kernel Ridge,80/20,0.3088144331494349,0.07650970187355123
Rg norm w/0.421,pH regr out,Inliers,167,GPR,80/20,0.241952902429605,0.08012485820229724
Rg norm w/0.421,pH regr out,Inliers,167,Linear,85/15,0.2969157807931112,0.07945575549177494
Rg norm w/0.421,pH regr out,Inliers,167,Ridge,85/15,0.41505857460097084,0.07247327311545126
Rg norm w/0.421,pH regr out,Inliers,167,Lasso,85/15,0.30032555299796393,0.07926285164186049
Rg norm w/0.421,pH regr out,Inliers,167,Kernel Ridge,85/15,0.3907890857467031,0.07396146824120549
Rg norm w/0.421,pH regr out,Inliers,167,GPR,85/15,0.30081399350710625,0.07923518023919975
Rg norm w/0.421,pH regr out,Inliers,167,Linear,90/10,0.3944949632093214,0.0773036843249655
Rg norm w/0.421,pH regr out,Inliers,167,Ridge,90/10,0.476736936571854,0.07186233967379137
Rg norm w/0.421,pH regr out,Inliers,167,Lasso,90/10,0.4046961283494718,0.07664973655866913
Rg norm w/0.421,pH regr out,Inliers,167,Kernel Ridge,90/10,0.47489200201281045,0.07198891525701293
Rg norm w/0.421,pH regr out,Inliers,167,GPR,90/10,0.443739000058045,0.07409358680285617
Rg norm w/0.5,pH regr out,Inliers,167,Linear,80/20,0.22120303915699513,0.058528008414254186
Rg norm w/0.5,pH regr out,Inliers,167,Ridge,80/20,0.4534132564959814,0.049032176245889666
Rg norm w/0.5,pH regr out,Inliers,167,Lasso,80/20,0.3407539143451138,0.053848722188376386
Rg norm w/0.5,pH regr out,Inliers,167,Kernel Ridge,80/20,0.36023772596101755,0.05304701313647886
Rg norm w/0.5,pH regr out,Inliers,167,GPR,80/20,0.2688351236609543,0.05670995236666445
Rg norm w/0.5,pH regr out,Inliers,167,Linear,85/15,0.3786481453106646,0.05377743934789053
Rg norm w/0.5,pH regr out,Inliers,167,Ridge,85/15,0.4978893995798891,0.048342712475542164
Rg norm w/0.5,pH regr out,Inliers,167,Lasso,85/15,0.33931642269826345,0.05545338676552269
Rg norm w/0.5,pH regr out,Inliers,167,Kernel Ridge,85/15,0.47535931375645946,0.0494153986514357
Rg norm w/0.5,pH regr out,Inliers,167,GPR,85/15,0.32478495354300996,0.05605990731349993
Rg norm w/0.5,pH regr out,Inliers,167,Linear,90/10,0.48229271659203476,0.05068639490133807
Rg norm w/0.5,pH regr out,Inliers,167,Ridge,90/10,0.5311718752106211,0.048234312624058
Rg norm w/0.5,pH regr out,Inliers,167,Lasso,90/10,0.3641277063572782,0.05617385340062236
Rg norm w/0.5,pH regr out,Inliers,167,Kernel Ridge,90/10,0.5387204347108359,0.04784442871798104
Rg norm w/0.5,pH regr out,Inliers,167,GPR,90/10,0.48865069270271033,0.050374192957718576
Rg norm w/0.406,pH regr out,Inliers,167,Linear,80/20,0.08796975126485651,0.09420355515372165
Rg norm w/0.406,pH regr out,Inliers,167,Ridge,80/20,0.34853432111261684,0.07961748267852121
Rg norm w/0.406,pH regr out,Inliers,167,Lasso,80/20,0.3256400431728902,0.08100439053348416
Rg norm w/0.406,pH regr out,Inliers,167,Kernel Ridge,80/20,0.3094998177462136,0.08196804377560779
Rg norm w/0.406,pH regr out,Inliers,167,GPR,80/20,0.2473465296466315,0.08557762034762571
Rg norm w/0.406,pH regr out,Inliers,167,Linear,85/15,0.28707010071034367,0.085700492552582
Rg norm w/0.406,pH regr out,Inliers,167,Ridge,85/15,0.4052193218906788,0.07827774919614489
Rg norm w/0.406,pH regr out,Inliers,167,Lasso,85/15,0.2530836235965176,0.08771944886682065
Rg norm w/0.406,pH regr out,Inliers,167,Kernel Ridge,85/15,0.38127543722244195,0.07983780390081487
Rg norm w/0.406,pH regr out,Inliers,167,GPR,85/15,0.30330524560898753,0.08471906887171109
Rg norm w/0.406,pH regr out,Inliers,167,Linear,90/10,0.38114321049319366,0.08387179711928201
Rg norm w/0.406,pH regr out,Inliers,167,Ridge,90/10,0.47067928616186216,0.0775675927226401
Rg norm w/0.406,pH regr out,Inliers,167,Lasso,90/10,0.4184982670826557,0.0813010913478753
Rg norm w/0.406,pH regr out,Inliers,167,Kernel Ridge,90/10,0.4674096346488972,0.0778067941553927
Rg norm w/0.406,pH regr out,Inliers,167,GPR,90/10,0.4396981122068696,0.07980533254288343
Rg w/no norm,buffer regr out,Inliers,167,Linear,80/20,-0.8630053024537903,1.6789000883080516
Rg w/no norm,buffer regr out,Inliers,167,Ridge,80/20,0.24103041677756898,1.0715933062391703
Rg w/no norm,buffer regr out,Inliers,167,Lasso,80/20,0.24319408125816377,1.0700647712199016
Rg w/no norm,buffer regr out,Inliers,167,Kernel Ridge,80/20,0.28300714643657643,1.041538240679264
Rg w/no norm,buffer regr out,Inliers,167,GPR,80/20,-0.10628378598728005,1.2937521368417824
Rg w/no norm,buffer regr out,Inliers,167,Linear,85/15,-0.5219151055194964,1.4195901636031443
Rg w/no norm,buffer regr out,Inliers,167,Ridge,85/15,0.26896390889741906,0.983868773431774
Rg w/no norm,buffer regr out,Inliers,167,Lasso,85/15,0.18059517033952566,1.0416385092970835
Rg w/no norm,buffer regr out,Inliers,167,Kernel Ridge,85/15,0.3413126612567332,0.9339151603711056
Rg w/no norm,buffer regr out,Inliers,167,GPR,85/15,-0.11253880892011914,1.2137391269909192
Rg w/no norm,buffer regr out,Inliers,167,Linear,90/10,-0.7216887674448744,1.495954767708549
Rg w/no norm,buffer regr out,Inliers,167,Ridge,90/10,0.2621765682471272,0.9793036222791747
Rg w/no norm,buffer regr out,Inliers,167,Lasso,90/10,0.18749467512212425,1.0276713451117623
Rg w/no norm,buffer regr out,Inliers,167,Kernel Ridge,90/10,0.3587293514501244,0.9129811699192916
Rg w/no norm,buffer regr out,Inliers,167,GPR,90/10,-0.07825335313473891,1.1838632736262469
Rg norm w/0.421,buffer regr out,Inliers,167,Linear,80/20,-1.7522455780030932,0.1762356097607414
Rg norm w/0.421,buffer regr out,Inliers,167,Ridge,80/20,0.03843265423058195,0.10416934357186099
Rg norm w/0.421,buffer regr out,Inliers,167,Lasso,80/20,-0.03314079281572946,0.10797664496712042
Rg norm w/0.421,buffer regr out,Inliers,167,Kernel Ridge,80/20,0.08358115781226638,0.10169440956799367
Rg norm w/0.421,buffer regr out,Inliers,167,GPR,80/20,-0.21315109530552268,0.11700583533729005
Rg norm w/0.421,buffer regr out,Inliers,167,Linear,85/15,-1.159591400801569,0.14884889991242323
Rg norm w/0.421,buffer regr out,Inliers,167,Ridge,85/15,0.2067296607090573,0.09021327362136776
Rg norm w/0.421,buffer regr out,Inliers,167,Lasso,85/15,0.005624337562441517,0.101003187045597
Rg norm w/0.421,buffer regr out,Inliers,167,Kernel Ridge,85/15,0.19674264235963368,0.09077937547932004
Rg norm w/0.421,buffer regr out,Inliers,167,GPR,85/15,-0.22965992033030003,0.11231877118488834
Rg norm w/0.421,buffer regr out,Inliers,167,Linear,90/10,-1.3901185112104066,0.16268036179163142
Rg norm w/0.421,buffer regr out,Inliers,167,Ridge,90/10,0.3652092998464118,0.08383795757128341
Rg norm w/0.421,buffer regr out,Inliers,167,Lasso,90/10,0.28619536184196204,0.08890272944190264
Rg norm w/0.421,buffer regr out,Inliers,167,Kernel Ridge,90/10,0.41776350719902844,0.0802925263570044
Rg norm w/0.421,buffer regr out,Inliers,167,GPR,90/10,-0.22039230465585047,0.11624523026070163
Rg norm w/0.5,buffer regr out,Inliers,167,Linear,80/20,-1.3751230087254291,0.11793950993318504
Rg norm w/0.5,buffer regr out,Inliers,167,Ridge,80/20,0.20618126614358911,0.06818313053211643
Rg norm w/0.5,buffer regr out,Inliers,167,Lasso,80/20,0.07586756800905015,0.07356705507238331
Rg norm w/0.5,buffer regr out,Inliers,167,Kernel Ridge,80/20,0.20587905818485486,0.0681961080061027
Rg norm w/0.5,buffer regr out,Inliers,167,GPR,80/20,-0.20393103228533938,0.08396863046431566
Rg norm w/0.5,buffer regr out,Inliers,167,Linear,85/15,-0.7836288802404603,0.09993034426407901
Rg norm w/0.5,buffer regr out,Inliers,167,Ridge,85/15,0.3886009705420602,0.05850695666856099
Rg norm w/0.5,buffer regr out,Inliers,167,Lasso,85/15,0.056993262339675055,0.07266119457852865
Rg norm w/0.5,buffer regr out,Inliers,167,Kernel Ridge,85/15,0.33591670528631445,0.060975646471437724
Rg norm w/0.5,buffer regr out,Inliers,167,GPR,85/15,-0.21098731899223444,0.08234077179327672
Rg norm w/0.5,buffer regr out,Inliers,167,Linear,90/10,-1.061496946029532,0.10911313923650175
Rg norm w/0.5,buffer regr out,Inliers,167,Ridge,90/10,0.48031134583818336,0.054784451849713756
Rg norm w/0.5,buffer regr out,Inliers,167,Lasso,90/10,0.23725314503592598,0.06637062628282148
Rg norm w/0.5,buffer regr out,Inliers,167,Kernel Ridge,90/10,0.5306813635800937,0.052061850775564085
Rg norm w/0.5,buffer regr out,Inliers,167,GPR,90/10,-0.2133851630283945,0.08371148439566763
Rg norm w/0.406,buffer regr out,Inliers,167,Linear,80/20,-1.813776177668919,0.19014713830306482
Rg norm w/0.406,buffer regr out,Inliers,167,Ridge,80/20,0.00869092005039962,0.11286247284916971
Rg norm w/0.406,buffer regr out,Inliers,167,Lasso,80/20,-0.07582843827012309,0.1175754175013802
Rg norm w/0.406,buffer regr out,Inliers,167,Kernel Ridge,80/20,0.06469733779522158,0.1096279024653726
Rg norm w/0.406,buffer regr out,Inliers,167,GPR,80/20,-0.21396259932260375,0.12489575363303973
Rg norm w/0.406,buffer regr out,Inliers,167,Linear,85/15,-1.229620532449224,0.16050353160661132
Rg norm w/0.406,buffer regr out,Inliers,167,Ridge,85/15,0.17015677550951314,0.09791903874007957
Rg norm w/0.406,buffer regr out,Inliers,167,Lasso,85/15,-0.020876563689414596,0.10860647847937716
Rg norm w/0.406,buffer regr out,Inliers,167,Kernel Ridge,85/15,0.17181707518172862,0.09782103447729773
Rg norm w/0.406,buffer regr out,Inliers,167,GPR,85/15,-0.23260091921153303,0.11933844066312044
Rg norm w/0.406,buffer regr out,Inliers,167,Linear,90/10,-1.4436867493650474,0.17540651026955378
Rg norm w/0.406,buffer regr out,Inliers,167,Ridge,90/10,0.342888177714501,0.09095835170976845
Rg norm w/0.406,buffer regr out,Inliers,167,Lasso,90/10,0.28620256162812197,0.09480045764454172
Rg norm w/0.406,buffer regr out,Inliers,167,Kernel Ridge,90/10,0.39642278217076243,0.08717447905914898
Rg norm w/0.406,buffer regr out,Inliers,167,GPR,90/10,-0.220408909865629,0.12395830416866874
Rg w/no norm,expr pH only regr out,Inliers,167,Linear,80/20,0.4186664761167339,1.8411013092850332
Rg w/no norm,expr pH only regr out,Inliers,167,Ridge,80/20,0.6967192122723072,1.3298034411671356
Rg w/no norm,expr pH only regr out,Inliers,167,Lasso,80/20,0.6382627782048154,1.4523176057493634
Rg w/no norm,expr pH only regr out,Inliers,167,Kernel Ridge,80/20,0.7262214167071473,1.2634694304348864
Rg w/no norm,expr pH only regr out,Inliers,167,GPR,80/20,-0.04847913929652403,2.4725489587304206
Rg w/no norm,expr pH only regr out,Inliers,167,Linear,85/15,0.52125415418303,1.7459076444103114
Rg w/no norm,expr pH only regr out,Inliers,167,Ridge,85/15,0.7154142108822449,1.3460939182788658
Rg w/no norm,expr pH only regr out,Inliers,167,Lasso,85/15,0.6598958021817063,1.4715490864675995
Rg w/no norm,expr pH only regr out,Inliers,167,Kernel Ridge,85/15,0.7626242931973972,1.2293821205941555
Rg w/no norm,expr pH only regr out,Inliers,167,GPR,85/15,0.036337714753004846,2.477029554973656
Rg w/no norm,expr pH only regr out,Inliers,167,Linear,90/10,0.2544576797622856,2.096945820844553
Rg w/no norm,expr pH only regr out,Inliers,167,Ridge,90/10,0.6702232345943582,1.3946366892360553
Rg w/no norm,expr pH only regr out,Inliers,167,Lasso,90/10,0.6344505768818571,1.4683314826125202
Rg w/no norm,expr pH only regr out,Inliers,167,Kernel Ridge,90/10,0.7296637933157781,1.2627086832131065
Rg w/no norm,expr pH only regr out,Inliers,167,GPR,90/10,0.45141912202864,1.798752422362869
Rg norm w/0.421,expr pH only regr out,Inliers,167,Linear,80/20,0.21391112772772525,0.1895038503594469
Rg norm w/0.421,expr pH only regr out,Inliers,167,Ridge,80/20,0.5578282087494757,0.14212737357817892
Rg norm w/0.421,expr pH only regr out,Inliers,167,Lasso,80/20,0.5342443450456353,0.14586842121419227
Rg norm w/0.421,expr pH only regr out,Inliers,167,Kernel Ridge,80/20,0.595336424155779,0.13596567141128374
Rg norm w/0.421,expr pH only regr out,Inliers,167,GPR,80/20,-0.7829890738254583,0.2854016996151016
Rg norm w/0.421,expr pH only regr out,Inliers,167,Linear,85/15,0.3849933509585801,0.17145423545813296
Rg norm w/0.421,expr pH only regr out,Inliers,167,Ridge,85/15,0.6071797129705578,0.13702672145713835
Rg norm w/0.421,expr pH only regr out,Inliers,167,Lasso,85/15,0.40670988446553047,0.16839991536842616
Rg norm w/0.421,expr pH only regr out,Inliers,167,Kernel Ridge,85/15,0.6536777684903782,0.12866146674201445
Rg norm w/0.421,expr pH only regr out,Inliers,167,GPR,85/15,-0.9128973343818461,0.302380752484156
Rg norm w/0.421,expr pH only regr out,Inliers,167,Linear,90/10,0.174312584027566,0.20101884578673826
Rg norm w/0.421,expr pH only regr out,Inliers,167,Ridge,90/10,0.5545082814442284,0.14765520460508919
Rg norm w/0.421,expr pH only regr out,Inliers,167,Lasso,90/10,0.5795002218693044,0.143453724271998
Rg norm w/0.421,expr pH only regr out,Inliers,167,Kernel Ridge,90/10,0.6102584931496056,0.1381075026462492
Rg norm w/0.421,expr pH only regr out,Inliers,167,GPR,90/10,-0.028620856147155482,0.22436577250071868
Rg norm w/0.5,expr pH only regr out,Inliers,167,Linear,80/20,0.1945977675527234,0.12760789584823024
Rg norm w/0.5,expr pH only regr out,Inliers,167,Ridge,80/20,0.5391041021001203,0.09653227788760196
Rg norm w/0.5,expr pH only regr out,Inliers,167,Lasso,80/20,0.4659430489946227,0.10391181223081203
Rg norm w/0.5,expr pH only regr out,Inliers,167,Kernel Ridge,80/20,0.5787910185176635,0.092282626053253
Rg norm w/0.5,expr pH only regr out,Inliers,167,GPR,80/20,-0.8311758827640263,0.19241377623828776
Rg norm w/0.5,expr pH only regr out,Inliers,167,Linear,85/15,0.3670814495533391,0.11473051745266113
Rg norm w/0.5,expr pH only regr out,Inliers,167,Ridge,85/15,0.5903227477416773,0.09230515691931053
Rg norm w/0.5,expr pH only regr out,Inliers,167,Lasso,85/15,0.5335523355450366,0.09849325752881445
Rg norm w/0.5,expr pH only regr out,Inliers,167,Kernel Ridge,85/15,0.6369243999243757,0.086896757607756
Rg norm w/0.5,expr pH only regr out,Inliers,167,GPR,85/15,-0.9816998948906626,0.20301306270102273
Rg norm w/0.5,expr pH only regr out,Inliers,167,Linear,90/10,0.17465441588428066,0.13300512249123353
Rg norm w/0.5,expr pH only regr out,Inliers,167,Ridge,90/10,0.5367535739372473,0.09964522455451136
Rg norm w/0.5,expr pH only regr out,Inliers,167,Lasso,90/10,0.5150910132988519,0.10194843607055462
Rg norm w/0.5,expr pH only regr out,Inliers,167,Kernel Ridge,90/10,0.5930055899955257,0.0933995263085019
Rg norm w/0.5,expr pH only regr out,Inliers,167,GPR,90/10,-0.7095521601084984,0.19142190305243362
Rg norm w/0.406,expr pH only regr out,Inliers,167,Linear,80/20,0.2188013583090287,0.20430956850982895
Rg norm w/0.406,expr pH only regr out,Inliers,167,Ridge,80/20,0.562091016482198,0.15296775544885116
Rg norm w/0.406,expr pH only regr out,Inliers,167,Lasso,80/20,0.5378160800869144,0.15715036087915507
Rg norm w/0.406,expr pH only regr out,Inliers,167,Kernel Ridge,80/20,0.5992021730922861,0.14634255931324197
Rg norm w/0.406,expr pH only regr out,Inliers,167,GPR,80/20,-0.7724215118270288,0.3077453312536718
Rg norm w/0.406,expr pH only regr out,Inliers,167,Linear,85/15,0.3888642302831302,0.1850946563696042
Rg norm w/0.406,expr pH only regr out,Inliers,167,Ridge,85/15,0.6107568928249829,0.14771870595382544
Rg norm w/0.406,expr pH only regr out,Inliers,167,Lasso,85/15,0.43560482278144697,0.17787572210221106
Rg norm w/0.406,expr pH only regr out,Inliers,167,Kernel Ridge,85/15,0.6572718929727024,0.138611700098746
Rg norm w/0.406,expr pH only regr out,Inliers,167,GPR,85/15,-0.8986962417456905,0.3262516933776898
Rg norm w/0.406,expr pH only regr out,Inliers,167,Linear,90/10,0.17504331315211952,0.21744080043781847
Rg norm w/0.406,expr pH only regr out,Inliers,167,Ridge,90/10,0.558326361398223,0.1591022070074274
Rg norm w/0.406,expr pH only regr out,Inliers,167,Lasso,90/10,0.45647277279826914,0.17649650777130751
Rg norm w/0.406,expr pH only regr out,Inliers,167,Kernel Ridge,90/10,0.614013412723388,0.14873444982044765
Rg norm w/0.406,expr pH only regr out,Inliers,167,GPR,90/10,-0.019286424692523285,0.2416982937740215
Rg w/no norm,expr buffer only regr out,Inliers,167,Linear,80/20,0.17400259848371846,1.9132486972269624
Rg w/no norm,expr buffer only regr out,Inliers,167,Ridge,80/20,0.6034975680475635,1.3255771629360191
Rg w/no norm,expr buffer only regr out,Inliers,167,Lasso,80/20,0.5521579351361877,1.4087843793085895
Rg w/no norm,expr buffer only regr out,Inliers,167,Kernel Ridge,80/20,0.6431598981666697,1.257531617316145
Rg w/no norm,expr buffer only regr out,Inliers,167,GPR,80/20,-0.8865628334223814,2.8914635563625555
Rg w/no norm,expr buffer only regr out,Inliers,167,Linear,85/15,0.4788513905631324,1.6354703340510741
Rg w/no norm,expr buffer only regr out,Inliers,167,Ridge,85/15,0.6130892822614094,1.4091825585368547
Rg w/no norm,expr buffer only regr out,Inliers,167,Lasso,85/15,0.5753259574701897,1.4763513901623175
Rg w/no norm,expr buffer only regr out,Inliers,167,Kernel Ridge,85/15,0.6809860668984977,1.2795778242705198
Rg w/no norm,expr buffer only regr out,Inliers,167,GPR,85/15,-0.8065873245431643,3.045028477559665
Rg w/no norm,expr buffer only regr out,Inliers,167,Linear,90/10,0.3134108594425138,1.877358657345678
Rg w/no norm,expr buffer only regr out,Inliers,167,Ridge,90/10,0.5067803242764123,1.5911787907530266
Rg w/no norm,expr buffer only regr out,Inliers,167,Lasso,90/10,0.47687322349617445,1.6387105879222383
Rg w/no norm,expr buffer only regr out,Inliers,167,Kernel Ridge,90/10,0.60184098667294,1.4296412166757515
Rg w/no norm,expr buffer only regr out,Inliers,167,GPR,90/10,-0.5398553824845091,2.8115043019905652
Rg norm w/0.421,expr buffer only regr out,Inliers,167,Linear,80/20,-0.062000723115612555,0.19947232931842226
Rg norm w/0.421,expr buffer only regr out,Inliers,167,Ridge,80/20,0.4803136067932504,0.13953749618902953
Rg norm w/0.421,expr buffer only regr out,Inliers,167,Lasso,80/20,0.49424393610395356,0.13765462326687813
Rg norm w/0.421,expr buffer only regr out,Inliers,167,Kernel Ridge,80/20,0.5166160556745957,0.1345756119926547
Rg norm w/0.421,expr buffer only regr out,Inliers,167,GPR,80/20,-1.3090438465809897,0.29412798169345433
Rg norm w/0.421,expr buffer only regr out,Inliers,167,Linear,85/15,0.3823043992821288,0.16122283327021497
Rg norm w/0.421,expr buffer only regr out,Inliers,167,Ridge,85/15,0.5488257524739687,0.137788015815022
Rg norm w/0.421,expr buffer only regr out,Inliers,167,Lasso,85/15,0.5528604962297495,0.13717052951510122
Rg norm w/0.421,expr buffer only regr out,Inliers,167,Kernel Ridge,85/15,0.6057692214275783,0.12879961318442662
Rg norm w/0.421,expr buffer only regr out,Inliers,167,GPR,85/15,-1.2423416084393106,0.3071780525483766
Rg norm w/0.421,expr buffer only regr out,Inliers,167,Linear,90/10,0.2735660768967284,0.181189892443911
Rg norm w/0.421,expr buffer only regr out,Inliers,167,Ridge,90/10,0.4610506934946851,0.15606656349655293
Rg norm w/0.421,expr buffer only regr out,Inliers,167,Lasso,90/10,0.47546732941516634,0.1539650617681204
Rg norm w/0.421,expr buffer only regr out,Inliers,167,Kernel Ridge,90/10,0.5447242037840565,0.14344096230113365
Rg norm w/0.421,expr buffer only regr out,Inliers,167,GPR,90/10,-0.8611135783981243,0.29001626000680686
Rg norm w/0.5,expr buffer only regr out,Inliers,167,Linear,80/20,-0.058663075549495014,0.13408462836141194
Rg norm w/0.5,expr buffer only regr out,Inliers,167,Ridge,80/20,0.4726602860069149,0.09463359732876354
Rg norm w/0.5,expr buffer only regr out,Inliers,167,Lasso,80/20,0.44794092839451816,0.09682619933163805
Rg norm w/0.5,expr buffer only regr out,Inliers,167,Kernel Ridge,80/20,0.5103180238560394,0.09119208999505607
Rg norm w/0.5,expr buffer only regr out,Inliers,167,GPR,80/20,-1.3208701066141688,0.19852971862209226
Rg norm w/0.5,expr buffer only regr out,Inliers,167,Linear,85/15,0.38922498827520036,0.10711038204524946
Rg norm w/0.5,expr buffer only regr out,Inliers,167,Ridge,85/15,0.5501506036612682,0.09192306762051615
Rg norm w/0.5,expr buffer only regr out,Inliers,167,Lasso,85/15,0.4914290985636155,0.09773873007578286
Rg norm w/0.5,expr buffer only regr out,Inliers,167,Kernel Ridge,85/15,0.6054559411051714,0.0860872217074866
Rg norm w/0.5,expr buffer only regr out,Inliers,167,GPR,85/15,-1.2755587021176478,0.20674497357981822
Rg norm w/0.5,expr buffer only regr out,Inliers,167,Linear,90/10,0.29524943207075327,0.11878758152731646
Rg norm w/0.5,expr buffer only regr out,Inliers,167,Ridge,90/10,0.4679760280976346,0.10320932165538929
Rg norm w/0.5,expr buffer only regr out,Inliers,167,Lasso,90/10,0.4084503348370844,0.10883007526302507
Rg norm w/0.5,expr buffer only regr out,Inliers,167,Kernel Ridge,90/10,0.5508509028502642,0.09483061969855958
Rg norm w/0.5,expr buffer only regr out,Inliers,167,GPR,90/10,-0.8989357693140285,0.19498825858121568
Rg norm w/0.406,expr buffer only regr out,Inliers,167,Linear,80/20,-0.06087537880481109,0.21509352459098477
Rg norm w/0.406,expr buffer only regr out,Inliers,167,Ridge,80/20,0.4823580886416198,0.15024840386420615
Rg norm w/0.406,expr buffer only regr out,Inliers,167,Lasso,80/20,0.3337201233796747,0.17046039846500538
Rg norm w/0.406,expr buffer only regr out,Inliers,167,Kernel Ridge,80/20,0.5185328576069516,0.14490336737623488
Rg norm w/0.406,expr buffer only regr out,Inliers,167,GPR,80/20,-1.3038927853699684,0.3169759290077592
Rg norm w/0.406,expr buffer only regr out,Inliers,167,Linear,85/15,0.3817451343734586,0.17423068826556073
Rg norm w/0.406,expr buffer only regr out,Inliers,167,Ridge,85/15,0.5489096746026461,0.14882388489965737
Rg norm w/0.406,expr buffer only regr out,Inliers,167,Lasso,85/15,0.5542595662496146,0.14793873351428177
Rg norm w/0.406,expr buffer only regr out,Inliers,167,Kernel Ridge,85/15,0.6062905809892809,0.13903648609374436
Rg norm w/0.406,expr buffer only regr out,Inliers,167,GPR,85/15,-1.233926299623671,0.3311885404931323
Rg norm w/0.406,expr buffer only regr out,Inliers,167,Linear,90/10,0.2704832750846148,0.19624366927026898
Rg norm w/0.406,expr buffer only regr out,Inliers,167,Ridge,90/10,0.4602634262749197,0.16879864376673398
Rg norm w/0.406,expr buffer only regr out,Inliers,167,Lasso,90/10,0.4847484244628443,0.16492545588684887
Rg norm w/0.406,expr buffer only regr out,Inliers,167,Kernel Ridge,90/10,0.5442105355956992,0.15511727621044874
Rg norm w/0.406,expr buffer only regr out,Inliers,167,GPR,90/10,-0.8526153344272427,0.3127308003016733
