Normalization,Regressing out,Points,Model,PCA Components,Regression Type,Test Split,Test R2 Score,RMSE Score
Rg w/no norm,No regr out,All,ProtBERT,10,Linear,80/20,-0.133255259831776,1.5841127286871821
Rg w/no norm,No regr out,All,ProtBERT,10,Ridge,80/20,-0.06086631105514728,1.532683707941882
Rg w/no norm,No regr out,All,ProtBERT,10,Lasso,80/20,0.08257951844382627,1.4253004678925012
Rg w/no norm,No regr out,All,ProtBERT,10,Kernel Ridge,80/20,0.02789345094271345,1.4671656360297525
Rg w/no norm,No regr out,All,ProtBERT,10,GPR,80/20,-2.0526801753745483,2.5999372425309955
Rg w/no norm,No regr out,All,ProtBERT,10,Linear,85/15,-0.08903619805991059,1.608756378716516
Rg w/no norm,No regr out,All,ProtBERT,10,Ridge,85/15,-0.06100449604153968,1.5879167737274278
Rg w/no norm,No regr out,All,ProtBERT,10,Lasso,85/15,0.06821958200913825,1.4880787461916698
Rg w/no norm,No regr out,All,ProtBERT,10,Kernel Ridge,85/15,-0.08783792715443894,1.607871074569083
Rg w/no norm,No regr out,All,ProtBERT,10,GPR,85/15,-1.0241557862178725,2.1932649148436596
Rg w/no norm,No regr out,All,ProtBERT,10,Linear,90/10,0.0501745134699747,1.2024605071293448
Rg w/no norm,No regr out,All,ProtBERT,10,Ridge,90/10,0.06889238085343785,1.190553325416448
Rg w/no norm,No regr out,All,ProtBERT,10,Lasso,90/10,0.11485086235985376,1.160799299875636
Rg w/no norm,No regr out,All,ProtBERT,10,Kernel Ridge,90/10,-0.2723619562547117,1.3917276313062448
Rg w/no norm,No regr out,All,ProtBERT,10,GPR,90/10,-1.5388342917977331,1.965921127587311
Rg w/no norm,No regr out,Inliers,ProtBERT,10,Linear,80/20,0.16620523612138494,1.5375307375418295
Rg w/no norm,No regr out,Inliers,ProtBERT,10,Ridge,80/20,0.14747165629366377,1.5547073021327769
Rg w/no norm,No regr out,Inliers,ProtBERT,10,Lasso,80/20,0.15140735704796882,1.5511144943194957
Rg w/no norm,No regr out,Inliers,ProtBERT,10,Kernel Ridge,80/20,0.25672968682431585,1.4516690529413485
Rg w/no norm,No regr out,Inliers,ProtBERT,10,GPR,80/20,-0.060341248611861076,1.7338720792385358
Rg w/no norm,No regr out,Inliers,ProtBERT,10,Linear,85/15,0.20906662607959914,1.360504449196973
Rg w/no norm,No regr out,Inliers,ProtBERT,10,Ridge,85/15,0.17516005218961117,1.3893602159892273
Rg w/no norm,No regr out,Inliers,ProtBERT,10,Lasso,85/15,0.19932352819474286,1.3688584749449961
Rg w/no norm,No regr out,Inliers,ProtBERT,10,Kernel Ridge,85/15,0.3341412867470842,1.2483060039599503
Rg w/no norm,No regr out,Inliers,ProtBERT,10,GPR,85/15,-0.13978196163205636,1.6332057696286
Rg w/no norm,No regr out,Inliers,ProtBERT,10,Linear,90/10,0.2930349136320627,1.2618119059387563
Rg w/no norm,No regr out,Inliers,ProtBERT,10,Ridge,90/10,0.28906731882318415,1.26534769150705
Rg w/no norm,No regr out,Inliers,ProtBERT,10,Lasso,90/10,0.28890914583105465,1.265488445128776
Rg w/no norm,No regr out,Inliers,ProtBERT,10,Kernel Ridge,90/10,0.06420260005584577,1.4517323502721051
Rg w/no norm,No regr out,Inliers,ProtBERT,10,GPR,90/10,0.11423845025048074,1.412388099393033
Rg w/no norm,No regr out,All,ProtBERT,20,Linear,80/20,0.02102066053577345,1.4723429296231836
Rg w/no norm,No regr out,All,ProtBERT,20,Ridge,80/20,0.12721285333468213,1.3901971148036387
Rg w/no norm,No regr out,All,ProtBERT,20,Lasso,80/20,0.2668185083043326,1.274171710399107
Rg w/no norm,No regr out,All,ProtBERT,20,Kernel Ridge,80/20,-0.0542753411128003,1.5279151469318029
Rg w/no norm,No regr out,All,ProtBERT,20,GPR,80/20,-2.57183132459966,2.8123390860168964
Rg w/no norm,No regr out,All,ProtBERT,20,Linear,85/15,0.011100906807849809,1.5330104438079295
Rg w/no norm,No regr out,All,ProtBERT,20,Ridge,85/15,0.08898042327917888,1.4714075461137244
Rg w/no norm,No regr out,All,ProtBERT,20,Lasso,85/15,0.25184881951206195,1.333410304464719
Rg w/no norm,No regr out,All,ProtBERT,20,Kernel Ridge,85/15,-0.22973692206908214,1.709524111439094
Rg w/no norm,No regr out,All,ProtBERT,20,GPR,85/15,-2.3215360037719788,2.8095619098162627
Rg w/no norm,No regr out,All,ProtBERT,20,Linear,90/10,-0.11693765924447819,1.3039573276885985
Rg w/no norm,No regr out,All,ProtBERT,20,Ridge,90/10,0.04550070801616679,1.2054153498081537
Rg w/no norm,No regr out,All,ProtBERT,20,Lasso,90/10,0.23341439937905117,1.080262352003637
Rg w/no norm,No regr out,All,ProtBERT,20,Kernel Ridge,90/10,-0.4846594897115064,1.5033577524540656
Rg w/no norm,No regr out,All,ProtBERT,20,GPR,90/10,-2.7712983265155477,2.396041613272997
Rg w/no norm,No regr out,Inliers,ProtBERT,20,Linear,80/20,0.3105098655066364,1.3981644427784057
Rg w/no norm,No regr out,Inliers,ProtBERT,20,Ridge,80/20,0.28099885570953,1.42777250957743
Rg w/no norm,No regr out,Inliers,ProtBERT,20,Lasso,80/20,0.31562149739507217,1.3929720570844542
Rg w/no norm,No regr out,Inliers,ProtBERT,20,Kernel Ridge,80/20,0.36387666232758364,1.3429656033955573
Rg w/no norm,No regr out,Inliers,ProtBERT,20,GPR,80/20,0.32224143571567354,1.3862186326190566
Rg w/no norm,No regr out,Inliers,ProtBERT,20,Linear,85/15,0.12158342661764399,1.433772599175802
Rg w/no norm,No regr out,Inliers,ProtBERT,20,Ridge,85/15,0.14661321400917537,1.4131978651113097
Rg w/no norm,No regr out,Inliers,ProtBERT,20,Lasso,85/15,0.1331371467457204,1.424312258945434
Rg w/no norm,No regr out,Inliers,ProtBERT,20,Kernel Ridge,85/15,0.2817779977561351,1.2964607358084812
Rg w/no norm,No regr out,Inliers,ProtBERT,20,GPR,85/15,0.3239329564709491,1.2578385437720603
Rg w/no norm,No regr out,Inliers,ProtBERT,20,Linear,90/10,-0.06280897955108489,1.5471173095230788
Rg w/no norm,No regr out,Inliers,ProtBERT,20,Ridge,90/10,0.06348679586602357,1.4522874690716896
Rg w/no norm,No regr out,Inliers,ProtBERT,20,Lasso,90/10,-0.028140770999969922,1.5216750799404435
Rg w/no norm,No regr out,Inliers,ProtBERT,20,Kernel Ridge,90/10,0.16997037599231402,1.3672326910857937
Rg w/no norm,No regr out,Inliers,ProtBERT,20,GPR,90/10,0.3997125395242268,1.1627203492772091
Rg w/no norm,No regr out,All,ProtBERT,50,Linear,80/20,-1.799785177445128,2.489915260102591
Rg w/no norm,No regr out,All,ProtBERT,50,Ridge,80/20,-0.033676046481136535,1.5129146842090027
Rg w/no norm,No regr out,All,ProtBERT,50,Lasso,80/20,0.15592435624790957,1.3671397043789468
Rg w/no norm,No regr out,All,ProtBERT,50,Kernel Ridge,80/20,-0.18894473597728734,1.622568521038487
Rg w/no norm,No regr out,All,ProtBERT,50,GPR,80/20,-1.547198907364037,2.3749454664253133
Rg w/no norm,No regr out,All,ProtBERT,50,Linear,85/15,-1.6456350805143916,2.5074604665428915
Rg w/no norm,No regr out,All,ProtBERT,50,Ridge,85/15,-0.2073682950990896,1.6939048358710347
Rg w/no norm,No regr out,All,ProtBERT,50,Lasso,85/15,0.0718822858681829,1.4851511473691197
Rg w/no norm,No regr out,All,ProtBERT,50,Kernel Ridge,85/15,-0.38649055039117153,1.815212950035791
Rg w/no norm,No regr out,All,ProtBERT,50,GPR,85/15,-1.788182981351527,2.5741257570060925
Rg w/no norm,No regr out,All,ProtBERT,50,Linear,90/10,-1.5472567162362685,1.9691793379691616
Rg w/no norm,No regr out,All,ProtBERT,50,Ridge,90/10,-0.15593297576399712,1.3265243878573492
Rg w/no norm,No regr out,All,ProtBERT,50,Lasso,90/10,0.18995901010982053,1.1104586976430544
Rg w/no norm,No regr out,All,ProtBERT,50,Kernel Ridge,90/10,-0.5492257477283811,1.5356995793698613
Rg w/no norm,No regr out,All,ProtBERT,50,GPR,90/10,-1.9198093024285323,2.1082696466363524
Rg w/no norm,No regr out,Inliers,ProtBERT,50,Linear,80/20,0.37292669495631625,1.3333782954476503
Rg w/no norm,No regr out,Inliers,ProtBERT,50,Ridge,80/20,0.43547855146760217,1.2651279443518444
Rg w/no norm,No regr out,Inliers,ProtBERT,50,Lasso,80/20,0.3705567088461539,1.3358956309828347
Rg w/no norm,No regr out,Inliers,ProtBERT,50,Kernel Ridge,80/20,0.46438335837656874,1.2323136413877578
Rg w/no norm,No regr out,Inliers,ProtBERT,50,GPR,80/20,0.41981582869558376,1.2825584403267583
Rg w/no norm,No regr out,Inliers,ProtBERT,50,Linear,85/15,0.33984128313374495,1.242951540181835
Rg w/no norm,No regr out,Inliers,ProtBERT,50,Ridge,85/15,0.3766532515845388,1.2077995541168742
Rg w/no norm,No regr out,Inliers,ProtBERT,50,Lasso,85/15,0.2807028675289678,1.297430730378963
Rg w/no norm,No regr out,Inliers,ProtBERT,50,Kernel Ridge,85/15,0.4788299095342824,1.104383114141876
Rg w/no norm,No regr out,Inliers,ProtBERT,50,GPR,85/15,0.3517561979331021,1.2316837234336675
Rg w/no norm,No regr out,Inliers,ProtBERT,50,Linear,90/10,0.09672934072959127,1.4262793331421628
Rg w/no norm,No regr out,Inliers,ProtBERT,50,Ridge,90/10,0.32757281336567334,1.230603850302088
Rg w/no norm,No regr out,Inliers,ProtBERT,50,Lasso,90/10,0.23061339338298892,1.3163396060809307
Rg w/no norm,No regr out,Inliers,ProtBERT,50,Kernel Ridge,90/10,0.39960802254722694,1.16282156638966
Rg w/no norm,No regr out,Inliers,ProtBERT,50,GPR,90/10,0.32167701067124377,1.2359870079551252
Rg w/no norm,No regr out,All,ProtBERT,100,Linear,80/20,-17.331175784657706,6.371143293749528
Rg w/no norm,No regr out,All,ProtBERT,100,Ridge,80/20,-0.15349617679800476,1.598196928260348
Rg w/no norm,No regr out,All,ProtBERT,100,Lasso,80/20,0.14119158333307258,1.3790193430741267
Rg w/no norm,No regr out,All,ProtBERT,100,Kernel Ridge,80/20,-0.20640211910796746,1.6344372725133365
Rg w/no norm,No regr out,All,ProtBERT,100,GPR,80/20,-1.858094512980767,2.515709588126947
Rg w/no norm,No regr out,All,ProtBERT,100,Linear,85/15,-17.67194955840281,6.6613761372001195
Rg w/no norm,No regr out,All,ProtBERT,100,Ridge,85/15,-0.3176017986136579,1.769543379901904
Rg w/no norm,No regr out,All,ProtBERT,100,Lasso,85/15,0.054470283584374335,1.4990175432301154
Rg w/no norm,No regr out,All,ProtBERT,100,Kernel Ridge,85/15,-0.38941996686304714,1.8171295548509816
Rg w/no norm,No regr out,All,ProtBERT,100,GPR,85/15,-2.1449080944886822,2.7338400617549903
Rg w/no norm,No regr out,All,ProtBERT,100,Linear,90/10,-12.902791112282282,4.600445721099487
Rg w/no norm,No regr out,All,ProtBERT,100,Ridge,90/10,-0.3237803535638726,1.4195702128689274
Rg w/no norm,No regr out,All,ProtBERT,100,Lasso,90/10,0.19821100120627821,1.104788026369651
Rg w/no norm,No regr out,All,ProtBERT,100,Kernel Ridge,90/10,-0.4169863084343104,1.4686954152440368
Rg w/no norm,No regr out,All,ProtBERT,100,GPR,90/10,-1.9646205357987272,2.1243861849726056
Rg w/no norm,No regr out,Inliers,ProtBERT,100,Linear,80/20,-3.2102706357753927,3.455009386205758
Rg w/no norm,No regr out,Inliers,ProtBERT,100,Ridge,80/20,0.4564725248608845,1.2413806633073623
Rg w/no norm,No regr out,Inliers,ProtBERT,100,Lasso,80/20,0.3979417993372687,1.3065121810227303
Rg w/no norm,No regr out,Inliers,ProtBERT,100,Kernel Ridge,80/20,0.4876607480204137,1.2052386211228099
Rg w/no norm,No regr out,Inliers,ProtBERT,100,GPR,80/20,0.47566877959606113,1.219262127095775
Rg w/no norm,No regr out,Inliers,ProtBERT,100,Linear,85/15,-3.6231663631731887,3.2892719126671057
Rg w/no norm,No regr out,Inliers,ProtBERT,100,Ridge,85/15,0.4039173511211086,1.1810907164536177
Rg w/no norm,No regr out,Inliers,ProtBERT,100,Lasso,85/15,0.27460769671334506,1.302916210137327
Rg w/no norm,No regr out,Inliers,ProtBERT,100,Kernel Ridge,85/15,0.5239745587574053,1.055468065883103
Rg w/no norm,No regr out,Inliers,ProtBERT,100,GPR,85/15,0.4733450077012843,1.1101792822019716
Rg w/no norm,No regr out,Inliers,ProtBERT,100,Linear,90/10,-7.273990756843755,4.316712782341669
Rg w/no norm,No regr out,Inliers,ProtBERT,100,Ridge,90/10,0.3768350334291516,1.1846693503835963
Rg w/no norm,No regr out,Inliers,ProtBERT,100,Lasso,90/10,0.08490839149702079,1.4355817346561859
Rg w/no norm,No regr out,Inliers,ProtBERT,100,Kernel Ridge,90/10,0.47917666528191205,1.0830309172039416
Rg w/no norm,No regr out,Inliers,ProtBERT,100,GPR,90/10,0.41721792552151915,1.1456414812667277
Rg w/no norm,No regr out,All,ProtBERT,190,Linear,80/20,-6.053426122453021,3.9520485655273707
Rg w/no norm,No regr out,All,ProtBERT,190,Ridge,80/20,-0.1218785466114447,1.5761412434037803
Rg w/no norm,No regr out,All,ProtBERT,190,Lasso,80/20,0.14126595296360867,1.3789596327956641
Rg w/no norm,No regr out,All,ProtBERT,190,Kernel Ridge,80/20,-0.14670067594614355,1.5934823086674486
Rg w/no norm,No regr out,All,ProtBERT,190,GPR,80/20,-1.4376973055232543,2.3233364210274363
Rg w/no norm,No regr out,All,ProtBERT,190,Linear,85/15,-6.341212314842926,4.176889791756092
Rg w/no norm,No regr out,All,ProtBERT,190,Ridge,85/15,-0.2857430966122043,1.7480193057051014
Rg w/no norm,No regr out,All,ProtBERT,190,Lasso,85/15,0.05455020091113438,1.4989541924944347
Rg w/no norm,No regr out,All,ProtBERT,190,Kernel Ridge,85/15,-0.3173523063377788,1.7693758375128308
Rg w/no norm,No regr out,All,ProtBERT,190,GPR,85/15,-1.7785604636479433,2.5696800339590578
Rg w/no norm,No regr out,All,ProtBERT,190,Linear,90/10,-10.887339523698083,4.253938880245218
Rg w/no norm,No regr out,All,ProtBERT,190,Ridge,90/10,-0.2567102383124322,1.3831411072081436
Rg w/no norm,No regr out,All,ProtBERT,190,Lasso,90/10,0.1982429343780302,1.1047660257328704
Rg w/no norm,No regr out,All,ProtBERT,190,Kernel Ridge,90/10,-0.3098847390812236,1.412100001187695
Rg w/no norm,No regr out,All,ProtBERT,190,GPR,90/10,-1.7391422761932662,2.0420022094279893
Rg w/no norm,No regr out,Inliers,ProtBERT,190,Linear,80/20,0.33957966557549757,1.3683728331479088
Rg w/no norm,No regr out,Inliers,ProtBERT,190,Ridge,80/20,0.4966866036100248,1.1945751329256356
Rg w/no norm,No regr out,Inliers,ProtBERT,190,Lasso,80/20,0.42486704181759616,1.2769631148869118
Rg w/no norm,No regr out,Inliers,ProtBERT,190,Kernel Ridge,80/20,0.4972350726894261,1.193924081197558
Rg w/no norm,No regr out,Inliers,ProtBERT,190,GPR,80/20,0.3445015072075519,1.3632643369814221
Rg w/no norm,No regr out,Inliers,ProtBERT,190,Linear,85/15,0.42097814800974553,1.164065700418317
Rg w/no norm,No regr out,Inliers,ProtBERT,190,Ridge,85/15,0.4099557466998548,1.17509318675336
Rg w/no norm,No regr out,Inliers,ProtBERT,190,Lasso,85/15,0.27448892802267855,1.3030228691947818
Rg w/no norm,No regr out,Inliers,ProtBERT,190,Kernel Ridge,85/15,0.5352333683433188,1.0429115704595693
Rg w/no norm,No regr out,Inliers,ProtBERT,190,GPR,85/15,0.4277240013786967,1.1572649015374377
Rg w/no norm,No regr out,Inliers,ProtBERT,190,Linear,90/10,0.19138954923058393,1.349476458166445
Rg w/no norm,No regr out,Inliers,ProtBERT,190,Ridge,90/10,0.38498273621576473,1.1768992633150286
Rg w/no norm,No regr out,Inliers,ProtBERT,190,Lasso,90/10,0.20265891257912227,1.3400398379508727
Rg w/no norm,No regr out,Inliers,ProtBERT,190,Kernel Ridge,90/10,0.4950000986434939,1.0664519293274008
Rg w/no norm,No regr out,Inliers,ProtBERT,190,GPR,90/10,0.20225714432449104,1.3403774084532003
Rg norm w/0.427,No regr out,All,ProtBERT,10,Linear,80/20,-0.9642802585502563,0.1478435386013119
Rg norm w/0.427,No regr out,All,ProtBERT,10,Ridge,80/20,-0.836017819530007,0.14293515888345804
Rg norm w/0.427,No regr out,All,ProtBERT,10,Lasso,80/20,-0.34795518960953076,0.12247243436383003
Rg norm w/0.427,No regr out,All,ProtBERT,10,Kernel Ridge,80/20,-0.07211029834077798,0.10922457327178642
Rg norm w/0.427,No regr out,All,ProtBERT,10,GPR,80/20,-4.865014497211267,0.2554672116105512
Rg norm w/0.427,No regr out,All,ProtBERT,10,Linear,85/15,-1.125531650565851,0.1401693384854381
Rg norm w/0.427,No regr out,All,ProtBERT,10,Ridge,85/15,-1.0064578726820792,0.13618656267000356
Rg norm w/0.427,No regr out,All,ProtBERT,10,Lasso,85/15,-0.2061742253912311,0.10559035682762029
Rg norm w/0.427,No regr out,All,ProtBERT,10,Kernel Ridge,85/15,0.019858988777097242,0.09518390459894494
Rg norm w/0.427,No regr out,All,ProtBERT,10,GPR,85/15,-4.537958934829076,0.22625287219336612
Rg norm w/0.427,No regr out,All,ProtBERT,10,Linear,90/10,-0.5660342249894663,0.11354999711575768
Rg norm w/0.427,No regr out,All,ProtBERT,10,Ridge,90/10,-0.4935069188364303,0.11088942266932378
Rg norm w/0.427,No regr out,All,ProtBERT,10,Lasso,90/10,-0.2113193959374866,0.09986558229000259
Rg norm w/0.427,No regr out,All,ProtBERT,10,Kernel Ridge,90/10,0.07408068813145208,0.0873118266292186
Rg norm w/0.427,No regr out,All,ProtBERT,10,GPR,90/10,-4.622381548071338,0.21515263049487715
Rg norm w/0.427,No regr out,Inliers,ProtBERT,10,Linear,80/20,-0.3030102889630095,0.10633115712473051
Rg norm w/0.427,No regr out,Inliers,ProtBERT,10,Ridge,80/20,-0.17848785419255364,0.10112282016999594
Rg norm w/0.427,No regr out,Inliers,ProtBERT,10,Lasso,80/20,-0.18315052370509322,0.10132266815160305
Rg norm w/0.427,No regr out,Inliers,ProtBERT,10,Kernel Ridge,80/20,-0.10236886245667831,0.0978025292913411
Rg norm w/0.427,No regr out,Inliers,ProtBERT,10,GPR,80/20,-1.9864063120764155,0.16097597526113366
Rg norm w/0.427,No regr out,Inliers,ProtBERT,10,Linear,85/15,-0.2079829282621002,0.09501970419292997
Rg norm w/0.427,No regr out,Inliers,ProtBERT,10,Ridge,85/15,-0.16098069096611778,0.09315277009968813
Rg norm w/0.427,No regr out,Inliers,ProtBERT,10,Lasso,85/15,-0.13408640202042266,0.09206749932913373
Rg norm w/0.427,No regr out,Inliers,ProtBERT,10,Kernel Ridge,85/15,0.03668474716972736,0.084853057173138
Rg norm w/0.427,No regr out,Inliers,ProtBERT,10,GPR,85/15,-2.86074402589195,0.16987081865506942
Rg norm w/0.427,No regr out,Inliers,ProtBERT,10,Linear,90/10,-0.29881770397089413,0.09548184599672829
Rg norm w/0.427,No regr out,Inliers,ProtBERT,10,Ridge,90/10,-0.2571825151262854,0.0939389870957313
Rg norm w/0.427,No regr out,Inliers,ProtBERT,10,Lasso,90/10,-0.23669655281827784,0.09317046909076947
Rg norm w/0.427,No regr out,Inliers,ProtBERT,10,Kernel Ridge,90/10,-0.1255084957718584,0.08888348937389412
Rg norm w/0.427,No regr out,Inliers,ProtBERT,10,GPR,90/10,-3.053926268581284,0.16868817113211682
Rg norm w/0.427,No regr out,All,ProtBERT,20,Linear,80/20,-0.9272032048844101,0.14644157036523284
Rg norm w/0.427,No regr out,All,ProtBERT,20,Ridge,80/20,-0.6333195258882305,0.1348143741016266
Rg norm w/0.427,No regr out,All,ProtBERT,20,Lasso,80/20,-0.34795518960953076,0.12247243436383003
Rg norm w/0.427,No regr out,All,ProtBERT,20,Kernel Ridge,80/20,-0.07122821515938615,0.10917963154122105
Rg norm w/0.427,No regr out,All,ProtBERT,20,GPR,80/20,-6.265711030441331,0.2843411289466171
Rg norm w/0.427,No regr out,All,ProtBERT,20,Linear,85/15,-1.2113635298405145,0.14297144514918625
Rg norm w/0.427,No regr out,All,ProtBERT,20,Ridge,85/15,-0.8865831085841522,0.13205571665661547
Rg norm w/0.427,No regr out,All,ProtBERT,20,Lasso,85/15,-0.2061742253912311,0.10559035682762029
Rg norm w/0.427,No regr out,All,ProtBERT,20,Kernel Ridge,85/15,0.016737403235499437,0.09533535653280883
Rg norm w/0.427,No regr out,All,ProtBERT,20,GPR,85/15,-7.580647645880806,0.28163023001408777
Rg norm w/0.427,No regr out,All,ProtBERT,20,Linear,90/10,-0.9036963518442362,0.1251945264495019
Rg norm w/0.427,No regr out,All,ProtBERT,20,Ridge,90/10,-0.5142688932941524,0.11165752664498638
Rg norm w/0.427,No regr out,All,ProtBERT,20,Lasso,90/10,-0.2113193959374866,0.09986558229000259
Rg norm w/0.427,No regr out,All,ProtBERT,20,Kernel Ridge,90/10,0.09314344050699541,0.08640836792730906
Rg norm w/0.427,No regr out,All,ProtBERT,20,GPR,90/10,-8.011678807176388,0.2723888681584694
Rg norm w/0.427,No regr out,Inliers,ProtBERT,20,Linear,80/20,-0.1527089537947457,0.1000106962622638
Rg norm w/0.427,No regr out,Inliers,ProtBERT,20,Ridge,80/20,0.014023398400593079,0.092495354636596
Rg norm w/0.427,No regr out,Inliers,ProtBERT,20,Lasso,80/20,0.017788068331253126,0.09231860221406359
Rg norm w/0.427,No regr out,Inliers,ProtBERT,20,Kernel Ridge,80/20,0.03879197019095704,0.0913261842618698
Rg norm w/0.427,No regr out,Inliers,ProtBERT,20,GPR,80/20,-0.5952368674237185,0.11765197080701952
Rg norm w/0.427,No regr out,Inliers,ProtBERT,20,Linear,85/15,-0.059007771042252966,0.08896779954535321
Rg norm w/0.427,No regr out,Inliers,ProtBERT,20,Ridge,85/15,-0.010825297810362455,0.08692032208602296
Rg norm w/0.427,No regr out,Inliers,ProtBERT,20,Lasso,85/15,-0.015651909852250734,0.08712759383698879
Rg norm w/0.427,No regr out,Inliers,ProtBERT,20,Kernel Ridge,85/15,0.11212312354349974,0.08146285911041376
Rg norm w/0.427,No regr out,Inliers,ProtBERT,20,GPR,85/15,-0.7953003018088076,0.115838207265478
Rg norm w/0.427,No regr out,Inliers,ProtBERT,20,Linear,90/10,-0.3446846135295354,0.0971531585890187
Rg norm w/0.427,No regr out,Inliers,ProtBERT,20,Ridge,90/10,-0.1917205361316996,0.09146057314728556
Rg norm w/0.427,No regr out,Inliers,ProtBERT,20,Lasso,90/10,-0.125856505803851,0.0888972298100511
Rg norm w/0.427,No regr out,Inliers,ProtBERT,20,Kernel Ridge,90/10,-0.13313196513808312,0.08918400110840098
Rg norm w/0.427,No regr out,Inliers,ProtBERT,20,GPR,90/10,-1.1884894514378952,0.12394212439196833
Rg norm w/0.427,No regr out,All,ProtBERT,50,Linear,80/20,-5.745776725319379,0.27397857599484976
Rg norm w/0.427,No regr out,All,ProtBERT,50,Ridge,80/20,-1.202782544540042,0.15656202717541354
Rg norm w/0.427,No regr out,All,ProtBERT,50,Lasso,80/20,-0.34795518960953076,0.12247243436383003
Rg norm w/0.427,No regr out,All,ProtBERT,50,Kernel Ridge,80/20,-0.07838527632938086,0.10954374838220965
Rg norm w/0.427,No regr out,All,ProtBERT,50,GPR,80/20,-5.465283235395388,0.2682220024833351
Rg norm w/0.427,No regr out,All,ProtBERT,50,Linear,85/15,-6.669993021603509,0.2662666167145833
Rg norm w/0.427,No regr out,All,ProtBERT,50,Ridge,85/15,-1.8765372267290759,0.16306255202622694
Rg norm w/0.427,No regr out,All,ProtBERT,50,Lasso,85/15,-0.2061742253912311,0.10559035682762029
Rg norm w/0.427,No regr out,All,ProtBERT,50,Kernel Ridge,85/15,-0.0075859650985110605,0.09650732774822092
Rg norm w/0.427,No regr out,All,ProtBERT,50,GPR,85/15,-7.432335368038734,0.2791857007858216
Rg norm w/0.427,No regr out,All,ProtBERT,50,Linear,90/10,-4.460926323268837,0.2120409110676565
Rg norm w/0.427,No regr out,All,ProtBERT,50,Ridge,90/10,-1.497804262332906,0.14340546568641008
Rg norm w/0.427,No regr out,All,ProtBERT,50,Lasso,90/10,-0.2113193959374866,0.09986558229000259
Rg norm w/0.427,No regr out,All,ProtBERT,50,Kernel Ridge,90/10,0.07819650587994842,0.08711755494713279
Rg norm w/0.427,No regr out,All,ProtBERT,50,GPR,90/10,-5.329339564757049,0.2282788630712265
Rg norm w/0.427,No regr out,Inliers,ProtBERT,50,Linear,80/20,-0.5806964494700875,0.11711455063930472
Rg norm w/0.427,No regr out,Inliers,ProtBERT,50,Ridge,80/20,-0.051713182181019945,0.09552900981668931
Rg norm w/0.427,No regr out,Inliers,ProtBERT,50,Lasso,80/20,-0.10320956403557946,0.09783981584448614
Rg norm w/0.427,No regr out,Inliers,ProtBERT,50,Kernel Ridge,80/20,-0.07873603520143213,0.0967484934050141
Rg norm w/0.427,No regr out,Inliers,ProtBERT,50,GPR,80/20,-0.4447012732072888,0.11196328837332523
Rg norm w/0.427,No regr out,Inliers,ProtBERT,50,Linear,85/15,-0.3111896390341884,0.09899563144286291
Rg norm w/0.427,No regr out,Inliers,ProtBERT,50,Ridge,85/15,0.03439050636736607,0.08495404050867905
Rg norm w/0.427,No regr out,Inliers,ProtBERT,50,Lasso,85/15,-0.015399691730362264,0.08711677491255308
Rg norm w/0.427,No regr out,Inliers,ProtBERT,50,Kernel Ridge,85/15,0.08707308436278205,0.08260403869715524
Rg norm w/0.427,No regr out,Inliers,ProtBERT,50,GPR,85/15,-0.6906867446580092,0.11241256294093016
Rg norm w/0.427,No regr out,Inliers,ProtBERT,50,Linear,90/10,-0.8541073428223074,0.11408121656733186
Rg norm w/0.427,No regr out,Inliers,ProtBERT,50,Ridge,90/10,-0.14258422407457716,0.08955520216726509
Rg norm w/0.427,No regr out,Inliers,ProtBERT,50,Lasso,90/10,-0.1154051233191935,0.08848364902492811
Rg norm w/0.427,No regr out,Inliers,ProtBERT,50,Kernel Ridge,90/10,-0.15422591605121583,0.09001028102534302
Rg norm w/0.427,No regr out,Inliers,ProtBERT,50,GPR,90/10,-0.7521066564193477,0.1108988331722205
Rg norm w/0.427,No regr out,All,ProtBERT,100,Linear,80/20,-56.86875728192556,0.8024587202031592
Rg norm w/0.427,No regr out,All,ProtBERT,100,Ridge,80/20,-1.6194081547188754,0.17072700054418857
Rg norm w/0.427,No regr out,All,ProtBERT,100,Lasso,80/20,-0.34795518960953076,0.12247243436383003
Rg norm w/0.427,No regr out,All,ProtBERT,100,Kernel Ridge,80/20,-0.0839636282884395,0.10982671096634462
Rg norm w/0.427,No regr out,All,ProtBERT,100,GPR,80/20,-6.473791244248926,0.2883839621237811
Rg norm w/0.427,No regr out,All,ProtBERT,100,Linear,85/15,-80.50905765541869,0.8680048897277683
Rg norm w/0.427,No regr out,All,ProtBERT,100,Ridge,85/15,-2.5004390213493948,0.17987901214584787
Rg norm w/0.427,No regr out,All,ProtBERT,100,Lasso,85/15,-0.2061742253912311,0.10559035682762029
Rg norm w/0.427,No regr out,All,ProtBERT,100,Kernel Ridge,85/15,-0.015186052261973337,0.09687061495864231
Rg norm w/0.427,No regr out,All,ProtBERT,100,GPR,85/15,-9.082860272982883,0.3052889674427887
Rg norm w/0.427,No regr out,All,ProtBERT,100,Linear,90/10,-38.273362772113266,0.5686375665142127
Rg norm w/0.427,No regr out,All,ProtBERT,100,Ridge,90/10,-2.178583215971625,0.16177197807066365
Rg norm w/0.427,No regr out,All,ProtBERT,100,Lasso,90/10,-0.2113193959374866,0.09986558229000259
Rg norm w/0.427,No regr out,All,ProtBERT,100,Kernel Ridge,90/10,0.07707312502131713,0.08717062287084623
Rg norm w/0.427,No regr out,All,ProtBERT,100,GPR,90/10,-5.935028136927879,0.23895197073388824
Rg norm w/0.427,No regr out,Inliers,ProtBERT,100,Linear,80/20,-5.523767909104705,0.23792269389771045
Rg norm w/0.427,No regr out,Inliers,ProtBERT,100,Ridge,80/20,-0.015367779813520555,0.09386383765199349
Rg norm w/0.427,No regr out,Inliers,ProtBERT,100,Lasso,80/20,-0.06478429867815083,0.09612081327353078
Rg norm w/0.427,No regr out,Inliers,ProtBERT,100,Kernel Ridge,80/20,-0.019678203679005524,0.09406286132107015
Rg norm w/0.427,No regr out,Inliers,ProtBERT,100,GPR,80/20,-0.3758342064186311,0.10926213159109516
Rg norm w/0.427,No regr out,Inliers,ProtBERT,100,Linear,85/15,-9.941402174972636,0.2859695333023986
Rg norm w/0.427,No regr out,Inliers,ProtBERT,100,Ridge,85/15,0.10406107547881727,0.08183187049626324
Rg norm w/0.427,No regr out,Inliers,ProtBERT,100,Lasso,85/15,-0.015396863882171097,0.08711665360407334
Rg norm w/0.427,No regr out,Inliers,ProtBERT,100,Kernel Ridge,85/15,0.18240372966444685,0.07817227057410654
Rg norm w/0.427,No regr out,Inliers,ProtBERT,100,GPR,85/15,-0.4336103234223947,0.10351393912684577
Rg norm w/0.427,No regr out,Inliers,ProtBERT,100,Linear,90/10,-11.420394790516019,0.29526665709141364
Rg norm w/0.427,No regr out,Inliers,ProtBERT,100,Ridge,90/10,-0.029792699813566026,0.08502009997995828
Rg norm w/0.427,No regr out,Inliers,ProtBERT,100,Lasso,90/10,-0.11540166324676249,0.08848351178328127
Rg norm w/0.427,No regr out,Inliers,ProtBERT,100,Kernel Ridge,90/10,0.007162805625995805,0.08348063161255417
Rg norm w/0.427,No regr out,Inliers,ProtBERT,100,GPR,90/10,-0.7251030875814377,0.11004092519870863
Rg norm w/0.427,No regr out,All,ProtBERT,190,Linear,80/20,-20.651251081201558,0.49084245654679487
Rg norm w/0.427,No regr out,All,ProtBERT,190,Ridge,80/20,-1.5072158762951546,0.16703077161285743
Rg norm w/0.427,No regr out,All,ProtBERT,190,Lasso,80/20,-0.34795518960953076,0.12247243436383003
Rg norm w/0.427,No regr out,All,ProtBERT,190,Kernel Ridge,80/20,-0.0836562141469801,0.10981113633022155
Rg norm w/0.427,No regr out,All,ProtBERT,190,GPR,80/20,-5.300818732963581,0.264788497702692
Rg norm w/0.427,No regr out,All,ProtBERT,190,Linear,85/15,-29.148823741423094,0.5279033548670179
Rg norm w/0.427,No regr out,All,ProtBERT,190,Ridge,85/15,-2.347780321450558,0.17591290952166233
Rg norm w/0.427,No regr out,All,ProtBERT,190,Lasso,85/15,-0.2061742253912311,0.10559035682762029
Rg norm w/0.427,No regr out,All,ProtBERT,190,Kernel Ridge,85/15,-0.01420833544863176,0.09682395610048407
Rg norm w/0.427,No regr out,All,ProtBERT,190,GPR,85/15,-7.747247908316918,0.28435112654315714
Rg norm w/0.427,No regr out,All,ProtBERT,190,Linear,90/10,-33.158964964059976,0.5303210359498935
Rg norm w/0.427,No regr out,All,ProtBERT,190,Ridge,90/10,-1.937072797339125,0.15550482126645535
Rg norm w/0.427,No regr out,All,ProtBERT,190,Lasso,90/10,-0.2113193959374866,0.09986558229000259
Rg norm w/0.427,No regr out,All,ProtBERT,190,Kernel Ridge,90/10,0.07661181575528409,0.08719240552421997
Rg norm w/0.427,No regr out,All,ProtBERT,190,GPR,90/10,-5.037305805782627,0.22295031498117715
Rg norm w/0.427,No regr out,Inliers,ProtBERT,190,Linear,80/20,-0.8019548697646783,0.12504276614269716
Rg norm w/0.427,No regr out,Inliers,ProtBERT,190,Ridge,80/20,0.008118080546437478,0.0927719327250848
Rg norm w/0.427,No regr out,Inliers,ProtBERT,190,Lasso,80/20,-0.06473110300055729,0.09611841218832332
Rg norm w/0.427,No regr out,Inliers,ProtBERT,190,Kernel Ridge,80/20,0.022783090413536877,0.09208356066709245
Rg norm w/0.427,No regr out,Inliers,ProtBERT,190,GPR,80/20,-0.22507231237042657,0.10310209255071125
Rg norm w/0.427,No regr out,Inliers,ProtBERT,190,Linear,85/15,-0.41247116674732975,0.10274792767038714
Rg norm w/0.427,No regr out,Inliers,ProtBERT,190,Ridge,85/15,0.1207553073857156,0.08106588970164631
Rg norm w/0.427,No regr out,Inliers,ProtBERT,190,Lasso,85/15,-0.015396862774585296,0.0871166535565603
Rg norm w/0.427,No regr out,Inliers,ProtBERT,190,Kernel Ridge,85/15,0.215281167434637,0.07658439986135412
Rg norm w/0.427,No regr out,Inliers,ProtBERT,190,GPR,85/15,-0.027362448333082323,0.0876284479189775
Rg norm w/0.427,No regr out,Inliers,ProtBERT,190,Linear,90/10,-0.5996522265090465,0.10596428068439251
Rg norm w/0.427,No regr out,Inliers,ProtBERT,190,Ridge,90/10,-0.0003596648712820283,0.08379629039600454
Rg norm w/0.427,No regr out,Inliers,ProtBERT,190,Lasso,90/10,-0.11540166212512593,0.08848351173879222
Rg norm w/0.427,No regr out,Inliers,ProtBERT,190,Kernel Ridge,90/10,0.058225389008039974,0.0813055507641575
Rg norm w/0.427,No regr out,Inliers,ProtBERT,190,GPR,90/10,-0.2990462699445693,0.09549024707602281
Rg norm w/0.5,No regr out,All,ProtBERT,10,Linear,80/20,-0.9579779365608774,0.15479329183412902
Rg norm w/0.5,No regr out,All,ProtBERT,10,Ridge,80/20,-0.8289656345725878,0.1496066891317536
Rg norm w/0.5,No regr out,All,ProtBERT,10,Lasso,80/20,-0.343173429344267,0.12820775197160839
Rg norm w/0.5,No regr out,All,ProtBERT,10,Kernel Ridge,80/20,-0.06711669542907805,0.11427578059375988
Rg norm w/0.5,No regr out,All,ProtBERT,10,GPR,80/20,-4.859782609132091,0.26778669266611616
Rg norm w/0.5,No regr out,All,ProtBERT,10,Linear,85/15,-1.1139947716900895,0.14721005978947266
Rg norm w/0.5,No regr out,All,ProtBERT,10,Ridge,85/15,-0.995996706200202,0.14304261625536197
Rg norm w/0.5,No regr out,All,ProtBERT,10,Lasso,85/15,-0.20354104242048732,0.11107491436936277
Rg norm w/0.5,No regr out,All,ProtBERT,10,Kernel Ridge,85/15,0.022201508056587826,0.10011755066016455
Rg norm w/0.5,No regr out,All,ProtBERT,10,GPR,85/15,-4.481449308899725,0.23704632993780872
Rg norm w/0.5,No regr out,All,ProtBERT,10,Linear,90/10,-0.5681917828879879,0.1190540094548795
Rg norm w/0.5,No regr out,All,ProtBERT,10,Ridge,90/10,-0.4954138721913335,0.11625861412117063
Rg norm w/0.5,No regr out,All,ProtBERT,10,Lasso,90/10,-0.21202302090912095,0.10466461335697112
Rg norm w/0.5,No regr out,All,ProtBERT,10,Kernel Ridge,90/10,0.0758394466048864,0.09139409835510937
Rg norm w/0.5,No regr out,All,ProtBERT,10,GPR,90/10,-4.609007552103362,0.22515803582775837
Rg norm w/0.5,No regr out,Inliers,ProtBERT,10,Linear,80/20,-0.3544137144709951,0.07188482097599999
Rg norm w/0.5,No regr out,Inliers,ProtBERT,10,Ridge,80/20,-0.17746636428785267,0.06702483894394948
Rg norm w/0.5,No regr out,Inliers,ProtBERT,10,Lasso,80/20,-0.16003444023629743,0.0665268508196769
Rg norm w/0.5,No regr out,Inliers,ProtBERT,10,Kernel Ridge,80/20,-0.4038033104849805,0.07318374931267253
Rg norm w/0.5,No regr out,Inliers,ProtBERT,10,GPR,80/20,-2.331450217098655,0.11274004091116865
Rg norm w/0.5,No regr out,Inliers,ProtBERT,10,Linear,85/15,-0.19141798068156368,0.06296535492594692
Rg norm w/0.5,No regr out,Inliers,ProtBERT,10,Ridge,85/15,-0.11622112081800995,0.06094592861167081
Rg norm w/0.5,No regr out,Inliers,ProtBERT,10,Lasso,85/15,-0.11126530073709873,0.06081048365143678
Rg norm w/0.5,No regr out,Inliers,ProtBERT,10,Kernel Ridge,85/15,0.02974956927730832,0.05682134411635285
Rg norm w/0.5,No regr out,Inliers,ProtBERT,10,GPR,85/15,-3.2706639713411017,0.11921126082952266
Rg norm w/0.5,No regr out,Inliers,ProtBERT,10,Linear,90/10,-0.46950086980242456,0.06444190588525038
Rg norm w/0.5,No regr out,Inliers,ProtBERT,10,Ridge,90/10,-0.37918229855565433,0.06243013726276358
Rg norm w/0.5,No regr out,Inliers,ProtBERT,10,Lasso,90/10,-0.36656111979549855,0.062143825267135425
Rg norm w/0.5,No regr out,Inliers,ProtBERT,10,Kernel Ridge,90/10,-0.2524434045398214,0.05949253949684394
Rg norm w/0.5,No regr out,Inliers,ProtBERT,10,GPR,90/10,-4.028803987742692,0.11921085603738217
Rg norm w/0.5,No regr out,All,ProtBERT,20,Linear,80/20,-0.9177570005219229,0.1531951540201118
Rg norm w/0.5,No regr out,All,ProtBERT,20,Ridge,80/20,-0.6259338906067105,0.14105863630829196
Rg norm w/0.5,No regr out,All,ProtBERT,20,Lasso,80/20,-0.48377925137435085,0.13475127592636146
Rg norm w/0.5,No regr out,All,ProtBERT,20,Kernel Ridge,80/20,-0.06647766275320532,0.11424155898792578
Rg norm w/0.5,No regr out,All,ProtBERT,20,GPR,80/20,-6.257688746372619,0.29802137132671924
Rg norm w/0.5,No regr out,All,ProtBERT,20,Linear,85/15,-1.1927658572966804,0.14992762618335412
Rg norm w/0.5,No regr out,All,ProtBERT,20,Ridge,85/15,-0.8738825271397448,0.13859792089745837
Rg norm w/0.5,No regr out,All,ProtBERT,20,Lasso,85/15,-0.20354104242048732,0.11107491436936277
Rg norm w/0.5,No regr out,All,ProtBERT,20,Kernel Ridge,85/15,0.01892596954567105,0.10028510292833746
Rg norm w/0.5,No regr out,All,ProtBERT,20,GPR,85/15,-7.501344374921677,0.29520882703600165
Rg norm w/0.5,No regr out,All,ProtBERT,20,Linear,90/10,-0.9033923520464355,0.1311621717592761
Rg norm w/0.5,No regr out,All,ProtBERT,20,Ridge,90/10,-0.5173561770709918,0.11710844317249489
Rg norm w/0.5,No regr out,All,ProtBERT,20,Lasso,90/10,-0.21202302090912095,0.10466461335697112
Rg norm w/0.5,No regr out,All,ProtBERT,20,Kernel Ridge,90/10,0.09438365197245224,0.0904724947284175
Rg norm w/0.5,No regr out,All,ProtBERT,20,GPR,90/10,-7.97721783940322,0.28484940783758816
Rg norm w/0.5,No regr out,Inliers,ProtBERT,20,Linear,80/20,-0.20637600754432683,0.06784266035398036
Rg norm w/0.5,No regr out,Inliers,ProtBERT,20,Ridge,80/20,0.024945742350922617,0.06099242708343298
Rg norm w/0.5,No regr out,Inliers,ProtBERT,20,Lasso,80/20,-0.004169472323962475,0.06189634881324218
Rg norm w/0.5,No regr out,Inliers,ProtBERT,20,Kernel Ridge,80/20,0.03062739731304487,0.06081446559062673
Rg norm w/0.5,No regr out,Inliers,ProtBERT,20,GPR,80/20,-0.7365678893802965,0.08139681419637412
Rg norm w/0.5,No regr out,Inliers,ProtBERT,20,Linear,85/15,0.014249940428120556,0.05727340279455506
Rg norm w/0.5,No regr out,Inliers,ProtBERT,20,Ridge,85/15,0.08617988443529234,0.0551442123133335
Rg norm w/0.5,No regr out,Inliers,ProtBERT,20,Lasso,85/15,0.08865217800678205,0.05506956686916803
Rg norm w/0.5,No regr out,Inliers,ProtBERT,20,Kernel Ridge,85/15,0.19195675388716527,0.05185455158369885
Rg norm w/0.5,No regr out,Inliers,ProtBERT,20,GPR,85/15,-0.8752594633925526,0.07899512007852895
Rg norm w/0.5,No regr out,Inliers,ProtBERT,20,Linear,90/10,-0.3131298620912595,0.06091682945385056
Rg norm w/0.5,No regr out,Inliers,ProtBERT,20,Ridge,90/10,-0.1627448563645686,0.05732257168268717
Rg norm w/0.5,No regr out,Inliers,ProtBERT,20,Lasso,90/10,-0.10781265205729529,0.05595212857785275
Rg norm w/0.5,No regr out,Inliers,ProtBERT,20,Kernel Ridge,90/10,-0.16900140459374535,0.057476586674740676
Rg norm w/0.5,No regr out,Inliers,ProtBERT,20,GPR,90/10,-1.6162515241074047,0.08598509981422657
Rg norm w/0.5,No regr out,All,ProtBERT,50,Linear,80/20,-5.714955169732696,0.2866617831394609
Rg norm w/0.5,No regr out,All,ProtBERT,50,Ridge,80/20,-1.1944956225158778,0.16387609199763511
Rg norm w/0.5,No regr out,All,ProtBERT,50,Lasso,80/20,-0.343173429344267,0.12820775197160839
Rg norm w/0.5,No regr out,All,ProtBERT,50,Kernel Ridge,80/20,-0.07390648211933915,0.11463875769963398
Rg norm w/0.5,No regr out,All,ProtBERT,50,GPR,80/20,-5.428544430116998,0.28048172138601085
Rg norm w/0.5,No regr out,All,ProtBERT,50,Linear,85/15,-6.578209641618713,0.27872045500664955
Rg norm w/0.5,No regr out,All,ProtBERT,50,Ridge,85/15,-1.8531666340205875,0.17102086666715713
Rg norm w/0.5,No regr out,All,ProtBERT,50,Lasso,85/15,-0.20354104242048732,0.11107491436936277
Rg norm w/0.5,No regr out,All,ProtBERT,50,Kernel Ridge,85/15,-0.005355490362216608,0.10151853961928452
Rg norm w/0.5,No regr out,All,ProtBERT,50,GPR,85/15,-7.328034486861437,0.2921842434411556
Rg norm w/0.5,No regr out,All,ProtBERT,50,Linear,90/10,-4.4452141588510585,0.2218461629721044
Rg norm w/0.5,No regr out,All,ProtBERT,50,Ridge,90/10,-1.4943903751860996,0.15015045414052106
Rg norm w/0.5,No regr out,All,ProtBERT,50,Lasso,90/10,-0.21202302090912095,0.10466461335697112
Rg norm w/0.5,No regr out,All,ProtBERT,50,Kernel Ridge,90/10,0.08017292738994031,0.09117956856145389
Rg norm w/0.5,No regr out,All,ProtBERT,50,GPR,90/10,-5.305254141584076,0.23872380997527726
Rg norm w/0.5,No regr out,Inliers,ProtBERT,50,Linear,80/20,-0.6498507306368939,0.07933847544162573
Rg norm w/0.5,No regr out,Inliers,ProtBERT,50,Ridge,80/20,-0.06010186317908617,0.06359680867665113
Rg norm w/0.5,No regr out,Inliers,ProtBERT,50,Lasso,80/20,-0.06806226886005629,0.06383513934296375
Rg norm w/0.5,No regr out,Inliers,ProtBERT,50,Kernel Ridge,80/20,-0.10259420356455973,0.06485886981100838
Rg norm w/0.5,No regr out,Inliers,ProtBERT,50,GPR,80/20,-0.45303028787502275,0.07445585544063056
Rg norm w/0.5,No regr out,Inliers,ProtBERT,50,Linear,85/15,-0.33399558106664795,0.06662646571448672
Rg norm w/0.5,No regr out,Inliers,ProtBERT,50,Ridge,85/15,0.1006199821092808,0.0547067856160104
Rg norm w/0.5,No regr out,Inliers,ProtBERT,50,Lasso,85/15,0.17990933676326537,0.052239680778754016
Rg norm w/0.5,No regr out,Inliers,ProtBERT,50,Kernel Ridge,85/15,0.13217836974362096,0.05373841043644008
Rg norm w/0.5,No regr out,Inliers,ProtBERT,50,GPR,85/15,-0.6451652347896648,0.07399022405894425
Rg norm w/0.5,No regr out,Inliers,ProtBERT,50,Linear,90/10,-1.09395742891927,0.07692497726871902
Rg norm w/0.5,No regr out,Inliers,ProtBERT,50,Ridge,90/10,-0.17690173807351361,0.05767047848057763
Rg norm w/0.5,No regr out,Inliers,ProtBERT,50,Lasso,90/10,-0.08183478651501996,0.05529220679471812
Rg norm w/0.5,No regr out,Inliers,ProtBERT,50,Kernel Ridge,90/10,-0.22200557072419458,0.05876517657347024
Rg norm w/0.5,No regr out,Inliers,ProtBERT,50,GPR,90/10,-0.9166241976930001,0.07359561452398318
Rg norm w/0.5,No regr out,All,ProtBERT,100,Linear,80/20,-56.43282097370114,0.8383556844710378
Rg norm w/0.5,No regr out,All,ProtBERT,100,Ridge,80/20,-1.6086724419236602,0.1786726235232824
Rg norm w/0.5,No regr out,All,ProtBERT,100,Lasso,80/20,-0.343173429344267,0.12820775197160839
Rg norm w/0.5,No regr out,All,ProtBERT,100,Kernel Ridge,80/20,-0.07923395903413888,0.11492275811234366
Rg norm w/0.5,No regr out,All,ProtBERT,100,GPR,80/20,-6.426618129283522,0.30146978132748714
Rg norm w/0.5,No regr out,All,ProtBERT,100,Linear,85/15,-79.15890940271942,0.9064866959313573
Rg norm w/0.5,No regr out,All,ProtBERT,100,Ridge,85/15,-2.466851259302835,0.18851813699860565
Rg norm w/0.5,No regr out,All,ProtBERT,100,Lasso,85/15,-0.20354104242048732,0.11107491436936277
Rg norm w/0.5,No regr out,All,ProtBERT,100,Kernel Ridge,85/15,-0.012555043122573162,0.10188138850428148
Rg norm w/0.5,No regr out,All,ProtBERT,100,GPR,85/15,-8.943197545930161,0.3192629840649457
Rg norm w/0.5,No regr out,All,ProtBERT,100,Linear,90/10,-38.11723678027069,0.594604954333345
Rg norm w/0.5,No regr out,All,ProtBERT,100,Ridge,90/10,-2.172305241354121,0.1693292260777792
Rg norm w/0.5,No regr out,All,ProtBERT,100,Lasso,90/10,-0.21202302090912095,0.10466461335697112
Rg norm w/0.5,No regr out,All,ProtBERT,100,Kernel Ridge,90/10,0.07942412337529114,0.09121667430631956
Rg norm w/0.5,No regr out,All,ProtBERT,100,GPR,90/10,-5.898772165576233,0.24970678337261043
Rg norm w/0.5,No regr out,Inliers,ProtBERT,100,Linear,80/20,-4.966617027227187,0.15087789132814938
Rg norm w/0.5,No regr out,Inliers,ProtBERT,100,Ridge,80/20,-0.026162228575280944,0.06257048720310607
Rg norm w/0.5,No regr out,Inliers,ProtBERT,100,Lasso,80/20,-0.0364993154416513,0.06288485067005367
Rg norm w/0.5,No regr out,Inliers,ProtBERT,100,Kernel Ridge,80/20,-0.048313901161914696,0.06324223309523391
Rg norm w/0.5,No regr out,Inliers,ProtBERT,100,GPR,80/20,-0.4138405397211744,0.07344491613769394
Rg norm w/0.5,No regr out,Inliers,ProtBERT,100,Linear,85/15,-9.373192292382202,0.1857914803154562
Rg norm w/0.5,No regr out,Inliers,ProtBERT,100,Ridge,85/15,0.16525425375274194,0.05270437747993285
Rg norm w/0.5,No regr out,Inliers,ProtBERT,100,Lasso,85/15,0.19703369933000325,0.051691393512922394
Rg norm w/0.5,No regr out,Inliers,ProtBERT,100,Kernel Ridge,85/15,0.21800531783945098,0.051011897756299954
Rg norm w/0.5,No regr out,Inliers,ProtBERT,100,GPR,85/15,-0.43323200533729667,0.06906019965743902
Rg norm w/0.5,No regr out,Inliers,ProtBERT,100,Linear,90/10,-11.151245329257026,0.18530786276004602
Rg norm w/0.5,No regr out,Inliers,ProtBERT,100,Ridge,90/10,-0.06335068050544668,0.05481781353162729
Rg norm w/0.5,No regr out,Inliers,ProtBERT,100,Lasso,90/10,-0.07554994709711327,0.05513136485554549
Rg norm w/0.5,No regr out,Inliers,ProtBERT,100,Kernel Ridge,90/10,-0.0603537680122328,0.05474051066723402
Rg norm w/0.5,No regr out,Inliers,ProtBERT,100,GPR,90/10,-0.9754564372764016,0.0747166137849117
Rg norm w/0.5,No regr out,All,ProtBERT,190,Linear,80/20,-20.495314210517854,0.5128851658198967
Rg norm w/0.5,No regr out,All,ProtBERT,190,Ridge,80/20,-1.497323897788346,0.17481781015612427
Rg norm w/0.5,No regr out,All,ProtBERT,190,Lasso,80/20,-0.343173429344267,0.12820775197160839
Rg norm w/0.5,No regr out,All,ProtBERT,190,Kernel Ridge,80/20,-0.07893450386249512,0.11490681319070344
Rg norm w/0.5,No regr out,All,ProtBERT,190,GPR,80/20,-5.2618190858582405,0.27682065837441294
Rg norm w/0.5,No regr out,All,ProtBERT,190,Linear,85/15,-28.666627819287697,0.5514671232506295
Rg norm w/0.5,No regr out,All,ProtBERT,190,Ridge,85/15,-2.3166861344040366,0.18439015196513148
Rg norm w/0.5,No regr out,All,ProtBERT,190,Lasso,85/15,-0.20354104242048732,0.11107491436936277
Rg norm w/0.5,No regr out,All,ProtBERT,190,Kernel Ridge,85/15,-0.011575548390405643,0.10183209912035593
Rg norm w/0.5,No regr out,All,ProtBERT,190,GPR,85/15,-7.626244748571965,0.29736950002785884
Rg norm w/0.5,No regr out,All,ProtBERT,190,Linear,90/10,-33.002909217793366,0.5543735190776821
Rg norm w/0.5,No regr out,All,ProtBERT,190,Ridge,90/10,-1.9320244459608094,0.16279019092438046
Rg norm w/0.5,No regr out,All,ProtBERT,190,Lasso,90/10,-0.21202302090912095,0.10466461335697112
Rg norm w/0.5,No regr out,All,ProtBERT,190,Kernel Ridge,90/10,0.07891867878524139,0.09124171224666949
Rg norm w/0.5,No regr out,All,ProtBERT,190,GPR,90/10,-5.011634779438144,0.2330991732689278
Rg norm w/0.5,No regr out,Inliers,ProtBERT,190,Linear,80/20,-0.8880455173441839,0.0848726483876358
Rg norm w/0.5,No regr out,Inliers,ProtBERT,190,Ridge,80/20,-0.00012081712173039882,0.061771444559508566
Rg norm w/0.5,No regr out,Inliers,ProtBERT,190,Lasso,80/20,-0.03648701288503475,0.06288447746829665
Rg norm w/0.5,No regr out,Inliers,ProtBERT,190,Kernel Ridge,80/20,-0.0010080213154897155,0.06179883711800102
Rg norm w/0.5,No regr out,Inliers,ProtBERT,190,GPR,80/20,-0.28858680346860255,0.07011619882170987
Rg norm w/0.5,No regr out,Inliers,ProtBERT,190,Linear,85/15,-0.4375063914533379,0.06916310351243697
Rg norm w/0.5,No regr out,Inliers,ProtBERT,190,Ridge,85/15,0.18269663896936783,0.052150829803692726
Rg norm w/0.5,No regr out,Inliers,ProtBERT,190,Lasso,85/15,0.19704007580547722,0.051691188267971866
Rg norm w/0.5,No regr out,Inliers,ProtBERT,190,Kernel Ridge,85/15,0.25325523220136414,0.04984891096688845
Rg norm w/0.5,No regr out,Inliers,ProtBERT,190,GPR,85/15,-0.010266280913022285,0.057981241424930406
Rg norm w/0.5,No regr out,Inliers,ProtBERT,190,Linear,90/10,-0.7569774152443409,0.07046387816674984
Rg norm w/0.5,No regr out,Inliers,ProtBERT,190,Ridge,90/10,-0.02909761185901716,0.053927680082489986
Rg norm w/0.5,No regr out,Inliers,ProtBERT,190,Lasso,90/10,-0.07554407735481039,0.055131214417461744
Rg norm w/0.5,No regr out,Inliers,ProtBERT,190,Kernel Ridge,90/10,0.0006830365804485483,0.05314165583061025
Rg norm w/0.5,No regr out,Inliers,ProtBERT,190,GPR,90/10,-0.4459098397575365,0.06392254523640468
Rg norm w/0.418,No regr out,All,ProtBERT,10,Linear,80/20,-0.947896426562266,0.10238401618014675
Rg norm w/0.418,No regr out,All,ProtBERT,10,Ridge,80/20,-0.8317664358485584,0.09928514617087612
Rg norm w/0.418,No regr out,All,ProtBERT,10,Lasso,80/20,-0.43184332339872666,0.08778028375673352
Rg norm w/0.418,No regr out,All,ProtBERT,10,Kernel Ridge,80/20,-0.1029260614495282,0.07704109209488298
Rg norm w/0.418,No regr out,All,ProtBERT,10,GPR,80/20,-4.6794068454532365,0.17482386658294458
Rg norm w/0.418,No regr out,All,ProtBERT,10,Linear,85/15,-1.1106464515689205,0.09461901149096077
Rg norm w/0.418,No regr out,All,ProtBERT,10,Ridge,85/15,-0.991313528447578,0.09190528426866613
Rg norm w/0.418,No regr out,All,ProtBERT,10,Lasso,85/15,-0.430762277682035,0.07790303925358809
Rg norm w/0.418,No regr out,All,ProtBERT,10,Kernel Ridge,85/15,0.009543378416660087,0.06481692004048112
Rg norm w/0.418,No regr out,All,ProtBERT,10,GPR,85/15,-4.692091905909288,0.15538411279564188
Rg norm w/0.418,No regr out,All,ProtBERT,10,Linear,90/10,-0.4798136465104237,0.07777470768342284
Rg norm w/0.418,No regr out,All,ProtBERT,10,Ridge,90/10,-0.41517599824661566,0.07605715928778073
Rg norm w/0.418,No regr out,All,ProtBERT,10,Lasso,90/10,-0.2110946136024523,0.07035968878137881
Rg norm w/0.418,No regr out,All,ProtBERT,10,Kernel Ridge,90/10,0.06567990710591476,0.06179918074538222
Rg norm w/0.418,No regr out,All,ProtBERT,10,GPR,90/10,-4.445281634074402,0.14919183198479
Rg norm w/0.418,No regr out,Inliers,ProtBERT,10,Linear,80/20,-0.2917069801771026,0.11184029684054629
Rg norm w/0.418,No regr out,Inliers,ProtBERT,10,Ridge,80/20,-0.17394018984667325,0.10662015102009836
Rg norm w/0.418,No regr out,Inliers,ProtBERT,10,Lasso,80/20,-0.17973112423521287,0.10688280100241228
Rg norm w/0.418,No regr out,Inliers,ProtBERT,10,Kernel Ridge,80/20,-0.09261796683667889,0.10286093713210984
Rg norm w/0.418,No regr out,Inliers,ProtBERT,10,GPR,80/20,-1.9264092755539055,0.1683386500748723
Rg norm w/0.418,No regr out,Inliers,ProtBERT,10,Linear,85/15,-0.20428120948744177,0.10014921577537826
Rg norm w/0.418,No regr out,Inliers,ProtBERT,10,Ridge,85/15,-0.1610510469596751,0.09833525652356591
Rg norm w/0.418,No regr out,Inliers,ProtBERT,10,Lasso,85/15,-0.13466356466834606,0.0972113898884467
Rg norm w/0.418,No regr out,Inliers,ProtBERT,10,Kernel Ridge,85/15,0.041384006206547586,0.08935234054387738
Rg norm w/0.418,No regr out,Inliers,ProtBERT,10,GPR,85/15,-2.7839802073867,0.17752438871880544
Rg norm w/0.418,No regr out,Inliers,ProtBERT,10,Linear,90/10,-0.2758341643325144,0.10038047137552528
Rg norm w/0.418,No regr out,Inliers,ProtBERT,10,Ridge,90/10,-0.23930041885638653,0.0989328260960127
Rg norm w/0.418,No regr out,Inliers,ProtBERT,10,Lasso,90/10,-0.21729227661463324,0.09805044075911043
Rg norm w/0.418,No regr out,Inliers,ProtBERT,10,Kernel Ridge,90/10,-0.10841951962556129,0.09356301315234167
Rg norm w/0.418,No regr out,Inliers,ProtBERT,10,GPR,90/10,-2.925649878906582,0.17607913601005948
Rg norm w/0.418,No regr out,All,ProtBERT,20,Linear,80/20,-0.93756061672465,0.1021120229643204
Rg norm w/0.418,No regr out,All,ProtBERT,20,Ridge,80/20,-0.6375519421949725,0.09387431332806115
Rg norm w/0.418,No regr out,All,ProtBERT,20,Lasso,80/20,-0.4318433055641071,0.08778028321005081
Rg norm w/0.418,No regr out,All,ProtBERT,20,Kernel Ridge,80/20,-0.09990320138940234,0.0769354439296076
Rg norm w/0.418,No regr out,All,ProtBERT,20,GPR,80/20,-6.062509964803247,0.19495248160560552
Rg norm w/0.418,No regr out,All,ProtBERT,20,Linear,85/15,-1.2537102789057406,0.09777317162159166
Rg norm w/0.418,No regr out,All,ProtBERT,20,Ridge,85/15,-0.8960562982083315,0.08968013942108777
Rg norm w/0.418,No regr out,All,ProtBERT,20,Lasso,85/15,-0.4307622728357765,0.07790303912165203
Rg norm w/0.418,No regr out,All,ProtBERT,20,Kernel Ridge,85/15,0.008230669504381893,0.06485985860697788
Rg norm w/0.418,No regr out,All,ProtBERT,20,GPR,85/15,-7.758099418638418,0.19274166041474977
Rg norm w/0.418,No regr out,All,ProtBERT,20,Linear,90/10,-0.8262378877259176,0.08639996126540342
Rg norm w/0.418,No regr out,All,ProtBERT,20,Ridge,90/10,-0.4275132324450557,0.07638796577311163
Rg norm w/0.418,No regr out,All,ProtBERT,20,Lasso,90/10,-0.2110945751624611,0.07035968766477495
Rg norm w/0.418,No regr out,All,ProtBERT,20,Kernel Ridge,90/10,0.08799279644069358,0.06105679560435569
Rg norm w/0.418,No regr out,All,ProtBERT,20,GPR,90/10,-7.798070721220389,0.18963941101702939
Rg norm w/0.418,No regr out,Inliers,ProtBERT,20,Linear,80/20,-0.14128300696642104,0.10512668826065558
Rg norm w/0.418,No regr out,Inliers,ProtBERT,20,Ridge,80/20,0.01692126300893604,0.09756868669456098
Rg norm w/0.418,No regr out,Inliers,ProtBERT,20,Lasso,80/20,0.0218924953333256,0.09732168137880516
Rg norm w/0.418,No regr out,Inliers,ProtBERT,20,Kernel Ridge,80/20,0.04423298187436875,0.09620382235672183
Rg norm w/0.418,No regr out,Inliers,ProtBERT,20,GPR,80/20,-0.5690199248711145,0.123262376651531
Rg norm w/0.418,No regr out,Inliers,ProtBERT,20,Linear,85/15,-0.06377754120374979,0.09412587065333895
Rg norm w/0.418,No regr out,Inliers,ProtBERT,20,Ridge,85/15,-0.01807279405808493,0.09208163326170543
Rg norm w/0.418,No regr out,Inliers,ProtBERT,20,Lasso,85/15,0.0003172000330392555,0.09124618334655546
Rg norm w/0.418,No regr out,Inliers,ProtBERT,20,Kernel Ridge,85/15,0.1066856510724512,0.08625529261135496
Rg norm w/0.418,No regr out,Inliers,ProtBERT,20,GPR,85/15,-0.7725610291998377,0.1215022152848403
Rg norm w/0.418,No regr out,Inliers,ProtBERT,20,Linear,90/10,-0.34363622324759047,0.10301322145530092
Rg norm w/0.418,No regr out,Inliers,ProtBERT,20,Ridge,90/10,-0.19073135654366147,0.09697482670851305
Rg norm w/0.418,No regr out,Inliers,ProtBERT,20,Lasso,90/10,-0.1313058588922893,0.09452400949277533
Rg norm w/0.418,No regr out,Inliers,ProtBERT,20,Kernel Ridge,90/10,-0.12984457319483478,0.09446294235751083
Rg norm w/0.418,No regr out,Inliers,ProtBERT,20,GPR,90/10,-1.1298005193331155,0.1296945065968967
Rg norm w/0.418,No regr out,All,ProtBERT,50,Linear,80/20,-5.705109512183358,0.18995562948125752
Rg norm w/0.418,No regr out,All,ProtBERT,50,Ridge,80/20,-1.1804736145849284,0.10832399011893017
Rg norm w/0.418,No regr out,All,ProtBERT,50,Lasso,80/20,-0.43184332314152063,0.08778028374884941
Rg norm w/0.418,No regr out,All,ProtBERT,50,Kernel Ridge,80/20,-0.10459914991169517,0.07709950386031858
Rg norm w/0.418,No regr out,All,ProtBERT,50,GPR,80/20,-5.490600807117438,0.18689241705691356
Rg norm w/0.418,No regr out,All,ProtBERT,50,Linear,85/15,-6.9797676140396,0.18397795306639442
Rg norm w/0.418,No regr out,All,ProtBERT,50,Ridge,85/15,-1.9058098273413555,0.11102077499929916
Rg norm w/0.418,No regr out,All,ProtBERT,50,Lasso,85/15,-0.43076227633143205,0.07790303921681885
Rg norm w/0.418,No regr out,All,ProtBERT,50,Kernel Ridge,85/15,-0.01524731306936511,0.06562307621406349
Rg norm w/0.418,No regr out,All,ProtBERT,50,GPR,85/15,-7.855392512846263,0.19380928017210308
Rg norm w/0.418,No regr out,All,ProtBERT,50,Linear,90/10,-4.287971775237222,0.14702102211423804
Rg norm w/0.418,No regr out,All,ProtBERT,50,Ridge,90/10,-1.390183329247764,0.09884403823041
Rg norm w/0.418,No regr out,All,ProtBERT,50,Lasso,90/10,-0.21109461220218395,0.07035968874070385
Rg norm w/0.418,No regr out,All,ProtBERT,50,Kernel Ridge,90/10,0.06812825289110502,0.0617181565773737
Rg norm w/0.418,No regr out,All,ProtBERT,50,GPR,90/10,-5.214648545839721,0.15938342681260564
Rg norm w/0.418,No regr out,Inliers,ProtBERT,50,Linear,80/20,-0.5607680135156747,0.12293781381881323
Rg norm w/0.418,No regr out,Inliers,ProtBERT,50,Ridge,80/20,-0.04436847882448003,0.10056414963627522
Rg norm w/0.418,No regr out,Inliers,ProtBERT,50,Lasso,80/20,-0.10304928881214881,0.10335078206887294
Rg norm w/0.418,No regr out,Inliers,ProtBERT,50,Kernel Ridge,80/20,-0.06880987385276982,0.10173409743975899
Rg norm w/0.418,No regr out,Inliers,ProtBERT,50,GPR,80/20,-0.43243523974616327,0.11777518801133109
Rg norm w/0.418,No regr out,Inliers,ProtBERT,50,Linear,85/15,-0.2999939218572607,0.10405291677734582
Rg norm w/0.418,No regr out,Inliers,ProtBERT,50,Ridge,85/15,0.032632854610487816,0.08975926021757037
Rg norm w/0.418,No regr out,Inliers,ProtBERT,50,Lasso,85/15,0.0005151594453145503,0.09123714851313745
Rg norm w/0.418,No regr out,Inliers,ProtBERT,50,Kernel Ridge,85/15,0.08790418758761775,0.0871573121900333
Rg norm w/0.418,No regr out,Inliers,ProtBERT,50,GPR,85/15,-0.6818971349522511,0.11835410162168317
Rg norm w/0.418,No regr out,Inliers,ProtBERT,50,Linear,90/10,-0.8193121237059378,0.11986868025257302
Rg norm w/0.418,No regr out,Inliers,ProtBERT,50,Ridge,90/10,-0.13297812533496534,0.0945938451422223
Rg norm w/0.418,No regr out,Inliers,ProtBERT,50,Lasso,90/10,-0.08513801854836478,0.09257518887040249
Rg norm w/0.418,No regr out,Inliers,ProtBERT,50,Kernel Ridge,90/10,-0.14063942242380234,0.09491313221332891
Rg norm w/0.418,No regr out,Inliers,ProtBERT,50,GPR,90/10,-0.7232562568691367,0.1166613637641536
Rg norm w/0.418,No regr out,All,ProtBERT,100,Linear,80/20,-57.732240081310316,0.5621956924573621
Rg norm w/0.418,No regr out,All,ProtBERT,100,Ridge,80/20,-1.5960717800182982,0.11819730630735485
Rg norm w/0.418,No regr out,All,ProtBERT,100,Lasso,80/20,-0.43184332324296704,0.08778028375195904
Rg norm w/0.418,No regr out,All,ProtBERT,100,Kernel Ridge,80/20,-0.11209113572577611,0.07736052716916089
Rg norm w/0.418,No regr out,All,ProtBERT,100,GPR,80/20,-6.556916944194086,0.20166083241791113
Rg norm w/0.418,No regr out,All,ProtBERT,100,Linear,85/15,-86.65238401348245,0.6097510080192963
Rg norm w/0.418,No regr out,All,ProtBERT,100,Ridge,85/15,-2.572681584148411,0.12310276742679771
Rg norm w/0.418,No regr out,All,ProtBERT,100,Lasso,85/15,-0.43076227656579347,0.07790303922319917
Rg norm w/0.418,No regr out,All,ProtBERT,100,Kernel Ridge,85/15,-0.02603742927306918,0.06597087775891518
Rg norm w/0.418,No regr out,All,ProtBERT,100,GPR,85/15,-9.687100549389672,0.2129122298123495
Rg norm w/0.418,No regr out,All,ProtBERT,100,Linear,90/10,-37.2172477272655,0.3952433551054484
Rg norm w/0.418,No regr out,All,ProtBERT,100,Ridge,90/10,-2.049832453192465,0.11165363440081374
Rg norm w/0.418,No regr out,All,ProtBERT,100,Lasso,90/10,-0.21109461212334857,0.07035968873841385
Rg norm w/0.418,No regr out,All,ProtBERT,100,Kernel Ridge,90/10,0.06376141407811886,0.061862596109406184
Rg norm w/0.418,No regr out,All,ProtBERT,100,GPR,90/10,-5.887028425341589,0.16778410330750212
Rg norm w/0.418,No regr out,Inliers,ProtBERT,100,Linear,80/20,-5.542032284558142,0.2516938763331171
Rg norm w/0.418,No regr out,Inliers,ProtBERT,100,Ridge,80/20,-0.00819591923505647,0.09880724165019512
Rg norm w/0.418,No regr out,Inliers,ProtBERT,100,Lasso,80/20,-0.05987910297936683,0.10130817050261821
Rg norm w/0.418,No regr out,Inliers,ProtBERT,100,Kernel Ridge,80/20,-0.009867789048751074,0.09888913268660939
Rg norm w/0.418,No regr out,Inliers,ProtBERT,100,GPR,80/20,-0.3609486848764545,0.1147987562844335
Rg norm w/0.418,No regr out,Inliers,ProtBERT,100,Linear,85/15,-9.912336902477751,0.30146887529433625
Rg norm w/0.418,No regr out,Inliers,ProtBERT,100,Ridge,85/15,0.10215382957402408,0.08647380420722672
Rg norm w/0.418,No regr out,Inliers,ProtBERT,100,Lasso,85/15,0.000518078244571063,0.09123701529294997
Rg norm w/0.418,No regr out,Inliers,ProtBERT,100,Kernel Ridge,85/15,0.18338991097333002,0.08246904557626852
Rg norm w/0.418,No regr out,Inliers,ProtBERT,100,GPR,85/15,-0.42222560424275835,0.10883481523561359
Rg norm w/0.418,No regr out,Inliers,ProtBERT,100,Linear,90/10,-11.376469981330594,0.31264429868806726
Rg norm w/0.418,No regr out,Inliers,ProtBERT,100,Ridge,90/10,-0.02121699600946747,0.08980719541618204
Rg norm w/0.418,No regr out,Inliers,ProtBERT,100,Lasso,90/10,-0.08513442086419865,0.09257503540763483
Rg norm w/0.418,No regr out,Inliers,ProtBERT,100,Kernel Ridge,90/10,0.01945754296842339,0.08800053623855703
Rg norm w/0.418,No regr out,Inliers,ProtBERT,100,GPR,90/10,-0.6881467312233702,0.11546682205425639
Rg norm w/0.418,No regr out,All,ProtBERT,190,Linear,80/20,-20.93133166338454,0.3435434972041776
Rg norm w/0.418,No regr out,All,ProtBERT,190,Ridge,80/20,-1.4827679332920907,0.1155892098000222
Rg norm w/0.418,No regr out,All,ProtBERT,190,Lasso,80/20,-0.43184332324282493,0.08778028375195468
Rg norm w/0.418,No regr out,All,ProtBERT,190,Kernel Ridge,80/20,-0.11179509786353803,0.07735022982542158
Rg norm w/0.418,No regr out,All,ProtBERT,190,GPR,80/20,-5.365395706605694,0.18508104138471146
Rg norm w/0.418,No regr out,All,ProtBERT,190,Linear,85/15,-31.311467822497477,0.3702107319146574
Rg norm w/0.418,No regr out,All,ProtBERT,190,Ridge,85/15,-2.409508825480713,0.120258718067502
Rg norm w/0.418,No regr out,All,ProtBERT,190,Lasso,85/15,-0.4307622765653307,0.07790303922318657
Rg norm w/0.418,No regr out,All,ProtBERT,190,Kernel Ridge,85/15,-0.025222707915827147,0.06594468058747226
Rg norm w/0.418,No regr out,All,ProtBERT,190,GPR,85/15,-8.25007411133594,0.19808120381736
Rg norm w/0.418,No regr out,All,ProtBERT,190,Linear,90/10,-32.42410109597708,0.3696278971988768
Rg norm w/0.418,No regr out,All,ProtBERT,190,Ridge,90/10,-1.813906562440486,0.10724812535261348
Rg norm w/0.418,No regr out,All,ProtBERT,190,Lasso,90/10,-0.21109461212322533,0.07035968873841027
Rg norm w/0.418,No regr out,All,ProtBERT,190,Kernel Ridge,90/10,0.06358053185380819,0.061868571778287015
Rg norm w/0.418,No regr out,All,ProtBERT,190,GPR,90/10,-4.932342414925652,0.15572128498511237
Rg norm w/0.418,No regr out,Inliers,ProtBERT,190,Linear,80/20,-0.778183373633474,0.13122137387262992
Rg norm w/0.418,No regr out,Inliers,ProtBERT,190,Ridge,80/20,0.014790843624549965,0.09767434950745976
Rg norm w/0.418,No regr out,Inliers,ProtBERT,190,Lasso,80/20,-0.059796027137902996,0.1013042000373
Rg norm w/0.418,No regr out,Inliers,ProtBERT,190,Kernel Ridge,80/20,0.0316811249957053,0.09683347259377223
Rg norm w/0.418,No regr out,Inliers,ProtBERT,190,GPR,80/20,-0.20904793274762512,0.10820269236274802
Rg norm w/0.418,No regr out,Inliers,ProtBERT,190,Linear,85/15,-0.3991965362216221,0.10795007751377549
Rg norm w/0.418,No regr out,Inliers,ProtBERT,190,Ridge,85/15,0.11863237674958682,0.08567658434918934
Rg norm w/0.418,No regr out,Inliers,ProtBERT,190,Lasso,85/15,0.0005180793914365545,0.09123701524060457
Rg norm w/0.418,No regr out,Inliers,ProtBERT,190,Kernel Ridge,85/15,0.21575107964232454,0.08081845849363554
Rg norm w/0.418,No regr out,Inliers,ProtBERT,190,GPR,85/15,-0.021368356051475246,0.09223054969932085
Rg norm w/0.418,No regr out,Inliers,ProtBERT,190,Linear,90/10,-0.5749011000109503,0.11152667643782377
Rg norm w/0.418,No regr out,Inliers,ProtBERT,190,Ridge,90/10,0.007504498054061837,0.08853528519124103
Rg norm w/0.418,No regr out,Inliers,ProtBERT,190,Lasso,90/10,-0.08513441967910085,0.09257503535708328
Rg norm w/0.418,No regr out,Inliers,ProtBERT,190,Kernel Ridge,90/10,0.06917491795378672,0.08574052839747696
Rg norm w/0.418,No regr out,Inliers,ProtBERT,190,GPR,90/10,-0.2753775631237181,0.10036250746321203
Rg w/no norm,pH regr out,All,ProtBERT,10,Linear,80/20,-0.13320188610456674,1.5840339759447883
Rg w/no norm,pH regr out,All,ProtBERT,10,Ridge,80/20,-0.06081958866731885,1.5326098538641628
Rg w/no norm,pH regr out,All,ProtBERT,10,Lasso,80/20,0.0826240244587606,1.4252286023796326
Rg w/no norm,pH regr out,All,ProtBERT,10,Kernel Ridge,80/20,-0.40745158196172615,1.7653368219405368
Rg w/no norm,pH regr out,All,ProtBERT,10,GPR,80/20,-0.099564055036935,1.5603467305805212
Rg w/no norm,pH regr out,All,ProtBERT,10,Linear,85/15,-0.0889933200430919,1.6086847072955035
Rg w/no norm,pH regr out,All,ProtBERT,10,Ridge,85/15,-0.060966789674425925,1.5878490748069929
Rg w/no norm,pH regr out,All,ProtBERT,10,Lasso,85/15,0.06825653886464089,1.4880122351550444
Rg w/no norm,pH regr out,All,ProtBERT,10,Kernel Ridge,85/15,-0.07425612910110702,1.597762579426258
Rg w/no norm,pH regr out,All,ProtBERT,10,GPR,85/15,0.17042849755158962,1.4040586122675278
Rg w/no norm,pH regr out,All,ProtBERT,10,Linear,90/10,0.050160023647493834,1.2024791214401025
Rg w/no norm,pH regr out,All,ProtBERT,10,Ridge,90/10,0.06887697837391094,1.1905725214379428
Rg w/no norm,pH regr out,All,ProtBERT,10,Lasso,90/10,0.1148469745659132,1.1608109643634195
Rg w/no norm,pH regr out,All,ProtBERT,10,Kernel Ridge,90/10,0.11476866508483186,1.160862311696137
Rg w/no norm,pH regr out,All,ProtBERT,10,GPR,90/10,-0.05920449828648544,1.269820197925956
Rg w/no norm,pH regr out,Inliers,ProtBERT,10,Linear,80/20,0.16619471099319705,1.5375214127942936
Rg w/no norm,pH regr out,Inliers,ProtBERT,10,Ridge,80/20,0.14746314707803065,1.5546958194733922
Rg w/no norm,pH regr out,Inliers,ProtBERT,10,Lasso,80/20,0.15139526587077834,1.551106347711208
Rg w/no norm,pH regr out,Inliers,ProtBERT,10,Kernel Ridge,80/20,0.40549032316934386,1.2982798421349566
Rg w/no norm,pH regr out,Inliers,ProtBERT,10,GPR,80/20,0.4073844543485371,1.2962100068927227
Rg w/no norm,pH regr out,Inliers,ProtBERT,10,Linear,85/15,0.20907559493172656,1.3604803128218879
Rg w/no norm,pH regr out,Inliers,ProtBERT,10,Ridge,85/15,0.17517019723187888,1.389334900922302
Rg w/no norm,pH regr out,Inliers,ProtBERT,10,Lasso,85/15,0.19932783994151493,1.3688382657306897
Rg w/no norm,pH regr out,Inliers,ProtBERT,10,Kernel Ridge,85/15,0.4420423196042288,1.1426820451091662
Rg w/no norm,pH regr out,Inliers,ProtBERT,10,GPR,85/15,0.44823804886499885,1.136319992368257
Rg w/no norm,pH regr out,Inliers,ProtBERT,10,Linear,90/10,0.29304661715977465,1.2618071580515549
Rg w/no norm,pH regr out,Inliers,ProtBERT,10,Ridge,90/10,0.28907870029998795,1.2653432753715097
Rg w/no norm,pH regr out,Inliers,ProtBERT,10,Lasso,90/10,0.2889208923270644,1.2654837059490613
Rg w/no norm,pH regr out,Inliers,ProtBERT,10,Kernel Ridge,90/10,-0.006054325677897099,1.505248886607708
Rg w/no norm,pH regr out,Inliers,ProtBERT,10,GPR,90/10,0.6515712292235463,0.8858386043551144
Rg w/no norm,pH regr out,All,ProtBERT,20,Linear,80/20,0.02108494138440009,1.472256067558889
Rg w/no norm,pH regr out,All,ProtBERT,20,Ridge,80/20,0.12727605737865821,1.3901104033985607
Rg w/no norm,pH regr out,All,ProtBERT,20,Lasso,80/20,0.2668543457133492,1.2741072310632
Rg w/no norm,pH regr out,All,ProtBERT,20,Kernel Ridge,80/20,-0.03393135265302161,1.5130619178050961
Rg w/no norm,pH regr out,All,ProtBERT,20,GPR,80/20,0.1521897600581711,1.3701249567545544
Rg w/no norm,pH regr out,All,ProtBERT,20,Linear,85/15,0.011173600110082837,1.5329159807473944
Rg w/no norm,pH regr out,All,ProtBERT,20,Ridge,85/15,0.08904478788860648,1.4713189817503856
Rg w/no norm,pH regr out,All,ProtBERT,20,Lasso,85/15,0.2518824670028792,1.3333471652414792
Rg w/no norm,pH regr out,All,ProtBERT,20,Kernel Ridge,85/15,-0.056161336098689896,1.5842490588781066
Rg w/no norm,pH regr out,All,ProtBERT,20,GPR,85/15,0.13418588363883133,1.4344012551169096
Rg w/no norm,pH regr out,All,ProtBERT,20,Linear,90/10,-0.11682805795424889,1.3039035885343728
Rg w/no norm,pH regr out,All,ProtBERT,20,Ridge,90/10,0.04557163470992187,1.2053800283344933
Rg w/no norm,pH regr out,All,ProtBERT,20,Lasso,90/10,0.23343361188639344,1.0802572975990348
Rg w/no norm,pH regr out,All,ProtBERT,20,Kernel Ridge,90/10,-0.30021135685365663,1.4068872701484845
Rg w/no norm,pH regr out,All,ProtBERT,20,GPR,90/10,0.00730169990818863,1.2293087180915512
Rg w/no norm,pH regr out,Inliers,ProtBERT,20,Linear,80/20,0.3104883130977838,1.3981689905623786
Rg w/no norm,pH regr out,Inliers,ProtBERT,20,Ridge,80/20,0.2809806136296301,1.4277729510920996
Rg w/no norm,pH regr out,Inliers,ProtBERT,20,Lasso,80/20,0.31560135478614104,1.3929753158817706
Rg w/no norm,pH regr out,Inliers,ProtBERT,20,Kernel Ridge,80/20,0.34480621609559425,1.3629305748427227
Rg w/no norm,pH regr out,Inliers,ProtBERT,20,GPR,80/20,0.4243140448968227,1.2775610631149055
Rg w/no norm,pH regr out,Inliers,ProtBERT,20,Linear,85/15,0.121572761274086,1.4337639960660988
Rg w/no norm,pH regr out,Inliers,ProtBERT,20,Ridge,85/15,0.14660520245370778,1.4131874397985578
Rg w/no norm,pH regr out,Inliers,ProtBERT,20,Lasso,85/15,0.13312705431401495,1.4243033571862256
Rg w/no norm,pH regr out,Inliers,ProtBERT,20,Kernel Ridge,85/15,0.24363028678472243,1.3304294156582146
Rg w/no norm,pH regr out,Inliers,ProtBERT,20,GPR,85/15,0.44893784910980095,1.1355991658374402
Rg w/no norm,pH regr out,Inliers,ProtBERT,20,Linear,90/10,-0.06281660787062004,1.5471298464089378
Rg w/no norm,pH regr out,Inliers,ProtBERT,20,Ridge,90/10,0.06348203979390865,1.452297713323588
Rg w/no norm,pH regr out,Inliers,ProtBERT,20,Lasso,90/10,-0.028146201411086258,1.5216859683137338
Rg w/no norm,pH regr out,Inliers,ProtBERT,20,Kernel Ridge,90/10,0.12071781598041431,1.4072191452672338
Rg w/no norm,pH regr out,Inliers,ProtBERT,20,GPR,90/10,0.6324518303886371,0.9098184309322667
Rg w/no norm,pH regr out,All,ProtBERT,50,Linear,80/20,-1.7996677170567459,2.489797880675935
Rg w/no norm,pH regr out,All,ProtBERT,50,Ridge,80/20,-0.03363024122740943,1.5128415775446709
Rg w/no norm,pH regr out,All,ProtBERT,50,Lasso,80/20,0.15596360377576168,1.3670721484421275
Rg w/no norm,pH regr out,All,ProtBERT,50,Kernel Ridge,80/20,0.11190153109980716,1.40230153315546
Rg w/no norm,pH regr out,All,ProtBERT,50,GPR,80/20,0.059597002444789826,1.4430050487003012
Rg w/no norm,pH regr out,All,ProtBERT,50,Linear,85/15,-1.6457291843994284,2.507442711833958
Rg w/no norm,pH regr out,All,ProtBERT,50,Ridge,85/15,-0.20731911835385852,1.6938282207913222
Rg w/no norm,pH regr out,All,ProtBERT,50,Lasso,85/15,0.07188798033167498,1.4851096632750396
Rg w/no norm,pH regr out,All,ProtBERT,50,Kernel Ridge,85/15,0.07045786769990026,1.4862534134436918
Rg w/no norm,pH regr out,All,ProtBERT,50,GPR,85/15,-0.054558796729155645,1.583046692730782
Rg w/no norm,pH regr out,All,ProtBERT,50,Linear,90/10,-1.5472869972936203,1.9692065055864598
Rg w/no norm,pH regr out,All,ProtBERT,50,Ridge,90/10,-0.1558656591257026,1.3264961779850766
Rg w/no norm,pH regr out,All,ProtBERT,50,Lasso,90/10,0.18997346437114038,1.1104575099946685
Rg w/no norm,pH regr out,All,ProtBERT,50,Kernel Ridge,90/10,0.09955329345365194,1.1707962681402038
Rg w/no norm,pH regr out,All,ProtBERT,50,GPR,90/10,0.06506168416424996,1.193009224603935
Rg w/no norm,pH regr out,Inliers,ProtBERT,50,Linear,80/20,0.37290093530913004,1.3333891796515398
Rg w/no norm,pH regr out,Inliers,ProtBERT,50,Ridge,80/20,0.43545025986706887,1.2651439876611021
Rg w/no norm,pH regr out,Inliers,ProtBERT,50,Lasso,80/20,0.37050749958732443,1.3359313154567996
Rg w/no norm,pH regr out,Inliers,ProtBERT,50,Kernel Ridge,80/20,0.4586532831267759,1.2388724740035684
Rg w/no norm,pH regr out,Inliers,ProtBERT,50,GPR,80/20,0.5261567802121737,1.1590607128423598
Rg w/no norm,pH regr out,Inliers,ProtBERT,50,Linear,85/15,0.3398107306019834,1.242965298075417
Rg w/no norm,pH regr out,Inliers,ProtBERT,50,Ridge,85/15,0.3766340109409645,1.2078036147596012
Rg w/no norm,pH regr out,Inliers,ProtBERT,50,Lasso,85/15,0.2806290182086498,1.2974816693377664
Rg w/no norm,pH regr out,Inliers,ProtBERT,50,Kernel Ridge,85/15,0.4571518363033801,1.12710391906053
Rg w/no norm,pH regr out,Inliers,ProtBERT,50,GPR,85/15,0.565852321194952,1.0079605040376807
Rg w/no norm,pH regr out,Inliers,ProtBERT,50,Linear,90/10,0.09670877679360601,1.4263020076308444
Rg w/no norm,pH regr out,Inliers,ProtBERT,50,Ridge,90/10,0.32755493215562237,1.230625768109499
Rg w/no norm,pH regr out,Inliers,ProtBERT,50,Lasso,90/10,0.23056998451140986,1.316382682506741
Rg w/no norm,pH regr out,Inliers,ProtBERT,50,Kernel Ridge,90/10,0.3747221543484348,1.1866813553841637
Rg w/no norm,pH regr out,Inliers,ProtBERT,50,GPR,90/10,0.5832214249849652,0.9688360514621589
Rg w/no norm,pH regr out,All,ProtBERT,100,Linear,80/20,-17.332627142465082,6.371228792827463
Rg w/no norm,pH regr out,All,ProtBERT,100,Ridge,80/20,-0.15346591126063291,1.5981341440935084
Rg w/no norm,pH regr out,All,ProtBERT,100,Lasso,80/20,0.1412324983421559,1.3789504113469708
Rg w/no norm,pH regr out,All,ProtBERT,100,Kernel Ridge,80/20,0.134206427630713,1.384579913351782
Rg w/no norm,pH regr out,All,ProtBERT,100,GPR,80/20,-0.036773882255624946,1.515140378461837
Rg w/no norm,pH regr out,All,ProtBERT,100,Linear,85/15,-17.673469294280924,6.661481579835575
Rg w/no norm,pH regr out,All,ProtBERT,100,Ridge,85/15,-0.31756776558379607,1.7694765275755655
Rg w/no norm,pH regr out,All,ProtBERT,100,Lasso,85/15,0.0544992678601085,1.4989572952606096
Rg w/no norm,pH regr out,All,ProtBERT,100,Kernel Ridge,85/15,0.09492588156018411,1.4665619005527404
Rg w/no norm,pH regr out,All,ProtBERT,100,GPR,85/15,-0.10167102078751755,1.6180215001208405
Rg w/no norm,pH regr out,All,ProtBERT,100,Linear,90/10,-12.901703099163832,4.600301829058051
Rg w/no norm,pH regr out,All,ProtBERT,100,Ridge,90/10,-0.323725113037743,1.419551740657021
Rg w/no norm,pH regr out,All,ProtBERT,100,Lasso,90/10,0.19821441421192987,1.1047943503336533
Rg w/no norm,pH regr out,All,ProtBERT,100,Kernel Ridge,90/10,0.12499692170518928,1.1541363325005525
Rg w/no norm,pH regr out,All,ProtBERT,100,GPR,90/10,0.03276810676931263,1.213438099226405
Rg w/no norm,pH regr out,Inliers,ProtBERT,100,Linear,80/20,-3.2095398669375133,3.454666777107972
Rg w/no norm,pH regr out,Inliers,ProtBERT,100,Ridge,80/20,0.45644013563550667,1.2414022860945677
Rg w/no norm,pH regr out,Inliers,ProtBERT,100,Lasso,80/20,0.39787913354736637,1.3065640034747257
Rg w/no norm,pH regr out,Inliers,ProtBERT,100,Kernel Ridge,80/20,0.4747388651311384,1.2203277407424817
Rg w/no norm,pH regr out,Inliers,ProtBERT,100,GPR,80/20,0.5514329768769867,1.127723216641593
Rg w/no norm,pH regr out,Inliers,ProtBERT,100,Linear,85/15,-3.621720567659305,3.288717849397842
Rg w/no norm,pH regr out,Inliers,ProtBERT,100,Ridge,85/15,0.4039010632832343,1.1810925957153648
Rg w/no norm,pH regr out,Inliers,ProtBERT,100,Lasso,85/15,0.27452663962143764,1.3029732752074557
Rg w/no norm,pH regr out,Inliers,ProtBERT,100,Kernel Ridge,85/15,0.4962434091488863,1.0857632650572828
Rg w/no norm,pH regr out,Inliers,ProtBERT,100,GPR,85/15,0.6149673569572236,0.9492345749797876
Rg w/no norm,pH regr out,Inliers,ProtBERT,100,Linear,90/10,-7.2725927384453755,4.316367565995558
Rg w/no norm,pH regr out,Inliers,ProtBERT,100,Ridge,90/10,0.376822324102718,1.1846867792578857
Rg w/no norm,pH regr out,Inliers,ProtBERT,100,Lasso,90/10,0.08471507085843533,1.4357398476717873
Rg w/no norm,pH regr out,Inliers,ProtBERT,100,Kernel Ridge,90/10,0.4462274529182805,1.1167688953561357
Rg w/no norm,pH regr out,Inliers,ProtBERT,100,GPR,90/10,0.6088953451287642,0.9385212075751356
Rg w/no norm,pH regr out,All,ProtBERT,190,Linear,80/20,-6.053530885878845,3.9519745065590777
Rg w/no norm,pH regr out,All,ProtBERT,190,Ridge,80/20,-0.12184739756209262,1.5760781223193703
Rg w/no norm,pH regr out,All,ProtBERT,190,Lasso,80/20,0.14130685994380243,1.3788907076548422
Rg w/no norm,pH regr out,All,ProtBERT,190,Kernel Ridge,80/20,0.16179696527897258,1.362339856924097
Rg w/no norm,pH regr out,All,ProtBERT,190,GPR,80/20,0.18585539854516664,1.3426463078309139
Rg w/no norm,pH regr out,All,ProtBERT,190,Linear,85/15,-6.341297120109459,4.176810058749048
Rg w/no norm,pH regr out,All,ProtBERT,190,Ridge,85/15,-0.28570855291952113,1.7479523600436597
Rg w/no norm,pH regr out,All,ProtBERT,190,Lasso,85/15,0.05457916610036384,1.4988939602592346
Rg w/no norm,pH regr out,All,ProtBERT,190,Kernel Ridge,85/15,0.1275231639380937,1.4399097688084508
Rg w/no norm,pH regr out,All,ProtBERT,190,GPR,85/15,-0.06062814170017794,1.5875956433172969
Rg w/no norm,pH regr out,All,ProtBERT,190,Linear,90/10,-10.886452546624936,4.2538135758191045
Rg w/no norm,pH regr out,All,ProtBERT,190,Ridge,90/10,-0.2566525759876437,1.3831202360416825
Rg w/no norm,pH regr out,All,ProtBERT,190,Lasso,90/10,0.1982463731092402,1.1047723317530842
Rg w/no norm,pH regr out,All,ProtBERT,190,Kernel Ridge,90/10,0.13904906365819347,1.1448313769692111
Rg w/no norm,pH regr out,All,ProtBERT,190,GPR,90/10,0.0689195125581511,1.190545328141176
Rg w/no norm,pH regr out,Inliers,ProtBERT,190,Linear,80/20,0.3395502772704776,1.3683863430041243
Rg w/no norm,pH regr out,Inliers,ProtBERT,190,Ridge,80/20,0.49665758036169794,1.1945947898645615
Rg w/no norm,pH regr out,Inliers,ProtBERT,190,Lasso,80/20,0.42480889870399885,1.2770118558012156
Rg w/no norm,pH regr out,Inliers,ProtBERT,190,Kernel Ridge,80/20,0.48493950474446734,1.2084201839419726
Rg w/no norm,pH regr out,Inliers,ProtBERT,190,GPR,80/20,0.5766457595983909,1.0955717043528816
Rg w/no norm,pH regr out,Inliers,ProtBERT,190,Linear,85/15,0.42097494383534273,1.1640548697550468
Rg w/no norm,pH regr out,Inliers,ProtBERT,190,Ridge,85/15,0.40994081635416146,1.1750938690558415
Rg w/no norm,pH regr out,Inliers,ProtBERT,190,Lasso,85/15,0.27440788805742133,1.3030799116405696
Rg w/no norm,pH regr out,Inliers,ProtBERT,190,Kernel Ridge,85/15,0.5079588607257879,1.0730636441485282
Rg w/no norm,pH regr out,Inliers,ProtBERT,190,GPR,85/15,0.6455707295150812,0.9107298343797936
Rg w/no norm,pH regr out,Inliers,ProtBERT,190,Linear,90/10,0.19140512041007118,1.3494695571788893
Rg w/no norm,pH regr out,Inliers,ProtBERT,190,Ridge,90/10,0.38497021068282256,1.176916561014336
Rg w/no norm,pH regr out,Inliers,ProtBERT,190,Lasso,90/10,0.2024662745613448,1.3402077558346794
Rg w/no norm,pH regr out,Inliers,ProtBERT,190,Kernel Ridge,90/10,0.4629474694292599,1.0997804162242202
Rg w/no norm,pH regr out,Inliers,ProtBERT,190,GPR,90/10,0.6075363067074837,0.9401504137831957
Rg norm w/0.427,pH regr out,All,ProtBERT,10,Linear,80/20,-0.9646956769673003,0.14783609946925944
Rg norm w/0.427,pH regr out,All,ProtBERT,10,Ridge,80/20,-0.8364127342974899,0.1429282244290457
Rg norm w/0.427,pH regr out,All,ProtBERT,10,Lasso,80/20,-0.34812396415955194,0.12246098974534136
Rg norm w/0.427,pH regr out,All,ProtBERT,10,Kernel Ridge,80/20,0.2402332589284678,0.09193332969182338
Rg norm w/0.427,pH regr out,All,ProtBERT,10,GPR,80/20,0.05954729062591746,0.10228249933611251
Rg norm w/0.427,pH regr out,All,ProtBERT,10,Linear,85/15,-1.1261746894542815,0.14015681992015058
Rg norm w/0.427,pH regr out,All,ProtBERT,10,Ridge,85/15,-1.0070679534486997,0.1361745037964277
Rg norm w/0.427,pH regr out,All,ProtBERT,10,Lasso,85/15,-0.20636713877557233,0.10557340100022759
Rg norm w/0.427,pH regr out,All,ProtBERT,10,Kernel Ridge,85/15,0.2025212699429655,0.08583695785135656
Rg norm w/0.427,pH regr out,All,ProtBERT,10,GPR,85/15,0.15602654369086288,0.08830375200673758
Rg norm w/0.427,pH regr out,All,ProtBERT,10,Linear,90/10,-0.5664437723536802,0.1135548967643632
Rg norm w/0.427,pH regr out,All,ProtBERT,10,Ridge,90/10,-0.4938991328273099,0.11089426815755465
Rg norm w/0.427,pH regr out,All,ProtBERT,10,Lasso,90/10,-0.21148103857452005,0.09986349749270697
Rg norm w/0.427,pH regr out,All,ProtBERT,10,Kernel Ridge,90/10,0.4260765371308771,0.0687346066147619
Rg norm w/0.427,pH regr out,All,ProtBERT,10,GPR,90/10,0.445791813939428,0.06754371281832161
Rg norm w/0.427,pH regr out,Inliers,ProtBERT,10,Linear,80/20,-0.3030049826150256,0.10633032260213729
Rg norm w/0.427,pH regr out,Inliers,ProtBERT,10,Ridge,80/20,-0.1784770756732652,0.10112176999226766
Rg norm w/0.427,pH regr out,Inliers,ProtBERT,10,Lasso,80/20,-0.18313964245625458,0.10132161332566374
Rg norm w/0.427,pH regr out,Inliers,ProtBERT,10,Kernel Ridge,80/20,-0.2219097623520394,0.10296832796733105
Rg norm w/0.427,pH regr out,Inliers,ProtBERT,10,GPR,80/20,-0.14978819973376822,0.09988333093430696
Rg norm w/0.427,pH regr out,Inliers,ProtBERT,10,Linear,85/15,-0.20793313457185048,0.09501733276349898
Rg norm w/0.427,pH regr out,Inliers,ProtBERT,10,Ridge,85/15,-0.16092755194697972,0.09315023332455326
Rg norm w/0.427,pH regr out,Inliers,ProtBERT,10,Lasso,85/15,-0.13403200595605735,0.09206489111535492
Rg norm w/0.427,pH regr out,Inliers,ProtBERT,10,Kernel Ridge,85/15,-0.1785872051876023,0.09385604487386116
Rg norm w/0.427,pH regr out,Inliers,ProtBERT,10,GPR,85/15,-0.1027906072218443,0.09078788881890314
Rg norm w/0.427,pH regr out,Inliers,ProtBERT,10,Linear,90/10,-0.2987336399613889,0.09547874310336935
Rg norm w/0.427,pH regr out,Inliers,ProtBERT,10,Ridge,90/10,-0.25709460986625965,0.09393569014089005
Rg norm w/0.427,pH regr out,Inliers,ProtBERT,10,Lasso,90/10,-0.2366172761352474,0.0931674701898495
Rg norm w/0.427,pH regr out,Inliers,ProtBERT,10,Kernel Ridge,90/10,-0.10448613271389884,0.08804947728703037
Rg norm w/0.427,pH regr out,Inliers,ProtBERT,10,GPR,90/10,0.09782901147409517,0.07957764396265514
Rg norm w/0.427,pH regr out,All,ProtBERT,20,Linear,80/20,-0.9275914441123585,0.14643346725696316
Rg norm w/0.427,pH regr out,All,ProtBERT,20,Ridge,80/20,-0.6336583415815236,0.13480731788095607
Rg norm w/0.427,pH regr out,All,ProtBERT,20,Lasso,80/20,-0.34812396415955194,0.12246098974534136
Rg norm w/0.427,pH regr out,All,ProtBERT,20,Kernel Ridge,80/20,0.23801674071527446,0.09206733364705587
Rg norm w/0.427,pH regr out,All,ProtBERT,20,GPR,80/20,0.12301505852197314,0.09877087903347702
Rg norm w/0.427,pH regr out,All,ProtBERT,20,Linear,85/15,-1.2119478432642818,0.1429559395659385
Rg norm w/0.427,pH regr out,All,ProtBERT,20,Ridge,85/15,-0.8870982836329395,0.1320419784353078
Rg norm w/0.427,pH regr out,All,ProtBERT,20,Lasso,85/15,-0.20636713877557233,0.10557340100022759
Rg norm w/0.427,pH regr out,All,ProtBERT,20,Kernel Ridge,85/15,-0.975120820832049,0.1350863902377182
Rg norm w/0.427,pH regr out,All,ProtBERT,20,GPR,85/15,0.04234157009058548,0.09406327187421777
Rg norm w/0.427,pH regr out,All,ProtBERT,20,Linear,90/10,-0.9037102215956654,0.1251840167237402
Rg norm w/0.427,pH regr out,All,ProtBERT,20,Ridge,90/10,-0.5144159573366114,0.11165316801535782
Rg norm w/0.427,pH regr out,All,ProtBERT,20,Lasso,90/10,-0.21148103857452005,0.09986349749270697
Rg norm w/0.427,pH regr out,All,ProtBERT,20,Kernel Ridge,90/10,0.4190317283455194,0.0691551725150058
Rg norm w/0.427,pH regr out,All,ProtBERT,20,GPR,90/10,0.4322792288081555,0.06836217214752495
Rg norm w/0.427,pH regr out,Inliers,ProtBERT,20,Linear,80/20,-0.1527606732842881,0.10001235857503418
Rg norm w/0.427,pH regr out,Inliers,ProtBERT,20,Ridge,80/20,0.014000132911256125,0.09249590830454951
Rg norm w/0.427,pH regr out,Inliers,ProtBERT,20,Lasso,80/20,0.017748761506663602,0.09231991284890108
Rg norm w/0.427,pH regr out,Inliers,ProtBERT,20,Kernel Ridge,80/20,0.028890633159554202,0.09179481794832874
Rg norm w/0.427,pH regr out,Inliers,ProtBERT,20,GPR,80/20,0.01990953863472833,0.0922183132907834
Rg norm w/0.427,pH regr out,Inliers,ProtBERT,20,Linear,85/15,-0.05900458519036755,0.08896727899330524
Rg norm w/0.427,pH regr out,Inliers,ProtBERT,20,Ridge,85/15,-0.010809152281462175,0.08691925008370929
Rg norm w/0.427,pH regr out,Inliers,ProtBERT,20,Lasso,85/15,-0.015646176625185637,0.08712696919468711
Rg norm w/0.427,pH regr out,Inliers,ProtBERT,20,Kernel Ridge,85/15,0.03246589165068092,0.08503829223268838
Rg norm w/0.427,pH regr out,Inliers,ProtBERT,20,GPR,85/15,0.02893824779820975,0.08519317662709962
Rg norm w/0.427,pH regr out,Inliers,ProtBERT,20,Linear,90/10,-0.34468720286707244,0.09715323901813677
Rg norm w/0.427,pH regr out,Inliers,ProtBERT,20,Ridge,90/10,-0.19169572456357353,0.0914596086977799
Rg norm w/0.427,pH regr out,Inliers,ProtBERT,20,Lasso,90/10,-0.1258420608250217,0.0888966475268483
Rg norm w/0.427,pH regr out,Inliers,ProtBERT,20,Kernel Ridge,90/10,0.14782158039463356,0.07734137954384891
Rg norm w/0.427,pH regr out,Inliers,ProtBERT,20,GPR,90/10,0.11479096926198662,0.07882601402771078
Rg norm w/0.427,pH regr out,All,ProtBERT,50,Linear,80/20,-5.747072071639517,0.2739621245093818
Rg norm w/0.427,pH regr out,All,ProtBERT,50,Ridge,80/20,-1.2032978082465369,0.15655590461366928
Rg norm w/0.427,pH regr out,All,ProtBERT,50,Lasso,80/20,-0.34812396415955194,0.12246098974534136
Rg norm w/0.427,pH regr out,All,ProtBERT,50,Kernel Ridge,80/20,-0.019018876352544734,0.10646919372813377
Rg norm w/0.427,pH regr out,All,ProtBERT,50,GPR,80/20,-0.08832074978449311,0.11003004877772997
Rg norm w/0.427,pH regr out,All,ProtBERT,50,Linear,85/15,-6.673535125833832,0.26626403300371115
Rg norm w/0.427,pH regr out,All,ProtBERT,50,Ridge,85/15,-1.8775673501263794,0.16305251865102835
Rg norm w/0.427,pH regr out,All,ProtBERT,50,Lasso,85/15,-0.20636713877557233,0.10557340100022759
Rg norm w/0.427,pH regr out,All,ProtBERT,50,Kernel Ridge,85/15,-0.1568052525634085,0.1033819903325192
Rg norm w/0.427,pH regr out,All,ProtBERT,50,GPR,85/15,-0.27807569878922833,0.10866584256158353
Rg norm w/0.427,pH regr out,All,ProtBERT,50,Linear,90/10,-4.461623157283873,0.21203586544868908
Rg norm w/0.427,pH regr out,All,ProtBERT,50,Ridge,90/10,-1.4981324365412432,0.14340232438097136
Rg norm w/0.427,pH regr out,All,ProtBERT,50,Lasso,90/10,-0.21148103857452005,0.09986349749270697
Rg norm w/0.427,pH regr out,All,ProtBERT,50,Kernel Ridge,90/10,0.41740534404033447,0.06925190265283745
Rg norm w/0.427,pH regr out,All,ProtBERT,50,GPR,90/10,0.39924161714650586,0.07032316059105141
Rg norm w/0.427,pH regr out,Inliers,ProtBERT,50,Linear,80/20,-0.580692109158812,0.11711370916409027
Rg norm w/0.427,pH regr out,Inliers,ProtBERT,50,Ridge,80/20,-0.05173931191197956,0.0955296412781532
Rg norm w/0.427,pH regr out,Inliers,ProtBERT,50,Lasso,80/20,-0.10317700294644738,0.09783780331701242
Rg norm w/0.427,pH regr out,Inliers,ProtBERT,50,Kernel Ridge,80/20,0.10714211088856052,0.08801876354327635
Rg norm w/0.427,pH regr out,Inliers,ProtBERT,50,GPR,80/20,0.03756812303995094,0.09138377463794199
Rg norm w/0.427,pH regr out,Inliers,ProtBERT,50,Linear,85/15,-0.31109540667747404,0.09899164377420629
Rg norm w/0.427,pH regr out,Inliers,ProtBERT,50,Ridge,85/15,0.03438153283322565,0.08495406596773808
Rg norm w/0.427,pH regr out,Inliers,ProtBERT,50,Lasso,85/15,-0.015393850902653439,0.08711614567091887
Rg norm w/0.427,pH regr out,Inliers,ProtBERT,50,Kernel Ridge,85/15,0.11808462301662526,0.08118856126935567
Rg norm w/0.427,pH regr out,Inliers,ProtBERT,50,GPR,85/15,0.10867034367591055,0.08162074719996282
Rg norm w/0.427,pH regr out,Inliers,ProtBERT,50,Linear,90/10,-0.8539897448077132,0.11407758327651114
Rg norm w/0.427,pH regr out,Inliers,ProtBERT,50,Ridge,90/10,-0.14258659502469517,0.08955528299912766
Rg norm w/0.427,pH regr out,Inliers,ProtBERT,50,Lasso,90/10,-0.11532983821775877,0.08848065089952911
Rg norm w/0.427,pH regr out,Inliers,ProtBERT,50,Kernel Ridge,90/10,0.04285990931535688,0.08196612462768738
Rg norm w/0.427,pH regr out,Inliers,ProtBERT,50,GPR,90/10,0.26629909761740855,0.07176392356229055
Rg norm w/0.427,pH regr out,All,ProtBERT,100,Linear,80/20,-56.88815679982475,0.802467978678847
Rg norm w/0.427,pH regr out,All,ProtBERT,100,Ridge,80/20,-1.6200591296667208,0.17072157042653033
Rg norm w/0.427,pH regr out,All,ProtBERT,100,Lasso,80/20,-0.34812396415955194,0.12246098974534136
Rg norm w/0.427,pH regr out,All,ProtBERT,100,Kernel Ridge,80/20,0.11324947720261369,0.09931928338756359
Rg norm w/0.427,pH regr out,All,ProtBERT,100,GPR,80/20,-0.14587617483866477,0.1129020156713679
Rg norm w/0.427,pH regr out,All,ProtBERT,100,Linear,85/15,-80.55146681239643,0.8680218381038887
Rg norm w/0.427,pH regr out,All,ProtBERT,100,Ridge,85/15,-2.5017927330816585,0.17987051646721616
Rg norm w/0.427,pH regr out,All,ProtBERT,100,Lasso,85/15,-0.20636713877557233,0.10557340100022759
Rg norm w/0.427,pH regr out,All,ProtBERT,100,Kernel Ridge,85/15,0.03269997114459855,0.09453559532508454
Rg norm w/0.427,pH regr out,All,ProtBERT,100,GPR,85/15,-0.35802126015220614,0.11201290164459962
Rg norm w/0.427,pH regr out,All,ProtBERT,100,Linear,90/10,-38.27693274368574,0.5686136016191005
Rg norm w/0.427,pH regr out,All,ProtBERT,100,Ridge,90/10,-2.179123130054379,0.16177154601925867
Rg norm w/0.427,pH regr out,All,ProtBERT,100,Lasso,90/10,-0.21148103857452005,0.09986349749270697
Rg norm w/0.427,pH regr out,All,ProtBERT,100,Kernel Ridge,90/10,0.41686894079384385,0.06928377592744743
Rg norm w/0.427,pH regr out,All,ProtBERT,100,GPR,90/10,0.355694114297454,0.07282735058674607
Rg norm w/0.427,pH regr out,Inliers,ProtBERT,100,Linear,80/20,-5.522249697808888,0.23789362491847799
Rg norm w/0.427,pH regr out,Inliers,ProtBERT,100,Ridge,80/20,-0.01538988722051049,0.09386431392873812
Rg norm w/0.427,pH regr out,Inliers,ProtBERT,100,Lasso,80/20,-0.06475102450709924,0.0961187527288126
Rg norm w/0.427,pH regr out,Inliers,ProtBERT,100,Kernel Ridge,80/20,0.10150628182876809,0.08829611919883373
Rg norm w/0.427,pH regr out,Inliers,ProtBERT,100,GPR,80/20,0.08890534793380356,0.08891311834472203
Rg norm w/0.427,pH regr out,Inliers,ProtBERT,100,Linear,85/15,-9.93864974509205,0.28593231874033653
Rg norm w/0.427,pH regr out,Inliers,ProtBERT,100,Ridge,85/15,0.10405743524947397,0.08183168102701788
Rg norm w/0.427,pH regr out,Inliers,ProtBERT,100,Lasso,85/15,-0.015391023030284279,0.08711602436158035
Rg norm w/0.427,pH regr out,Inliers,ProtBERT,100,Kernel Ridge,85/15,0.22774083912109377,0.07597363786094405
Rg norm w/0.427,pH regr out,Inliers,ProtBERT,100,GPR,85/15,0.14247112463508482,0.08005818948972553
Rg norm w/0.427,pH regr out,Inliers,ProtBERT,100,Linear,90/10,-11.41732407013521,0.29523011529631454
Rg norm w/0.427,pH regr out,Inliers,ProtBERT,100,Ridge,90/10,-0.029791634576786574,0.08502004453371237
Rg norm w/0.427,pH regr out,Inliers,ProtBERT,100,Lasso,90/10,-0.11532637827716541,0.08848051365849839
Rg norm w/0.427,pH regr out,Inliers,ProtBERT,100,Kernel Ridge,90/10,0.19584897760726883,0.07513035787544169
Rg norm w/0.427,pH regr out,Inliers,ProtBERT,100,GPR,90/10,0.2901319555549561,0.07058874514290608
Rg norm w/0.427,pH regr out,All,ProtBERT,190,Linear,80/20,-20.657021611472665,0.490831261683012
Rg norm w/0.427,pH regr out,All,ProtBERT,190,Ridge,80/20,-1.5078287751463395,0.16702511958657792
Rg norm w/0.427,pH regr out,All,ProtBERT,190,Lasso,80/20,-0.34812396415955194,0.12246098974534136
Rg norm w/0.427,pH regr out,All,ProtBERT,190,Kernel Ridge,80/20,0.18915430184654813,0.0949733941897119
Rg norm w/0.427,pH regr out,All,ProtBERT,190,GPR,80/20,-0.07763651185239828,0.10948862442829689
Rg norm w/0.427,pH regr out,All,ProtBERT,190,Linear,85/15,-29.16194727774353,0.5278912352538148
Rg norm w/0.427,pH regr out,All,ProtBERT,190,Ridge,85/15,-2.349055799685978,0.17590409703253368
Rg norm w/0.427,pH regr out,All,ProtBERT,190,Lasso,85/15,-0.20636713877557233,0.10557340100022759
Rg norm w/0.427,pH regr out,All,ProtBERT,190,Kernel Ridge,85/15,0.14304716356640457,0.08898016841008154
Rg norm w/0.427,pH regr out,All,ProtBERT,190,GPR,85/15,0.15607397653974364,0.08830127055584289
Rg norm w/0.427,pH regr out,All,ProtBERT,190,Linear,90/10,-33.162438753001936,0.5303015476927552
Rg norm w/0.427,pH regr out,All,ProtBERT,190,Ridge,90/10,-1.9375572393867007,0.15550402351155898
Rg norm w/0.427,pH regr out,All,ProtBERT,190,Lasso,90/10,-0.21148103857452005,0.09986349749270697
Rg norm w/0.427,pH regr out,All,ProtBERT,190,Kernel Ridge,90/10,0.48079387834654885,0.06537600282759072
Rg norm w/0.427,pH regr out,All,ProtBERT,190,GPR,90/10,0.38534409374764533,0.07113191340886392
Rg norm w/0.427,pH regr out,Inliers,ProtBERT,190,Linear,80/20,-0.8020398239026427,0.12504498692706895
Rg norm w/0.427,pH regr out,Inliers,ProtBERT,190,Ridge,80/20,0.008096695437554868,0.09277239359656059
Rg norm w/0.427,pH regr out,Inliers,ProtBERT,190,Lasso,80/20,-0.06469779560418121,0.09611635012032256
Rg norm w/0.427,pH regr out,Inliers,ProtBERT,190,Kernel Ridge,80/20,0.1515076689440017,0.08580410269345592
Rg norm w/0.427,pH regr out,Inliers,ProtBERT,190,GPR,80/20,0.1288668842960936,0.08694134510814826
Rg norm w/0.427,pH regr out,Inliers,ProtBERT,190,Linear,85/15,-0.41248217180511015,0.10274788131024067
Rg norm w/0.427,pH regr out,Inliers,ProtBERT,190,Ridge,85/15,0.12075352990549282,0.0810656192610715
Rg norm w/0.427,pH regr out,Inliers,ProtBERT,190,Lasso,85/15,-0.015391021922954495,0.08711602431407837
Rg norm w/0.427,pH regr out,Inliers,ProtBERT,190,Kernel Ridge,85/15,0.2863956449548485,0.07303148538393385
Rg norm w/0.427,pH regr out,Inliers,ProtBERT,190,GPR,85/15,0.20499766879285808,0.07708423895031873
Rg norm w/0.427,pH regr out,Inliers,ProtBERT,190,Linear,90/10,-0.5996644282391368,0.10596467051815153
Rg norm w/0.427,pH regr out,Inliers,ProtBERT,190,Ridge,90/10,-0.0003563164785604922,0.0837961388469969
Rg norm w/0.427,pH regr out,Inliers,ProtBERT,190,Lasso,90/10,-0.11532637715605132,0.08848051361402856
Rg norm w/0.427,pH regr out,Inliers,ProtBERT,190,Kernel Ridge,90/10,0.27854885389993045,0.07116232227290878
Rg norm w/0.427,pH regr out,Inliers,ProtBERT,190,GPR,90/10,0.32203652715623343,0.0689842260458423
Rg norm w/0.5,pH regr out,All,ProtBERT,10,Linear,80/20,-0.948450676577651,0.1023792877684196
Rg norm w/0.5,pH regr out,All,ProtBERT,10,Ridge,80/20,-0.8322943740780018,0.09928074324610374
Rg norm w/0.5,pH regr out,All,ProtBERT,10,Lasso,80/20,-0.4321599039601518,0.08777344637652063
Rg norm w/0.5,pH regr out,All,ProtBERT,10,Kernel Ridge,80/20,0.28230925834350007,0.06213496636677976
Rg norm w/0.5,pH regr out,All,ProtBERT,10,GPR,80/20,0.11222076627927902,0.06910665732683302
Rg norm w/0.5,pH regr out,All,ProtBERT,10,Linear,85/15,-1.1115358028496218,0.09460982256649293
Rg norm w/0.5,pH regr out,All,ProtBERT,10,Ridge,85/15,-0.9921547125857884,0.09189640768099426
Rg norm w/0.5,pH regr out,All,ProtBERT,10,Lasso,85/15,-0.43117807613069803,0.0778903832169572
Rg norm w/0.5,pH regr out,All,ProtBERT,10,Kernel Ridge,85/15,0.2645890871502009,0.05583442374495444
Rg norm w/0.5,pH regr out,All,ProtBERT,10,GPR,85/15,0.21553557231348364,0.05766650496358042
Rg norm w/0.5,pH regr out,All,ProtBERT,10,Linear,90/10,-0.4803132509828725,0.07777824055098909
Rg norm w/0.5,pH regr out,All,ProtBERT,10,Ridge,90/10,-0.41565425213532237,0.07606062681485272
Rg norm w/0.5,pH regr out,All,ProtBERT,10,Lasso,90/10,-0.2113484439909321,0.07035838207992663
Rg norm w/0.5,pH regr out,All,ProtBERT,10,Kernel Ridge,90/10,0.4440888141324617,0.047663289018832634
Rg norm w/0.5,pH regr out,All,ProtBERT,10,GPR,90/10,0.5132236835944395,0.04460114634883645
Rg norm w/0.5,pH regr out,Inliers,ProtBERT,10,Linear,80/20,-0.35439884381702336,0.07188423403063765
Rg norm w/0.5,pH regr out,Inliers,ProtBERT,10,Ridge,80/20,-0.17745167661093197,0.06702424159410648
Rg norm w/0.5,pH regr out,Inliers,ProtBERT,10,Lasso,80/20,-0.160004681092905,0.06652581950294549
Rg norm w/0.5,pH regr out,Inliers,ProtBERT,10,Kernel Ridge,80/20,-0.2812238577671531,0.06991540388266042
Rg norm w/0.5,pH regr out,Inliers,ProtBERT,10,GPR,80/20,-0.20370722814770903,0.06776739576802061
Rg norm w/0.5,pH regr out,Inliers,ProtBERT,10,Linear,85/15,-0.1913660168681166,0.0629638584996924
Rg norm w/0.5,pH regr out,Inliers,ProtBERT,10,Ridge,85/15,-0.11616766704391002,0.060944349963323076
Rg norm w/0.5,pH regr out,Inliers,ProtBERT,10,Lasso,85/15,-0.11119649983953561,0.06080848209571181
Rg norm w/0.5,pH regr out,Inliers,ProtBERT,10,Kernel Ridge,85/15,-0.24251699705547236,0.06430132164735262
Rg norm w/0.5,pH regr out,Inliers,ProtBERT,10,GPR,85/15,-0.1374300519624505,0.06152208983933199
Rg norm w/0.5,pH regr out,Inliers,ProtBERT,10,Linear,90/10,-0.46939391522502794,0.06443974012066567
Rg norm w/0.5,pH regr out,Inliers,ProtBERT,10,Ridge,90/10,-0.37907372469234724,0.0624278536712563
Rg norm w/0.5,pH regr out,Inliers,ProtBERT,10,Lasso,90/10,-0.3664352410847558,0.062141136072616426
Rg norm w/0.5,pH regr out,Inliers,ProtBERT,10,Kernel Ridge,90/10,-0.23077236389533917,0.058975757759139436
Rg norm w/0.5,pH regr out,Inliers,ProtBERT,10,GPR,90/10,-0.051643362209538246,0.054515362494265585
Rg norm w/0.5,pH regr out,All,ProtBERT,20,Linear,80/20,-0.9380963009386833,0.10210689552356782
Rg norm w/0.5,pH regr out,All,ProtBERT,20,Ridge,80/20,-0.6380224720510574,0.09387010928437478
Rg norm w/0.5,pH regr out,All,ProtBERT,20,Lasso,80/20,-0.432159886151382,0.08777344583079347
Rg norm w/0.5,pH regr out,All,ProtBERT,20,Kernel Ridge,80/20,0.2791352482373852,0.06227221172259223
Rg norm w/0.5,pH regr out,All,ProtBERT,20,GPR,80/20,0.15827172566760317,0.06729043774928477
Rg norm w/0.5,pH regr out,All,ProtBERT,20,Linear,85/15,-1.2545793405378394,0.0977619295428614
Rg norm w/0.5,pH regr out,All,ProtBERT,20,Ridge,85/15,-0.8968085390083116,0.08967032652706063
Rg norm w/0.5,pH regr out,All,ProtBERT,20,Lasso,85/15,-0.4311780713124618,0.07789038308584344
Rg norm w/0.5,pH regr out,All,ProtBERT,20,Kernel Ridge,85/15,-0.9871220807231633,0.09178025875977087
Rg norm w/0.5,pH regr out,All,ProtBERT,20,GPR,85/15,0.07876776101060745,0.062491588904109024
Rg norm w/0.5,pH regr out,All,ProtBERT,20,Linear,90/10,-0.8263576266694088,0.08639213613012743
Rg norm w/0.5,pH regr out,All,ProtBERT,20,Ridge,90/10,-0.4277559685026009,0.07638503701183555
Rg norm w/0.5,pH regr out,All,ProtBERT,20,Lasso,90/10,-0.2113484055835475,0.07035838096452443
Rg norm w/0.5,pH regr out,All,ProtBERT,20,Kernel Ridge,90/10,0.43782441870217814,0.04793108830673979
Rg norm w/0.5,pH regr out,All,ProtBERT,20,GPR,90/10,0.4513831163125239,0.047349553244156545
Rg norm w/0.5,pH regr out,Inliers,ProtBERT,20,Linear,80/20,-0.20643377209879277,0.06784410307064719
Rg norm w/0.5,pH regr out,Inliers,ProtBERT,20,Ridge,80/20,0.0249178069987418,0.06099313761500095
Rg norm w/0.5,pH regr out,Inliers,ProtBERT,20,Lasso,80/20,-0.004206814650795643,0.06189733408157281
Rg norm w/0.5,pH regr out,Inliers,ProtBERT,20,Kernel Ridge,80/20,-0.08868689883891379,0.06444835853675736
Rg norm w/0.5,pH regr out,Inliers,ProtBERT,20,GPR,80/20,0.04083310446922028,0.060493324555186766
Rg norm w/0.5,pH regr out,Inliers,ProtBERT,20,Linear,85/15,0.01424529400768726,0.05727342562743588
Rg norm w/0.5,pH regr out,Inliers,ProtBERT,20,Ridge,85/15,0.0861885249318517,0.05514384362997151
Rg norm w/0.5,pH regr out,Inliers,ProtBERT,20,Lasso,85/15,0.08865268578520047,0.05506944369460731
Rg norm w/0.5,pH regr out,Inliers,ProtBERT,20,Kernel Ridge,85/15,0.14764851390880684,0.05325717081322283
Rg norm w/0.5,pH regr out,Inliers,ProtBERT,20,GPR,85/15,0.06183896981316617,0.055873699122909584
Rg norm w/0.5,pH regr out,Inliers,ProtBERT,20,Linear,90/10,-0.31312991272805846,0.06091700023377385
Rg norm w/0.5,pH regr out,Inliers,ProtBERT,20,Ridge,90/10,-0.16271442173346462,0.05732198107005329
Rg norm w/0.5,pH regr out,Inliers,ProtBERT,20,Lasso,90/10,-0.10779170995786735,0.05595175549673703
Rg norm w/0.5,pH regr out,Inliers,ProtBERT,20,Kernel Ridge,90/10,-0.07603312777839366,0.055143900620091876
Rg norm w/0.5,pH regr out,Inliers,ProtBERT,20,GPR,90/10,0.014239568695311178,0.05278011746968967
Rg norm w/0.5,pH regr out,All,ProtBERT,50,Linear,80/20,-5.706811094513572,0.18994393581102953
Rg norm w/0.5,pH regr out,All,ProtBERT,50,Ridge,80/20,-1.1811437079537752,0.10832022065639507
Rg norm w/0.5,pH regr out,All,ProtBERT,50,Lasso,80/20,-0.4321599037024202,0.08777344636862278
Rg norm w/0.5,pH regr out,All,ProtBERT,50,Kernel Ridge,80/20,0.028202309645747103,0.0723028351037193
Rg norm w/0.5,pH regr out,All,ProtBERT,50,GPR,80/20,-0.04433186205868078,0.07495259263898088
Rg norm w/0.5,pH regr out,All,ProtBERT,50,Linear,85/15,-6.984545709312624,0.18397639680167932
Rg norm w/0.5,pH regr out,All,ProtBERT,50,Ridge,85/15,-1.9072348112481685,0.1110138228765802
Rg norm w/0.5,pH regr out,All,ProtBERT,50,Lasso,85/15,-0.43117807477906767,0.07789038318017666
Rg norm w/0.5,pH regr out,All,ProtBERT,50,Kernel Ridge,85/15,-0.10790910696013056,0.06853131563631362
Rg norm w/0.5,pH regr out,All,ProtBERT,50,GPR,85/15,-0.2411572704229683,0.07253546691715093
Rg norm w/0.5,pH regr out,All,ProtBERT,50,Linear,90/10,-4.288989312259724,0.14701703031811134
Rg norm w/0.5,pH regr out,All,ProtBERT,50,Ridge,90/10,-1.390678761278041,0.09884208839902128
Rg norm w/0.5,pH regr out,All,ProtBERT,50,Lasso,90/10,-0.21134844259136498,0.07035838203928131
Rg norm w/0.5,pH regr out,All,ProtBERT,50,Kernel Ridge,90/10,0.4365068609085897,0.04798722292232555
Rg norm w/0.5,pH regr out,All,ProtBERT,50,GPR,90/10,0.41931895071386327,0.048713589006592284
Rg norm w/0.5,pH regr out,Inliers,ProtBERT,50,Linear,80/20,-0.6498184123713622,0.07933748611460573
Rg norm w/0.5,pH regr out,Inliers,ProtBERT,50,Ridge,80/20,-0.06012040315774314,0.06359719464518739
Rg norm w/0.5,pH regr out,Inliers,ProtBERT,50,Lasso,80/20,-0.0680195273931321,0.06383369128056025
Rg norm w/0.5,pH regr out,Inliers,ProtBERT,50,Kernel Ridge,80/20,0.0607359665804349,0.05986241157110069
Rg norm w/0.5,pH regr out,Inliers,ProtBERT,50,GPR,80/20,0.06573332020418143,0.05970295022557275
Rg norm w/0.5,pH regr out,Inliers,ProtBERT,50,Linear,85/15,-0.3338541867557352,0.06662280419263991
Rg norm w/0.5,pH regr out,Inliers,ProtBERT,50,Ridge,85/15,0.10061305311545654,0.05470688922832535
Rg norm w/0.5,pH regr out,Inliers,ProtBERT,50,Lasso,85/15,0.17994087709895745,0.05223857392150007
Rg norm w/0.5,pH regr out,Inliers,ProtBERT,50,Kernel Ridge,85/15,0.24801074439738446,0.05002355450830898
Rg norm w/0.5,pH regr out,Inliers,ProtBERT,50,GPR,85/15,0.16922655936303155,0.05257872278723841
Rg norm w/0.5,pH regr out,Inliers,ProtBERT,50,Linear,90/10,-1.0937548776287929,0.07692147081610658
Rg norm w/0.5,pH regr out,Inliers,ProtBERT,50,Ridge,90/10,-0.17689671637343496,0.05767051601041427
Rg norm w/0.5,pH regr out,Inliers,ProtBERT,50,Lasso,90/10,-0.08187302336006574,0.05529333787009804
Rg norm w/0.5,pH regr out,Inliers,ProtBERT,50,Kernel Ridge,90/10,0.09851826455888102,0.0504734658985956
Rg norm w/0.5,pH regr out,Inliers,ProtBERT,50,GPR,90/10,0.2036885264870526,0.04743797570606545
Rg norm w/0.5,pH regr out,All,ProtBERT,100,Linear,80/20,-57.7557111577315,0.5622020686548375
Rg norm w/0.5,pH regr out,All,ProtBERT,100,Ridge,80/20,-1.5969001053599245,0.11819388763278653
Rg norm w/0.5,pH regr out,All,ProtBERT,100,Lasso,80/20,-0.4321599038038124,0.0877734463717298
Rg norm w/0.5,pH regr out,All,ProtBERT,100,Kernel Ridge,80/20,0.16255548397143638,0.06711899069947724
Rg norm w/0.5,pH regr out,All,ProtBERT,100,GPR,80/20,-0.09984498086368632,0.0769189123020828
Rg norm w/0.5,pH regr out,All,ProtBERT,100,Linear,85/15,-86.70992902669896,0.6097634420287057
Rg norm w/0.5,pH regr out,All,ProtBERT,100,Ridge,85/15,-2.574537724733733,0.12309685168740692
Rg norm w/0.5,pH regr out,All,ProtBERT,100,Lasso,85/15,-0.4311780750135088,0.07789038318655626
Rg norm w/0.5,pH regr out,All,ProtBERT,100,Kernel Ridge,85/15,0.09345514092030571,0.06199142974774561
Rg norm w/0.5,pH regr out,All,ProtBERT,100,GPR,85/15,-0.3203789520379663,0.0748145898736495
Rg norm w/0.5,pH regr out,All,ProtBERT,100,Linear,90/10,-37.22325023973303,0.39522563697080465
Rg norm w/0.5,pH regr out,All,ProtBERT,100,Ridge,90/10,-2.0505890330026912,0.11165370878359848
Rg norm w/0.5,pH regr out,All,ProtBERT,100,Lasso,90/10,-0.21134844251241125,0.0703583820369884
Rg norm w/0.5,pH regr out,All,ProtBERT,100,Kernel Ridge,90/10,0.43601506085809705,0.04800815926555214
Rg norm w/0.5,pH regr out,All,ProtBERT,100,GPR,90/10,0.5042162759375339,0.045011909176891796
Rg norm w/0.5,pH regr out,Inliers,ProtBERT,100,Linear,80/20,-4.965441853998251,0.1508626286733978
Rg norm w/0.5,pH regr out,Inliers,ProtBERT,100,Ridge,80/20,-0.026176237457905094,0.06257074689823426
Rg norm w/0.5,pH regr out,Inliers,ProtBERT,100,Lasso,80/20,-0.03645914261884142,0.06288346376965677
Rg norm w/0.5,pH regr out,Inliers,ProtBERT,100,Kernel Ridge,80/20,0.09595841376179393,0.058729265123232594
Rg norm w/0.5,pH regr out,Inliers,ProtBERT,100,GPR,80/20,0.12200398479721619,0.057877083011403936
Rg norm w/0.5,pH regr out,Inliers,ProtBERT,100,Linear,85/15,-9.37081999907275,0.1857698705834746
Rg norm w/0.5,pH regr out,Inliers,ProtBERT,100,Ridge,85/15,0.16525214283927958,0.052704340917820953
Rg norm w/0.5,pH regr out,Inliers,ProtBERT,100,Lasso,85/15,0.1970695550101097,0.05169013816974408
Rg norm w/0.5,pH regr out,Inliers,ProtBERT,100,Kernel Ridge,85/15,0.25529260048734337,0.049780764832474865
Rg norm w/0.5,pH regr out,Inliers,ProtBERT,100,GPR,85/15,0.19963907345333876,0.05160736313275326
Rg norm w/0.5,pH regr out,Inliers,ProtBERT,100,Linear,90/10,-11.147911086766994,0.18528295309425352
Rg norm w/0.5,pH regr out,Inliers,ProtBERT,100,Ridge,90/10,-0.0633441296361863,0.05481779730024677
Rg norm w/0.5,pH regr out,Inliers,ProtBERT,100,Lasso,90/10,-0.07558856705747896,0.05513250815262774
Rg norm w/0.5,pH regr out,Inliers,ProtBERT,100,Kernel Ridge,90/10,0.12099069812404728,0.04984038600355678
Rg norm w/0.5,pH regr out,Inliers,ProtBERT,100,GPR,90/10,0.22233606195976963,0.046879248583238615
Rg norm w/0.5,pH regr out,All,ProtBERT,190,Linear,80/20,-20.9385266978111,0.3435351065362497
Rg norm w/0.5,pH regr out,All,ProtBERT,190,Ridge,80/20,-1.4835497427161215,0.11558562538333278
Rg norm w/0.5,pH regr out,All,ProtBERT,190,Lasso,80/20,-0.43215990380366986,0.08777344637172543
Rg norm w/0.5,pH regr out,All,ProtBERT,190,Kernel Ridge,80/20,0.23616759562861012,0.06410124063030416
Rg norm w/0.5,pH regr out,All,ProtBERT,190,GPR,80/20,-0.03287991804968393,0.07454050188021534
Rg norm w/0.5,pH regr out,All,ProtBERT,190,Linear,85/15,-31.32978309668279,0.3702016913762057
Rg norm w/0.5,pH regr out,All,ProtBERT,190,Ridge,85/15,-2.411257990156615,0.12025254767843994
Rg norm w/0.5,pH regr out,All,ProtBERT,190,Lasso,85/15,-0.4311780750130465,0.07789038318654368
Rg norm w/0.5,pH regr out,All,ProtBERT,190,Kernel Ridge,85/15,0.20637439136433677,0.05800224985031798
Rg norm w/0.5,pH regr out,All,ProtBERT,190,GPR,85/15,-0.21285689401744157,0.07170373588630233
Rg norm w/0.5,pH regr out,All,ProtBERT,190,Linear,90/10,-32.42973331301276,0.36961344207939767
Rg norm w/0.5,pH regr out,All,ProtBERT,190,Ridge,90/10,-1.8145911581172296,0.10724794040880516
Rg norm w/0.5,pH regr out,All,ProtBERT,190,Lasso,90/10,-0.21134844251228824,0.07035838203698482
Rg norm w/0.5,pH regr out,All,ProtBERT,190,Kernel Ridge,90/10,0.49341394335397715,0.0454996354715164
Rg norm w/0.5,pH regr out,All,ProtBERT,190,GPR,90/10,0.39862814971575367,0.049573872888017734
Rg norm w/0.5,pH regr out,Inliers,ProtBERT,190,Linear,80/20,-0.8881119433965023,0.08487391431754934
Rg norm w/0.5,pH regr out,Inliers,ProtBERT,190,Ridge,80/20,-0.00013504820290988206,0.061771718778879985
Rg norm w/0.5,pH regr out,Inliers,ProtBERT,190,Lasso,80/20,-0.03644683729469089,0.06288309047771003
Rg norm w/0.5,pH regr out,Inliers,ProtBERT,190,Kernel Ridge,80/20,0.14969535451682747,0.0569570697401781
Rg norm w/0.5,pH regr out,Inliers,ProtBERT,190,GPR,80/20,0.1528379196877817,0.05685172103346893
Rg norm w/0.5,pH regr out,Inliers,ProtBERT,190,Linear,85/15,-0.4374964238087937,0.06916272829478755
Rg norm w/0.5,pH regr out,Inliers,ProtBERT,190,Ridge,85/15,0.1826952996162835,0.05215077041688256
Rg norm w/0.5,pH regr out,Inliers,ProtBERT,190,Lasso,85/15,0.19707593309143911,0.05168993286892261
Rg norm w/0.5,pH regr out,Inliers,ProtBERT,190,Kernel Ridge,85/15,0.31492154045245613,0.047746208098217384
Rg norm w/0.5,pH regr out,Inliers,ProtBERT,190,GPR,85/15,0.2608999348879124,0.0495929965695633
Rg norm w/0.5,pH regr out,Inliers,ProtBERT,190,Linear,90/10,-0.7569406345667709,0.07046333679956615
Rg norm w/0.5,pH regr out,Inliers,ProtBERT,190,Ridge,90/10,-0.029089687553429888,0.053927622599399073
Rg norm w/0.5,pH regr out,Inliers,ProtBERT,190,Lasso,90/10,-0.07558269679598517,0.05513235770351961
Rg norm w/0.5,pH regr out,Inliers,ProtBERT,190,Kernel Ridge,90/10,0.21742777386423362,0.04702695694356172
Rg norm w/0.5,pH regr out,Inliers,ProtBERT,190,GPR,90/10,0.2600391315297681,0.045728719295643455
Rg norm w/0.418,pH regr out,All,ProtBERT,10,Linear,80/20,-0.9583735004236953,0.15478543483575405
Rg norm w/0.418,pH regr out,All,ProtBERT,10,Ridge,80/20,-0.8293416935686111,0.14959936358787643
Rg norm w/0.418,pH regr out,All,ProtBERT,10,Lasso,80/20,-0.34333695789054386,0.12819609941600976
Rg norm w/0.418,pH regr out,All,ProtBERT,10,Kernel Ridge,80/20,0.2347881016762844,0.09675494864607359
Rg norm w/0.418,pH regr out,All,ProtBERT,10,GPR,80/20,0.054068430222592445,0.10757520679437457
Rg norm w/0.418,pH regr out,All,ProtBERT,10,Linear,85/15,-1.1146013027703745,0.1471970586983745
Rg norm w/0.418,pH regr out,All,ProtBERT,10,Ridge,85/15,-0.996572559766137,0.14303009703620181
Rg norm w/0.418,pH regr out,All,ProtBERT,10,Lasso,85/15,-0.2037272254484348,0.11105776416861483
Rg norm w/0.418,pH regr out,All,ProtBERT,10,Kernel Ridge,85/15,0.19524787688274015,0.09080629364165896
Rg norm w/0.418,pH regr out,All,ProtBERT,10,GPR,85/15,0.15060916459193552,0.09329076828630663
Rg norm w/0.418,pH regr out,All,ProtBERT,10,Linear,90/10,-0.568586582146172,0.11905909598137639
Rg norm w/0.418,pH regr out,All,ProtBERT,10,Ridge,90/10,-0.49579207157998106,0.11626364815020719
Rg norm w/0.418,pH regr out,All,ProtBERT,10,Lasso,90/10,-0.2121822862663747,0.10466278804299084
Rg norm w/0.418,pH regr out,All,ProtBERT,10,Kernel Ridge,90/10,0.4211408042882836,0.07232605898041473
Rg norm w/0.418,pH regr out,All,ProtBERT,10,GPR,90/10,0.43520466624590604,0.07144204585623096
Rg norm w/0.418,pH regr out,Inliers,ProtBERT,10,Linear,80/20,-0.2917029348478657,0.11183941645327955
Rg norm w/0.418,pH regr out,Inliers,ProtBERT,10,Ridge,80/20,-0.17393021356046678,0.10661902564528568
Rg norm w/0.418,pH regr out,Inliers,ProtBERT,10,Lasso,80/20,-0.17972159117717212,0.10688169516265028
Rg norm w/0.418,pH regr out,Inliers,ProtBERT,10,Kernel Ridge,80/20,-0.20808327678109428,0.10815883617783485
Rg norm w/0.418,pH regr out,Inliers,ProtBERT,10,GPR,80/20,-0.13899354008997022,0.10502052855075221
Rg norm w/0.418,pH regr out,Inliers,ProtBERT,10,Linear,85/15,-0.20423226199412836,0.10014670461834199
Rg norm w/0.418,pH regr out,Inliers,ProtBERT,10,Ridge,85/15,-0.16099860830342538,0.09833256859662425
Rg norm w/0.418,pH regr out,Inliers,ProtBERT,10,Lasso,85/15,-0.1346102151461761,0.097208642608485
Rg norm w/0.418,pH regr out,Inliers,ProtBERT,10,Kernel Ridge,85/15,-0.17388171019138454,0.09887664052441704
Rg norm w/0.418,pH regr out,Inliers,ProtBERT,10,GPR,85/15,-0.09469364795815505,0.09548339079060829
Rg norm w/0.418,pH regr out,Inliers,ProtBERT,10,Linear,90/10,-0.27575278166983486,0.10037724042059684
Rg norm w/0.418,pH regr out,Inliers,ProtBERT,10,Ridge,90/10,-0.23921513645892123,0.09892939305359123
Rg norm w/0.418,pH regr out,Inliers,ProtBERT,10,Lasso,90/10,-0.2172080049334959,0.09804701804647398
Rg norm w/0.418,pH regr out,Inliers,ProtBERT,10,Kernel Ridge,90/10,-0.08551767474057148,0.09259135495015668
Rg norm w/0.418,pH regr out,Inliers,ProtBERT,10,GPR,90/10,0.11634141548084598,0.08353995563919935
Rg norm w/0.418,pH regr out,All,ProtBERT,20,Linear,80/20,-0.9181247871166642,0.1531865934286997
Rg norm w/0.418,pH regr out,All,ProtBERT,20,Ridge,80/20,-0.6262545199676606,0.14105113590561108
Rg norm w/0.418,pH regr out,All,ProtBERT,20,Lasso,80/20,-0.48402703610756426,0.13474207655815815
Rg norm w/0.418,pH regr out,All,ProtBERT,20,Kernel Ridge,80/20,0.23268636579461643,0.0968877314126988
Rg norm w/0.418,pH regr out,All,ProtBERT,20,GPR,80/20,0.11918590362539971,0.10380647835640483
Rg norm w/0.418,pH regr out,All,ProtBERT,20,Linear,85/15,-1.1933106014050252,0.14991150120019928
Rg norm w/0.418,pH regr out,All,ProtBERT,20,Ridge,85/15,-0.8743641440851517,0.13858360934975278
Rg norm w/0.418,pH regr out,All,ProtBERT,20,Lasso,85/15,-0.2037272254484348,0.11105776416861483
Rg norm w/0.418,pH regr out,All,ProtBERT,20,Kernel Ridge,85/15,-0.9632985352759149,0.1418332503348192
Rg norm w/0.418,pH regr out,All,ProtBERT,20,GPR,85/15,0.0399753403859896,0.0991804509516112
Rg norm w/0.418,pH regr out,All,ProtBERT,20,Linear,90/10,-0.9033926500927951,0.13115127795094925
Rg norm w/0.418,pH regr out,All,ProtBERT,20,Ridge,90/10,-0.5174899775580633,0.1171038702118549
Rg norm w/0.418,pH regr out,All,ProtBERT,20,Lasso,90/10,-0.2121822862663747,0.10466278804299084
Rg norm w/0.418,pH regr out,All,ProtBERT,20,Kernel Ridge,90/10,0.4140374276055242,0.07276847460884979
Rg norm w/0.418,pH regr out,All,ProtBERT,20,GPR,90/10,0.42634428435242366,0.07200024849265367
Rg norm w/0.418,pH regr out,Inliers,ProtBERT,20,Linear,80/20,-0.14133403532301325,0.10512837547655053
Rg norm w/0.418,pH regr out,Inliers,ProtBERT,20,Ridge,80/20,0.016898248185595488,0.09756921350615606
Rg norm w/0.418,pH regr out,Inliers,ProtBERT,20,Lasso,80/20,0.021857937628233737,0.0973227868927939
Rg norm w/0.418,pH regr out,Inliers,ProtBERT,20,Kernel Ridge,80/20,0.02998047755352906,0.09691785789170815
Rg norm w/0.418,pH regr out,Inliers,ProtBERT,20,GPR,80/20,0.02180305379613756,0.09732551725925856
Rg norm w/0.418,pH regr out,Inliers,ProtBERT,20,Linear,85/15,-0.06377404175315582,0.09412526857002089
Rg norm w/0.418,pH regr out,Inliers,ProtBERT,20,Ridge,85/15,-0.018056491941666808,0.09208045847362437
Rg norm w/0.418,pH regr out,Inliers,ProtBERT,20,Lasso,85/15,0.00033668096892724986,0.09124486070392684
Rg norm w/0.418,pH regr out,Inliers,ProtBERT,20,Kernel Ridge,85/15,0.03314172178890107,0.08973522253698053
Rg norm w/0.418,pH regr out,Inliers,ProtBERT,20,GPR,85/15,0.02941682723675554,0.08990791223350092
Rg norm w/0.418,pH regr out,Inliers,ProtBERT,20,Linear,90/10,-0.34363917792745013,0.10301330456881899
Rg norm w/0.418,pH regr out,Inliers,ProtBERT,20,Ridge,90/10,-0.190707497687306,0.09697382677162493
Rg norm w/0.418,pH regr out,Inliers,ProtBERT,20,Lasso,90/10,-0.13129168773694677,0.09452338980407583
Rg norm w/0.418,pH regr out,Inliers,ProtBERT,20,Kernel Ridge,90/10,-0.05425150210878171,0.09124815755316927
Rg norm w/0.418,pH regr out,Inliers,ProtBERT,20,GPR,90/10,0.12884501181281172,0.08294681292489636
Rg norm w/0.418,pH regr out,All,ProtBERT,50,Linear,80/20,-5.716189721072941,0.28664462826655146
Rg norm w/0.418,pH regr out,All,ProtBERT,50,Ridge,80/20,-1.1949880431698596,0.1638696058216524
Rg norm w/0.418,pH regr out,All,ProtBERT,50,Lasso,80/20,-0.34333695789054386,0.12819609941600976
Rg norm w/0.418,pH regr out,All,ProtBERT,50,Kernel Ridge,80/20,-0.02337695246915139,0.1118922857111875
Rg norm w/0.418,pH regr out,All,ProtBERT,50,GPR,80/20,-0.09232399156404658,0.11560006169844718
Rg norm w/0.418,pH regr out,All,ProtBERT,50,Linear,85/15,-6.581574289066881,0.2787177206462528
Rg norm w/0.418,pH regr out,All,ProtBERT,50,Ridge,85/15,-1.854139220815711,0.1710103756762739
Rg norm w/0.418,pH regr out,All,ProtBERT,50,Lasso,85/15,-0.2037272254484348,0.11105776416861483
Rg norm w/0.418,pH regr out,All,ProtBERT,50,Kernel Ridge,85/15,-0.1593769688172304,0.1089926516845305
Rg norm w/0.418,pH regr out,All,ProtBERT,50,GPR,85/15,-0.2796144441553412,0.1145050000103274
Rg norm w/0.418,pH regr out,All,ProtBERT,50,Linear,90/10,-4.445865894664813,0.22184099478910527
Rg norm w/0.418,pH regr out,All,ProtBERT,50,Ridge,90/10,-1.494694815564908,0.15014713337733357
Rg norm w/0.418,pH regr out,All,ProtBERT,50,Lasso,90/10,-0.2121822862663747,0.10466278804299084
Rg norm w/0.418,pH regr out,All,ProtBERT,50,Kernel Ridge,90/10,0.4123820891295269,0.07287118723027677
Rg norm w/0.418,pH regr out,All,ProtBERT,50,GPR,90/10,0.3938740259367943,0.0740098936768605
Rg norm w/0.418,pH regr out,Inliers,ProtBERT,50,Linear,80/20,-0.5607672531877639,0.12293700863486744
Rg norm w/0.418,pH regr out,Inliers,ProtBERT,50,Ridge,80/20,-0.04439553980483768,0.10056481834286825
Rg norm w/0.418,pH regr out,Inliers,ProtBERT,50,Lasso,80/20,-0.10302047615477816,0.1033487805353004
Rg norm w/0.418,pH regr out,Inliers,ProtBERT,50,Kernel Ridge,80/20,0.10850271141877932,0.09291237949375782
Rg norm w/0.418,pH regr out,Inliers,ProtBERT,50,GPR,80/20,0.03898034454621491,0.09646720693313048
Rg norm w/0.418,pH regr out,Inliers,ProtBERT,50,Linear,85/15,-0.2999062187837751,0.10404891237597343
Rg norm w/0.418,pH regr out,Inliers,ProtBERT,50,Ridge,85/15,0.03262331902644333,0.08975927608982406
Rg norm w/0.418,pH regr out,Inliers,ProtBERT,50,Lasso,85/15,0.0005347459097541085,0.09123582100883167
Rg norm w/0.418,pH regr out,Inliers,ProtBERT,50,Kernel Ridge,85/15,0.11684085544250877,0.0857632083289616
Rg norm w/0.418,pH regr out,Inliers,ProtBERT,50,GPR,85/15,0.10677389632986778,0.08625062233601857
Rg norm w/0.418,pH regr out,Inliers,ProtBERT,50,Linear,90/10,-0.8192033148892126,0.11986506058320648
Rg norm w/0.418,pH regr out,Inliers,ProtBERT,50,Ridge,90/10,-0.13298126986512315,0.09459394872646974
Rg norm w/0.418,pH regr out,Inliers,ProtBERT,50,Lasso,90/10,-0.08506863831812295,0.09257220224895288
Rg norm w/0.418,pH regr out,Inliers,ProtBERT,50,Kernel Ridge,90/10,0.053213986418924275,0.086472478437073
Rg norm w/0.418,pH regr out,Inliers,ProtBERT,50,GPR,90/10,0.27616565578562713,0.07560866721213558
Rg norm w/0.418,pH regr out,All,ProtBERT,100,Linear,80/20,-56.4515839791496,0.8383653744824957
Rg norm w/0.418,pH regr out,All,ProtBERT,100,Ridge,80/20,-1.6092966981617178,0.17866688347397672
Rg norm w/0.418,pH regr out,All,ProtBERT,100,Lasso,80/20,-0.34333695789054386,0.12819609941600976
Rg norm w/0.418,pH regr out,All,ProtBERT,100,Kernel Ridge,80/20,0.1076418502216272,0.10448451395718276
Rg norm w/0.418,pH regr out,All,ProtBERT,100,GPR,80/20,-0.1497896050418801,0.11860186508311917
Rg norm w/0.418,pH regr out,All,ProtBERT,100,Linear,85/15,-79.1991879323661,0.906504302419243
Rg norm w/0.418,pH regr out,All,ProtBERT,100,Ridge,85/15,-2.4681318058937065,0.18850925691434572
Rg norm w/0.418,pH regr out,All,ProtBERT,100,Lasso,85/15,-0.2037272254484348,0.11105776416861483
Rg norm w/0.418,pH regr out,All,ProtBERT,100,Kernel Ridge,85/15,0.026894787015897648,0.09985384298347316
Rg norm w/0.418,pH regr out,All,ProtBERT,100,GPR,85/15,-0.3583211416430112,0.11797394830093486
Rg norm w/0.418,pH regr out,All,ProtBERT,100,Linear,90/10,-38.120467738183976,0.5945800759405859
Rg norm w/0.418,pH regr out,All,ProtBERT,100,Ridge,90/10,-2.1728134770257106,0.16932871147358808
Rg norm w/0.418,pH regr out,All,ProtBERT,100,Lasso,90/10,-0.2121822862663747,0.10466278804299084
Rg norm w/0.418,pH regr out,All,ProtBERT,100,Kernel Ridge,90/10,0.4118428314826468,0.07290461654955323
Rg norm w/0.418,pH regr out,All,ProtBERT,100,GPR,90/10,0.3513164498173833,0.07656402831915196
Rg norm w/0.418,pH regr out,Inliers,ProtBERT,100,Linear,80/20,-5.540494516424572,0.25166270606911545
Rg norm w/0.418,pH regr out,Inliers,ProtBERT,100,Ridge,80/20,-0.008219035982187206,0.09880775133009355
Rg norm w/0.418,pH regr out,Inliers,ProtBERT,100,Lasso,80/20,-0.059854091734370396,0.1013063363134469
Rg norm w/0.418,pH regr out,Inliers,ProtBERT,100,Kernel Ridge,80/20,0.10780884870522467,0.09294852985412892
Rg norm w/0.418,pH regr out,Inliers,ProtBERT,100,GPR,80/20,0.08981221083622049,0.09388129499978758
Rg norm w/0.418,pH regr out,Inliers,ProtBERT,100,Linear,85/15,-9.90956842250178,0.3014291989379149
Rg norm w/0.418,pH regr out,Inliers,ProtBERT,100,Ridge,85/15,0.10214967229037386,0.0864735935024369
Rg norm w/0.418,pH regr out,Inliers,ProtBERT,100,Lasso,85/15,0.0005376648506401072,0.09123568778150756
Rg norm w/0.418,pH regr out,Inliers,ProtBERT,100,Kernel Ridge,85/15,0.2295125894341168,0.08010586375479042
Rg norm w/0.418,pH regr out,Inliers,ProtBERT,100,GPR,85/15,0.14145241354493443,0.08455975578127918
Rg norm w/0.418,pH regr out,Inliers,ProtBERT,100,Linear,90/10,-11.373445310760351,0.3126060014772948
Rg norm w/0.418,pH regr out,Inliers,ProtBERT,100,Ridge,90/10,-0.021216526911469247,0.08980714850448976
Rg norm w/0.418,pH regr out,Inliers,ProtBERT,100,Lasso,90/10,-0.08506504079170507,0.09257204878805307
Rg norm w/0.418,pH regr out,Inliers,ProtBERT,100,Kernel Ridge,90/10,0.20803637133917607,0.07908691013158982
Rg norm w/0.418,pH regr out,Inliers,ProtBERT,100,GPR,90/10,0.30011737481100675,0.074347196372092
Rg norm w/0.418,pH regr out,All,ProtBERT,190,Linear,80/20,-20.50086646042744,0.5128735599302012
Rg norm w/0.418,pH regr out,All,ProtBERT,190,Ridge,80/20,-1.49791140492116,0.17481184041446265
Rg norm w/0.418,pH regr out,All,ProtBERT,190,Lasso,80/20,-0.34333695789054386,0.12819609941600976
Rg norm w/0.418,pH regr out,All,ProtBERT,190,Kernel Ridge,80/20,0.18337925693500157,0.09995224042772982
Rg norm w/0.418,pH regr out,All,ProtBERT,190,GPR,80/20,-0.08200433141105279,0.11505270380115575
Rg norm w/0.418,pH regr out,All,ProtBERT,190,Linear,85/15,-28.67902866139492,0.551454551872003
Rg norm w/0.418,pH regr out,All,ProtBERT,190,Ridge,85/15,-2.317892524128097,0.1843809469958426
Rg norm w/0.418,pH regr out,All,ProtBERT,190,Lasso,85/15,-0.2037272254484348,0.11105776416861483
Rg norm w/0.418,pH regr out,All,ProtBERT,190,Kernel Ridge,85/15,0.1360687066810884,0.0940858877196061
Rg norm w/0.418,pH regr out,All,ProtBERT,190,GPR,85/15,-0.2583755951104012,0.11355075541303465
Rg norm w/0.418,pH regr out,All,ProtBERT,190,Linear,90/10,-33.00608196960021,0.5543532926746719
Rg norm w/0.418,pH regr out,All,ProtBERT,190,Ridge,90/10,-1.9324797274816832,0.16278929487354912
Rg norm w/0.418,pH regr out,All,ProtBERT,190,Lasso,90/10,-0.2121822862663747,0.10466278804299084
Rg norm w/0.418,pH regr out,All,ProtBERT,190,Kernel Ridge,90/10,0.4760915551302104,0.06880754014991937
Rg norm w/0.418,pH regr out,All,ProtBERT,190,GPR,90/10,0.3810714546157906,0.07478742655015606
Rg norm w/0.418,pH regr out,Inliers,ProtBERT,190,Linear,80/20,-0.7782697198421669,0.1312237323058878
Rg norm w/0.418,pH regr out,Inliers,ProtBERT,190,Ridge,80/20,0.014768546592979659,0.09767483883671914
Rg norm w/0.418,pH regr out,Inliers,ProtBERT,190,Lasso,80/20,-0.05977098243462553,0.10130236422719546
Rg norm w/0.418,pH regr out,Inliers,ProtBERT,190,Kernel Ridge,80/20,0.15687576305876172,0.090356490890894
Rg norm w/0.418,pH regr out,Inliers,ProtBERT,190,GPR,80/20,0.1304343693723996,0.09176239755625083
Rg norm w/0.418,pH regr out,Inliers,ProtBERT,190,Linear,85/15,-0.3992097040079676,0.1079500725143529
Rg norm w/0.418,pH regr out,Inliers,ProtBERT,190,Ridge,85/15,0.11863017883136728,0.08567628406239275
Rg norm w/0.418,pH regr out,Inliers,ProtBERT,190,Lasso,85/15,0.0005376659972265996,0.09123568772917462
Rg norm w/0.418,pH regr out,Inliers,ProtBERT,190,Kernel Ridge,85/15,0.28748295743226226,0.07703341700503911
Rg norm w/0.418,pH regr out,Inliers,ProtBERT,190,GPR,85/15,0.2042514593843916,0.08140844505694951
Rg norm w/0.418,pH regr out,Inliers,ProtBERT,190,Linear,90/10,-0.5749166208012901,0.11152719334687489
Rg norm w/0.418,pH regr out,Inliers,ProtBERT,190,Ridge,90/10,0.007507285547870279,0.08853513494951148
Rg norm w/0.418,pH regr out,Inliers,ProtBERT,190,Lasso,90/10,-0.08506503960710599,0.09257204873752119
Rg norm w/0.418,pH regr out,Inliers,ProtBERT,190,Kernel Ridge,90/10,0.28877880915537635,0.07494701387319021
Rg norm w/0.418,pH regr out,Inliers,ProtBERT,190,GPR,90/10,0.33127652072188585,0.07267336599594512
Rg w/no norm,buffer regr out,All,ProtBERT,10,Linear,80/20,-0.4941071589879318,1.7100799706034027
Rg w/no norm,buffer regr out,All,ProtBERT,10,Ridge,80/20,-0.37345063717453364,1.6395779709011808
Rg w/no norm,buffer regr out,All,ProtBERT,10,Lasso,80/20,-0.07636293485564472,1.4514594727235728
Rg w/no norm,buffer regr out,All,ProtBERT,10,Kernel Ridge,80/20,0.1676112029032938,1.2764054804829703
Rg w/no norm,buffer regr out,All,ProtBERT,10,GPR,80/20,0.16960493176555524,1.2748759475854143
Rg w/no norm,buffer regr out,All,ProtBERT,10,Linear,85/15,-0.4799537911690235,1.779348273017422
Rg w/no norm,buffer regr out,All,ProtBERT,10,Ridge,85/15,-0.40874454196905785,1.7360131341161755
Rg w/no norm,buffer regr out,All,ProtBERT,10,Lasso,85/15,-0.2414888801681816,1.6297023821819032
Rg w/no norm,buffer regr out,All,ProtBERT,10,Kernel Ridge,85/15,0.1995186523197111,1.308616800793499
Rg w/no norm,buffer regr out,All,ProtBERT,10,GPR,85/15,0.2090035136541809,1.300840832112719
Rg w/no norm,buffer regr out,All,ProtBERT,10,Linear,90/10,-0.17906421896073943,1.467564426389677
Rg w/no norm,buffer regr out,All,ProtBERT,10,Ridge,90/10,-0.16244271229688145,1.4571834345918429
Rg w/no norm,buffer regr out,All,ProtBERT,10,Lasso,90/10,-0.07061000109752036,1.3984408250581688
Rg w/no norm,buffer regr out,All,ProtBERT,10,Kernel Ridge,90/10,0.20761133933654308,1.203088490129769
Rg w/no norm,buffer regr out,All,ProtBERT,10,GPR,90/10,0.15722769817261006,1.2407479686966054
Rg w/no norm,buffer regr out,Inliers,ProtBERT,10,Linear,80/20,0.12795800156093606,1.4800353535252833
Rg w/no norm,buffer regr out,Inliers,ProtBERT,10,Ridge,80/20,0.11572702777180666,1.4903784567165101
Rg w/no norm,buffer regr out,Inliers,ProtBERT,10,Lasso,80/20,0.14542753068363135,1.4651356557363386
Rg w/no norm,buffer regr out,Inliers,ProtBERT,10,Kernel Ridge,80/20,0.1236480265704667,1.483688304306095
Rg w/no norm,buffer regr out,Inliers,ProtBERT,10,GPR,80/20,0.13279490438557073,1.4759250345129646
Rg w/no norm,buffer regr out,Inliers,ProtBERT,10,Linear,85/15,0.24595980762974368,1.2807489803310292
Rg w/no norm,buffer regr out,Inliers,ProtBERT,10,Ridge,85/15,0.21354584016942546,1.3079871517331316
Rg w/no norm,buffer regr out,Inliers,ProtBERT,10,Lasso,85/15,0.2385059672441331,1.2870636451145527
Rg w/no norm,buffer regr out,Inliers,ProtBERT,10,Kernel Ridge,85/15,0.2590826262666709,1.269555409537474
Rg w/no norm,buffer regr out,Inliers,ProtBERT,10,GPR,85/15,0.07997556734707034,1.4147068338749675
Rg w/no norm,buffer regr out,Inliers,ProtBERT,10,Linear,90/10,0.20631617166557992,1.3862554238293918
Rg w/no norm,buffer regr out,Inliers,ProtBERT,10,Ridge,90/10,0.18755824100719232,1.4025411480206031
Rg w/no norm,buffer regr out,Inliers,ProtBERT,10,Lasso,90/10,0.20504692572940697,1.3873634193068864
Rg w/no norm,buffer regr out,Inliers,ProtBERT,10,Kernel Ridge,90/10,0.19452288754249436,1.3965165758577123
Rg w/no norm,buffer regr out,Inliers,ProtBERT,10,GPR,90/10,0.2828790572016441,1.3176974198486717
Rg w/no norm,buffer regr out,All,ProtBERT,20,Linear,80/20,-0.2843253223773712,1.5854884027947531
Rg w/no norm,buffer regr out,All,ProtBERT,20,Ridge,80/20,-0.15585623401897375,1.5041025821400311
Rg w/no norm,buffer regr out,All,ProtBERT,20,Lasso,80/20,-0.008856591888894538,1.4052068720374653
Rg w/no norm,buffer regr out,All,ProtBERT,20,Kernel Ridge,80/20,-0.045681408300190185,1.4306231231407789
Rg w/no norm,buffer regr out,All,ProtBERT,20,GPR,80/20,0.17124742167650475,1.2736144953948902
Rg w/no norm,buffer regr out,All,ProtBERT,20,Linear,85/15,-0.267876596592453,1.6469308929118116
Rg w/no norm,buffer regr out,All,ProtBERT,20,Ridge,85/15,-0.17955711585684098,1.588533473962578
Rg w/no norm,buffer regr out,All,ProtBERT,20,Lasso,85/15,-0.013396304437343298,1.4724024840986574
Rg w/no norm,buffer regr out,All,ProtBERT,20,Kernel Ridge,85/15,0.03710566061431131,1.4352455208103456
Rg w/no norm,buffer regr out,All,ProtBERT,20,GPR,85/15,0.2167173737071616,1.2944823408655872
Rg w/no norm,buffer regr out,All,ProtBERT,20,Linear,90/10,-0.2407336959442994,1.5054548475309317
Rg w/no norm,buffer regr out,All,ProtBERT,20,Ridge,90/10,-0.1330481989441228,1.4386416796817354
Rg w/no norm,buffer regr out,All,ProtBERT,20,Lasso,90/10,0.014940296593891067,1.3414043879229842
Rg w/no norm,buffer regr out,All,ProtBERT,20,Kernel Ridge,90/10,0.3267025862156827,1.109000952316702
Rg w/no norm,buffer regr out,All,ProtBERT,20,GPR,90/10,0.23500445924967184,1.1821100176934596
Rg w/no norm,buffer regr out,Inliers,ProtBERT,20,Linear,80/20,0.17114945266771975,1.442917507893252
Rg w/no norm,buffer regr out,Inliers,ProtBERT,20,Ridge,80/20,0.18913997609932154,1.4271720560786179
Rg w/no norm,buffer regr out,Inliers,ProtBERT,20,Lasso,80/20,0.1259353026955089,1.481750828179193
Rg w/no norm,buffer regr out,Inliers,ProtBERT,20,Kernel Ridge,80/20,0.13160326758109664,1.4769387294450564
Rg w/no norm,buffer regr out,Inliers,ProtBERT,20,GPR,80/20,0.13277280077532572,1.475943843825781
Rg w/no norm,buffer regr out,Inliers,ProtBERT,20,Linear,85/15,0.1178457526711002,1.3852846940445847
Rg w/no norm,buffer regr out,Inliers,ProtBERT,20,Ridge,85/15,0.15138060231348627,1.3586989767113804
Rg w/no norm,buffer regr out,Inliers,ProtBERT,20,Lasso,85/15,0.1757843133441893,1.339020447453
Rg w/no norm,buffer regr out,Inliers,ProtBERT,20,Kernel Ridge,85/15,0.12332015463584245,1.3809796604551812
Rg w/no norm,buffer regr out,Inliers,ProtBERT,20,GPR,85/15,0.08014122143560176,1.4145794663221398
Rg w/no norm,buffer regr out,Inliers,ProtBERT,20,Linear,90/10,-0.07066994791801573,1.6100794206502715
Rg w/no norm,buffer regr out,Inliers,ProtBERT,20,Ridge,90/10,0.031084636337712412,1.5316601520986486
Rg w/no norm,buffer regr out,Inliers,ProtBERT,20,Lasso,90/10,0.06647027287055474,1.503431234541459
Rg w/no norm,buffer regr out,Inliers,ProtBERT,20,Kernel Ridge,90/10,0.06492910426123866,1.5046717336079192
Rg w/no norm,buffer regr out,Inliers,ProtBERT,20,GPR,90/10,0.28329482325960686,1.317315382970626
Rg w/no norm,buffer regr out,All,ProtBERT,50,Linear,80/20,-1.9309404798039957,2.395129757442415
Rg w/no norm,buffer regr out,All,ProtBERT,50,Ridge,80/20,-0.338490641716892,1.6185764475327145
Rg w/no norm,buffer regr out,All,ProtBERT,50,Lasso,80/20,-0.13764663590712867,1.4922075755117683
Rg w/no norm,buffer regr out,All,ProtBERT,50,Kernel Ridge,80/20,0.1529786559708174,1.2875755586048139
Rg w/no norm,buffer regr out,All,ProtBERT,50,GPR,80/20,0.15182690179970781,1.2884506644970444
Rg w/no norm,buffer regr out,All,ProtBERT,50,Linear,85/15,-1.8525644220415307,2.4703279606293655
Rg w/no norm,buffer regr out,All,ProtBERT,50,Ridge,85/15,-0.5103860758272039,1.797549547134378
Rg w/no norm,buffer regr out,All,ProtBERT,50,Lasso,85/15,-0.1876250333869507,1.5939568301429088
Rg w/no norm,buffer regr out,All,ProtBERT,50,Kernel Ridge,85/15,0.1964095746056258,1.3111556784228082
Rg w/no norm,buffer regr out,All,ProtBERT,50,GPR,85/15,0.21327286576657478,1.297325480312188
Rg w/no norm,buffer regr out,All,ProtBERT,50,Linear,90/10,-1.407680703860879,2.0971422605476
Rg w/no norm,buffer regr out,All,ProtBERT,50,Ridge,90/10,-0.32013128836184324,1.5528768231856989
Rg w/no norm,buffer regr out,All,ProtBERT,50,Lasso,90/10,-0.03025342937729536,1.3718305821947543
Rg w/no norm,buffer regr out,All,ProtBERT,50,Kernel Ridge,90/10,0.3538461905655801,1.0864166191285973
Rg w/no norm,buffer regr out,All,ProtBERT,50,GPR,90/10,0.15722769818022675,1.2407479686909986
Rg w/no norm,buffer regr out,Inliers,ProtBERT,50,Linear,80/20,-0.2920249561385948,1.8015189712997166
Rg w/no norm,buffer regr out,Inliers,ProtBERT,50,Ridge,80/20,0.21537421274803759,1.4038951621075855
Rg w/no norm,buffer regr out,Inliers,ProtBERT,50,Lasso,80/20,0.1982588954635034,1.4191243886173475
Rg w/no norm,buffer regr out,Inliers,ProtBERT,50,Kernel Ridge,80/20,0.23235120827784805,1.3886240225383908
Rg w/no norm,buffer regr out,Inliers,ProtBERT,50,GPR,80/20,0.13274958123058678,1.4759636024972989
Rg w/no norm,buffer regr out,Inliers,ProtBERT,50,Linear,85/15,-0.5024983016674189,1.8078973405042764
Rg w/no norm,buffer regr out,Inliers,ProtBERT,50,Ridge,85/15,0.2262336623261424,1.2973934081634109
Rg w/no norm,buffer regr out,Inliers,ProtBERT,50,Lasso,85/15,0.209416811887835,1.31141624275825
Rg w/no norm,buffer regr out,Inliers,ProtBERT,50,Kernel Ridge,85/15,0.26284955118082587,1.2663240007025551
Rg w/no norm,buffer regr out,Inliers,ProtBERT,50,GPR,85/15,0.08016078807072935,1.4145644212368977
Rg w/no norm,buffer regr out,Inliers,ProtBERT,50,Linear,90/10,-0.8275017738337873,2.103528479309466
Rg w/no norm,buffer regr out,Inliers,ProtBERT,50,Ridge,90/10,0.14038052356126174,1.442688653072463
Rg w/no norm,buffer regr out,Inliers,ProtBERT,50,Lasso,90/10,0.15590600402425348,1.4296011808401026
Rg w/no norm,buffer regr out,Inliers,ProtBERT,50,Kernel Ridge,90/10,0.17809540690625825,1.410685480448638
Rg w/no norm,buffer regr out,Inliers,ProtBERT,50,GPR,90/10,0.2840420740881435,1.316628474492273
Rg w/no norm,buffer regr out,All,ProtBERT,100,Linear,80/20,-18.050722065507323,6.106344013405409
Rg w/no norm,buffer regr out,All,ProtBERT,100,Ridge,80/20,-0.4436684167118854,1.6809673370384326
Rg w/no norm,buffer regr out,All,ProtBERT,100,Lasso,80/20,-0.07635944830291241,1.4514571219393138
Rg w/no norm,buffer regr out,All,ProtBERT,100,Kernel Ridge,80/20,0.16978017306627835,1.2747414196264275
Rg w/no norm,buffer regr out,All,ProtBERT,100,GPR,80/20,0.17143394136914136,1.273471167001128
Rg w/no norm,buffer regr out,All,ProtBERT,100,Linear,85/15,-16.219924419841437,6.069494243356579
Rg w/no norm,buffer regr out,All,ProtBERT,100,Ridge,85/15,-0.5923074595300013,1.84565425476534
Rg w/no norm,buffer regr out,All,ProtBERT,100,Lasso,85/15,-0.16409063658499767,1.5780845987025043
Rg w/no norm,buffer regr out,All,ProtBERT,100,Kernel Ridge,85/15,0.21121851966999294,1.2990182005944226
Rg w/no norm,buffer regr out,All,ProtBERT,100,GPR,85/15,0.2143461615304919,1.2964402374448214
Rg w/no norm,buffer regr out,All,ProtBERT,100,Linear,90/10,-9.50569477619736,4.380672994268429
Rg w/no norm,buffer regr out,All,ProtBERT,100,Ridge,90/10,-0.35846090652866547,1.5752591770891076
Rg w/no norm,buffer regr out,All,ProtBERT,100,Lasso,90/10,-0.0022176200537531443,1.3530363455170191
Rg w/no norm,buffer regr out,All,ProtBERT,100,Kernel Ridge,90/10,0.31494896122965343,1.1186388818466164
Rg w/no norm,buffer regr out,All,ProtBERT,100,GPR,90/10,0.2350847148036378,1.182048008585159
Rg w/no norm,buffer regr out,Inliers,ProtBERT,100,Linear,80/20,-6.6346346522992325,4.379227611209975
Rg w/no norm,buffer regr out,Inliers,ProtBERT,100,Ridge,80/20,0.2293470825205084,1.3913384981596042
Rg w/no norm,buffer regr out,Inliers,ProtBERT,100,Lasso,80/20,0.23918271116638967,1.3824313540870043
Rg w/no norm,buffer regr out,Inliers,ProtBERT,100,Kernel Ridge,80/20,0.2812616538192818,1.3436581686439673
Rg w/no norm,buffer regr out,Inliers,ProtBERT,100,GPR,80/20,0.13274787231249607,1.4759650566906921
Rg w/no norm,buffer regr out,Inliers,ProtBERT,100,Linear,85/15,-7.968617700714214,4.417021640527018
Rg w/no norm,buffer regr out,Inliers,ProtBERT,100,Ridge,85/15,0.2826960304562848,1.2491609178447454
Rg w/no norm,buffer regr out,Inliers,ProtBERT,100,Lasso,85/15,0.21678540108586464,1.3052904423396794
Rg w/no norm,buffer regr out,Inliers,ProtBERT,100,Kernel Ridge,85/15,0.32755392811026873,1.2094711168087398
Rg w/no norm,buffer regr out,Inliers,ProtBERT,100,GPR,85/15,0.08035188070562627,1.4144174787715624
Rg w/no norm,buffer regr out,Inliers,ProtBERT,100,Linear,90/10,-6.817233559908615,4.350568755545702
Rg w/no norm,buffer regr out,Inliers,ProtBERT,100,Ridge,90/10,0.2149111640275606,1.3787289457728256
Rg w/no norm,buffer regr out,Inliers,ProtBERT,100,Lasso,90/10,0.08026612528582155,1.4922809116275608
Rg w/no norm,buffer regr out,Inliers,ProtBERT,100,Kernel Ridge,90/10,0.2624860456598048,1.336301985237036
Rg w/no norm,buffer regr out,Inliers,ProtBERT,100,GPR,90/10,0.2854712841662709,1.3153136774583252
Rg w/no norm,buffer regr out,All,ProtBERT,190,Linear,80/20,-7.560706033831364,4.093363748102657
Rg w/no norm,buffer regr out,All,ProtBERT,190,Ridge,80/20,-0.4080916159480521,1.6601258164748516
Rg w/no norm,buffer regr out,All,ProtBERT,190,Lasso,80/20,-0.07635944831965857,1.4514571219506047
Rg w/no norm,buffer regr out,All,ProtBERT,190,Kernel Ridge,80/20,0.17640234548609335,1.2696473120202978
Rg w/no norm,buffer regr out,All,ProtBERT,190,GPR,80/20,0.17288327080420995,1.2723569003406954
Rg w/no norm,buffer regr out,All,ProtBERT,190,Linear,85/15,-7.347784890123453,4.225932034982536
Rg w/no norm,buffer regr out,All,ProtBERT,190,Ridge,85/15,-0.5561359133106065,1.8245704890421761
Rg w/no norm,buffer regr out,All,ProtBERT,190,Lasso,85/15,-0.16410971837330335,1.578097532640762
Rg w/no norm,buffer regr out,All,ProtBERT,190,Kernel Ridge,85/15,0.21768283350904916,1.2936843172844308
Rg w/no norm,buffer regr out,All,ProtBERT,190,GPR,85/15,0.22410137503341443,1.2883663536745271
Rg w/no norm,buffer regr out,All,ProtBERT,190,Linear,90/10,-8.292949349915945,4.120076035716075
Rg w/no norm,buffer regr out,All,ProtBERT,190,Ridge,90/10,-0.29892900567142067,1.540356173106165
Rg w/no norm,buffer regr out,All,ProtBERT,190,Lasso,90/10,-0.002225841827510955,1.3530418953774892
Rg w/no norm,buffer regr out,All,ProtBERT,190,Kernel Ridge,90/10,0.2863607101623289,1.1417415921513008
Rg w/no norm,buffer regr out,All,ProtBERT,190,GPR,90/10,0.3008620142984477,1.1300818383941005
Rg w/no norm,buffer regr out,Inliers,ProtBERT,190,Linear,80/20,-0.24414599107391366,1.7678241440804472
Rg w/no norm,buffer regr out,Inliers,ProtBERT,190,Ridge,80/20,0.2591189948378696,1.3641986610498433
Rg w/no norm,buffer regr out,Inliers,ProtBERT,190,Lasso,80/20,0.24416758889061507,1.3778950637247758
Rg w/no norm,buffer regr out,Inliers,ProtBERT,190,Kernel Ridge,80/20,0.2916598916031109,1.3339031727045627
Rg w/no norm,buffer regr out,Inliers,ProtBERT,190,GPR,80/20,0.13312066603062755,1.4756477962156471
Rg w/no norm,buffer regr out,Inliers,ProtBERT,190,Linear,85/15,-0.5714470935028075,1.8489137534429967
Rg w/no norm,buffer regr out,Inliers,ProtBERT,190,Ridge,85/15,0.2888729956540771,1.2437707993415688
Rg w/no norm,buffer regr out,Inliers,ProtBERT,190,Lasso,85/15,0.2029030482348546,1.316807662906112
Rg w/no norm,buffer regr out,Inliers,ProtBERT,190,Kernel Ridge,85/15,0.3397135501386287,1.1984859951754228
Rg w/no norm,buffer regr out,Inliers,ProtBERT,190,GPR,85/15,0.08455908479215446,1.4111784331271204
Rg w/no norm,buffer regr out,Inliers,ProtBERT,190,Linear,90/10,-0.650747596151753,1.999216508920444
Rg w/no norm,buffer regr out,Inliers,ProtBERT,190,Ridge,90/10,0.21892524442490457,1.3751997775818392
Rg w/no norm,buffer regr out,Inliers,ProtBERT,190,Lasso,90/10,0.04921843615110599,1.5172595111860223
Rg w/no norm,buffer regr out,Inliers,ProtBERT,190,Kernel Ridge,90/10,0.27241768272582056,1.3272739187546643
Rg w/no norm,buffer regr out,Inliers,ProtBERT,190,GPR,90/10,0.295887099014999,1.305691700234335
Rg norm w/0.427,buffer regr out,All,ProtBERT,10,Linear,80/20,-1.0909584678531314,0.1698793152703149
Rg norm w/0.427,buffer regr out,All,ProtBERT,10,Ridge,80/20,-0.9356004455888927,0.16344651131398938
Rg norm w/0.427,buffer regr out,All,ProtBERT,10,Lasso,80/20,-0.49332555607952666,0.1435638337371493
Rg norm w/0.427,buffer regr out,All,ProtBERT,10,Kernel Ridge,80/20,0.28483842340134957,0.09935046064087978
Rg norm w/0.427,buffer regr out,All,ProtBERT,10,GPR,80/20,0.27947949957286533,0.09972199758244718
Rg norm w/0.427,buffer regr out,All,ProtBERT,10,Linear,85/15,-1.2297811397097753,0.16151402138286067
Rg norm w/0.427,buffer regr out,All,ProtBERT,10,Ridge,85/15,-1.084009205388921,0.15614530415394307
Rg norm w/0.427,buffer regr out,All,ProtBERT,10,Lasso,85/15,-0.5322215186507468,0.13388745617062134
Rg norm w/0.427,buffer regr out,All,ProtBERT,10,Kernel Ridge,85/15,0.20899752314094122,0.0961984408470445
Rg norm w/0.427,buffer regr out,All,ProtBERT,10,GPR,85/15,0.23576509279352187,0.09455675220117732
Rg norm w/0.427,buffer regr out,All,ProtBERT,10,Linear,90/10,-0.46132507628336006,0.13277071722390216
Rg norm w/0.427,buffer regr out,All,ProtBERT,10,Ridge,90/10,-0.42058459899569,0.13090686848211733
Rg norm w/0.427,buffer regr out,All,ProtBERT,10,Lasso,90/10,-0.29780733513052593,0.1251220914453075
Rg norm w/0.427,buffer regr out,All,ProtBERT,10,Kernel Ridge,90/10,0.23955206269496265,0.09577752848747016
Rg norm w/0.427,buffer regr out,All,ProtBERT,10,GPR,90/10,0.377996353317713,0.08662142985610811
Rg norm w/0.427,buffer regr out,Inliers,ProtBERT,10,Linear,80/20,-0.5488381867800229,0.11857067390229416
Rg norm w/0.427,buffer regr out,Inliers,ProtBERT,10,Ridge,80/20,-0.3480243624299113,0.11061732066822796
Rg norm w/0.427,buffer regr out,Inliers,ProtBERT,10,Lasso,80/20,0.033494685977029315,0.09366479511518584
Rg norm w/0.427,buffer regr out,Inliers,ProtBERT,10,Kernel Ridge,80/20,-0.07896584954476804,0.09896419899273676
Rg norm w/0.427,buffer regr out,Inliers,ProtBERT,10,GPR,80/20,-0.11970760231965283,0.1008153304115918
Rg norm w/0.427,buffer regr out,Inliers,ProtBERT,10,Linear,85/15,-0.22796651833200632,0.10432921118002539
Rg norm w/0.427,buffer regr out,Inliers,ProtBERT,10,Ridge,85/15,-0.13862784361128555,0.10046240272866971
Rg norm w/0.427,buffer regr out,Inliers,ProtBERT,10,Lasso,85/15,-0.07611284309310773,0.09766558781852287
Rg norm w/0.427,buffer regr out,Inliers,ProtBERT,10,Kernel Ridge,85/15,-0.019082940981092422,0.09504240707548403
Rg norm w/0.427,buffer regr out,Inliers,ProtBERT,10,GPR,85/15,-0.14694606159163115,0.10082869777435724
Rg norm w/0.427,buffer regr out,Inliers,ProtBERT,10,Linear,90/10,-0.5812843945924329,0.11382848757008412
Rg norm w/0.427,buffer regr out,Inliers,ProtBERT,10,Ridge,90/10,-0.44873521734493305,0.10895332331669196
Rg norm w/0.427,buffer regr out,Inliers,ProtBERT,10,Lasso,90/10,-0.3431670302046399,0.10490857415266171
Rg norm w/0.427,buffer regr out,Inliers,ProtBERT,10,Kernel Ridge,90/10,-0.25495692393089775,0.10140523655054982
Rg norm w/0.427,buffer regr out,Inliers,ProtBERT,10,GPR,90/10,-0.3960186770938352,0.1069526592611362
Rg norm w/0.427,buffer regr out,All,ProtBERT,20,Linear,80/20,-1.1154912685153988,0.17087298926790825
Rg norm w/0.427,buffer regr out,All,ProtBERT,20,Ridge,80/20,-0.8187739932063172,0.15843720277538056
Rg norm w/0.427,buffer regr out,All,ProtBERT,20,Lasso,80/20,-0.49329729971145575,0.14356247548954518
Rg norm w/0.427,buffer regr out,All,ProtBERT,20,Kernel Ridge,80/20,0.28077743173766667,0.09963213842510547
Rg norm w/0.427,buffer regr out,All,ProtBERT,20,GPR,80/20,0.2870942782575605,0.09919364486458496
Rg norm w/0.427,buffer regr out,All,ProtBERT,20,Linear,85/15,-1.4274992434554292,0.16852279875979762
Rg norm w/0.427,buffer regr out,All,ProtBERT,20,Ridge,85/15,-1.062415138547458,0.15533422515855155
Rg norm w/0.427,buffer regr out,All,ProtBERT,20,Lasso,85/15,-0.5322221324867698,0.13388748298950306
Rg norm w/0.427,buffer regr out,All,ProtBERT,20,Kernel Ridge,85/15,0.22978596661346273,0.09492592223020532
Rg norm w/0.427,buffer regr out,All,ProtBERT,20,GPR,85/15,0.24502856045971788,0.09398193290443523
Rg norm w/0.427,buffer regr out,All,ProtBERT,20,Linear,90/10,-0.8248754839240875,0.14836979658326763
Rg norm w/0.427,buffer regr out,All,ProtBERT,20,Ridge,90/10,-0.5157208507968674,0.1352192414696929
Rg norm w/0.427,buffer regr out,All,ProtBERT,20,Lasso,90/10,-0.2978076235810112,0.12512210535011642
Rg norm w/0.427,buffer regr out,All,ProtBERT,20,Kernel Ridge,90/10,0.23197265171526316,0.09625365401413749
Rg norm w/0.427,buffer regr out,All,ProtBERT,20,GPR,90/10,0.37715742289906073,0.08667982570798662
Rg norm w/0.427,buffer regr out,Inliers,ProtBERT,20,Linear,80/20,-0.7102095564101913,0.12459451641375621
Rg norm w/0.427,buffer regr out,Inliers,ProtBERT,20,Ridge,80/20,-0.33013850012161505,0.10988102358652573
Rg norm w/0.427,buffer regr out,Inliers,ProtBERT,20,Lasso,80/20,0.06629895209469283,0.0920615298270409
Rg norm w/0.427,buffer regr out,Inliers,ProtBERT,20,Kernel Ridge,80/20,-0.01197786603234352,0.09584286141763773
Rg norm w/0.427,buffer regr out,Inliers,ProtBERT,20,GPR,80/20,-0.11981861639516134,0.10082032798563965
Rg norm w/0.427,buffer regr out,Inliers,ProtBERT,20,Linear,85/15,-0.3303001127924641,0.1085894103663621
Rg norm w/0.427,buffer regr out,Inliers,ProtBERT,20,Ridge,85/15,-0.13695168072433006,0.10038843063611827
Rg norm w/0.427,buffer regr out,Inliers,ProtBERT,20,Lasso,85/15,0.06831527857646902,0.09087556997660327
Rg norm w/0.427,buffer regr out,Inliers,ProtBERT,20,Kernel Ridge,85/15,0.013290635303569553,0.09352060033264459
Rg norm w/0.427,buffer regr out,Inliers,ProtBERT,20,GPR,85/15,-0.14693470132832975,0.10082819842943172
Rg norm w/0.427,buffer regr out,Inliers,ProtBERT,20,Linear,90/10,-0.6800896022431622,0.11733084407650993
Rg norm w/0.427,buffer regr out,Inliers,ProtBERT,20,Ridge,90/10,-0.4168270566727641,0.10774680324506515
Rg norm w/0.427,buffer regr out,Inliers,ProtBERT,20,Lasso,90/10,-0.0694177943138421,0.09360944622320473
Rg norm w/0.427,buffer regr out,Inliers,ProtBERT,20,Kernel Ridge,90/10,-0.20433365324386865,0.09933890855772402
Rg norm w/0.427,buffer regr out,Inliers,ProtBERT,20,GPR,90/10,-0.3954132250206903,0.10692946410877947
Rg norm w/0.427,buffer regr out,All,ProtBERT,50,Linear,80/20,-4.74692938949895,0.2816344186938671
Rg norm w/0.427,buffer regr out,All,ProtBERT,50,Ridge,80/20,-1.212264604344032,0.1747375869106524
Rg norm w/0.427,buffer regr out,All,ProtBERT,50,Lasso,80/20,-0.4933281225596582,0.14356395710394199
Rg norm w/0.427,buffer regr out,All,ProtBERT,50,Kernel Ridge,80/20,0.2437987485712496,0.10216131968811314
Rg norm w/0.427,buffer regr out,All,ProtBERT,50,GPR,80/20,0.2853669746257259,0.09931374060771832
Rg norm w/0.427,buffer regr out,All,ProtBERT,50,Linear,85/15,-5.61803042187343,0.27825532940002456
Rg norm w/0.427,buffer regr out,All,ProtBERT,50,Ridge,85/15,-1.7824908824116195,0.18042469775778736
Rg norm w/0.427,buffer regr out,All,ProtBERT,50,Lasso,85/15,-0.5322215153682162,0.13388745602720548
Rg norm w/0.427,buffer regr out,All,ProtBERT,50,Kernel Ridge,85/15,0.21630736128929917,0.0957529130510566
Rg norm w/0.427,buffer regr out,All,ProtBERT,50,GPR,85/15,0.24505108551101273,0.09398053088871719
Rg norm w/0.427,buffer regr out,All,ProtBERT,50,Linear,90/10,-3.0474170998647914,0.22096213828550196
Rg norm w/0.427,buffer regr out,All,ProtBERT,50,Ridge,90/10,-1.0072437484017795,0.15560693192154207
Rg norm w/0.427,buffer regr out,All,ProtBERT,50,Lasso,90/10,-0.29780733190864184,0.125122091289996
Rg norm w/0.427,buffer regr out,All,ProtBERT,50,Kernel Ridge,90/10,0.46339224990820815,0.080455799212789
Rg norm w/0.427,buffer regr out,All,ProtBERT,50,GPR,90/10,0.37465043739394954,0.08685409674092125
Rg norm w/0.427,buffer regr out,Inliers,ProtBERT,50,Linear,80/20,-1.6323552106588624,0.15457758243183914
Rg norm w/0.427,buffer regr out,Inliers,ProtBERT,50,Ridge,80/20,-0.43988074639748076,0.11432403036708672
Rg norm w/0.427,buffer regr out,Inliers,ProtBERT,50,Lasso,80/20,0.06920521378109046,0.09191814162921683
Rg norm w/0.427,buffer regr out,Inliers,ProtBERT,50,Kernel Ridge,80/20,-0.12757684748614717,0.10116897253112468
Rg norm w/0.427,buffer regr out,Inliers,ProtBERT,50,GPR,80/20,-0.11988817533625573,0.10082345922772278
Rg norm w/0.427,buffer regr out,Inliers,ProtBERT,50,Linear,85/15,-1.742900279735796,0.15592568849895186
Rg norm w/0.427,buffer regr out,Inliers,ProtBERT,50,Ridge,85/15,-0.22380085120145088,0.10415210131463842
Rg norm w/0.427,buffer regr out,Inliers,ProtBERT,50,Lasso,85/15,0.07657240400143561,0.09047197800761357
Rg norm w/0.427,buffer regr out,Inliers,ProtBERT,50,Kernel Ridge,85/15,0.004508472484462733,0.09393586633751562
Rg norm w/0.427,buffer regr out,Inliers,ProtBERT,50,GPR,85/15,-0.14693699961281137,0.10082829945164658
Rg norm w/0.427,buffer regr out,Inliers,ProtBERT,50,Linear,90/10,-3.0627729325517388,0.18245562130413215
Rg norm w/0.427,buffer regr out,Inliers,ProtBERT,50,Ridge,90/10,-0.5326081048903659,0.11206281609352123
Rg norm w/0.427,buffer regr out,Inliers,ProtBERT,50,Lasso,90/10,-0.06977691828744215,0.09362516251980105
Rg norm w/0.427,buffer regr out,Inliers,ProtBERT,50,Kernel Ridge,90/10,-0.26066931431944096,0.10163576582154209
Rg norm w/0.427,buffer regr out,Inliers,ProtBERT,50,GPR,90/10,-0.39339139834145764,0.10685197050073111
Rg norm w/0.427,buffer regr out,All,ProtBERT,100,Linear,80/20,-44.08365170827338,0.7888189614045746
Rg norm w/0.427,buffer regr out,All,ProtBERT,100,Ridge,80/20,-1.5178342124366435,0.18641521828078259
Rg norm w/0.427,buffer regr out,All,ProtBERT,100,Lasso,80/20,-0.4933280253592438,0.14356395243166797
Rg norm w/0.427,buffer regr out,All,ProtBERT,100,Kernel Ridge,80/20,0.2955757448369939,0.09860182407988943
Rg norm w/0.427,buffer regr out,All,ProtBERT,100,GPR,80/20,0.2878683053430682,0.09913978120693745
Rg norm w/0.427,buffer regr out,All,ProtBERT,100,Linear,85/15,-54.96593628430792,0.8091722831937311
Rg norm w/0.427,buffer regr out,All,ProtBERT,100,Ridge,85/15,-2.2256895968917108,0.19426313733517098
Rg norm w/0.427,buffer regr out,All,ProtBERT,100,Lasso,85/15,-0.5322215142258468,0.13388745597729465
Rg norm w/0.427,buffer regr out,All,ProtBERT,100,Kernel Ridge,85/15,0.27773660753688767,0.09192357649226014
Rg norm w/0.427,buffer regr out,All,ProtBERT,100,GPR,85/15,0.25369820456606584,0.09344075840648362
Rg norm w/0.427,buffer regr out,All,ProtBERT,100,Linear,90/10,-23.65371115581668,0.5453433662882547
Rg norm w/0.427,buffer regr out,All,ProtBERT,100,Ridge,90/10,-1.407369204969854,0.17041202346084405
Rg norm w/0.427,buffer regr out,All,ProtBERT,100,Lasso,90/10,-0.29780733075632937,0.12512209123444853
Rg norm w/0.427,buffer regr out,All,ProtBERT,100,Kernel Ridge,90/10,0.3864158810494388,0.08603317253909347
Rg norm w/0.427,buffer regr out,All,ProtBERT,100,GPR,90/10,0.3954575530763105,0.08539693481152551
Rg norm w/0.427,buffer regr out,Inliers,ProtBERT,100,Linear,80/20,-11.265346946640387,0.33366771182366944
Rg norm w/0.427,buffer regr out,Inliers,ProtBERT,100,Ridge,80/20,-0.34245391904583844,0.11038853199566663
Rg norm w/0.427,buffer regr out,Inliers,ProtBERT,100,Lasso,80/20,-0.14165813335223065,0.10179871638459786
Rg norm w/0.427,buffer regr out,Inliers,ProtBERT,100,Kernel Ridge,80/20,-0.40680038948630837,0.11300313817602109
Rg norm w/0.427,buffer regr out,Inliers,ProtBERT,100,GPR,80/20,-0.11997287234490495,0.10082727178871463
Rg norm w/0.427,buffer regr out,Inliers,ProtBERT,100,Linear,85/15,-15.455469375796511,0.38191595181054583
Rg norm w/0.427,buffer regr out,Inliers,ProtBERT,100,Ridge,85/15,-0.13669645009377018,0.10037716206551431
Rg norm w/0.427,buffer regr out,Inliers,ProtBERT,100,Lasso,85/15,0.08717610067506554,0.08995103443011547
Rg norm w/0.427,buffer regr out,Inliers,ProtBERT,100,Kernel Ridge,85/15,-0.0025825055830246413,0.09426982960467624
Rg norm w/0.427,buffer regr out,Inliers,ProtBERT,100,GPR,85/15,-0.14693566281775028,0.10082824069218027
Rg norm w/0.427,buffer regr out,Inliers,ProtBERT,100,Linear,90/10,-13.480305521958819,0.344456857804905
Rg norm w/0.427,buffer regr out,Inliers,ProtBERT,100,Ridge,90/10,-0.4030300898351882,0.10722090424947098
Rg norm w/0.427,buffer regr out,Inliers,ProtBERT,100,Lasso,90/10,-0.23944675854463626,0.10077664848190183
Rg norm w/0.427,buffer regr out,Inliers,ProtBERT,100,Kernel Ridge,90/10,-0.24227091494899122,0.10089139607992169
Rg norm w/0.427,buffer regr out,Inliers,ProtBERT,100,GPR,90/10,-0.39051574714642356,0.10674165415508152
Rg norm w/0.427,buffer regr out,All,ProtBERT,190,Linear,80/20,-17.56033392858187,0.5061283814226257
Rg norm w/0.427,buffer regr out,All,ProtBERT,190,Ridge,80/20,-1.4197973553977992,0.18274996286445125
Rg norm w/0.427,buffer regr out,All,ProtBERT,190,Lasso,80/20,-0.49332802531378284,0.14356395242948272
Rg norm w/0.427,buffer regr out,All,ProtBERT,190,Kernel Ridge,80/20,0.3119221299622297,0.097451065887706
Rg norm w/0.427,buffer regr out,All,ProtBERT,190,GPR,80/20,0.29267063230305856,0.098804936525415
Rg norm w/0.427,buffer regr out,All,ProtBERT,190,Linear,85/15,-23.319213981216315,0.5334010650422416
Rg norm w/0.427,buffer regr out,All,ProtBERT,190,Ridge,85/15,-2.094061611644176,0.19025829050620924
Rg norm w/0.427,buffer regr out,All,ProtBERT,190,Lasso,85/15,-0.5322215142242801,0.1338874559772262
Rg norm w/0.427,buffer regr out,All,ProtBERT,190,Kernel Ridge,85/15,0.2972344897763741,0.09067432497952523
Rg norm w/0.427,buffer regr out,All,ProtBERT,190,GPR,85/15,0.20365056295103612,0.09652303079799344
Rg norm w/0.427,buffer regr out,All,ProtBERT,190,Linear,90/10,-21.432397400487414,0.5201956640561008
Rg norm w/0.427,buffer regr out,All,ProtBERT,190,Ridge,90/10,-1.2309754565530886,0.164050016787457
Rg norm w/0.427,buffer regr out,All,ProtBERT,190,Lasso,90/10,-0.29780733075535504,0.12512209123440157
Rg norm w/0.427,buffer regr out,All,ProtBERT,190,Kernel Ridge,90/10,0.3362646730379981,0.08948007708694868
Rg norm w/0.427,buffer regr out,All,ProtBERT,190,GPR,90/10,0.5191141455189934,0.07616402449241456
Rg norm w/0.427,buffer regr out,Inliers,ProtBERT,190,Linear,80/20,-2.142662153644353,0.16889745755417834
Rg norm w/0.427,buffer regr out,Inliers,ProtBERT,190,Ridge,80/20,-0.3199241307335452,0.10945831257284863
Rg norm w/0.427,buffer regr out,Inliers,ProtBERT,190,Lasso,80/20,-0.14249786344454618,0.10183614778799323
Rg norm w/0.427,buffer regr out,Inliers,ProtBERT,190,Kernel Ridge,80/20,-0.36417378057725514,0.11127794925676333
Rg norm w/0.427,buffer regr out,Inliers,ProtBERT,190,GPR,80/20,-0.11988986413506719,0.10082353524891742
Rg norm w/0.427,buffer regr out,Inliers,ProtBERT,190,Linear,85/15,-2.296848076835557,0.17094725377552947
Rg norm w/0.427,buffer regr out,Inliers,ProtBERT,190,Ridge,85/15,-0.1168283881461658,0.09949606001122192
Rg norm w/0.427,buffer regr out,Inliers,ProtBERT,190,Lasso,85/15,0.0869284716007579,0.08996323447273334
Rg norm w/0.427,buffer regr out,Inliers,ProtBERT,190,Kernel Ridge,85/15,-0.11971909219603871,0.09962474038791283
Rg norm w/0.427,buffer regr out,Inliers,ProtBERT,190,GPR,85/15,-0.14615165527842056,0.10079377336455445
Rg norm w/0.427,buffer regr out,Inliers,ProtBERT,190,Linear,90/10,-3.2212781238635024,0.18598073362548934
Rg norm w/0.427,buffer regr out,Inliers,ProtBERT,190,Ridge,90/10,-0.375821180822532,0.10617614877216357
Rg norm w/0.427,buffer regr out,Inliers,ProtBERT,190,Lasso,90/10,-0.236770592345394,0.10066779314193658
Rg norm w/0.427,buffer regr out,Inliers,ProtBERT,190,Kernel Ridge,90/10,-0.21705241557943333,0.09986208153677113
Rg norm w/0.427,buffer regr out,Inliers,ProtBERT,190,GPR,90/10,-0.37219667329311634,0.10603619961064083
Rg norm w/0.5,buffer regr out,All,ProtBERT,10,Linear,80/20,-1.0226787807574365,0.11781059139568108
Rg norm w/0.5,buffer regr out,All,ProtBERT,10,Ridge,80/20,-0.8840030441367257,0.11370031738078129
Rg norm w/0.5,buffer regr out,All,ProtBERT,10,Lasso,80/20,-0.36472545957220226,0.09677062002903004
Rg norm w/0.5,buffer regr out,All,ProtBERT,10,Kernel Ridge,80/20,0.3149789571820596,0.06856031955943097
Rg norm w/0.5,buffer regr out,All,ProtBERT,10,GPR,80/20,0.315169788617348,0.06855076921375976
Rg norm w/0.5,buffer regr out,All,ProtBERT,10,Linear,85/15,-1.1429704404194925,0.10975406563302767
Rg norm w/0.5,buffer regr out,All,ProtBERT,10,Ridge,85/15,-1.0046145417855818,0.10615194713631951
Rg norm w/0.5,buffer regr out,All,ProtBERT,10,Lasso,85/15,-0.3773168654452388,0.08798921827939017
Rg norm w/0.5,buffer regr out,All,ProtBERT,10,Kernel Ridge,85/15,0.22866081068749544,0.06584688353796211
Rg norm w/0.5,buffer regr out,All,ProtBERT,10,GPR,85/15,0.2884507191674378,0.0632433721553801
Rg norm w/0.5,buffer regr out,All,ProtBERT,10,Linear,90/10,-0.3976420544347137,0.09044736260905106
Rg norm w/0.5,buffer regr out,All,ProtBERT,10,Ridge,90/10,-0.3605769599141919,0.08923998401566866
Rg norm w/0.5,buffer regr out,All,ProtBERT,10,Lasso,90/10,-0.23414490042240232,0.08499257832995549
Rg norm w/0.5,buffer regr out,All,ProtBERT,10,Kernel Ridge,90/10,0.23415007640515506,0.06695295727922966
Rg norm w/0.5,buffer regr out,All,ProtBERT,10,GPR,90/10,0.42810243457242814,0.057857151961468976
Rg norm w/0.5,buffer regr out,Inliers,ProtBERT,10,Linear,80/20,-0.6154998300884411,0.08164885677269602
Rg norm w/0.5,buffer regr out,Inliers,ProtBERT,10,Ridge,80/20,-0.365300767253095,0.07506039007557526
Rg norm w/0.5,buffer regr out,Inliers,ProtBERT,10,Lasso,80/20,-0.27815140148878315,0.07262527672084564
Rg norm w/0.5,buffer regr out,Inliers,ProtBERT,10,Kernel Ridge,80/20,-0.3180501147283268,0.07375009966006447
Rg norm w/0.5,buffer regr out,Inliers,ProtBERT,10,GPR,80/20,-0.14069156812794614,0.06860894884078406
Rg norm w/0.5,buffer regr out,Inliers,ProtBERT,10,Linear,85/15,-0.23422043234677425,0.07108458576138874
Rg norm w/0.5,buffer regr out,Inliers,ProtBERT,10,Ridge,85/15,-0.11981906056252134,0.06771002883398634
Rg norm w/0.5,buffer regr out,Inliers,ProtBERT,10,Lasso,85/15,-0.036621025110152416,0.06514619840274014
Rg norm w/0.5,buffer regr out,Inliers,ProtBERT,10,Kernel Ridge,85/15,-0.13495996645788733,0.06816624050149754
Rg norm w/0.5,buffer regr out,Inliers,ProtBERT,10,GPR,85/15,-0.17985403592205618,0.06950134549175839
Rg norm w/0.5,buffer regr out,Inliers,ProtBERT,10,Linear,90/10,-0.7698780550272546,0.07720842705087794
Rg norm w/0.5,buffer regr out,Inliers,ProtBERT,10,Ridge,90/10,-0.5765643554054358,0.0728700192479552
Rg norm w/0.5,buffer regr out,Inliers,ProtBERT,10,Lasso,90/10,-0.4333066569446755,0.06948044503673322
Rg norm w/0.5,buffer regr out,Inliers,ProtBERT,10,Kernel Ridge,90/10,-0.515319437169119,0.07144060595647936
Rg norm w/0.5,buffer regr out,Inliers,ProtBERT,10,GPR,90/10,-0.593210454963953,0.07325370689286252
Rg norm w/0.5,buffer regr out,All,ProtBERT,20,Linear,80/20,-1.0728741852314085,0.11926344454353423
Rg norm w/0.5,buffer regr out,All,ProtBERT,20,Ridge,80/20,-0.7792728279459049,0.11049487886566561
Rg norm w/0.5,buffer regr out,All,ProtBERT,20,Lasso,80/20,-0.36472545797729916,0.09677061997248397
Rg norm w/0.5,buffer regr out,All,ProtBERT,20,Kernel Ridge,80/20,0.3102397006607748,0.06879707497712871
Rg norm w/0.5,buffer regr out,All,ProtBERT,20,GPR,80/20,0.3233104900904502,0.06814211340104202
Rg norm w/0.5,buffer regr out,All,ProtBERT,20,Linear,85/15,-1.4113320325209666,0.116423602695615
Rg norm w/0.5,buffer regr out,All,ProtBERT,20,Ridge,85/15,-1.0243548610988094,0.10667332912079258
Rg norm w/0.5,buffer regr out,All,ProtBERT,20,Lasso,85/15,-0.3773168854889706,0.0879892189196322
Rg norm w/0.5,buffer regr out,All,ProtBERT,20,Kernel Ridge,85/15,0.27362878112835265,0.06389867318885524
Rg norm w/0.5,buffer regr out,All,ProtBERT,20,GPR,85/15,0.2850442020370124,0.06339457910576779
Rg norm w/0.5,buffer regr out,All,ProtBERT,20,Linear,90/10,-0.7690506617627568,0.10175788291073533
Rg norm w/0.5,buffer regr out,All,ProtBERT,20,Ridge,90/10,-0.4462218009583383,0.0920058368066515
Rg norm w/0.5,buffer regr out,All,ProtBERT,20,Lasso,90/10,-0.2341448418731924,0.08499257631388414
Rg norm w/0.5,buffer regr out,All,ProtBERT,20,Kernel Ridge,90/10,0.22657089329014035,0.06728343940031882
Rg norm w/0.5,buffer regr out,All,ProtBERT,20,GPR,90/10,0.39926290840974366,0.059298014435555074
Rg norm w/0.5,buffer regr out,Inliers,ProtBERT,20,Linear,80/20,-0.7903452560635376,0.08595379273445228
Rg norm w/0.5,buffer regr out,Inliers,ProtBERT,20,Ridge,80/20,-0.340287070494921,0.07436962025706753
Rg norm w/0.5,buffer regr out,Inliers,ProtBERT,20,Lasso,80/20,-0.230536565784635,0.07125968719296454
Rg norm w/0.5,buffer regr out,Inliers,ProtBERT,20,Kernel Ridge,80/20,-0.5217900231309718,0.0792453916541684
Rg norm w/0.5,buffer regr out,Inliers,ProtBERT,20,GPR,80/20,-0.14074055558710796,0.06861042204444819
Rg norm w/0.5,buffer regr out,Inliers,ProtBERT,20,Linear,85/15,-0.3363413264175239,0.07396696014062878
Rg norm w/0.5,buffer regr out,Inliers,ProtBERT,20,Ridge,85/15,-0.09577987353810236,0.06697931948024279
Rg norm w/0.5,buffer regr out,Inliers,ProtBERT,20,Lasso,85/15,0.03680998646709188,0.06279644474330302
Rg norm w/0.5,buffer regr out,Inliers,ProtBERT,20,Kernel Ridge,85/15,0.05358138847535032,0.06224732703923697
Rg norm w/0.5,buffer regr out,Inliers,ProtBERT,20,GPR,85/15,-0.1797159220567206,0.06949727745447834
Rg norm w/0.5,buffer regr out,Inliers,ProtBERT,20,Linear,90/10,-0.7483251894688947,0.07673688043806301
Rg norm w/0.5,buffer regr out,Inliers,ProtBERT,20,Ridge,90/10,-0.44360496574563,0.06972960679116594
Rg norm w/0.5,buffer regr out,Inliers,ProtBERT,20,Lasso,90/10,-0.2803957161637647,0.06566971610198462
Rg norm w/0.5,buffer regr out,Inliers,ProtBERT,20,Kernel Ridge,90/10,-0.3744228385569761,0.06803826244880343
Rg norm w/0.5,buffer regr out,Inliers,ProtBERT,20,GPR,90/10,-0.591489496144527,0.07321413249931909
Rg norm w/0.5,buffer regr out,All,ProtBERT,50,Linear,80/20,-4.7086256397000446,0.19791862210351374
Rg norm w/0.5,buffer regr out,All,ProtBERT,50,Ridge,80/20,-1.1502166545291481,0.12146802986554041
Rg norm w/0.5,buffer regr out,All,ProtBERT,50,Lasso,80/20,-0.3647254611390318,0.09677062008458082
Rg norm w/0.5,buffer regr out,All,ProtBERT,50,Kernel Ridge,80/20,0.28135051368588704,0.07022300931046621
Rg norm w/0.5,buffer regr out,All,ProtBERT,50,GPR,80/20,0.3200391208758123,0.06830662699319105
Rg norm w/0.5,buffer regr out,All,ProtBERT,50,Linear,85/15,-5.750974821330278,0.1948030582567082
Rg norm w/0.5,buffer regr out,All,ProtBERT,50,Ridge,85/15,-1.7301256911189902,0.12388075612295489
Rg norm w/0.5,buffer regr out,All,ProtBERT,50,Lasso,85/15,-0.3773168662535338,0.08798921830520894
Rg norm w/0.5,buffer regr out,All,ProtBERT,50,Kernel Ridge,85/15,0.25103686080272913,0.06488476687733383
Rg norm w/0.5,buffer regr out,All,ProtBERT,50,GPR,85/15,0.27938479725838394,0.06364499205965653
Rg norm w/0.5,buffer regr out,All,ProtBERT,50,Linear,90/10,-3.045750607556206,0.1538854226496011
Rg norm w/0.5,buffer regr out,All,ProtBERT,50,Ridge,90/10,-0.9394586632274586,0.10654625554469146
Rg norm w/0.5,buffer regr out,All,ProtBERT,50,Lasso,90/10,-0.23414489884062806,0.084992578275489
Rg norm w/0.5,buffer regr out,All,ProtBERT,50,Kernel Ridge,90/10,0.45525798899923076,0.056466824154493264
Rg norm w/0.5,buffer regr out,All,ProtBERT,50,GPR,90/10,0.3891332189729316,0.05979586904080221
Rg norm w/0.5,buffer regr out,Inliers,ProtBERT,50,Linear,80/20,-1.606099003218616,0.10370318739358521
Rg norm w/0.5,buffer regr out,Inliers,ProtBERT,50,Ridge,80/20,-0.4346672005033203,0.07694355263467956
Rg norm w/0.5,buffer regr out,Inliers,ProtBERT,50,Lasso,80/20,-0.21271743816715039,0.07074185783563429
Rg norm w/0.5,buffer regr out,Inliers,ProtBERT,50,Kernel Ridge,80/20,-0.3275156326429822,0.07401444243777909
Rg norm w/0.5,buffer regr out,Inliers,ProtBERT,50,GPR,80/20,-0.1407948868142357,0.06861205591466549
Rg norm w/0.5,buffer regr out,Inliers,ProtBERT,50,Linear,85/15,-1.7327938461571106,0.10577487153902888
Rg norm w/0.5,buffer regr out,Inliers,ProtBERT,50,Ridge,85/15,-0.18005858006544173,0.06950736974419083
Rg norm w/0.5,buffer regr out,Inliers,ProtBERT,50,Lasso,85/15,0.16854884819951765,0.05834416660086287
Rg norm w/0.5,buffer regr out,Inliers,ProtBERT,50,Kernel Ridge,85/15,0.04925586800408599,0.06238941275959752
Rg norm w/0.5,buffer regr out,Inliers,ProtBERT,50,GPR,85/15,-0.17969545213756954,0.06949667450855074
Rg norm w/0.5,buffer regr out,Inliers,ProtBERT,50,Linear,90/10,-3.498633453457612,0.12309299445809754
Rg norm w/0.5,buffer regr out,Inliers,ProtBERT,50,Ridge,90/10,-0.5954971836262863,0.07330625842070825
Rg norm w/0.5,buffer regr out,Inliers,ProtBERT,50,Lasso,90/10,-0.1894870006947149,0.06329550696096947
Rg norm w/0.5,buffer regr out,Inliers,ProtBERT,50,Kernel Ridge,90/10,-0.3165718860604956,0.06659096692437633
Rg norm w/0.5,buffer regr out,Inliers,ProtBERT,50,GPR,90/10,-0.5874361007974844,0.07312083781361778
Rg norm w/0.5,buffer regr out,All,ProtBERT,100,Linear,80/20,-44.02227390203231,0.55582053736676
Rg norm w/0.5,buffer regr out,All,ProtBERT,100,Ridge,80/20,-1.4511522807752,0.12968986060432297
Rg norm w/0.5,buffer regr out,All,ProtBERT,100,Lasso,80/20,-0.36472546135641815,0.09677062009228807
Rg norm w/0.5,buffer regr out,All,ProtBERT,100,Kernel Ridge,80/20,0.3282426600291758,0.0678933263795726
Rg norm w/0.5,buffer regr out,All,ProtBERT,100,GPR,80/20,0.32411045013053885,0.06810182380975494
Rg norm w/0.5,buffer regr out,All,ProtBERT,100,Linear,85/15,-56.81683748326329,0.5700851034242217
Rg norm w/0.5,buffer regr out,All,ProtBERT,100,Ridge,85/15,-2.1900919178826066,0.13391034377605626
Rg norm w/0.5,buffer regr out,All,ProtBERT,100,Lasso,85/15,-0.37731686657854513,0.08798921831559053
Rg norm w/0.5,buffer regr out,All,ProtBERT,100,Kernel Ridge,85/15,0.30601346572363075,0.062457996416660486
Rg norm w/0.5,buffer regr out,All,ProtBERT,100,GPR,85/15,0.28966345096074175,0.06318945462788922
Rg norm w/0.5,buffer regr out,All,ProtBERT,100,Linear,90/10,-23.59158861975199,0.37939466554443957
Rg norm w/0.5,buffer regr out,All,ProtBERT,100,Ridge,90/10,-1.3492380980091787,0.11726312002416175
Rg norm w/0.5,buffer regr out,All,ProtBERT,100,Lasso,90/10,-0.2341448987393291,0.08499257827200091
Rg norm w/0.5,buffer regr out,All,ProtBERT,100,Kernel Ridge,90/10,0.3764467894324187,0.06041359606674015
Rg norm w/0.5,buffer regr out,All,ProtBERT,100,GPR,90/10,0.41296273721261,0.05861796838887013
Rg norm w/0.5,buffer regr out,Inliers,ProtBERT,100,Linear,80/20,-10.216034526022746,0.21513759958613848
Rg norm w/0.5,buffer regr out,Inliers,ProtBERT,100,Ridge,80/20,-0.33831835956843426,0.0743149804369895
Rg norm w/0.5,buffer regr out,Inliers,ProtBERT,100,Lasso,80/20,-0.0961701459340234,0.06725671244199166
Rg norm w/0.5,buffer regr out,Inliers,ProtBERT,100,Kernel Ridge,80/20,-0.4065109732798875,0.07618477903795584
Rg norm w/0.5,buffer regr out,Inliers,ProtBERT,100,GPR,80/20,-0.14082987419990678,0.06861310804861355
Rg norm w/0.5,buffer regr out,Inliers,ProtBERT,100,Linear,85/15,-14.244511889648907,0.24982496355016218
Rg norm w/0.5,buffer regr out,Inliers,ProtBERT,100,Ridge,85/15,-0.09622215274612511,0.06699283522940146
Rg norm w/0.5,buffer regr out,Inliers,ProtBERT,100,Lasso,85/15,0.22849820032951773,0.05620145287892697
Rg norm w/0.5,buffer regr out,Inliers,ProtBERT,100,Kernel Ridge,85/15,-0.12230316695283339,0.06778508816508622
Rg norm w/0.5,buffer regr out,Inliers,ProtBERT,100,GPR,85/15,-0.17961630390556738,0.06949434313091798
Rg norm w/0.5,buffer regr out,Inliers,ProtBERT,100,Linear,90/10,-13.859811983937085,0.22371736208695844
Rg norm w/0.5,buffer regr out,Inliers,ProtBERT,100,Ridge,90/10,-0.463676266093936,0.0702126796189509
Rg norm w/0.5,buffer regr out,Inliers,ProtBERT,100,Lasso,90/10,-0.13283793932135302,0.061769903836318904
Rg norm w/0.5,buffer regr out,Inliers,ProtBERT,100,Kernel Ridge,90/10,-0.3034750632824861,0.06625892661854053
Rg norm w/0.5,buffer regr out,Inliers,ProtBERT,100,GPR,90/10,-0.5825540116533721,0.07300831128669011
Rg norm w/0.5,buffer regr out,All,ProtBERT,190,Linear,80/20,-17.32658394753605,0.35461870307744203
Rg norm w/0.5,buffer regr out,All,ProtBERT,190,Ridge,80/20,-1.3542318746233386,0.1270999836250068
Rg norm w/0.5,buffer regr out,All,ProtBERT,190,Lasso,80/20,-0.3647254613561626,0.096770620092279
Rg norm w/0.5,buffer regr out,All,ProtBERT,190,Kernel Ridge,80/20,0.3435540705874378,0.0671151177846917
Rg norm w/0.5,buffer regr out,All,ProtBERT,190,GPR,80/20,0.313894447542754,0.06861456966055599
Rg norm w/0.5,buffer regr out,All,ProtBERT,190,Linear,85/15,-23.962744138582142,0.3745921648669821
Rg norm w/0.5,buffer regr out,All,ProtBERT,190,Ridge,85/15,-2.055289481525736,0.1310505080759631
Rg norm w/0.5,buffer regr out,All,ProtBERT,190,Lasso,85/15,-0.37731686657798247,0.08798921831557258
Rg norm w/0.5,buffer regr out,All,ProtBERT,190,Kernel Ridge,85/15,0.32461525272919234,0.06161524089536915
Rg norm w/0.5,buffer regr out,All,ProtBERT,190,GPR,85/15,0.28006604619171516,0.06361490087159527
Rg norm w/0.5,buffer regr out,All,ProtBERT,190,Linear,90/10,-21.542630337700693,0.3632454828725515
Rg norm w/0.5,buffer regr out,All,ProtBERT,190,Ridge,90/10,-1.1736591244306935,0.11279598651580779
Rg norm w/0.5,buffer regr out,All,ProtBERT,190,Lasso,90/10,-0.23414489873913746,0.0849925782719943
Rg norm w/0.5,buffer regr out,All,ProtBERT,190,Kernel Ridge,90/10,0.32755686050705535,0.06273728367823553
Rg norm w/0.5,buffer regr out,All,ProtBERT,190,GPR,90/10,0.5147332127053138,0.05329521417203983
Rg norm w/0.5,buffer regr out,Inliers,ProtBERT,190,Linear,80/20,-2.1472560645286487,0.11396268935921047
Rg norm w/0.5,buffer regr out,Inliers,ProtBERT,190,Ridge,80/20,-0.31363284156036975,0.073626414020721
Rg norm w/0.5,buffer regr out,Inliers,ProtBERT,190,Lasso,80/20,-0.09625416800493625,0.06725929002540709
Rg norm w/0.5,buffer regr out,Inliers,ProtBERT,190,Kernel Ridge,80/20,-0.3600543753328811,0.07491603534117981
Rg norm w/0.5,buffer regr out,Inliers,ProtBERT,190,GPR,80/20,-0.13818055003788654,0.06853339238425685
Rg norm w/0.5,buffer regr out,Inliers,ProtBERT,190,Linear,85/15,-2.144462003829702,0.11346247341276215
Rg norm w/0.5,buffer regr out,Inliers,ProtBERT,190,Ridge,85/15,-0.0756718229813762,0.06636192376591568
Rg norm w/0.5,buffer regr out,Inliers,ProtBERT,190,Lasso,85/15,0.22908180160655722,0.056180192108851265
Rg norm w/0.5,buffer regr out,Inliers,ProtBERT,190,Kernel Ridge,85/15,-0.08296413378913936,0.06658648777852845
Rg norm w/0.5,buffer regr out,Inliers,ProtBERT,190,GPR,85/15,-0.17374588573488015,0.06932120645948786
Rg norm w/0.5,buffer regr out,Inliers,ProtBERT,190,Linear,90/10,-3.534707714393991,0.12358554651430845
Rg norm w/0.5,buffer regr out,Inliers,ProtBERT,190,Ridge,90/10,-0.4313250236202657,0.06943239796079118
Rg norm w/0.5,buffer regr out,Inliers,ProtBERT,190,Lasso,90/10,-0.13282034398974818,0.061769424126854815
Rg norm w/0.5,buffer regr out,Inliers,ProtBERT,190,Kernel Ridge,90/10,-0.2767024591814582,0.06557493669777475
Rg norm w/0.5,buffer regr out,Inliers,ProtBERT,190,GPR,90/10,-0.5454282664538712,0.07214686397438441
Rg norm w/0.418,buffer regr out,All,ProtBERT,10,Linear,80/20,-1.0945530802583687,0.17778945158182308
Rg norm w/0.418,buffer regr out,All,ProtBERT,10,Ridge,80/20,-0.9375780466511987,0.1709975576729494
Rg norm w/0.418,buffer regr out,All,ProtBERT,10,Lasso,80/20,-0.5028729775842529,0.15059877622022944
Rg norm w/0.418,buffer regr out,All,ProtBERT,10,Kernel Ridge,80/20,0.28053407609531966,0.1041994483031835
Rg norm w/0.418,buffer regr out,All,ProtBERT,10,GPR,80/20,0.2749128911504132,0.1046057112911705
Rg norm w/0.418,buffer regr out,All,ProtBERT,10,Linear,85/15,-1.2327591542986007,0.16946483155092193
Rg norm w/0.418,buffer regr out,All,ProtBERT,10,Ridge,85/15,-1.0867473221243062,0.1638300551172252
Rg norm w/0.418,buffer regr out,All,ProtBERT,10,Lasso,85/15,-0.538103668624414,0.14065379322822125
Rg norm w/0.418,buffer regr out,All,ProtBERT,10,Kernel Ridge,85/15,0.20615674640765336,0.10104760491684645
Rg norm w/0.418,buffer regr out,All,ProtBERT,10,GPR,85/15,0.23116341765738968,0.09944333133955852
Rg norm w/0.418,buffer regr out,All,ProtBERT,10,Linear,90/10,-0.4652646987666844,0.1392804135774877
Rg norm w/0.418,buffer regr out,All,ProtBERT,10,Ridge,90/10,-0.4243420194884848,0.13732169254808457
Rg norm w/0.418,buffer regr out,All,ProtBERT,10,Lasso,90/10,-0.29882516677301285,0.13113159748246045
Rg norm w/0.418,buffer regr out,All,ProtBERT,10,Kernel Ridge,90/10,0.2394719585051731,0.10034358662578645
Rg norm w/0.418,buffer regr out,All,ProtBERT,10,GPR,90/10,0.37187566455966614,0.09119159548200952
Rg norm w/0.418,buffer regr out,Inliers,ProtBERT,10,Linear,80/20,-0.5343951632915427,0.12432689800058076
Rg norm w/0.418,buffer regr out,Inliers,ProtBERT,10,Ridge,80/20,-0.3407626897072513,0.11621774529989966
Rg norm w/0.418,buffer regr out,Inliers,ProtBERT,10,Lasso,80/20,0.027548343479591564,0.09897613661895793
Rg norm w/0.418,buffer regr out,Inliers,ProtBERT,10,Kernel Ridge,80/20,-0.07934440985164493,0.10427411458568003
Rg norm w/0.418,buffer regr out,Inliers,ProtBERT,10,GPR,80/20,-0.11550948956203455,0.10600665290280255
Rg norm w/0.418,buffer regr out,Inliers,ProtBERT,10,Linear,85/15,-0.22231646025234686,0.10951553393613037
Rg norm w/0.418,buffer regr out,Inliers,ProtBERT,10,Ridge,85/15,-0.13677048284208038,0.10561370759583998
Rg norm w/0.418,buffer regr out,Inliers,ProtBERT,10,Lasso,85/15,-0.07730199031557783,0.10281408761300209
Rg norm w/0.418,buffer regr out,Inliers,ProtBERT,10,Kernel Ridge,85/15,-0.02127797663753017,0.10010502492575282
Rg norm w/0.418,buffer regr out,Inliers,ProtBERT,10,GPR,85/15,-0.14168924721498088,0.10584195428684727
Rg norm w/0.418,buffer regr out,Inliers,ProtBERT,10,Linear,90/10,-0.5544541029986259,0.1195305199520311
Rg norm w/0.418,buffer regr out,Inliers,ProtBERT,10,Ridge,90/10,-0.4292060405547542,0.11461389677998773
Rg norm w/0.418,buffer regr out,Inliers,ProtBERT,10,Lasso,90/10,-0.12140771940116335,0.10152467959415507
Rg norm w/0.418,buffer regr out,Inliers,ProtBERT,10,Kernel Ridge,90/10,-0.2455490666875959,0.10699667385318655
Rg norm w/0.418,buffer regr out,Inliers,ProtBERT,10,GPR,90/10,-0.3706043826150689,0.11223954952773721
Rg norm w/0.418,buffer regr out,All,ProtBERT,20,Linear,80/20,-1.1154497423242842,0.17867412376222433
Rg norm w/0.418,buffer regr out,All,ProtBERT,20,Ridge,80/20,-0.8191726545189066,0.16569036875492865
Rg norm w/0.418,buffer regr out,All,ProtBERT,20,Lasso,80/20,-0.5028462133005596,0.15059743522655392
Rg norm w/0.418,buffer regr out,All,ProtBERT,20,Kernel Ridge,80/20,0.2765711683599509,0.10448602597514271
Rg norm w/0.418,buffer regr out,All,ProtBERT,20,GPR,80/20,0.2823236317828197,0.1040697779410775
Rg norm w/0.418,buffer regr out,All,ProtBERT,20,Linear,85/15,-1.4206927270067724,0.17645276886137837
Rg norm w/0.418,buffer regr out,All,ProtBERT,20,Ridge,85/15,-1.0597350510827224,0.16276623759821257
Rg norm w/0.418,buffer regr out,All,ProtBERT,20,Lasso,85/15,-0.5381041970330387,0.14065381738870944
Rg norm w/0.418,buffer regr out,All,ProtBERT,20,Kernel Ridge,85/15,0.22454620699299566,0.09987035813019669
Rg norm w/0.418,buffer regr out,All,ProtBERT,20,GPR,85/15,0.24035904474791359,0.0988468492157097
Rg norm w/0.418,buffer regr out,All,ProtBERT,20,Linear,90/10,-0.8264210713766849,0.15550073954739196
Rg norm w/0.418,buffer regr out,All,ProtBERT,20,Ridge,90/10,-0.5200345546645901,0.14185960124536823
Rg norm w/0.418,buffer regr out,All,ProtBERT,20,Lasso,90/10,-0.2988253737979001,0.13113160793325235
Rg norm w/0.418,buffer regr out,All,ProtBERT,20,Kernel Ridge,90/10,0.23192124684714144,0.10084047441499035
Rg norm w/0.418,buffer regr out,All,ProtBERT,20,GPR,90/10,0.37411654738279776,0.0910287835572013
Rg norm w/0.418,buffer regr out,Inliers,ProtBERT,20,Linear,80/20,-0.6925356223489443,0.13057661215496005
Rg norm w/0.418,buffer regr out,Inliers,ProtBERT,20,Ridge,80/20,-0.3231174919377944,0.1154504667476016
Rg norm w/0.418,buffer regr out,Inliers,ProtBERT,20,Lasso,80/20,0.058806895507139356,0.09737239584098001
Rg norm w/0.418,buffer regr out,Inliers,ProtBERT,20,Kernel Ridge,80/20,-0.013860250970225252,0.1010614525095933
Rg norm w/0.418,buffer regr out,Inliers,ProtBERT,20,GPR,80/20,-0.11562153501501138,0.1060119765980798
Rg norm w/0.418,buffer regr out,Inliers,ProtBERT,20,Linear,85/15,-0.3254030923115132,0.11404017748140322
Rg norm w/0.418,buffer regr out,Inliers,ProtBERT,20,Ridge,85/15,-0.13817683440812467,0.10567901721434571
Rg norm w/0.418,buffer regr out,Inliers,ProtBERT,20,Lasso,85/15,0.06000743741122383,0.09603866257179097
Rg norm w/0.418,buffer regr out,Inliers,ProtBERT,20,Kernel Ridge,85/15,0.008470041809325868,0.09863630958885236
Rg norm w/0.418,buffer regr out,Inliers,ProtBERT,20,GPR,85/15,-0.14168025223765457,0.10584153733982928
Rg norm w/0.418,buffer regr out,Inliers,ProtBERT,20,Linear,90/10,-0.6666691903837758,0.12376976333734613
Rg norm w/0.418,buffer regr out,Inliers,ProtBERT,20,Ridge,90/10,-0.40894257822671487,0.11379849113629653
Rg norm w/0.418,buffer regr out,Inliers,ProtBERT,20,Lasso,90/10,-0.077079383604163,0.09949785391176841
Rg norm w/0.418,buffer regr out,Inliers,ProtBERT,20,Kernel Ridge,90/10,-0.20037419292492853,0.1050384203419155
Rg norm w/0.418,buffer regr out,Inliers,ProtBERT,20,GPR,90/10,-0.3700640100279897,0.11221742164176181
Rg norm w/0.418,buffer regr out,All,ProtBERT,50,Linear,80/20,-4.735390870049299,0.2941994220617738
Rg norm w/0.418,buffer regr out,All,ProtBERT,50,Ridge,80/20,-1.2138934530222367,0.1827842044669518
Rg norm w/0.418,buffer regr out,All,ProtBERT,50,Lasso,80/20,-0.5028757976442888,0.15059891751540122
Rg norm w/0.418,buffer regr out,All,ProtBERT,50,Kernel Ridge,80/20,0.23886379453784667,0.10717450721597888
Rg norm w/0.418,buffer regr out,All,ProtBERT,50,GPR,80/20,0.2806699497591154,0.10418960862291216
Rg norm w/0.418,buffer regr out,All,ProtBERT,50,Linear,85/15,-5.575372257406515,0.2908163486960102
Rg norm w/0.418,buffer regr out,All,ProtBERT,50,Ridge,85/15,-1.7781159902016963,0.18903134829905086
Rg norm w/0.418,buffer regr out,All,ProtBERT,50,Lasso,85/15,-0.5381036668069168,0.1406537931451196
Rg norm w/0.418,buffer regr out,All,ProtBERT,50,Kernel Ridge,85/15,0.2121715828977061,0.10066406542373878
Rg norm w/0.418,buffer regr out,All,ProtBERT,50,GPR,85/15,0.24096024550085948,0.09880772641537873
Rg norm w/0.418,buffer regr out,All,ProtBERT,50,Linear,90/10,-3.033912816594218,0.23109750579654784
Rg norm w/0.418,buffer regr out,All,ProtBERT,50,Ridge,90/10,-1.0086608596240212,0.16307422111334213
Rg norm w/0.418,buffer regr out,All,ProtBERT,50,Lasso,90/10,-0.29882516452871744,0.1311315973691665
Rg norm w/0.418,buffer regr out,All,ProtBERT,50,Kernel Ridge,90/10,0.46276482634852467,0.08433623786990711
Rg norm w/0.418,buffer regr out,All,ProtBERT,50,GPR,90/10,0.3722393749387749,0.0911651897764807
Rg norm w/0.418,buffer regr out,Inliers,ProtBERT,50,Linear,80/20,-1.6204234877639454,0.16247338521750948
Rg norm w/0.418,buffer regr out,Inliers,ProtBERT,50,Ridge,80/20,-0.43288639217677516,0.12014407738325136
Rg norm w/0.418,buffer regr out,Inliers,ProtBERT,50,Lasso,80/20,0.06046984136787814,0.09728633666281945
Rg norm w/0.418,buffer regr out,Inliers,ProtBERT,50,Kernel Ridge,80/20,-0.12850236504549373,0.10662222087093504
Rg norm w/0.418,buffer regr out,Inliers,ProtBERT,50,GPR,80/20,-0.11569097825109131,0.10601527596974367
Rg norm w/0.418,buffer regr out,Inliers,ProtBERT,50,Linear,85/15,-1.7312665654489972,0.16370650582595414
Rg norm w/0.418,buffer regr out,Inliers,ProtBERT,50,Ridge,85/15,-0.22358885042025878,0.10957252009653111
Rg norm w/0.418,buffer regr out,Inliers,ProtBERT,50,Lasso,85/15,0.07190616645807946,0.0954288825442827
Rg norm w/0.418,buffer regr out,Inliers,ProtBERT,50,Kernel Ridge,85/15,1.7495336712580745e-05,0.09905584239582606
Rg norm w/0.418,buffer regr out,Inliers,ProtBERT,50,GPR,85/15,-0.14168234333155616,0.10584163426911025
Rg norm w/0.418,buffer regr out,Inliers,ProtBERT,50,Linear,90/10,-2.995111345074976,0.1916259411134734
Rg norm w/0.418,buffer regr out,Inliers,ProtBERT,50,Ridge,90/10,-0.5184990206246787,0.11814004038351467
Rg norm w/0.418,buffer regr out,Inliers,ProtBERT,50,Lasso,90/10,-0.07706364504526775,0.09949712696509293
Rg norm w/0.418,buffer regr out,Inliers,ProtBERT,50,Kernel Ridge,90/10,-0.20464902374158367,0.10522528807859555
Rg norm w/0.418,buffer regr out,Inliers,ProtBERT,50,GPR,90/10,-0.36820446037624577,0.11214124099592962
Rg norm w/0.418,buffer regr out,All,ProtBERT,100,Linear,80/20,-43.943697629771535,0.8235589759892393
Rg norm w/0.418,buffer regr out,All,ProtBERT,100,Ridge,80/20,-1.5188237675154355,0.1949661412389673
Rg norm w/0.418,buffer regr out,All,ProtBERT,100,Lasso,80/20,-0.5028756981070426,0.15059891252822868
Rg norm w/0.418,buffer regr out,All,ProtBERT,100,Kernel Ridge,80/20,0.2909202988945744,0.10344460161563394
Rg norm w/0.418,buffer regr out,All,ProtBERT,100,GPR,80/20,0.283019177146829,0.10401933542856968
Rg norm w/0.418,buffer regr out,All,ProtBERT,100,Linear,85/15,-54.47810867903909,0.8447330154531145
Rg norm w/0.418,buffer regr out,All,ProtBERT,100,Ridge,85/15,-2.216859161913186,0.20341110948213836
Rg norm w/0.418,buffer regr out,All,ProtBERT,100,Lasso,85/15,-0.538103665846855,0.14065379310122259
Rg norm w/0.418,buffer regr out,All,ProtBERT,100,Kernel Ridge,85/15,0.27383576086384875,0.09664426194894939
Rg norm w/0.418,buffer regr out,All,ProtBERT,100,GPR,85/15,0.24936129566694665,0.0982594031452719
Rg norm w/0.418,buffer regr out,All,ProtBERT,100,Linear,90/10,-23.556792418570318,0.5701876729070565
Rg norm w/0.418,buffer regr out,All,ProtBERT,100,Ridge,90/10,-1.4053011058292282,0.17845007294865323
Rg norm w/0.418,buffer regr out,All,ProtBERT,100,Lasso,90/10,-0.2988251635090924,0.13113159731769494
Rg norm w/0.418,buffer regr out,All,ProtBERT,100,Kernel Ridge,90/10,0.3862740053312608,0.09014035488565679
Rg norm w/0.418,buffer regr out,All,ProtBERT,100,GPR,90/10,0.39217331808282163,0.08970608112086857
Rg norm w/0.418,buffer regr out,Inliers,ProtBERT,100,Linear,80/20,-11.316062163729782,0.3522349319098028
Rg norm w/0.418,buffer regr out,Inliers,ProtBERT,100,Ridge,80/20,-0.3360148740718214,0.11601179171060287
Rg norm w/0.418,buffer regr out,Inliers,ProtBERT,100,Lasso,80/20,-0.14789362127721173,0.10753437340402719
Rg norm w/0.418,buffer regr out,Inliers,ProtBERT,100,Kernel Ridge,80/20,-0.399092337255909,0.1187188487712164
Rg norm w/0.418,buffer regr out,Inliers,ProtBERT,100,GPR,80/20,-0.11577658820283232,0.10601934330950774
Rg norm w/0.418,buffer regr out,Inliers,ProtBERT,100,Linear,85/15,-15.501159971975653,0.40238439706435936
Rg norm w/0.418,buffer regr out,Inliers,ProtBERT,100,Ridge,85/15,-0.13651513282733707,0.10560184505329773
Rg norm w/0.418,buffer regr out,Inliers,ProtBERT,100,Lasso,85/15,0.06762530139574874,0.09564871385967133
Rg norm w/0.418,buffer regr out,Inliers,ProtBERT,100,Kernel Ridge,85/15,-0.004951987297228566,0.09930166981067806
Rg norm w/0.418,buffer regr out,Inliers,ProtBERT,100,GPR,85/15,-0.1416817917243578,0.10584160870025797
Rg norm w/0.418,buffer regr out,Inliers,ProtBERT,100,Linear,90/10,-13.35478909251728,0.3632354817634238
Rg norm w/0.418,buffer regr out,Inliers,ProtBERT,100,Ridge,90/10,-0.3899083205451255,0.1130271909563747
Rg norm w/0.418,buffer regr out,Inliers,ProtBERT,100,Lasso,90/10,-0.25789279883765603,0.10752554991809578
Rg norm w/0.418,buffer regr out,Inliers,ProtBERT,100,Kernel Ridge,90/10,-0.22992401457193745,0.10632343465755634
Rg norm w/0.418,buffer regr out,Inliers,ProtBERT,100,GPR,90/10,-0.3655023883681541,0.11203045219547633
Rg norm w/0.418,buffer regr out,All,ProtBERT,190,Linear,80/20,-17.53029321303216,0.5288121812561751
Rg norm w/0.418,buffer regr out,All,ProtBERT,190,Ridge,80/20,-1.421035094262896,0.19114407800989502
Rg norm w/0.418,buffer regr out,All,ProtBERT,190,Lasso,80/20,-0.5028756980617921,0.15059891252596147
Rg norm w/0.418,buffer regr out,All,ProtBERT,190,Kernel Ridge,80/20,0.3073322556125977,0.10224045817150441
Rg norm w/0.418,buffer regr out,All,ProtBERT,190,GPR,80/20,0.28934177864282995,0.10355967938652888
Rg norm w/0.418,buffer regr out,All,ProtBERT,190,Linear,85/15,-23.132572638981785,0.5571350175485562
Rg norm w/0.418,buffer regr out,All,ProtBERT,190,Ridge,85/15,-2.0863008404292125,0.19924056906884155
Rg norm w/0.418,buffer regr out,All,ProtBERT,190,Lasso,85/15,-0.53810366584527,0.14065379310115012
Rg norm w/0.418,buffer regr out,All,ProtBERT,190,Kernel Ridge,85/15,0.29333639395171596,0.09533777400098051
Rg norm w/0.418,buffer regr out,All,ProtBERT,190,GPR,85/15,0.264157542373728,0.09728616104991004
Rg norm w/0.418,buffer regr out,All,ProtBERT,190,Linear,90/10,-21.3255910408222,0.5436676438274881
Rg norm w/0.418,buffer regr out,All,ProtBERT,190,Ridge,90/10,-1.2296755562050916,0.1718117418230506
Rg norm w/0.418,buffer regr out,All,ProtBERT,190,Lasso,90/10,-0.29882516350815114,0.13113159731764745
Rg norm w/0.418,buffer regr out,All,ProtBERT,190,Kernel Ridge,90/10,0.3361779725499162,0.09374709828183188
Rg norm w/0.418,buffer regr out,All,ProtBERT,190,GPR,90/10,0.517753738714595,0.07990361701041485
Rg norm w/0.418,buffer regr out,Inliers,ProtBERT,190,Linear,80/20,-2.121634902626011,0.17733217529529754
Rg norm w/0.418,buffer regr out,Inliers,ProtBERT,190,Ridge,80/20,-0.3138936093883773,0.11504734155525591
Rg norm w/0.418,buffer regr out,Inliers,ProtBERT,190,Lasso,80/20,-0.14862744582116716,0.10756874015783224
Rg norm w/0.418,buffer regr out,Inliers,ProtBERT,190,Kernel Ridge,80/20,-0.3572010688721381,0.11692801688843814
Rg norm w/0.418,buffer regr out,Inliers,ProtBERT,190,GPR,80/20,-0.11575518694149967,0.1060183265474711
Rg norm w/0.418,buffer regr out,Inliers,ProtBERT,190,Linear,85/15,-2.294685232353216,0.17980048522317563
Rg norm w/0.418,buffer regr out,Inliers,ProtBERT,190,Ridge,85/15,-0.11685284371439031,0.10468437679267649
Rg norm w/0.418,buffer regr out,Inliers,ProtBERT,190,Lasso,85/15,0.06811795786733188,0.09562344065981003
Rg norm w/0.418,buffer regr out,Inliers,ProtBERT,190,Kernel Ridge,85/15,0.01193325777583043,0.09846390045204091
Rg norm w/0.418,buffer regr out,Inliers,ProtBERT,190,GPR,85/15,-0.1410374760385089,0.10581173827859401
Rg norm w/0.418,buffer regr out,Inliers,ProtBERT,190,Linear,90/10,-3.1609494135113554,0.19556272261377955
Rg norm w/0.418,buffer regr out,Inliers,ProtBERT,190,Ridge,90/10,-0.3634340330858301,0.11194557259606877
Rg norm w/0.418,buffer regr out,Inliers,ProtBERT,190,Lasso,90/10,-0.25496044154313213,0.10740014682271223
Rg norm w/0.418,buffer regr out,Inliers,ProtBERT,190,Kernel Ridge,90/10,-0.20511003248184978,0.10524542055551012
Rg norm w/0.418,buffer regr out,Inliers,ProtBERT,190,GPR,90/10,-0.34836277220374745,0.11132513579355495
Rg w/no norm,expr pH only regr out,All,ProtBERT,10,Linear,80/20,0.07326111187008677,2.2598775682767163
Rg w/no norm,expr pH only regr out,All,ProtBERT,10,Ridge,80/20,0.0935710860161656,2.2349771785816337
Rg w/no norm,expr pH only regr out,All,ProtBERT,10,Lasso,80/20,0.04838486026288502,2.290007417442457
Rg w/no norm,expr pH only regr out,All,ProtBERT,10,Kernel Ridge,80/20,0.07260140114217206,2.2606817863073934
Rg w/no norm,expr pH only regr out,All,ProtBERT,10,GPR,80/20,0.1505126385196015,2.1636383896775904
Rg w/no norm,expr pH only regr out,All,ProtBERT,10,Linear,85/15,0.09301666252210039,2.2841076269388285
Rg w/no norm,expr pH only regr out,All,ProtBERT,10,Ridge,85/15,0.09888401933639546,2.276707590772196
Rg w/no norm,expr pH only regr out,All,ProtBERT,10,Lasso,85/15,0.09301658105777377,2.284107729516945
Rg w/no norm,expr pH only regr out,All,ProtBERT,10,Kernel Ridge,85/15,0.22143094063270707,2.1162427342442607
Rg w/no norm,expr pH only regr out,All,ProtBERT,10,GPR,85/15,0.2311336897555477,2.103014782898296
Rg w/no norm,expr pH only regr out,All,ProtBERT,10,Linear,90/10,0.08027310545260158,2.164126126989077
Rg w/no norm,expr pH only regr out,All,ProtBERT,10,Ridge,90/10,0.0868381299451283,2.156388511934039
Rg w/no norm,expr pH only regr out,All,ProtBERT,10,Lasso,90/10,0.0802265704027737,2.164180875003904
Rg w/no norm,expr pH only regr out,All,ProtBERT,10,Kernel Ridge,90/10,0.19151490352744482,2.0290331118660725
Rg w/no norm,expr pH only regr out,All,ProtBERT,10,GPR,90/10,0.07728727692605131,2.167636122014605
Rg w/no norm,expr pH only regr out,Inliers,ProtBERT,10,Linear,80/20,0.16894313762837077,2.035569205590017
Rg w/no norm,expr pH only regr out,Inliers,ProtBERT,10,Ridge,80/20,0.18129359383919608,2.0203871445899533
Rg w/no norm,expr pH only regr out,Inliers,ProtBERT,10,Lasso,80/20,0.1793894143965422,2.022735327806392
Rg w/no norm,expr pH only regr out,Inliers,ProtBERT,10,Kernel Ridge,80/20,0.42921160660478275,1.6869727558183183
Rg w/no norm,expr pH only regr out,Inliers,ProtBERT,10,GPR,80/20,0.29337401654383266,1.8770044559817796
Rg w/no norm,expr pH only regr out,Inliers,ProtBERT,10,Linear,85/15,0.17226322276734707,1.9877081413253868
Rg w/no norm,expr pH only regr out,Inliers,ProtBERT,10,Ridge,85/15,0.17258625695047503,1.9873202400310408
Rg w/no norm,expr pH only regr out,Inliers,ProtBERT,10,Lasso,85/15,0.18280036090200358,1.9750157972689544
Rg w/no norm,expr pH only regr out,Inliers,ProtBERT,10,Kernel Ridge,85/15,0.42886751105142584,1.6511058779907477
Rg w/no norm,expr pH only regr out,Inliers,ProtBERT,10,GPR,85/15,0.23939863445756693,1.9053950867667195
Rg w/no norm,expr pH only regr out,Inliers,ProtBERT,10,Linear,90/10,0.2646763574033877,1.7774424141272827
Rg w/no norm,expr pH only regr out,Inliers,ProtBERT,10,Ridge,90/10,0.2737736515081911,1.766413093103945
Rg w/no norm,expr pH only regr out,Inliers,ProtBERT,10,Lasso,90/10,0.2655669887047576,1.7763656600292201
Rg w/no norm,expr pH only regr out,Inliers,ProtBERT,10,Kernel Ridge,90/10,-0.11508179501235172,2.1888179272400614
Rg w/no norm,expr pH only regr out,Inliers,ProtBERT,10,GPR,90/10,0.2518843895399401,1.7928362832430633
Rg w/no norm,expr pH only regr out,All,ProtBERT,20,Linear,80/20,0.1193432580143009,2.2029749039706035
Rg w/no norm,expr pH only regr out,All,ProtBERT,20,Ridge,80/20,0.1849062895891438,2.119385645753191
Rg w/no norm,expr pH only regr out,All,ProtBERT,20,Lasso,80/20,0.1289455038583992,2.190931911526938
Rg w/no norm,expr pH only regr out,All,ProtBERT,20,Kernel Ridge,80/20,-0.07451149264499546,2.4333901742615685
Rg w/no norm,expr pH only regr out,All,ProtBERT,20,GPR,80/20,-0.10263408156730791,2.4650283797532366
Rg w/no norm,expr pH only regr out,All,ProtBERT,20,Linear,85/15,0.14835229817780227,2.213333712770864
Rg w/no norm,expr pH only regr out,All,ProtBERT,20,Ridge,85/15,0.18761259344144277,2.161715322613302
Rg w/no norm,expr pH only regr out,All,ProtBERT,20,Lasso,85/15,0.15981132016065958,2.1983929498325816
Rg w/no norm,expr pH only regr out,All,ProtBERT,20,Kernel Ridge,85/15,-0.008456911617070073,2.4084940796610526
Rg w/no norm,expr pH only regr out,All,ProtBERT,20,GPR,85/15,-0.02148048500104016,2.423996267172173
Rg w/no norm,expr pH only regr out,All,ProtBERT,20,Linear,90/10,0.04460935844093816,2.205685643868996
Rg w/no norm,expr pH only regr out,All,ProtBERT,20,Ridge,90/10,0.1146697615622243,2.123272690825334
Rg w/no norm,expr pH only regr out,All,ProtBERT,20,Lasso,90/10,0.07886258564429616,2.1657849744781905
Rg w/no norm,expr pH only regr out,All,ProtBERT,20,Kernel Ridge,90/10,0.3474329261728284,1.822911998978515
Rg w/no norm,expr pH only regr out,All,ProtBERT,20,GPR,90/10,-0.06516544778865829,2.3289580190386063
Rg w/no norm,expr pH only regr out,Inliers,ProtBERT,20,Linear,80/20,0.2935900389616344,1.8767175248156105
Rg w/no norm,expr pH only regr out,Inliers,ProtBERT,20,Ridge,80/20,0.3327124544181268,1.824009146435037
Rg w/no norm,expr pH only regr out,Inliers,ProtBERT,20,Lasso,80/20,0.3251308572107605,1.8343419062489636
Rg w/no norm,expr pH only regr out,Inliers,ProtBERT,20,Kernel Ridge,80/20,0.45989285666044033,1.6410071102048893
Rg w/no norm,expr pH only regr out,Inliers,ProtBERT,20,GPR,80/20,0.06745653645184468,2.15627944699237
Rg w/no norm,expr pH only regr out,Inliers,ProtBERT,20,Linear,85/15,0.20535410267754706,1.947571063912187
Rg w/no norm,expr pH only regr out,Inliers,ProtBERT,20,Ridge,85/15,0.25455042499615765,1.8863211159078908
Rg w/no norm,expr pH only regr out,Inliers,ProtBERT,20,Lasso,85/15,0.21708238094942478,1.9331454160017132
Rg w/no norm,expr pH only regr out,Inliers,ProtBERT,20,Kernel Ridge,85/15,0.36071150898048854,1.7468472624492641
Rg w/no norm,expr pH only regr out,Inliers,ProtBERT,20,GPR,85/15,0.032301218731210835,2.1491987913939603
Rg w/no norm,expr pH only regr out,Inliers,ProtBERT,20,Linear,90/10,0.25000997707841355,1.7950808643642437
Rg w/no norm,expr pH only regr out,Inliers,ProtBERT,20,Ridge,90/10,0.31848881121531136,1.7111684706257921
Rg w/no norm,expr pH only regr out,Inliers,ProtBERT,20,Lasso,90/10,0.28366835546219393,1.7543382917527588
Rg w/no norm,expr pH only regr out,Inliers,ProtBERT,20,Kernel Ridge,90/10,0.4203157245391065,1.578163643594347
Rg w/no norm,expr pH only regr out,Inliers,ProtBERT,20,GPR,90/10,0.13239217150085192,1.9307142649424904
Rg w/no norm,expr pH only regr out,All,ProtBERT,50,Linear,80/20,-1.391926476541265,3.630614440346454
Rg w/no norm,expr pH only regr out,All,ProtBERT,50,Ridge,80/20,0.15223709387379747,2.161441186148134
Rg w/no norm,expr pH only regr out,All,ProtBERT,50,Lasso,80/20,0.13939945516054808,2.1777450034070416
Rg w/no norm,expr pH only regr out,All,ProtBERT,50,Kernel Ridge,80/20,-0.1260200588342082,2.491031854347073
Rg w/no norm,expr pH only regr out,All,ProtBERT,50,GPR,80/20,-0.0862426071919482,2.4466375368241664
Rg w/no norm,expr pH only regr out,All,ProtBERT,50,Linear,85/15,-0.6419573373840155,3.073249672917893
Rg w/no norm,expr pH only regr out,All,ProtBERT,50,Ridge,85/15,0.18793126468885524,2.1612912982613377
Rg w/no norm,expr pH only regr out,All,ProtBERT,50,Lasso,85/15,0.1742507768175635,2.1794203242097563
Rg w/no norm,expr pH only regr out,All,ProtBERT,50,Kernel Ridge,85/15,0.27376043964680574,2.0438869038608782
Rg w/no norm,expr pH only regr out,All,ProtBERT,50,GPR,85/15,-0.016885002510204528,2.4185375288632347
Rg w/no norm,expr pH only regr out,All,ProtBERT,50,Linear,90/10,-0.1709656111623794,2.4418849350036784
Rg w/no norm,expr pH only regr out,All,ProtBERT,50,Ridge,90/10,0.26111207268388303,1.9397350369088193
Rg w/no norm,expr pH only regr out,All,ProtBERT,50,Lasso,90/10,0.2268317748003964,1.9842213754711084
Rg w/no norm,expr pH only regr out,All,ProtBERT,50,Kernel Ridge,90/10,0.3572178326751232,1.8091935672067725
Rg w/no norm,expr pH only regr out,All,ProtBERT,50,GPR,90/10,0.05037203223938291,2.1990235146905475
Rg w/no norm,expr pH only regr out,Inliers,ProtBERT,50,Linear,80/20,0.01609829487842529,2.21486040216944
Rg w/no norm,expr pH only regr out,Inliers,ProtBERT,50,Ridge,80/20,0.47893388945322857,1.6118213951407476
Rg w/no norm,expr pH only regr out,Inliers,ProtBERT,50,Lasso,80/20,0.4101027457246016,1.7149785383061484
Rg w/no norm,expr pH only regr out,Inliers,ProtBERT,50,Kernel Ridge,80/20,0.5359681907116358,1.5210531098735787
Rg w/no norm,expr pH only regr out,Inliers,ProtBERT,50,GPR,80/20,0.24378044240738816,1.9417551008893954
Rg w/no norm,expr pH only regr out,Inliers,ProtBERT,50,Linear,85/15,-0.18679924363629397,2.3800995435607604
Rg w/no norm,expr pH only regr out,Inliers,ProtBERT,50,Ridge,85/15,0.4723429570915614,1.5870198552357242
Rg w/no norm,expr pH only regr out,Inliers,ProtBERT,50,Lasso,85/15,0.2691130238217512,1.8678052948684383
Rg w/no norm,expr pH only regr out,Inliers,ProtBERT,50,Kernel Ridge,85/15,0.5510396071380259,1.4638969478725554
Rg w/no norm,expr pH only regr out,Inliers,ProtBERT,50,GPR,85/15,0.2479885261466317,1.8946051961978991
Rg w/no norm,expr pH only regr out,Inliers,ProtBERT,50,Linear,90/10,-0.3781046359849687,2.433309609294096
Rg w/no norm,expr pH only regr out,Inliers,ProtBERT,50,Ridge,90/10,0.5168364893167658,1.440798801103888
Rg w/no norm,expr pH only regr out,Inliers,ProtBERT,50,Lasso,90/10,0.3195635268165904,1.7098187165284744
Rg w/no norm,expr pH only regr out,Inliers,ProtBERT,50,Kernel Ridge,90/10,0.5672181356888459,1.3636119579237156
Rg w/no norm,expr pH only regr out,Inliers,ProtBERT,50,GPR,90/10,0.32779310819158414,1.699447507756707
Rg w/no norm,expr pH only regr out,All,ProtBERT,100,Linear,80/20,-9.111103962437612,7.4645822118173975
Rg w/no norm,expr pH only regr out,All,ProtBERT,100,Ridge,80/20,0.17307040755000347,2.1347178646324574
Rg w/no norm,expr pH only regr out,All,ProtBERT,100,Lasso,80/20,0.11570533729275312,2.2075203688328746
Rg w/no norm,expr pH only regr out,All,ProtBERT,100,Kernel Ridge,80/20,-0.15201855002133957,2.5196252606400544
Rg w/no norm,expr pH only regr out,All,ProtBERT,100,GPR,80/20,-0.12217164081714338,2.486771389875406
Rg w/no norm,expr pH only regr out,All,ProtBERT,100,Linear,85/15,-9.05270820288717,7.60428609660777
Rg w/no norm,expr pH only regr out,All,ProtBERT,100,Ridge,85/15,0.1772316689014941,2.175482996574739
Rg w/no norm,expr pH only regr out,All,ProtBERT,100,Lasso,85/15,0.16139779929224862,2.1963164207236896
Rg w/no norm,expr pH only regr out,All,ProtBERT,100,Kernel Ridge,85/15,0.24597555260046633,2.082618026610515
Rg w/no norm,expr pH only regr out,All,ProtBERT,100,GPR,85/15,-0.07817973447056659,2.490362063463141
Rg w/no norm,expr pH only regr out,All,ProtBERT,100,Linear,90/10,-4.2168823570614435,5.154168907386679
Rg w/no norm,expr pH only regr out,All,ProtBERT,100,Ridge,90/10,0.24291607701844486,1.9634739195376456
Rg w/no norm,expr pH only regr out,All,ProtBERT,100,Lasso,90/10,0.22578426486709913,1.9855650598141825
Rg w/no norm,expr pH only regr out,All,ProtBERT,100,Kernel Ridge,90/10,0.3449625003018677,1.8263592422475052
Rg w/no norm,expr pH only regr out,All,ProtBERT,100,GPR,90/10,-0.2223588070951621,2.494896179953337
Rg w/no norm,expr pH only regr out,Inliers,ProtBERT,100,Linear,80/20,-2.88234414077735,4.399643800886084
Rg w/no norm,expr pH only regr out,Inliers,ProtBERT,100,Ridge,80/20,0.5244547875161096,1.5398074235905845
Rg w/no norm,expr pH only regr out,Inliers,ProtBERT,100,Lasso,80/20,0.42758372167111447,1.689376660940681
Rg w/no norm,expr pH only regr out,Inliers,ProtBERT,100,Kernel Ridge,80/20,0.5673611953395328,1.4687004812819875
Rg w/no norm,expr pH only regr out,Inliers,ProtBERT,100,GPR,80/20,0.30592529424101056,1.860259842362206
Rg w/no norm,expr pH only regr out,Inliers,ProtBERT,100,Linear,85/15,-2.5700352457330187,4.128029027550764
Rg w/no norm,expr pH only regr out,Inliers,ProtBERT,100,Ridge,85/15,0.4954032109618457,1.5519535973290552
Rg w/no norm,expr pH only regr out,Inliers,ProtBERT,100,Lasso,85/15,0.26911270388158504,1.867805703677112
Rg w/no norm,expr pH only regr out,Inliers,ProtBERT,100,Kernel Ridge,85/15,0.5812325305977506,1.413816218712369
Rg w/no norm,expr pH only regr out,Inliers,ProtBERT,100,GPR,85/15,0.32143607413398023,1.7997072844528608
Rg w/no norm,expr pH only regr out,Inliers,ProtBERT,100,Linear,90/10,-3.606035884681721,4.448564920884668
Rg w/no norm,expr pH only regr out,Inliers,ProtBERT,100,Ridge,90/10,0.5211869271297396,1.4342976074680451
Rg w/no norm,expr pH only regr out,Inliers,ProtBERT,100,Lasso,90/10,0.50620173205947,1.4565689757982914
Rg w/no norm,expr pH only regr out,Inliers,ProtBERT,100,Kernel Ridge,90/10,0.5812581528671735,1.3413109083778438
Rg w/no norm,expr pH only regr out,Inliers,ProtBERT,100,GPR,90/10,0.3491962151954775,1.672173394865376
Rg w/no norm,expr pH only regr out,All,ProtBERT,190,Linear,80/20,-2.709727583305229,4.521444738549946
Rg w/no norm,expr pH only regr out,All,ProtBERT,190,Ridge,80/20,0.17410468002435642,2.1333824602944653
Rg w/no norm,expr pH only regr out,All,ProtBERT,190,Lasso,80/20,0.1155523182334749,2.2077113561206563
Rg w/no norm,expr pH only regr out,All,ProtBERT,190,Kernel Ridge,80/20,0.23783240647019888,2.049422298533364
Rg w/no norm,expr pH only regr out,All,ProtBERT,190,GPR,80/20,-0.17380231114022004,2.5433357609076577
Rg w/no norm,expr pH only regr out,All,ProtBERT,190,Linear,85/15,-2.7938353105905955,4.671497780797758
Rg w/no norm,expr pH only regr out,All,ProtBERT,190,Ridge,85/15,0.18035672821342386,2.1713475789855807
Rg w/no norm,expr pH only regr out,All,ProtBERT,190,Lasso,85/15,0.16129052007852496,2.196456899465291
Rg w/no norm,expr pH only regr out,All,ProtBERT,190,Kernel Ridge,85/15,0.24687187897524043,2.0813798303217386
Rg w/no norm,expr pH only regr out,All,ProtBERT,190,GPR,85/15,-0.02052354199204065,2.4228605774364014
Rg w/no norm,expr pH only regr out,All,ProtBERT,190,Linear,90/10,-3.4875062489037028,4.780305564180061
Rg w/no norm,expr pH only regr out,All,ProtBERT,190,Ridge,90/10,0.2509809459613269,1.9529879240928592
Rg w/no norm,expr pH only regr out,All,ProtBERT,190,Lasso,90/10,0.2257867979439444,1.9855618116284615
Rg w/no norm,expr pH only regr out,All,ProtBERT,190,Kernel Ridge,90/10,0.34080782448933944,1.8321420689371055
Rg w/no norm,expr pH only regr out,All,ProtBERT,190,GPR,90/10,0.14668285512078938,2.0845310132511017
Rg w/no norm,expr pH only regr out,Inliers,ProtBERT,190,Linear,80/20,0.35247924909315953,1.7967901061409124
Rg w/no norm,expr pH only regr out,Inliers,ProtBERT,190,Ridge,80/20,0.5606909920091878,1.4799790115095701
Rg w/no norm,expr pH only regr out,Inliers,ProtBERT,190,Lasso,80/20,0.429413597539258,1.686674235947253
Rg w/no norm,expr pH only regr out,Inliers,ProtBERT,190,Kernel Ridge,80/20,0.5686348654881155,1.4665369920833906
Rg w/no norm,expr pH only regr out,Inliers,ProtBERT,190,GPR,80/20,0.4773557250413567,1.6142604292376856
Rg w/no norm,expr pH only regr out,Inliers,ProtBERT,190,Linear,85/15,0.44808847498847304,1.6230848430455094
Rg w/no norm,expr pH only regr out,Inliers,ProtBERT,190,Ridge,85/15,0.4891005473985722,1.5616158535285098
Rg w/no norm,expr pH only regr out,Inliers,ProtBERT,190,Lasso,85/15,0.2691126997170191,1.8678057089984523
Rg w/no norm,expr pH only regr out,Inliers,ProtBERT,190,Kernel Ridge,85/15,0.5762136093823725,1.4222632666957336
Rg w/no norm,expr pH only regr out,Inliers,ProtBERT,190,GPR,85/15,0.5073530021240549,1.5334669168914905
Rg w/no norm,expr pH only regr out,Inliers,ProtBERT,190,Linear,90/10,0.25859944319261685,1.7847719353259262
Rg w/no norm,expr pH only regr out,Inliers,ProtBERT,190,Ridge,90/10,0.6293474439714364,1.2619431019064622
Rg w/no norm,expr pH only regr out,Inliers,ProtBERT,190,Lasso,90/10,0.50262786611173,1.4618304334405932
Rg w/no norm,expr pH only regr out,Inliers,ProtBERT,190,Kernel Ridge,90/10,0.5843167462935677,1.3364032979934122
Rg w/no norm,expr pH only regr out,Inliers,ProtBERT,190,GPR,90/10,0.48374756915569694,1.4893176251154006
Rg norm w/0.427,expr pH only regr out,All,ProtBERT,10,Linear,80/20,-0.08922714565092726,0.2362439872377145
Rg norm w/0.427,expr pH only regr out,All,ProtBERT,10,Ridge,80/20,-0.07234294260107887,0.23440581689202883
Rg norm w/0.427,expr pH only regr out,All,ProtBERT,10,Lasso,80/20,-0.014403124179680482,0.22798528911208657
Rg norm w/0.427,expr pH only regr out,All,ProtBERT,10,Kernel Ridge,80/20,0.07818402751567977,0.2173319867917327
Rg norm w/0.427,expr pH only regr out,All,ProtBERT,10,GPR,80/20,0.04057743970812,0.2217208316788347
Rg norm w/0.427,expr pH only regr out,All,ProtBERT,10,Linear,85/15,-0.08630992115818281,0.22718019767323494
Rg norm w/0.427,expr pH only regr out,All,ProtBERT,10,Ridge,85/15,-0.0652210686492285,0.22496423232644314
Rg norm w/0.427,expr pH only regr out,All,ProtBERT,10,Lasso,85/15,-0.03565234044411314,0.22181994619597145
Rg norm w/0.427,expr pH only regr out,All,ProtBERT,10,Kernel Ridge,85/15,0.2329319527331296,0.19090202986578855
Rg norm w/0.427,expr pH only regr out,All,ProtBERT,10,GPR,85/15,0.10725096340101703,0.20594833974401988
Rg norm w/0.427,expr pH only regr out,All,ProtBERT,10,Linear,90/10,-0.06476376995531674,0.2260666503972576
Rg norm w/0.427,expr pH only regr out,All,ProtBERT,10,Ridge,90/10,-0.03799190504733474,0.22320650647490237
Rg norm w/0.427,expr pH only regr out,All,ProtBERT,10,Lasso,90/10,-0.010089367855237397,0.22018603284759727
Rg norm w/0.427,expr pH only regr out,All,ProtBERT,10,Kernel Ridge,90/10,0.13186429481357742,0.20412851496690426
Rg norm w/0.427,expr pH only regr out,All,ProtBERT,10,GPR,90/10,-0.01655786004305604,0.22088993031156468
Rg norm w/0.427,expr pH only regr out,Inliers,ProtBERT,10,Linear,80/20,0.09404138266002304,0.1855181082790785
Rg norm w/0.427,expr pH only regr out,Inliers,ProtBERT,10,Ridge,80/20,0.1468921441981924,0.18002552976394326
Rg norm w/0.427,expr pH only regr out,Inliers,ProtBERT,10,Lasso,80/20,0.156393569255725,0.1790202123151499
Rg norm w/0.427,expr pH only regr out,Inliers,ProtBERT,10,Kernel Ridge,80/20,0.4190388132043509,0.1485612983974243
Rg norm w/0.427,expr pH only regr out,Inliers,ProtBERT,10,GPR,80/20,0.1659685700025909,0.17800136617433823
Rg norm w/0.427,expr pH only regr out,Inliers,ProtBERT,10,Linear,85/15,0.07063496387405221,0.186030196139394
Rg norm w/0.427,expr pH only regr out,Inliers,ProtBERT,10,Ridge,85/15,0.09794023286591524,0.18327698661686903
Rg norm w/0.427,expr pH only regr out,Inliers,ProtBERT,10,Lasso,85/15,0.09517064899311245,0.18355812761298712
Rg norm w/0.427,expr pH only regr out,Inliers,ProtBERT,10,Kernel Ridge,85/15,0.3641525157787925,0.15387453649264865
Rg norm w/0.427,expr pH only regr out,Inliers,ProtBERT,10,GPR,85/15,-0.004023290064746998,0.19335801218271978
Rg norm w/0.427,expr pH only regr out,Inliers,ProtBERT,10,Linear,90/10,0.14162057757417157,0.18739414407030439
Rg norm w/0.427,expr pH only regr out,Inliers,ProtBERT,10,Ridge,90/10,0.1418503209344194,0.1873690645772848
Rg norm w/0.427,expr pH only regr out,Inliers,ProtBERT,10,Lasso,90/10,0.08357035183270256,0.19362700678648964
Rg norm w/0.427,expr pH only regr out,Inliers,ProtBERT,10,Kernel Ridge,90/10,0.33556821940534776,0.16486997230244232
Rg norm w/0.427,expr pH only regr out,Inliers,ProtBERT,10,GPR,90/10,-0.01849353073963078,0.20412467384370406
Rg norm w/0.427,expr pH only regr out,All,ProtBERT,20,Linear,80/20,-0.07241186626732299,0.23441334985935283
Rg norm w/0.427,expr pH only regr out,All,ProtBERT,20,Ridge,80/20,-0.00021377818928636216,0.2263851587243223
Rg norm w/0.427,expr pH only regr out,All,ProtBERT,20,Lasso,80/20,0.06623425727400167,0.2187361199730457
Rg norm w/0.427,expr pH only regr out,All,ProtBERT,20,Kernel Ridge,80/20,-0.18604938382292846,0.24652043299272025
Rg norm w/0.427,expr pH only regr out,All,ProtBERT,20,GPR,80/20,-0.17448634595201828,0.24531580070501977
Rg norm w/0.427,expr pH only regr out,All,ProtBERT,20,Linear,85/15,0.014531283993247102,0.216378956049631
Rg norm w/0.427,expr pH only regr out,All,ProtBERT,20,Ridge,85/15,0.04619213808772882,0.21287470006477513
Rg norm w/0.427,expr pH only regr out,All,ProtBERT,20,Lasso,85/15,-0.03565234044411314,0.22181994619597145
Rg norm w/0.427,expr pH only regr out,All,ProtBERT,20,Kernel Ridge,85/15,-0.19426543981422517,0.2382012479646612
Rg norm w/0.427,expr pH only regr out,All,ProtBERT,20,GPR,85/15,-0.179392474398113,0.2367133634051157
Rg norm w/0.427,expr pH only regr out,All,ProtBERT,20,Linear,90/10,0.08092853529937138,0.21003153578562242
Rg norm w/0.427,expr pH only regr out,All,ProtBERT,20,Ridge,90/10,0.09638610031416939,0.20825782011841393
Rg norm w/0.427,expr pH only regr out,All,ProtBERT,20,Lasso,90/10,0.061285790385472994,0.21226410694473644
Rg norm w/0.427,expr pH only regr out,All,ProtBERT,20,Kernel Ridge,90/10,0.21198746685009306,0.19448066430100308
Rg norm w/0.427,expr pH only regr out,All,ProtBERT,20,GPR,90/10,-0.1275629284497959,0.23263778880483504
Rg norm w/0.427,expr pH only regr out,Inliers,ProtBERT,20,Linear,80/20,0.22995226866001173,0.17103734637159884
Rg norm w/0.427,expr pH only regr out,Inliers,ProtBERT,20,Ridge,80/20,0.32509914732697964,0.16012240904018565
Rg norm w/0.427,expr pH only regr out,Inliers,ProtBERT,20,Lasso,80/20,0.2829093821701629,0.1650513752037416
Rg norm w/0.427,expr pH only regr out,Inliers,ProtBERT,20,Kernel Ridge,80/20,0.46902469019695203,0.14202646918736497
Rg norm w/0.427,expr pH only regr out,Inliers,ProtBERT,20,GPR,80/20,-0.17627627851937566,0.21139114760001138
Rg norm w/0.427,expr pH only regr out,Inliers,ProtBERT,20,Linear,85/15,0.23735718547641882,0.16851977494954198
Rg norm w/0.427,expr pH only regr out,Inliers,ProtBERT,20,Ridge,85/15,0.2702475365821704,0.16484586734715984
Rg norm w/0.427,expr pH only regr out,Inliers,ProtBERT,20,Lasso,85/15,0.21725538893399832,0.1707262582911566
Rg norm w/0.427,expr pH only regr out,Inliers,ProtBERT,20,Kernel Ridge,85/15,0.41689270726503114,0.14735487745796688
Rg norm w/0.427,expr pH only regr out,Inliers,ProtBERT,20,GPR,85/15,-0.3126773000677394,0.2210900849947057
Rg norm w/0.427,expr pH only regr out,Inliers,ProtBERT,20,Linear,90/10,0.36118210494691183,0.16166086681639522
Rg norm w/0.427,expr pH only regr out,Inliers,ProtBERT,20,Ridge,90/10,0.36337626605757245,0.16138299803995726
Rg norm w/0.427,expr pH only regr out,Inliers,ProtBERT,20,Lasso,90/10,0.2532582091520872,0.17478396811874125
Rg norm w/0.427,expr pH only regr out,Inliers,ProtBERT,20,Kernel Ridge,90/10,0.3831669521731891,0.1588547418942476
Rg norm w/0.427,expr pH only regr out,Inliers,ProtBERT,20,GPR,90/10,-0.3228997700417544,0.23263756147814235
Rg norm w/0.427,expr pH only regr out,All,ProtBERT,50,Linear,80/20,-2.2016742099586386,0.40503271635693544
Rg norm w/0.427,expr pH only regr out,All,ProtBERT,50,Ridge,80/20,-0.12287063878483973,0.23986473288308052
Rg norm w/0.427,expr pH only regr out,All,ProtBERT,50,Lasso,80/20,-0.014402905510652486,0.22798526453934864
Rg norm w/0.427,expr pH only regr out,All,ProtBERT,50,Kernel Ridge,80/20,-0.15740061991252752,0.24352490974895954
Rg norm w/0.427,expr pH only regr out,All,ProtBERT,50,GPR,80/20,-0.19076947254186827,0.24701048127540617
Rg norm w/0.427,expr pH only regr out,All,ProtBERT,50,Linear,85/15,-1.3388258074478627,0.33334392042739147
Rg norm w/0.427,expr pH only regr out,All,ProtBERT,50,Ridge,85/15,-0.00924970304159456,0.21897418331875854
Rg norm w/0.427,expr pH only regr out,All,ProtBERT,50,Lasso,85/15,-0.03565234044411314,0.22181994619597145
Rg norm w/0.427,expr pH only regr out,All,ProtBERT,50,Kernel Ridge,85/15,0.12353452247285457,0.20406146840238673
Rg norm w/0.427,expr pH only regr out,All,ProtBERT,50,GPR,85/15,-0.19997579322478787,0.23877004581383623
Rg norm w/0.427,expr pH only regr out,All,ProtBERT,50,Linear,90/10,-0.4724371150475206,0.26584484592093954
Rg norm w/0.427,expr pH only regr out,All,ProtBERT,50,Ridge,90/10,0.10050304110524244,0.2077828584529892
Rg norm w/0.427,expr pH only regr out,All,ProtBERT,50,Lasso,90/10,-0.010089053619598554,0.22018599859800198
Rg norm w/0.427,expr pH only regr out,All,ProtBERT,50,Kernel Ridge,90/10,0.22602772127790505,0.19274031737738825
Rg norm w/0.427,expr pH only regr out,All,ProtBERT,50,GPR,90/10,-0.07615296731859011,0.22727249025676047
Rg norm w/0.427,expr pH only regr out,Inliers,ProtBERT,50,Linear,80/20,-0.5783249453443915,0.24486704331414913
Rg norm w/0.427,expr pH only regr out,Inliers,ProtBERT,50,Ridge,80/20,0.37634430291295806,0.15392337381469487
Rg norm w/0.427,expr pH only regr out,Inliers,ProtBERT,50,Lasso,80/20,0.26276849370681366,0.16735321906276807
Rg norm w/0.427,expr pH only regr out,Inliers,ProtBERT,50,Kernel Ridge,80/20,0.445357824095412,0.1451571967212578
Rg norm w/0.427,expr pH only regr out,Inliers,ProtBERT,50,GPR,80/20,-0.09630720338181331,0.20407897337036565
Rg norm w/0.427,expr pH only regr out,Inliers,ProtBERT,50,Linear,85/15,-0.8503874475332451,0.26249535087950354
Rg norm w/0.427,expr pH only regr out,Inliers,ProtBERT,50,Ridge,85/15,0.3438820588024316,0.15630801065651573
Rg norm w/0.427,expr pH only regr out,Inliers,ProtBERT,50,Lasso,85/15,0.15291291479626334,0.1776046406551422
Rg norm w/0.427,expr pH only regr out,Inliers,ProtBERT,50,Kernel Ridge,85/15,0.386316017224966,0.15116897669827487
Rg norm w/0.427,expr pH only regr out,Inliers,ProtBERT,50,GPR,85/15,-0.1919921802792557,0.21068178160614348
Rg norm w/0.427,expr pH only regr out,Inliers,ProtBERT,50,Linear,90/10,-0.8685980676842573,0.2764867439908634
Rg norm w/0.427,expr pH only regr out,Inliers,ProtBERT,50,Ridge,90/10,0.42085269212593457,0.1539256114218357
Rg norm w/0.427,expr pH only regr out,Inliers,ProtBERT,50,Lasso,90/10,0.17219612446345256,0.18402638462559653
Rg norm w/0.427,expr pH only regr out,Inliers,ProtBERT,50,Kernel Ridge,90/10,0.33407524112735687,0.16505509978762042
Rg norm w/0.427,expr pH only regr out,Inliers,ProtBERT,50,GPR,90/10,-0.16588724330008953,0.2183959807852973
Rg norm w/0.427,expr pH only regr out,All,ProtBERT,100,Linear,80/20,-14.435423962123307,0.8893256471995249
Rg norm w/0.427,expr pH only regr out,All,ProtBERT,100,Ridge,80/20,-0.1116946059782209,0.23866805009671324
Rg norm w/0.427,expr pH only regr out,All,ProtBERT,100,Lasso,80/20,-0.014402902480939339,0.2279852641988873
Rg norm w/0.427,expr pH only regr out,All,ProtBERT,100,Kernel Ridge,80/20,-0.008385039018736551,0.2273080061574832
Rg norm w/0.427,expr pH only regr out,All,ProtBERT,100,GPR,80/20,-0.2348242927973041,0.25153829808920863
Rg norm w/0.427,expr pH only regr out,All,ProtBERT,100,Linear,85/15,-18.71702249806419,0.9678638433020663
Rg norm w/0.427,expr pH only regr out,All,ProtBERT,100,Ridge,85/15,-0.06672715532166529,0.22512321151213535
Rg norm w/0.427,expr pH only regr out,All,ProtBERT,100,Lasso,85/15,-0.03565234044411314,0.22181994619597145
Rg norm w/0.427,expr pH only regr out,All,ProtBERT,100,Kernel Ridge,85/15,0.06510332141110464,0.21075379740106803
Rg norm w/0.427,expr pH only regr out,All,ProtBERT,100,GPR,85/15,-0.2587577992886336,0.24454832209462163
Rg norm w/0.427,expr pH only regr out,All,ProtBERT,100,Linear,90/10,-6.996001895904859,0.6195071327812314
Rg norm w/0.427,expr pH only regr out,All,ProtBERT,100,Ridge,90/10,0.03745769737915283,0.21494125460481356
Rg norm w/0.427,expr pH only regr out,All,ProtBERT,100,Lasso,90/10,-0.01008905753175493,0.22018599902440106
Rg norm w/0.427,expr pH only regr out,All,ProtBERT,100,Kernel Ridge,90/10,0.210965615976346,0.19460671930935688
Rg norm w/0.427,expr pH only regr out,All,ProtBERT,100,GPR,90/10,-0.1220356603442756,0.23206689778410702
Rg norm w/0.427,expr pH only regr out,Inliers,ProtBERT,100,Linear,80/20,-4.220952146801569,0.44535566742457566
Rg norm w/0.427,expr pH only regr out,Inliers,ProtBERT,100,Ridge,80/20,0.42188825446245937,0.14819652615446427
Rg norm w/0.427,expr pH only regr out,Inliers,ProtBERT,100,Lasso,80/20,0.2621794766876876,0.1674200598123515
Rg norm w/0.427,expr pH only regr out,Inliers,ProtBERT,100,Kernel Ridge,80/20,0.46186888142166493,0.14298029224585806
Rg norm w/0.427,expr pH only regr out,Inliers,ProtBERT,100,GPR,80/20,-0.037249419569257425,0.19850604071231082
Rg norm w/0.427,expr pH only regr out,Inliers,ProtBERT,100,Linear,85/15,-4.468308899432685,0.45124956765863455
Rg norm w/0.427,expr pH only regr out,Inliers,ProtBERT,100,Ridge,85/15,0.4038827157988697,0.14898966244230002
Rg norm w/0.427,expr pH only regr out,Inliers,ProtBERT,100,Lasso,85/15,0.1530946331851819,0.17758558962675206
Rg norm w/0.427,expr pH only regr out,Inliers,ProtBERT,100,Kernel Ridge,85/15,0.35322628007542445,0.15519097500219928
Rg norm w/0.427,expr pH only regr out,Inliers,ProtBERT,100,GPR,85/15,-0.12095629647673012,0.2043076457750088
Rg norm w/0.427,expr pH only regr out,Inliers,ProtBERT,100,Linear,90/10,-1.4076733167402313,0.31384495096696485
Rg norm w/0.427,expr pH only regr out,Inliers,ProtBERT,100,Ridge,90/10,0.45021295519756677,0.14997318590844794
Rg norm w/0.427,expr pH only regr out,Inliers,ProtBERT,100,Lasso,90/10,0.17248600621522814,0.18399416047001385
Rg norm w/0.427,expr pH only regr out,Inliers,ProtBERT,100,Kernel Ridge,90/10,0.2804038242706116,0.171577679427551
Rg norm w/0.427,expr pH only regr out,Inliers,ProtBERT,100,GPR,90/10,-0.13574733782713833,0.21555456769353648
Rg norm w/0.427,expr pH only regr out,All,ProtBERT,190,Linear,80/20,-4.76724711490729,0.5436079706813653
Rg norm w/0.427,expr pH only regr out,All,ProtBERT,190,Ridge,80/20,-0.10283454478713638,0.23771507088406352
Rg norm w/0.427,expr pH only regr out,All,ProtBERT,190,Lasso,80/20,-0.014402902478813484,0.22798526419864842
Rg norm w/0.427,expr pH only regr out,All,ProtBERT,190,Kernel Ridge,80/20,0.013353593718458567,0.2248445188075789
Rg norm w/0.427,expr pH only regr out,All,ProtBERT,190,GPR,80/20,-0.2316790752765956,0.25121774759112314
Rg norm w/0.427,expr pH only regr out,All,ProtBERT,190,Linear,85/15,-5.899904175342574,0.5725522554504103
Rg norm w/0.427,expr pH only regr out,All,ProtBERT,190,Ridge,85/15,-0.055273772077769845,0.2239113829283729
Rg norm w/0.427,expr pH only regr out,All,ProtBERT,190,Lasso,85/15,-0.03565234044411314,0.22181994619597145
Rg norm w/0.427,expr pH only regr out,All,ProtBERT,190,Kernel Ridge,85/15,0.08495425611237595,0.20850429371894832
Rg norm w/0.427,expr pH only regr out,All,ProtBERT,190,GPR,85/15,-0.2603619860608397,0.2447041011786131
Rg norm w/0.427,expr pH only regr out,All,ProtBERT,190,Linear,90/10,-6.292414546047429,0.5916236700230549
Rg norm w/0.427,expr pH only regr out,All,ProtBERT,190,Ridge,90/10,0.05841281912783469,0.2125886800595457
Rg norm w/0.427,expr pH only regr out,All,ProtBERT,190,Lasso,90/10,-0.010089057542504776,0.22018599902557273
Rg norm w/0.427,expr pH only regr out,All,ProtBERT,190,Kernel Ridge,90/10,0.21779109298852795,0.19376317639147275
Rg norm w/0.427,expr pH only regr out,All,ProtBERT,190,GPR,90/10,-0.07277376291718496,0.2269153830116362
Rg norm w/0.427,expr pH only regr out,Inliers,ProtBERT,190,Linear,80/20,0.17461455789463975,0.17707633690394253
Rg norm w/0.427,expr pH only regr out,Inliers,ProtBERT,190,Ridge,80/20,0.4193256372258468,0.14852462106799805
Rg norm w/0.427,expr pH only regr out,Inliers,ProtBERT,190,Lasso,80/20,0.2621791413209681,0.16742009786165216
Rg norm w/0.427,expr pH only regr out,Inliers,ProtBERT,190,Kernel Ridge,80/20,0.4660639963725789,0.14242188526717459
Rg norm w/0.427,expr pH only regr out,Inliers,ProtBERT,190,GPR,80/20,0.21331327599567051,0.17287533615353443
Rg norm w/0.427,expr pH only regr out,Inliers,ProtBERT,190,Linear,85/15,0.4074737898229924,0.14854021974798665
Rg norm w/0.427,expr pH only regr out,Inliers,ProtBERT,190,Ridge,85/15,0.38661870129476983,0.15113169196718965
Rg norm w/0.427,expr pH only regr out,Inliers,ProtBERT,190,Lasso,85/15,0.1530948580502095,0.17758556605104178
Rg norm w/0.427,expr pH only regr out,Inliers,ProtBERT,190,Kernel Ridge,85/15,0.32917014586101556,0.15805071688060163
Rg norm w/0.427,expr pH only regr out,Inliers,ProtBERT,190,GPR,85/15,0.14998002125109933,0.17791183776292074
Rg norm w/0.427,expr pH only regr out,Inliers,ProtBERT,190,Linear,90/10,0.36348785424673824,0.16136885371517196
Rg norm w/0.427,expr pH only regr out,Inliers,ProtBERT,190,Ridge,90/10,0.4403089761612472,0.1513179807858134
Rg norm w/0.427,expr pH only regr out,Inliers,ProtBERT,190,Lasso,90/10,0.1724859007182603,0.18399417219841094
Rg norm w/0.427,expr pH only regr out,Inliers,ProtBERT,190,Kernel Ridge,90/10,0.44635017059823723,0.15049911691861823
Rg norm w/0.427,expr pH only regr out,Inliers,ProtBERT,190,GPR,90/10,0.10991386713745377,0.19082373141907671
Rg norm w/0.5,expr pH only regr out,All,ProtBERT,10,Linear,80/20,0.06567299118447645,0.21406202042580322
Rg norm w/0.5,expr pH only regr out,All,ProtBERT,10,Ridge,80/20,0.06889720884698847,0.2136923538109873
Rg norm w/0.5,expr pH only regr out,All,ProtBERT,10,Lasso,80/20,0.050511390981911264,0.21579185483327704
Rg norm w/0.5,expr pH only regr out,All,ProtBERT,10,Kernel Ridge,80/20,0.1329837558772642,0.2062071812678288
Rg norm w/0.5,expr pH only regr out,All,ProtBERT,10,GPR,80/20,0.032302933706903514,0.21785116200242197
Rg norm w/0.5,expr pH only regr out,All,ProtBERT,10,Linear,85/15,0.05292446500574988,0.20842892665501844
Rg norm w/0.5,expr pH only regr out,All,ProtBERT,10,Ridge,85/15,0.0671864353361814,0.20685361232493316
Rg norm w/0.5,expr pH only regr out,All,ProtBERT,10,Lasso,85/15,0.005162791689659274,0.21361989296065856
Rg norm w/0.5,expr pH only regr out,All,ProtBERT,10,Kernel Ridge,85/15,0.2541211479280234,0.1849693753515998
Rg norm w/0.5,expr pH only regr out,All,ProtBERT,10,GPR,85/15,0.11822577692680691,0.20111496258876946
Rg norm w/0.5,expr pH only regr out,All,ProtBERT,10,Linear,90/10,-0.007875866020163658,0.21944723382819845
Rg norm w/0.5,expr pH only regr out,All,ProtBERT,10,Ridge,90/10,0.01563191969790212,0.21687293111588726
Rg norm w/0.5,expr pH only regr out,All,ProtBERT,10,Lasso,90/10,0.013877212582454446,0.21706614087410428
Rg norm w/0.5,expr pH only regr out,All,ProtBERT,10,Kernel Ridge,90/10,0.32689453323426787,0.17933627582110867
Rg norm w/0.5,expr pH only regr out,All,ProtBERT,10,GPR,90/10,-0.07102387571544888,0.22621748204072364
Rg norm w/0.5,expr pH only regr out,Inliers,ProtBERT,10,Linear,80/20,0.09129482836969138,0.1280137269811036
Rg norm w/0.5,expr pH only regr out,Inliers,ProtBERT,10,Ridge,80/20,0.1528585615944278,0.12360129043085069
Rg norm w/0.5,expr pH only regr out,Inliers,ProtBERT,10,Lasso,80/20,0.14822008091940508,0.1239392148393877
Rg norm w/0.5,expr pH only regr out,Inliers,ProtBERT,10,Kernel Ridge,80/20,0.4756697523105653,0.09724057046404465
Rg norm w/0.5,expr pH only regr out,Inliers,ProtBERT,10,GPR,80/20,0.18203906921784763,0.1214538600568361
Rg norm w/0.5,expr pH only regr out,Inliers,ProtBERT,10,Linear,85/15,0.07863267834511001,0.12733986294126035
Rg norm w/0.5,expr pH only regr out,Inliers,ProtBERT,10,Ridge,85/15,0.11053357893401516,0.12511597201935085
Rg norm w/0.5,expr pH only regr out,Inliers,ProtBERT,10,Lasso,85/15,0.08678520168110415,0.1267752412973322
Rg norm w/0.5,expr pH only regr out,Inliers,ProtBERT,10,Kernel Ridge,85/15,0.4269534807305293,0.10042524850307309
Rg norm w/0.5,expr pH only regr out,Inliers,ProtBERT,10,GPR,85/15,-0.005977356336305917,0.13305833302136194
Rg norm w/0.5,expr pH only regr out,Inliers,ProtBERT,10,Linear,90/10,0.13112499847907033,0.1309062011894776
Rg norm w/0.5,expr pH only regr out,Inliers,ProtBERT,10,Ridge,90/10,0.13249374312988038,0.13080305183962534
Rg norm w/0.5,expr pH only regr out,Inliers,ProtBERT,10,Lasso,90/10,0.027741921982417872,0.13847531095527915
Rg norm w/0.5,expr pH only regr out,Inliers,ProtBERT,10,Kernel Ridge,90/10,0.34595387250228626,0.11357578789590364
Rg norm w/0.5,expr pH only regr out,Inliers,ProtBERT,10,GPR,90/10,-0.034372914080531114,0.14283023107101148
Rg norm w/0.5,expr pH only regr out,All,ProtBERT,20,Linear,80/20,0.0916938523695423,0.2110601757116307
Rg norm w/0.5,expr pH only regr out,All,ProtBERT,20,Ridge,80/20,0.13354178754612467,0.2061408107357401
Rg norm w/0.5,expr pH only regr out,All,ProtBERT,20,Lasso,80/20,0.11224714705024741,0.2086585604786171
Rg norm w/0.5,expr pH only regr out,All,ProtBERT,20,Kernel Ridge,80/20,0.24991098596064798,0.19179910264015265
Rg norm w/0.5,expr pH only regr out,All,ProtBERT,20,GPR,80/20,-0.18060928702890688,0.24062639584715423
Rg norm w/0.5,expr pH only regr out,All,ProtBERT,20,Linear,85/15,0.13467988486691507,0.1992297008034597
Rg norm w/0.5,expr pH only regr out,All,ProtBERT,20,Ridge,85/15,0.1568822073535685,0.19665718138893998
Rg norm w/0.5,expr pH only regr out,All,ProtBERT,20,Lasso,85/15,0.143865305250106,0.1981694625860263
Rg norm w/0.5,expr pH only regr out,All,ProtBERT,20,Kernel Ridge,85/15,0.397263577139083,0.1662759359881781
Rg norm w/0.5,expr pH only regr out,All,ProtBERT,20,GPR,85/15,-0.1434108626604207,0.22901653521360685
Rg norm w/0.5,expr pH only regr out,All,ProtBERT,20,Linear,90/10,0.10290730534436243,0.2070357042159118
Rg norm w/0.5,expr pH only regr out,All,ProtBERT,20,Ridge,90/10,0.11966349434230339,0.20509304997862848
Rg norm w/0.5,expr pH only regr out,All,ProtBERT,20,Lasso,90/10,0.09431621822659308,0.2080246898989833
Rg norm w/0.5,expr pH only regr out,All,ProtBERT,20,Kernel Ridge,90/10,0.3761719411704949,0.17264700159532534
Rg norm w/0.5,expr pH only regr out,All,ProtBERT,20,GPR,90/10,-0.13794631767319565,0.23317794754164203
Rg norm w/0.5,expr pH only regr out,Inliers,ProtBERT,20,Linear,80/20,0.22625271629793686,0.11812575861862917
Rg norm w/0.5,expr pH only regr out,Inliers,ProtBERT,20,Ridge,80/20,0.33084688198570156,0.10985195615633879
Rg norm w/0.5,expr pH only regr out,Inliers,ProtBERT,20,Lasso,80/20,0.23876302548638328,0.11716691069874936
Rg norm w/0.5,expr pH only regr out,Inliers,ProtBERT,20,Kernel Ridge,80/20,0.4770933840802153,0.09710846969228518
Rg norm w/0.5,expr pH only regr out,Inliers,ProtBERT,20,GPR,80/20,-0.15938098993719008,0.14459661606333135
Rg norm w/0.5,expr pH only regr out,Inliers,ProtBERT,20,Linear,85/15,0.2550627565762744,0.11450061500745398
Rg norm w/0.5,expr pH only regr out,Inliers,ProtBERT,20,Ridge,85/15,0.28884968955778934,0.11187387409529172
Rg norm w/0.5,expr pH only regr out,Inliers,ProtBERT,20,Lasso,85/15,0.18148482069079264,0.12002213406009887
Rg norm w/0.5,expr pH only regr out,Inliers,ProtBERT,20,Kernel Ridge,85/15,0.4245092194571334,0.10063919653636755
Rg norm w/0.5,expr pH only regr out,Inliers,ProtBERT,20,GPR,85/15,-0.3076995210589717,0.15170572068363308
Rg norm w/0.5,expr pH only regr out,Inliers,ProtBERT,20,Linear,90/10,0.3726936083514364,0.11122986888078763
Rg norm w/0.5,expr pH only regr out,Inliers,ProtBERT,20,Ridge,90/10,0.3704776885756542,0.11142615189925556
Rg norm w/0.5,expr pH only regr out,Inliers,ProtBERT,20,Lasso,90/10,0.3464447799150474,0.11353315660445762
Rg norm w/0.5,expr pH only regr out,Inliers,ProtBERT,20,Kernel Ridge,90/10,0.39132192154788925,0.10956589721136518
Rg norm w/0.5,expr pH only regr out,Inliers,ProtBERT,20,GPR,90/10,-0.34925582830133783,0.16312807839244034
Rg norm w/0.5,expr pH only regr out,All,ProtBERT,50,Linear,80/20,-1.412965049160146,0.34400573609958746
Rg norm w/0.5,expr pH only regr out,All,ProtBERT,50,Ridge,80/20,0.08466958301076144,0.21187470740531114
Rg norm w/0.5,expr pH only regr out,All,ProtBERT,50,Lasso,80/20,0.010032106785624384,0.220343743436528
Rg norm w/0.5,expr pH only regr out,All,ProtBERT,50,Kernel Ridge,80/20,0.24819719420719288,0.1920180874367353
Rg norm w/0.5,expr pH only regr out,All,ProtBERT,50,GPR,80/20,-0.15524673684623136,0.23802772391781546
Rg norm w/0.5,expr pH only regr out,All,ProtBERT,50,Linear,85/15,-0.6774983191168356,0.2773937871706283
Rg norm w/0.5,expr pH only regr out,All,ProtBERT,50,Ridge,85/15,0.19345196225270744,0.19234495624217765
Rg norm w/0.5,expr pH only regr out,All,ProtBERT,50,Lasso,85/15,0.005163954538613735,0.21361976811222122
Rg norm w/0.5,expr pH only regr out,All,ProtBERT,50,Kernel Ridge,85/15,0.3659246087617386,0.17054387722882658
Rg norm w/0.5,expr pH only regr out,All,ProtBERT,50,GPR,85/15,-0.10986775358483425,0.2256323152489255
Rg norm w/0.5,expr pH only regr out,All,ProtBERT,50,Linear,90/10,-0.17353907229450893,0.23679654677650686
Rg norm w/0.5,expr pH only regr out,All,ProtBERT,50,Ridge,90/10,0.2035129864837515,0.19508143315137783
Rg norm w/0.5,expr pH only regr out,All,ProtBERT,50,Lasso,90/10,0.10802544775820133,0.20644426370558908
Rg norm w/0.5,expr pH only regr out,All,ProtBERT,50,Kernel Ridge,90/10,0.3961257139069152,0.16986341708846925
Rg norm w/0.5,expr pH only regr out,All,ProtBERT,50,GPR,90/10,-0.058640322863487304,0.22490587686260535
Rg norm w/0.5,expr pH only regr out,Inliers,ProtBERT,50,Linear,80/20,-0.6257907375021121,0.17122901736468954
Rg norm w/0.5,expr pH only regr out,Inliers,ProtBERT,50,Ridge,80/20,0.36650867247231067,0.10688465968530221
Rg norm w/0.5,expr pH only regr out,Inliers,ProtBERT,50,Lasso,80/20,0.23121115998346597,0.1177466546607155
Rg norm w/0.5,expr pH only regr out,Inliers,ProtBERT,50,Kernel Ridge,80/20,0.4504993507073781,0.09954722244054483
Rg norm w/0.5,expr pH only regr out,Inliers,ProtBERT,50,GPR,80/20,-0.08666892476615051,0.13998892090635898
Rg norm w/0.5,expr pH only regr out,Inliers,ProtBERT,50,Linear,85/15,-0.9246372775891416,0.1840443214753894
Rg norm w/0.5,expr pH only regr out,Inliers,ProtBERT,50,Ridge,85/15,0.33446382223963755,0.10822654882484259
Rg norm w/0.5,expr pH only regr out,Inliers,ProtBERT,50,Lasso,85/15,0.13426219594406907,0.12343580870065686
Rg norm w/0.5,expr pH only regr out,Inliers,ProtBERT,50,Kernel Ridge,85/15,0.38323024528618,0.10418603486570872
Rg norm w/0.5,expr pH only regr out,Inliers,ProtBERT,50,GPR,85/15,-0.19490021732587914,0.14501529007910471
Rg norm w/0.5,expr pH only regr out,Inliers,ProtBERT,50,Linear,90/10,-0.9245939810672319,0.19482789156353797
Rg norm w/0.5,expr pH only regr out,Inliers,ProtBERT,50,Ridge,90/10,0.414090372502425,0.10749713412324777
Rg norm w/0.5,expr pH only regr out,Inliers,ProtBERT,50,Lasso,90/10,0.08292080709006733,0.13448845022074193
Rg norm w/0.5,expr pH only regr out,Inliers,ProtBERT,50,Kernel Ridge,90/10,0.3312382793109533,0.11484636984648755
Rg norm w/0.5,expr pH only regr out,Inliers,ProtBERT,50,GPR,90/10,-0.19838417374140493,0.15373742457428927
Rg norm w/0.5,expr pH only regr out,All,ProtBERT,100,Linear,80/20,-8.586493139238401,0.68567774125912
Rg norm w/0.5,expr pH only regr out,All,ProtBERT,100,Ridge,80/20,0.13978994939563094,0.2053962095918111
Rg norm w/0.5,expr pH only regr out,All,ProtBERT,100,Lasso,80/20,0.01003211674099802,0.2203437423286111
Rg norm w/0.5,expr pH only regr out,All,ProtBERT,100,Kernel Ridge,80/20,0.21368786189250466,0.19637566035890902
Rg norm w/0.5,expr pH only regr out,All,ProtBERT,100,GPR,80/20,-0.1860648412082586,0.2411817181305096
Rg norm w/0.5,expr pH only regr out,All,ProtBERT,100,Linear,85/15,-10.45020640554945,0.7247234945808464
Rg norm w/0.5,expr pH only regr out,All,ProtBERT,100,Ridge,85/15,0.21047921717679408,0.19030380260477914
Rg norm w/0.5,expr pH only regr out,All,ProtBERT,100,Lasso,85/15,0.0051639573767131575,0.21361976780751063
Rg norm w/0.5,expr pH only regr out,All,ProtBERT,100,Kernel Ridge,85/15,0.32319483918901915,0.1761965959996613
Rg norm w/0.5,expr pH only regr out,All,ProtBERT,100,GPR,85/15,-0.15197836887674843,0.22987293726672364
Rg norm w/0.5,expr pH only regr out,All,ProtBERT,100,Linear,90/10,-3.577889920253395,0.4676912669977515
Rg norm w/0.5,expr pH only regr out,All,ProtBERT,100,Ridge,90/10,0.21978991582403795,0.19307781148253764
Rg norm w/0.5,expr pH only regr out,All,ProtBERT,100,Lasso,90/10,0.08525544587604417,0.2090626755752087
Rg norm w/0.5,expr pH only regr out,All,ProtBERT,100,Kernel Ridge,90/10,0.3739392302135758,0.17295568165371433
Rg norm w/0.5,expr pH only regr out,All,ProtBERT,100,GPR,90/10,-0.08945764543887469,0.22815593123147287
Rg norm w/0.5,expr pH only regr out,Inliers,ProtBERT,100,Linear,80/20,-4.257864574498708,0.3079283960789176
Rg norm w/0.5,expr pH only regr out,Inliers,ProtBERT,100,Ridge,80/20,0.4130621756734306,0.10288240097219783
Rg norm w/0.5,expr pH only regr out,Inliers,ProtBERT,100,Lasso,80/20,0.23127103073414268,0.11774206971001634
Rg norm w/0.5,expr pH only regr out,Inliers,ProtBERT,100,Kernel Ridge,80/20,0.44869796741856527,0.09971025771522866
Rg norm w/0.5,expr pH only regr out,Inliers,ProtBERT,100,GPR,80/20,-0.03680449486868853,0.13673933944068217
Rg norm w/0.5,expr pH only regr out,Inliers,ProtBERT,100,Linear,85/15,-4.586000056162132,0.313543963156564
Rg norm w/0.5,expr pH only regr out,Inliers,ProtBERT,100,Ridge,85/15,0.3992997796382737,0.10281982757484087
Rg norm w/0.5,expr pH only regr out,Inliers,ProtBERT,100,Lasso,85/15,0.13443607892659526,0.12342341206953913
Rg norm w/0.5,expr pH only regr out,Inliers,ProtBERT,100,Kernel Ridge,85/15,0.3490976873241961,0.10703008809933869
Rg norm w/0.5,expr pH only regr out,Inliers,ProtBERT,100,GPR,85/15,-0.1330881793264791,0.14121467473894525
Rg norm w/0.5,expr pH only regr out,Inliers,ProtBERT,100,Linear,90/10,-0.9847976579214544,0.19785165542752775
Rg norm w/0.5,expr pH only regr out,Inliers,ProtBERT,100,Ridge,90/10,0.44637495524688564,0.104493537797605
Rg norm w/0.5,expr pH only regr out,Inliers,ProtBERT,100,Lasso,90/10,0.08320417532728686,0.13446767082693514
Rg norm w/0.5,expr pH only regr out,Inliers,ProtBERT,100,Kernel Ridge,90/10,0.46416737582263046,0.10280071730635326
Rg norm w/0.5,expr pH only regr out,Inliers,ProtBERT,100,GPR,90/10,-0.17045784913815587,0.1519355695348354
Rg norm w/0.5,expr pH only regr out,All,ProtBERT,190,Linear,80/20,-2.4198140807324173,0.40953537053211747
Rg norm w/0.5,expr pH only regr out,All,ProtBERT,190,Ridge,80/20,0.13479490291474294,0.2059916912051546
Rg norm w/0.5,expr pH only regr out,All,ProtBERT,190,Lasso,80/20,0.010032116758151854,0.2203437423267021
Rg norm w/0.5,expr pH only regr out,All,ProtBERT,190,Kernel Ridge,80/20,0.214961629315356,0.19621653887926244
Rg norm w/0.5,expr pH only regr out,All,ProtBERT,190,GPR,80/20,-0.11162951006934896,0.23349103067107363
Rg norm w/0.5,expr pH only regr out,All,ProtBERT,190,Linear,85/15,-3.095548925163043,0.4334327688572318
Rg norm w/0.5,expr pH only regr out,All,ProtBERT,190,Ridge,85/15,0.20473524362272066,0.1909948034525687
Rg norm w/0.5,expr pH only regr out,All,ProtBERT,190,Lasso,85/15,0.005163957371819516,0.21361976780803604
Rg norm w/0.5,expr pH only regr out,All,ProtBERT,190,Kernel Ridge,85/15,0.31996525637104567,0.17661648366296412
Rg norm w/0.5,expr pH only regr out,All,ProtBERT,190,GPR,85/15,-0.077104118539979,0.22227699984010182
Rg norm w/0.5,expr pH only regr out,All,ProtBERT,190,Linear,90/10,-3.3042247313942834,0.45349662273484515
Rg norm w/0.5,expr pH only regr out,All,ProtBERT,190,Ridge,90/10,0.21706165823288126,0.1934150964759544
Rg norm w/0.5,expr pH only regr out,All,ProtBERT,190,Lasso,90/10,0.08523857508137822,0.2090646034561639
Rg norm w/0.5,expr pH only regr out,All,ProtBERT,190,Kernel Ridge,90/10,0.35918901774281153,0.17498126864588323
Rg norm w/0.5,expr pH only regr out,All,ProtBERT,190,GPR,90/10,0.020894475653744582,0.21629243920402066
Rg norm w/0.5,expr pH only regr out,Inliers,ProtBERT,190,Linear,80/20,0.1756315334016444,0.12192863936087178
Rg norm w/0.5,expr pH only regr out,Inliers,ProtBERT,190,Ridge,80/20,0.41060555402473453,0.10309748271651574
Rg norm w/0.5,expr pH only regr out,Inliers,ProtBERT,190,Lasso,80/20,0.23127116119957258,0.11774205971867283
Rg norm w/0.5,expr pH only regr out,Inliers,ProtBERT,190,Kernel Ridge,80/20,0.4533507357657579,0.09928860887383113
Rg norm w/0.5,expr pH only regr out,Inliers,ProtBERT,190,GPR,80/20,0.2167607499081624,0.11884810553848547
Rg norm w/0.5,expr pH only regr out,Inliers,ProtBERT,190,Linear,85/15,0.4227880157837681,0.10078958228969807
Rg norm w/0.5,expr pH only regr out,Inliers,ProtBERT,190,Ridge,85/15,0.3807156113015273,0.1043982074351156
Rg norm w/0.5,expr pH only regr out,Inliers,ProtBERT,190,Lasso,85/15,0.13443620626515085,0.12342340299074135
Rg norm w/0.5,expr pH only regr out,Inliers,ProtBERT,190,Kernel Ridge,85/15,0.4753631877402754,0.09608981469438901
Rg norm w/0.5,expr pH only regr out,Inliers,ProtBERT,190,GPR,85/15,0.13866453224565345,0.12312156891860003
Rg norm w/0.5,expr pH only regr out,Inliers,ProtBERT,190,Linear,90/10,0.3814094825822284,0.11045444507737859
Rg norm w/0.5,expr pH only regr out,Inliers,ProtBERT,190,Ridge,90/10,0.4342739218420343,0.1056293648447802
Rg norm w/0.5,expr pH only regr out,Inliers,ProtBERT,190,Lasso,90/10,0.0832040413761389,0.13446768065033185
Rg norm w/0.5,expr pH only regr out,Inliers,ProtBERT,190,Kernel Ridge,90/10,0.43842873622332856,0.1052407676212707
Rg norm w/0.5,expr pH only regr out,Inliers,ProtBERT,190,GPR,90/10,0.08897275214669087,0.13404396082613765
Rg norm w/0.418,expr pH only regr out,All,ProtBERT,10,Linear,80/20,-0.3415578767576952,0.20391123526438013
Rg norm w/0.418,expr pH only regr out,All,ProtBERT,10,Ridge,80/20,-0.2994714224602426,0.20068726544718818
Rg norm w/0.418,expr pH only regr out,All,ProtBERT,10,Lasso,80/20,-0.07826440994049877,0.182809636111529
Rg norm w/0.418,expr pH only regr out,All,ProtBERT,10,Kernel Ridge,80/20,-0.025497296000129843,0.1782804446430185
Rg norm w/0.418,expr pH only regr out,All,ProtBERT,10,GPR,80/20,0.06445502560965999,0.1702820162487702
Rg norm w/0.418,expr pH only regr out,All,ProtBERT,10,Linear,85/15,-0.3205510391751589,0.1926433935120815
Rg norm w/0.418,expr pH only regr out,All,ProtBERT,10,Ridge,85/15,-0.28362974633914684,0.18993124308202214
Rg norm w/0.418,expr pH only regr out,All,ProtBERT,10,Lasso,85/15,-0.06865502876317264,0.1732986945419117
Rg norm w/0.418,expr pH only regr out,All,ProtBERT,10,Kernel Ridge,85/15,0.18433786730684598,0.15140202175809758
Rg norm w/0.418,expr pH only regr out,All,ProtBERT,10,GPR,85/15,0.11122277812797576,0.15804216928287115
Rg norm w/0.418,expr pH only regr out,All,ProtBERT,10,Linear,90/10,-0.1660025428599332,0.17824192282469678
Rg norm w/0.418,expr pH only regr out,All,ProtBERT,10,Ridge,90/10,-0.1307617407235271,0.1755277002026588
Rg norm w/0.418,expr pH only regr out,All,ProtBERT,10,Lasso,90/10,-0.017213077922635822,0.1664815372313525
Rg norm w/0.418,expr pH only regr out,All,ProtBERT,10,Kernel Ridge,90/10,0.1496486013822348,0.15221565644966192
Rg norm w/0.418,expr pH only regr out,All,ProtBERT,10,GPR,90/10,0.09356486982301915,0.1571550981613079
Rg norm w/0.418,expr pH only regr out,Inliers,ProtBERT,10,Linear,80/20,0.0947925740387292,0.19436951230106125
Rg norm w/0.418,expr pH only regr out,Inliers,ProtBERT,10,Ridge,80/20,0.14654582999177446,0.18873141381610167
Rg norm w/0.418,expr pH only regr out,Inliers,ProtBERT,10,Lasso,80/20,0.15580261860325162,0.18770510803301915
Rg norm w/0.418,expr pH only regr out,Inliers,ProtBERT,10,Kernel Ridge,80/20,0.4197765910348604,0.155615092092877
Rg norm w/0.418,expr pH only regr out,Inliers,ProtBERT,10,GPR,80/20,0.1650458615467374,0.18667467407474003
Rg norm w/0.418,expr pH only regr out,Inliers,ProtBERT,10,Linear,85/15,0.07036082437512103,0.19505068342630605
Rg norm w/0.418,expr pH only regr out,Inliers,ProtBERT,10,Ridge,85/15,0.09704169188218137,0.19223130624024495
Rg norm w/0.418,expr pH only regr out,Inliers,ProtBERT,10,Lasso,85/15,0.09488682490638878,0.1924605449811116
Rg norm w/0.418,expr pH only regr out,Inliers,ProtBERT,10,Kernel Ridge,85/15,0.3648219407250425,0.16122708868608543
Rg norm w/0.418,expr pH only regr out,Inliers,ProtBERT,10,GPR,85/15,-0.00243011330854781,0.20254303816992644
Rg norm w/0.418,expr pH only regr out,Inliers,ProtBERT,10,Linear,90/10,0.14338632774856608,0.19596229196667922
Rg norm w/0.418,expr pH only regr out,Inliers,ProtBERT,10,Ridge,90/10,0.14350407050533298,0.1959488238572272
Rg norm w/0.418,expr pH only regr out,Inliers,ProtBERT,10,Lasso,90/10,0.08836527566691543,0.2021577703482181
Rg norm w/0.418,expr pH only regr out,Inliers,ProtBERT,10,Kernel Ridge,90/10,0.3345148502248455,0.17272261070464126
Rg norm w/0.418,expr pH only regr out,Inliers,ProtBERT,10,GPR,90/10,-0.015393435261302102,0.21335222925456657
Rg norm w/0.418,expr pH only regr out,All,ProtBERT,20,Linear,80/20,-0.34129834992362196,0.20389151080900123
Rg norm w/0.418,expr pH only regr out,All,ProtBERT,20,Ridge,80/20,-0.2182357581330685,0.19431311783052418
Rg norm w/0.418,expr pH only regr out,All,ProtBERT,20,Lasso,80/20,-0.07826440994049877,0.182809636111529
Rg norm w/0.418,expr pH only regr out,All,ProtBERT,20,Kernel Ridge,80/20,-0.28477369269426767,0.1995490968129456
Rg norm w/0.418,expr pH only regr out,All,ProtBERT,20,GPR,80/20,-0.11266827408216273,0.18570316315096827
Rg norm w/0.418,expr pH only regr out,All,ProtBERT,20,Linear,85/15,-0.21037158801304034,0.18443183386785442
Rg norm w/0.418,expr pH only regr out,All,ProtBERT,20,Ridge,85/15,-0.15068511775099358,0.17982694753416453
Rg norm w/0.418,expr pH only regr out,All,ProtBERT,20,Lasso,85/15,-0.06865502876317264,0.1732986945419117
Rg norm w/0.418,expr pH only regr out,All,ProtBERT,20,Kernel Ridge,85/15,-0.366868458754551,0.19599269527448343
Rg norm w/0.418,expr pH only regr out,All,ProtBERT,20,GPR,85/15,-0.1638089633155222,0.18084952530079848
Rg norm w/0.418,expr pH only regr out,All,ProtBERT,20,Linear,90/10,-0.016133048754723323,0.16639313261264757
Rg norm w/0.418,expr pH only regr out,All,ProtBERT,20,Ridge,90/10,0.02051994707669158,0.16336458272791557
Rg norm w/0.418,expr pH only regr out,All,ProtBERT,20,Lasso,90/10,-0.017213077922635822,0.1664815372313525
Rg norm w/0.418,expr pH only regr out,All,ProtBERT,20,Kernel Ridge,90/10,-0.0033845904402256544,0.16534604958980448
Rg norm w/0.418,expr pH only regr out,All,ProtBERT,20,GPR,90/10,-0.029051129470180292,0.16744746867051835
Rg norm w/0.418,expr pH only regr out,Inliers,ProtBERT,20,Linear,80/20,0.23072400745850996,0.17918233037264936
Rg norm w/0.418,expr pH only regr out,Inliers,ProtBERT,20,Ridge,80/20,0.3246238041026307,0.16789082596943475
Rg norm w/0.418,expr pH only regr out,Inliers,ProtBERT,20,Lasso,80/20,0.28768355714806226,0.1724211652119709
Rg norm w/0.418,expr pH only regr out,Inliers,ProtBERT,20,Kernel Ridge,80/20,0.4681651750886212,0.14898497651809947
Rg norm w/0.418,expr pH only regr out,Inliers,ProtBERT,20,GPR,80/20,-0.17665836449742178,0.2216048617829077
Rg norm w/0.418,expr pH only regr out,Inliers,ProtBERT,20,Linear,85/15,0.23533674122884995,0.1768990006864069
Rg norm w/0.418,expr pH only regr out,Inliers,ProtBERT,20,Ridge,85/15,0.26823634177062683,0.17305162687895598
Rg norm w/0.418,expr pH only regr out,Inliers,ProtBERT,20,Lasso,85/15,0.21979778887329227,0.17868736981620786
Rg norm w/0.418,expr pH only regr out,Inliers,ProtBERT,20,Kernel Ridge,85/15,0.4162528161765352,0.15456197804767785
Rg norm w/0.418,expr pH only regr out,Inliers,ProtBERT,20,GPR,85/15,-0.31127160628452555,0.23165228933957469
Rg norm w/0.418,expr pH only regr out,Inliers,ProtBERT,20,Linear,90/10,0.35942953343827666,0.16945854191024834
Rg norm w/0.418,expr pH only regr out,Inliers,ProtBERT,20,Ridge,90/10,0.3624025763457156,0.1690648354593561
Rg norm w/0.418,expr pH only regr out,Inliers,ProtBERT,20,Lasso,90/10,0.2610149688671014,0.18201108145181386
Rg norm w/0.418,expr pH only regr out,Inliers,ProtBERT,20,Kernel Ridge,90/10,0.38245452372310207,0.1663851190374569
Rg norm w/0.418,expr pH only regr out,Inliers,ProtBERT,20,GPR,90/10,-0.31749150071512333,0.24302666124932668
Rg norm w/0.418,expr pH only regr out,All,ProtBERT,50,Linear,80/20,-3.4153104753877344,0.3699278876802002
Rg norm w/0.418,expr pH only regr out,All,ProtBERT,50,Ridge,80/20,-0.47300361734455265,0.21366744433651952
Rg norm w/0.418,expr pH only regr out,All,ProtBERT,50,Lasso,80/20,-0.07826440994049877,0.182809636111529
Rg norm w/0.418,expr pH only regr out,All,ProtBERT,50,Kernel Ridge,80/20,-0.09437451497689087,0.18417023161003174
Rg norm w/0.418,expr pH only regr out,All,ProtBERT,50,GPR,80/20,-0.15293977386326807,0.1890339283598954
Rg norm w/0.418,expr pH only regr out,All,ProtBERT,50,Linear,85/15,-2.4690200471490047,0.312233810423966
Rg norm w/0.418,expr pH only regr out,All,ProtBERT,50,Ridge,85/15,-0.38066798928788526,0.19697955511593834
Rg norm w/0.418,expr pH only regr out,All,ProtBERT,50,Lasso,85/15,-0.06865502876317264,0.1732986945419117
Rg norm w/0.418,expr pH only regr out,All,ProtBERT,50,Kernel Ridge,85/15,-0.13479640791378467,0.1785811027835426
Rg norm w/0.418,expr pH only regr out,All,ProtBERT,50,GPR,85/15,-0.24590227489741467,0.18711926965736025
Rg norm w/0.418,expr pH only regr out,All,ProtBERT,50,Linear,90/10,-1.1343939409983244,0.2411556267274013
Rg norm w/0.418,expr pH only regr out,All,ProtBERT,50,Ridge,90/10,-0.15125128458565307,0.1771108525869235
Rg norm w/0.418,expr pH only regr out,All,ProtBERT,50,Lasso,90/10,-0.017213077922635822,0.1664815372313525
Rg norm w/0.418,expr pH only regr out,All,ProtBERT,50,Kernel Ridge,90/10,-0.05359268038204279,0.16943240762700976
Rg norm w/0.418,expr pH only regr out,All,ProtBERT,50,GPR,90/10,-0.00019551604231460296,0.16508307938473316
Rg norm w/0.418,expr pH only regr out,Inliers,ProtBERT,50,Linear,80/20,-0.5701478269275335,0.25599080270409935
Rg norm w/0.418,expr pH only regr out,Inliers,ProtBERT,50,Ridge,80/20,0.3779856257212568,0.1611217986659216
Rg norm w/0.418,expr pH only regr out,Inliers,ProtBERT,50,Lasso,80/20,0.26748230609296075,0.17484899913443358
Rg norm w/0.418,expr pH only regr out,Inliers,ProtBERT,50,Kernel Ridge,80/20,0.44494920738665134,0.15220203336993607
Rg norm w/0.418,expr pH only regr out,Inliers,ProtBERT,50,GPR,80/20,-0.09571125394100033,0.21384650268550723
Rg norm w/0.418,expr pH only regr out,Inliers,ProtBERT,50,Linear,85/15,-0.8392052980538862,0.2743502577516585
Rg norm w/0.418,expr pH only regr out,Inliers,ProtBERT,50,Ridge,85/15,0.34550493845770924,0.16366034218613368
Rg norm w/0.418,expr pH only regr out,Inliers,ProtBERT,50,Lasso,85/15,0.15790744831186643,0.18563941061795255
Rg norm w/0.418,expr pH only regr out,Inliers,ProtBERT,50,Kernel Ridge,85/15,0.387073962278077,0.15837779907026386
Rg norm w/0.418,expr pH only regr out,Inliers,ProtBERT,50,GPR,85/15,-0.1895512829464594,0.22063878269771484
Rg norm w/0.418,expr pH only regr out,Inliers,ProtBERT,50,Linear,90/10,-0.8602468168770703,0.288778791390903
Rg norm w/0.418,expr pH only regr out,Inliers,ProtBERT,50,Ridge,90/10,0.42200863781620357,0.16096842083378513
Rg norm w/0.418,expr pH only regr out,Inliers,ProtBERT,50,Lasso,90/10,0.1803397063461154,0.19168889684262408
Rg norm w/0.418,expr pH only regr out,Inliers,ProtBERT,50,Kernel Ridge,90/10,0.33491812740294946,0.17267026870810762
Rg norm w/0.418,expr pH only regr out,Inliers,ProtBERT,50,GPR,90/10,-0.15961702776393105,0.2280012885081959
Rg norm w/0.418,expr pH only regr out,All,ProtBERT,100,Linear,80/20,-24.257791397881977,0.8847776322418522
Rg norm w/0.418,expr pH only regr out,All,ProtBERT,100,Ridge,80/20,-0.5371117557625882,0.2182675485863184
Rg norm w/0.418,expr pH only regr out,All,ProtBERT,100,Lasso,80/20,-0.07826440994049877,0.182809636111529
Rg norm w/0.418,expr pH only regr out,All,ProtBERT,100,Kernel Ridge,80/20,-0.06834115334996316,0.1819664941437369
Rg norm w/0.418,expr pH only regr out,All,ProtBERT,100,GPR,80/20,-0.21336400337659023,0.19392419714672512
Rg norm w/0.418,expr pH only regr out,All,ProtBERT,100,Linear,85/15,-32.53727192164216,0.9708237458127998
Rg norm w/0.418,expr pH only regr out,All,ProtBERT,100,Ridge,85/15,-0.5651184495634112,0.2097249646038816
Rg norm w/0.418,expr pH only regr out,All,ProtBERT,100,Lasso,85/15,-0.06865502876317264,0.1732986945419117
Rg norm w/0.418,expr pH only regr out,All,ProtBERT,100,Kernel Ridge,85/15,-0.10621182646558602,0.17631760293112914
Rg norm w/0.418,expr pH only regr out,All,ProtBERT,100,GPR,85/15,-0.2946448722575685,0.1907444244078949
Rg norm w/0.418,expr pH only regr out,All,ProtBERT,100,Linear,90/10,-13.114094902603473,0.6201355470499825
Rg norm w/0.418,expr pH only regr out,All,ProtBERT,100,Ridge,90/10,-0.3508894848202866,0.1918536298383217
Rg norm w/0.418,expr pH only regr out,All,ProtBERT,100,Lasso,90/10,-0.017213077922635822,0.1664815372313525
Rg norm w/0.418,expr pH only regr out,All,ProtBERT,100,Kernel Ridge,90/10,-0.14423395333046352,0.17657024722957124
Rg norm w/0.418,expr pH only regr out,All,ProtBERT,100,GPR,90/10,-0.0416472145401412,0.16846917077453863
Rg norm w/0.418,expr pH only regr out,Inliers,ProtBERT,100,Linear,80/20,-4.209260471028343,0.466274996617301
Rg norm w/0.418,expr pH only regr out,Inliers,ProtBERT,100,Ridge,80/20,0.4233006063504231,0.15514180441955577
Rg norm w/0.418,expr pH only regr out,Inliers,ProtBERT,100,Lasso,80/20,0.2670110653387845,0.17490523171931974
Rg norm w/0.418,expr pH only regr out,Inliers,ProtBERT,100,Kernel Ridge,80/20,0.4638325213164002,0.14959060721163003
Rg norm w/0.418,expr pH only regr out,Inliers,ProtBERT,100,GPR,80/20,-0.03578480594248079,0.20791645363349284
Rg norm w/0.418,expr pH only regr out,Inliers,ProtBERT,100,Linear,85/15,-4.4464789918653755,0.47211541884030084
Rg norm w/0.418,expr pH only regr out,Inliers,ProtBERT,100,Ridge,85/15,0.40480333692514603,0.15607038860968633
Rg norm w/0.418,expr pH only regr out,Inliers,ProtBERT,100,Lasso,85/15,0.1570819191368793,0.1857303823338767
Rg norm w/0.418,expr pH only regr out,Inliers,ProtBERT,100,Kernel Ridge,85/15,0.3541337239326423,0.1625779234325289
Rg norm w/0.418,expr pH only regr out,Inliers,ProtBERT,100,GPR,85/15,-0.11741089263409732,0.2138438270694491
Rg norm w/0.418,expr pH only regr out,Inliers,ProtBERT,100,Linear,90/10,-1.460377452265662,0.3321091786637414
Rg norm w/0.418,expr pH only regr out,Inliers,ProtBERT,100,Ridge,90/10,0.45093702764135635,0.15688849170303337
Rg norm w/0.418,expr pH only regr out,Inliers,ProtBERT,100,Lasso,90/10,0.18062289277618315,0.19165578045022202
Rg norm w/0.418,expr pH only regr out,Inliers,ProtBERT,100,Kernel Ridge,90/10,0.28164290336986064,0.1794527849744741
Rg norm w/0.418,expr pH only regr out,Inliers,ProtBERT,100,GPR,90/10,-0.12959636557494014,0.22503063857535488
Rg norm w/0.418,expr pH only regr out,All,ProtBERT,190,Linear,80/20,-8.516072627888784,0.5430818925455051
Rg norm w/0.418,expr pH only regr out,All,ProtBERT,190,Ridge,80/20,-0.5044086217231265,0.2159331676037438
Rg norm w/0.418,expr pH only regr out,All,ProtBERT,190,Lasso,80/20,-0.07826440994049877,0.182809636111529
Rg norm w/0.418,expr pH only regr out,All,ProtBERT,190,Kernel Ridge,80/20,-0.054954562755238134,0.18082285674641344
Rg norm w/0.418,expr pH only regr out,All,ProtBERT,190,GPR,80/20,-0.24037430944663796,0.19607075902730983
Rg norm w/0.418,expr pH only regr out,All,ProtBERT,190,Linear,85/15,-10.578244560772545,0.5704241233781162
Rg norm w/0.418,expr pH only regr out,All,ProtBERT,190,Ridge,85/15,-0.5230483176515455,0.20688707757299504
Rg norm w/0.418,expr pH only regr out,All,ProtBERT,190,Lasso,85/15,-0.06865502876317264,0.1732986945419117
Rg norm w/0.418,expr pH only regr out,All,ProtBERT,190,Kernel Ridge,85/15,-0.09139927382043878,0.17513314816536812
Rg norm w/0.418,expr pH only regr out,All,ProtBERT,190,GPR,85/15,-0.32962572530075085,0.19330417269813238
Rg norm w/0.418,expr pH only regr out,All,ProtBERT,190,Linear,90/10,-11.507271913781473,0.5837695064979429
Rg norm w/0.418,expr pH only regr out,All,ProtBERT,190,Ridge,90/10,-0.2882589195925467,0.18735344744076426
Rg norm w/0.418,expr pH only regr out,All,ProtBERT,190,Lasso,90/10,-0.017213077922635822,0.1664815372313525
Rg norm w/0.418,expr pH only regr out,All,ProtBERT,190,Kernel Ridge,90/10,-0.07329615667404532,0.1710093660051582
Rg norm w/0.418,expr pH only regr out,All,ProtBERT,190,GPR,90/10,-0.045172108825378476,0.1687539766462662
Rg norm w/0.418,expr pH only regr out,Inliers,ProtBERT,190,Linear,80/20,0.17542803171220556,0.18551044801507088
Rg norm w/0.418,expr pH only regr out,Inliers,ProtBERT,190,Ridge,80/20,0.42072699605265185,0.1554875912236882
Rg norm w/0.418,expr pH only regr out,Inliers,ProtBERT,190,Lasso,80/20,0.2670108259809164,0.17490526027700865
Rg norm w/0.418,expr pH only regr out,Inliers,ProtBERT,190,Kernel Ridge,80/20,0.4679618277008736,0.14901345604691885
Rg norm w/0.418,expr pH only regr out,Inliers,ProtBERT,190,GPR,80/20,0.2143107349039589,0.18108375878040847
Rg norm w/0.418,expr pH only regr out,Inliers,ProtBERT,190,Linear,85/15,0.40600134589964665,0.15591324063022552
Rg norm w/0.418,expr pH only regr out,Inliers,ProtBERT,190,Ridge,85/15,0.3877323268993347,0.15829271673699227
Rg norm w/0.418,expr pH only regr out,Inliers,ProtBERT,190,Lasso,85/15,0.1570813950118103,0.18573044007729006
Rg norm w/0.418,expr pH only regr out,Inliers,ProtBERT,190,Kernel Ridge,85/15,0.3301601662595579,0.1655677523514055
Rg norm w/0.418,expr pH only regr out,Inliers,ProtBERT,190,GPR,85/15,0.15302353215359554,0.1861769623006258
Rg norm w/0.418,expr pH only regr out,Inliers,ProtBERT,190,Linear,90/10,0.3611747988515801,0.16922753543326058
Rg norm w/0.418,expr pH only regr out,Inliers,ProtBERT,190,Ridge,90/10,0.44131167249151837,0.15825768492005515
Rg norm w/0.418,expr pH only regr out,Inliers,ProtBERT,190,Lasso,90/10,0.180622790308536,0.19165579243403025
Rg norm w/0.418,expr pH only regr out,Inliers,ProtBERT,190,Kernel Ridge,90/10,0.44776847160084055,0.15734052988366273
Rg norm w/0.418,expr pH only regr out,Inliers,ProtBERT,190,GPR,90/10,0.11410714955148427,0.19928316305364616
Rg w/no norm,expr buffer only regr out,All,ProtBERT,10,Linear,80/20,-0.14051175053458165,2.2792126522388734
Rg w/no norm,expr buffer only regr out,All,ProtBERT,10,Ridge,80/20,-0.09154668342495786,2.229749741352951
Rg w/no norm,expr buffer only regr out,All,ProtBERT,10,Lasso,80/20,-0.06941451806148136,2.207028812409438
Rg w/no norm,expr buffer only regr out,All,ProtBERT,10,Kernel Ridge,80/20,0.0817703979676786,2.045081451506519
Rg w/no norm,expr buffer only regr out,All,ProtBERT,10,GPR,80/20,-0.21708889097367012,2.354486009678189
Rg w/no norm,expr buffer only regr out,All,ProtBERT,10,Linear,85/15,-0.12182800456794207,2.318672430107587
Rg w/no norm,expr buffer only regr out,All,ProtBERT,10,Ridge,85/15,-0.09153393486312522,2.287151223503036
Rg w/no norm,expr buffer only regr out,All,ProtBERT,10,Lasso,85/15,-0.11966930370107609,2.3164404790501
Rg w/no norm,expr buffer only regr out,All,ProtBERT,10,Kernel Ridge,85/15,0.1878751759173658,1.9728208644361611
Rg w/no norm,expr buffer only regr out,All,ProtBERT,10,GPR,85/15,-0.0866778952849141,2.2820579887592314
Rg w/no norm,expr buffer only regr out,All,ProtBERT,10,Linear,90/10,0.019368851253594332,2.1913045327250207
Rg w/no norm,expr buffer only regr out,All,ProtBERT,10,Ridge,90/10,0.02738299841678682,2.1823320131737534
Rg w/no norm,expr buffer only regr out,All,ProtBERT,10,Lasso,90/10,0.01936854411737743,2.1913048758861224
Rg w/no norm,expr buffer only regr out,All,ProtBERT,10,Kernel Ridge,90/10,0.23997978305795253,1.929134320630368
Rg w/no norm,expr buffer only regr out,All,ProtBERT,10,GPR,90/10,-0.07801723715404063,2.297538235471705
Rg w/no norm,expr buffer only regr out,Inliers,ProtBERT,10,Linear,80/20,0.15915726768764538,1.9013569994158455
Rg w/no norm,expr buffer only regr out,Inliers,ProtBERT,10,Ridge,80/20,0.1885874506679731,1.8677861062318215
Rg w/no norm,expr buffer only regr out,Inliers,ProtBERT,10,Lasso,80/20,0.17443333821529983,1.8840063135526584
Rg w/no norm,expr buffer only regr out,Inliers,ProtBERT,10,Kernel Ridge,80/20,0.3580591704958006,1.6613218611914433
Rg w/no norm,expr buffer only regr out,Inliers,ProtBERT,10,GPR,80/20,-0.13817676937721957,2.2121325137578363
Rg w/no norm,expr buffer only regr out,Inliers,ProtBERT,10,Linear,85/15,0.1839929463766904,1.8302005090402689
Rg w/no norm,expr buffer only regr out,Inliers,ProtBERT,10,Ridge,85/15,0.19546258424289054,1.8172925176659367
Rg w/no norm,expr buffer only regr out,Inliers,ProtBERT,10,Lasso,85/15,0.19982780012606038,1.8123557280657376
Rg w/no norm,expr buffer only regr out,Inliers,ProtBERT,10,Kernel Ridge,85/15,0.3522358428637713,1.6306478121490116
Rg w/no norm,expr buffer only regr out,Inliers,ProtBERT,10,GPR,85/15,-0.20167769030128824,2.220985455826833
Rg w/no norm,expr buffer only regr out,Inliers,ProtBERT,10,Linear,90/10,0.22131840712241346,1.6817529359847718
Rg w/no norm,expr buffer only regr out,Inliers,ProtBERT,10,Ridge,90/10,0.24120642023667027,1.6601375164804417
Rg w/no norm,expr buffer only regr out,Inliers,ProtBERT,10,Lasso,90/10,0.22502472102492188,1.6777458174004367
Rg w/no norm,expr buffer only regr out,Inliers,ProtBERT,10,Kernel Ridge,90/10,0.2961157464141485,1.5989425695985122
Rg w/no norm,expr buffer only regr out,Inliers,ProtBERT,10,GPR,90/10,-0.055078575478088476,1.9576030923895908
Rg w/no norm,expr buffer only regr out,All,ProtBERT,20,Linear,80/20,-0.0884245559882979,2.226558605286966
Rg w/no norm,expr buffer only regr out,All,ProtBERT,20,Ridge,80/20,0.00038327167181095856,2.133790231887692
Rg w/no norm,expr buffer only regr out,All,ProtBERT,20,Lasso,80/20,-0.04433440621663842,2.180995443095968
Rg w/no norm,expr buffer only regr out,All,ProtBERT,20,Kernel Ridge,80/20,-0.18977154416000985,2.3279130442163365
Rg w/no norm,expr buffer only regr out,All,ProtBERT,20,GPR,80/20,-0.30938176750605306,2.442126237941424
Rg w/no norm,expr buffer only regr out,All,ProtBERT,20,Linear,85/15,0.003923747563047697,2.184854661356949
Rg w/no norm,expr buffer only regr out,All,ProtBERT,20,Ridge,85/15,0.044242215680408536,2.140179409563629
Rg w/no norm,expr buffer only regr out,All,ProtBERT,20,Lasso,85/15,0.034716719667993945,2.150817945665517
Rg w/no norm,expr buffer only regr out,All,ProtBERT,20,Kernel Ridge,85/15,0.15132278354610007,2.0167289432009032
Rg w/no norm,expr buffer only regr out,All,ProtBERT,20,GPR,85/15,-0.26125721490487974,2.4585446008071923
Rg w/no norm,expr buffer only regr out,All,ProtBERT,20,Linear,90/10,0.09460118083600555,2.105570837475691
Rg w/no norm,expr buffer only regr out,All,ProtBERT,20,Ridge,90/10,0.12059066272751207,2.075130584330703
Rg w/no norm,expr buffer only regr out,All,ProtBERT,20,Lasso,90/10,0.10590469732026775,2.09238598135068
Rg w/no norm,expr buffer only regr out,All,ProtBERT,20,Kernel Ridge,90/10,0.2844945171068891,1.8717867906246983
Rg w/no norm,expr buffer only regr out,All,ProtBERT,20,GPR,90/10,-0.2525152891110656,2.4765175671408337
Rg w/no norm,expr buffer only regr out,Inliers,ProtBERT,20,Linear,80/20,0.20214570656018516,1.852115531286024
Rg w/no norm,expr buffer only regr out,Inliers,ProtBERT,20,Ridge,80/20,0.31436597167822633,1.7169294983281689
Rg w/no norm,expr buffer only regr out,Inliers,ProtBERT,20,Lasso,80/20,0.2700861896292174,1.77150372883465
Rg w/no norm,expr buffer only regr out,Inliers,ProtBERT,20,Kernel Ridge,80/20,0.40327550501963927,1.60174439598184
Rg w/no norm,expr buffer only regr out,Inliers,ProtBERT,20,GPR,80/20,-0.8247236701921721,2.800946626982519
Rg w/no norm,expr buffer only regr out,Inliers,ProtBERT,20,Linear,85/15,0.16546523757110299,1.8508615409753457
Rg w/no norm,expr buffer only regr out,Inliers,ProtBERT,20,Ridge,85/15,0.2587658319957029,1.74433313476045
Rg w/no norm,expr buffer only regr out,Inliers,ProtBERT,20,Lasso,85/15,0.20058489671060142,1.8114981295068238
Rg w/no norm,expr buffer only regr out,Inliers,ProtBERT,20,Kernel Ridge,85/15,0.3201910306888882,1.670494924846826
Rg w/no norm,expr buffer only regr out,Inliers,ProtBERT,20,GPR,85/15,-1.1757971067461672,2.9885526606309325
Rg w/no norm,expr buffer only regr out,Inliers,ProtBERT,20,Linear,90/10,0.0750573062692329,1.832903722874712
Rg w/no norm,expr buffer only regr out,Inliers,ProtBERT,20,Ridge,90/10,0.23671407587917848,1.6650445845877822
Rg w/no norm,expr buffer only regr out,Inliers,ProtBERT,20,Lasso,90/10,0.14608500362752797,1.7611224794654299
Rg w/no norm,expr buffer only regr out,Inliers,ProtBERT,20,Kernel Ridge,90/10,0.2672555040584842,1.6313927302369449
Rg w/no norm,expr buffer only regr out,Inliers,ProtBERT,20,GPR,90/10,-0.5582252790005013,2.3790160008813794
Rg w/no norm,expr buffer only regr out,All,ProtBERT,50,Linear,80/20,-1.5035647912100032,3.3768703171866736
Rg w/no norm,expr buffer only regr out,All,ProtBERT,50,Ridge,80/20,-0.0694064100920635,2.2070204458893796
Rg w/no norm,expr buffer only regr out,All,ProtBERT,50,Lasso,80/20,-0.014968602793947738,2.1501129205292298
Rg w/no norm,expr buffer only regr out,All,ProtBERT,50,Kernel Ridge,80/20,0.11612064708404202,2.0064644043597366
Rg w/no norm,expr buffer only regr out,All,ProtBERT,50,GPR,80/20,-0.30872407096454557,2.441512826419613
Rg w/no norm,expr buffer only regr out,All,ProtBERT,50,Linear,85/15,-0.85888680309319,2.9847140613688374
Rg w/no norm,expr buffer only regr out,All,ProtBERT,50,Ridge,85/15,-0.008627505636518817,2.198576912965975
Rg w/no norm,expr buffer only regr out,All,ProtBERT,50,Lasso,85/15,-0.005677596295601939,2.1953594954575926
Rg w/no norm,expr buffer only regr out,All,ProtBERT,50,Kernel Ridge,85/15,0.16164895440854932,2.0044222486022503
Rg w/no norm,expr buffer only regr out,All,ProtBERT,50,GPR,85/15,-0.2670418580110423,2.464176098268681
Rg w/no norm,expr buffer only regr out,All,ProtBERT,50,Linear,90/10,-0.14151691168189795,2.3642373284832088
Rg w/no norm,expr buffer only regr out,All,ProtBERT,50,Ridge,90/10,0.2012186529968113,1.9777156601411818
Rg w/no norm,expr buffer only regr out,All,ProtBERT,50,Lasso,90/10,0.14597890501390476,2.0449570648948843
Rg w/no norm,expr buffer only regr out,All,ProtBERT,50,Kernel Ridge,90/10,0.3236983018537204,1.8197852223620297
Rg w/no norm,expr buffer only regr out,All,ProtBERT,50,GPR,90/10,-0.27318107387320745,2.496864542733683
Rg w/no norm,expr buffer only regr out,Inliers,ProtBERT,50,Linear,80/20,-0.7530315156222567,2.7453716353007045
Rg w/no norm,expr buffer only regr out,Inliers,ProtBERT,50,Ridge,80/20,0.37774902913213637,1.635645080819138
Rg w/no norm,expr buffer only regr out,Inliers,ProtBERT,50,Lasso,80/20,0.20600173505319397,1.847634474829672
Rg w/no norm,expr buffer only regr out,Inliers,ProtBERT,50,Kernel Ridge,80/20,0.46401309670960744,1.5180405386753213
Rg w/no norm,expr buffer only regr out,Inliers,ProtBERT,50,GPR,80/20,-0.826472435421262,2.802288480858006
Rg w/no norm,expr buffer only regr out,Inliers,ProtBERT,50,Linear,85/15,-1.3658864632610332,3.1163674896401687
Rg w/no norm,expr buffer only regr out,Inliers,ProtBERT,50,Ridge,85/15,0.3476183101658632,1.6364494597438863
Rg w/no norm,expr buffer only regr out,Inliers,ProtBERT,50,Lasso,85/15,0.24647958162071704,1.7587302274058194
Rg w/no norm,expr buffer only regr out,Inliers,ProtBERT,50,Kernel Ridge,85/15,0.3851243646077497,1.5887126645219187
Rg w/no norm,expr buffer only regr out,Inliers,ProtBERT,50,GPR,85/15,-1.1815812282381808,2.9925223962565957
Rg w/no norm,expr buffer only regr out,Inliers,ProtBERT,50,Linear,90/10,-2.466303499048349,3.5482607974915545
Rg w/no norm,expr buffer only regr out,Inliers,ProtBERT,50,Ridge,90/10,0.3044269571048476,1.5894746704404166
Rg w/no norm,expr buffer only regr out,Inliers,ProtBERT,50,Lasso,90/10,0.1854869841918778,1.7200111196464265
Rg w/no norm,expr buffer only regr out,Inliers,ProtBERT,50,Kernel Ridge,90/10,0.28251444755561994,1.6143170006846161
Rg w/no norm,expr buffer only regr out,Inliers,ProtBERT,50,GPR,90/10,-1.3004296156539747,2.8905914600518683
Rg w/no norm,expr buffer only regr out,All,ProtBERT,100,Linear,80/20,-10.966911600271962,7.382883347742494
Rg w/no norm,expr buffer only regr out,All,ProtBERT,100,Ridge,80/20,-0.03580036379128715,2.17206588552207
Rg w/no norm,expr buffer only regr out,All,ProtBERT,100,Lasso,80/20,-0.029299607374799974,2.1652391377363127
Rg w/no norm,expr buffer only regr out,All,ProtBERT,100,Kernel Ridge,80/20,0.11374688050250503,2.009156901134155
Rg w/no norm,expr buffer only regr out,All,ProtBERT,100,GPR,80/20,-0.3096831773953661,2.4424073013646828
Rg w/no norm,expr buffer only regr out,All,ProtBERT,100,Linear,85/15,-9.334632897588973,7.0375871617524695
Rg w/no norm,expr buffer only regr out,All,ProtBERT,100,Ridge,85/15,-0.0033254588027296084,2.1927906750540265
Rg w/no norm,expr buffer only regr out,All,ProtBERT,100,Lasso,85/15,-0.0053042135072709495,2.1949519167507963
Rg w/no norm,expr buffer only regr out,All,ProtBERT,100,Kernel Ridge,85/15,0.16456768671685873,2.000929992624839
Rg w/no norm,expr buffer only regr out,All,ProtBERT,100,GPR,85/15,-0.26832589079447033,2.465424392337264
Rg w/no norm,expr buffer only regr out,All,ProtBERT,100,Linear,90/10,-3.9991681932236576,4.947647716214058
Rg w/no norm,expr buffer only regr out,All,ProtBERT,100,Ridge,90/10,0.21008761545728938,1.9667056095448021
Rg w/no norm,expr buffer only regr out,All,ProtBERT,100,Lasso,90/10,0.14500813588704453,2.046118990153874
Rg w/no norm,expr buffer only regr out,All,ProtBERT,100,Kernel Ridge,90/10,0.3458478862125307,1.7897372186056624
Rg w/no norm,expr buffer only regr out,All,ProtBERT,100,GPR,90/10,-0.2720620150511701,2.4957669955755266
Rg w/no norm,expr buffer only regr out,Inliers,ProtBERT,100,Linear,80/20,-3.036180259747436,4.165734215656656
Rg w/no norm,expr buffer only regr out,Inliers,ProtBERT,100,Ridge,80/20,0.35961321382447486,1.6593097360479436
Rg w/no norm,expr buffer only regr out,Inliers,ProtBERT,100,Lasso,80/20,-0.1277035617175477,2.2019312571475744
Rg w/no norm,expr buffer only regr out,Inliers,ProtBERT,100,Kernel Ridge,80/20,0.494288488671048,1.4745438771273671
Rg w/no norm,expr buffer only regr out,Inliers,ProtBERT,100,GPR,80/20,-0.8268175084143823,2.8025531846624583
Rg w/no norm,expr buffer only regr out,Inliers,ProtBERT,100,Linear,85/15,-3.480743560051187,4.28871078529519
Rg w/no norm,expr buffer only regr out,Inliers,ProtBERT,100,Ridge,85/15,0.40982544311678903,1.5564743091364603
Rg w/no norm,expr buffer only regr out,Inliers,ProtBERT,100,Lasso,85/15,0.1563699884765627,1.8609200963136017
Rg w/no norm,expr buffer only regr out,Inliers,ProtBERT,100,Kernel Ridge,85/15,0.4701983342012588,1.4747159420939098
Rg w/no norm,expr buffer only regr out,Inliers,ProtBERT,100,GPR,85/15,-0.44295385514024055,2.4337610524466164
Rg w/no norm,expr buffer only regr out,Inliers,ProtBERT,100,Linear,90/10,-4.509356110543074,4.473347770195547
Rg w/no norm,expr buffer only regr out,Inliers,ProtBERT,100,Ridge,90/10,0.3589605854796645,1.5258948483459438
Rg w/no norm,expr buffer only regr out,Inliers,ProtBERT,100,Lasso,90/10,0.057735028304631175,1.849987370591318
Rg w/no norm,expr buffer only regr out,Inliers,ProtBERT,100,Kernel Ridge,90/10,0.41303652431652405,1.4601174090459172
Rg w/no norm,expr buffer only regr out,Inliers,ProtBERT,100,GPR,90/10,-0.2914283439280998,2.1657952516405343
Rg w/no norm,expr buffer only regr out,All,ProtBERT,190,Linear,80/20,-4.082406579223227,4.811380096310958
Rg w/no norm,expr buffer only regr out,All,ProtBERT,190,Ridge,80/20,-0.03696773066428771,2.17328952080683
Rg w/no norm,expr buffer only regr out,All,ProtBERT,190,Lasso,80/20,-0.02943076528767108,2.165377085520395
Rg w/no norm,expr buffer only regr out,All,ProtBERT,190,Kernel Ridge,80/20,0.11910998281632712,2.0030685360696983
Rg w/no norm,expr buffer only regr out,All,ProtBERT,190,GPR,80/20,-0.1390550939783799,2.2777566870501187
Rg w/no norm,expr buffer only regr out,All,ProtBERT,190,Linear,85/15,-4.03391260379487,4.911669037966599
Rg w/no norm,expr buffer only regr out,All,ProtBERT,190,Ridge,85/15,-0.001486046512420458,2.1907797141918843
Rg w/no norm,expr buffer only regr out,All,ProtBERT,190,Lasso,85/15,-0.005300762613585919,2.1949481494572214
Rg w/no norm,expr buffer only regr out,All,ProtBERT,190,Kernel Ridge,85/15,0.16894583998043922,1.9956800845320868
Rg w/no norm,expr buffer only regr out,All,ProtBERT,190,GPR,85/15,-0.2881996279893517,2.4846650104049894
Rg w/no norm,expr buffer only regr out,All,ProtBERT,190,Linear,90/10,-3.5369947652942377,4.713397142011432
Rg w/no norm,expr buffer only regr out,All,ProtBERT,190,Ridge,90/10,0.2208001179033232,1.953324215709219
Rg w/no norm,expr buffer only regr out,All,ProtBERT,190,Lasso,90/10,0.1450105652720547,2.0461160832172447
Rg w/no norm,expr buffer only regr out,All,ProtBERT,190,Kernel Ridge,90/10,0.34643699846047393,1.7889311418674134
Rg w/no norm,expr buffer only regr out,All,ProtBERT,190,GPR,90/10,0.1539099108620121,2.0354395035096253
Rg w/no norm,expr buffer only regr out,Inliers,ProtBERT,190,Linear,80/20,0.08042326801060429,1.9883840342419346
Rg w/no norm,expr buffer only regr out,Inliers,ProtBERT,190,Ridge,80/20,0.3954234435269244,1.6122483150139209
Rg w/no norm,expr buffer only regr out,Inliers,ProtBERT,190,Lasso,80/20,0.04509534639935764,2.0262185421657675
Rg w/no norm,expr buffer only regr out,Inliers,ProtBERT,190,Kernel Ridge,80/20,0.4900478477798499,1.4807133600731444
Rg w/no norm,expr buffer only regr out,Inliers,ProtBERT,190,GPR,80/20,0.11344627355526937,1.9523550953196314
Rg w/no norm,expr buffer only regr out,Inliers,ProtBERT,190,Linear,85/15,0.1464566165475375,1.8718218624792125
Rg w/no norm,expr buffer only regr out,Inliers,ProtBERT,190,Ridge,85/15,0.40359320657304965,1.5646709023967613
Rg w/no norm,expr buffer only regr out,Inliers,ProtBERT,190,Lasso,85/15,0.16068443143149724,1.8561554927733042
Rg w/no norm,expr buffer only regr out,Inliers,ProtBERT,190,Kernel Ridge,85/15,0.46619231855798393,1.4802808637654972
Rg w/no norm,expr buffer only regr out,Inliers,ProtBERT,190,GPR,85/15,0.07494065956435447,1.9486619795714848
Rg w/no norm,expr buffer only regr out,Inliers,ProtBERT,190,Linear,90/10,-0.03265126621018477,1.936685411669326
Rg w/no norm,expr buffer only regr out,Inliers,ProtBERT,190,Ridge,90/10,0.3582883914043231,1.5266946655706402
Rg w/no norm,expr buffer only regr out,Inliers,ProtBERT,190,Lasso,90/10,0.05557701673380111,1.8521046152405318
Rg w/no norm,expr buffer only regr out,Inliers,ProtBERT,190,Kernel Ridge,90/10,0.41260808133313054,1.460650204500261
Rg w/no norm,expr buffer only regr out,Inliers,ProtBERT,190,GPR,90/10,0.0690282336861241,1.8388677464272722
Rg norm w/0.427,expr buffer only regr out,All,ProtBERT,10,Linear,80/20,-0.28437317130087436,0.24045196205600747
Rg norm w/0.427,expr buffer only regr out,All,ProtBERT,10,Ridge,80/20,-0.24349076746348963,0.2365941462168152
Rg norm w/0.427,expr buffer only regr out,All,ProtBERT,10,Lasso,80/20,-0.04212680489794329,0.21659229144110778
Rg norm w/0.427,expr buffer only regr out,All,ProtBERT,10,Kernel Ridge,80/20,-0.018657415839426372,0.21413950192980263
Rg norm w/0.427,expr buffer only regr out,All,ProtBERT,10,GPR,80/20,-0.10205148338162906,0.22273253211992922
Rg norm w/0.427,expr buffer only regr out,All,ProtBERT,10,Linear,85/15,-0.2809471800320218,0.22761774227758313
Rg norm w/0.427,expr buffer only regr out,All,ProtBERT,10,Ridge,85/15,-0.23692168295674,0.22367198999716711
Rg norm w/0.427,expr buffer only regr out,All,ProtBERT,10,Lasso,85/15,-0.07227231038549009,0.20825385333376878
Rg norm w/0.427,expr buffer only regr out,All,ProtBERT,10,Kernel Ridge,85/15,0.15077723235630314,0.18533238510602865
Rg norm w/0.427,expr buffer only regr out,All,ProtBERT,10,GPR,85/15,-0.09333041272507048,0.21028883487053618
Rg norm w/0.427,expr buffer only regr out,All,ProtBERT,10,Linear,90/10,-0.06816038817327597,0.21929040789617482
Rg norm w/0.427,expr buffer only regr out,All,ProtBERT,10,Ridge,90/10,-0.04432327388529034,0.2168297552299317
Rg norm w/0.427,expr buffer only regr out,All,ProtBERT,10,Lasso,90/10,0.03941785236782802,0.20795465992988338
Rg norm w/0.427,expr buffer only regr out,All,ProtBERT,10,Kernel Ridge,90/10,0.16855546254589182,0.19347196532069807
Rg norm w/0.427,expr buffer only regr out,All,ProtBERT,10,GPR,90/10,-0.12677684909624864,0.22522695160769254
Rg norm w/0.427,expr buffer only regr out,Inliers,ProtBERT,10,Linear,80/20,-0.00035525467264663213,0.18163615246458248
Rg norm w/0.427,expr buffer only regr out,Inliers,ProtBERT,10,Ridge,80/20,0.08770017241415884,0.17345785092089983
Rg norm w/0.427,expr buffer only regr out,Inliers,ProtBERT,10,Lasso,80/20,0.09798072323182405,0.17247774850994907
Rg norm w/0.427,expr buffer only regr out,Inliers,ProtBERT,10,Kernel Ridge,80/20,0.35724482457283413,0.14559550129392587
Rg norm w/0.427,expr buffer only regr out,Inliers,ProtBERT,10,GPR,80/20,-0.14426647617135369,0.19426240103153458
Rg norm w/0.427,expr buffer only regr out,Inliers,ProtBERT,10,Linear,85/15,0.011874985202993016,0.17913499320615692
Rg norm w/0.427,expr buffer only regr out,Inliers,ProtBERT,10,Ridge,85/15,0.061161222326736375,0.17461035462393473
Rg norm w/0.427,expr buffer only regr out,Inliers,ProtBERT,10,Lasso,85/15,0.04699726126974446,0.17592256926164443
Rg norm w/0.427,expr buffer only regr out,Inliers,ProtBERT,10,Kernel Ridge,85/15,0.2960275284201924,0.15120018516688777
Rg norm w/0.427,expr buffer only regr out,Inliers,ProtBERT,10,GPR,85/15,-0.3390610789443893,0.20853294578813508
Rg norm w/0.427,expr buffer only regr out,Inliers,ProtBERT,10,Linear,90/10,-0.0023020073798702967,0.18413776466596157
Rg norm w/0.427,expr buffer only regr out,Inliers,ProtBERT,10,Ridge,90/10,0.027322044200683737,0.18139616592406282
Rg norm w/0.427,expr buffer only regr out,Inliers,ProtBERT,10,Lasso,90/10,-0.017683795734615426,0.1855453164758857
Rg norm w/0.427,expr buffer only regr out,Inliers,ProtBERT,10,Kernel Ridge,90/10,0.21159283685560992,0.163312282017305
Rg norm w/0.427,expr buffer only regr out,Inliers,ProtBERT,10,GPR,90/10,-0.42293181308355154,0.2193994887626545
Rg norm w/0.427,expr buffer only regr out,All,ProtBERT,20,Linear,80/20,-0.293917227331135,0.24134369646161702
Rg norm w/0.427,expr buffer only regr out,All,ProtBERT,20,Ridge,80/20,-0.1891891105334309,0.23137060087369923
Rg norm w/0.427,expr buffer only regr out,All,ProtBERT,20,Lasso,80/20,-0.04274644197351596,0.21665667356313878
Rg norm w/0.427,expr buffer only regr out,All,ProtBERT,20,Kernel Ridge,80/20,-0.2665566022189101,0.23877838702508417
Rg norm w/0.427,expr buffer only regr out,All,ProtBERT,20,GPR,80/20,-0.29023513243949894,0.2410000564352661
Rg norm w/0.427,expr buffer only regr out,All,ProtBERT,20,Linear,85/15,-0.19811280630260297,0.22013513050693326
Rg norm w/0.427,expr buffer only regr out,All,ProtBERT,20,Ridge,85/15,-0.13465372189551816,0.2142259963325914
Rg norm w/0.427,expr buffer only regr out,All,ProtBERT,20,Lasso,85/15,-0.06756868039043473,0.20779658811916188
Rg norm w/0.427,expr buffer only regr out,All,ProtBERT,20,Kernel Ridge,85/15,-0.312035842283203,0.23036333114151303
Rg norm w/0.427,expr buffer only regr out,All,ProtBERT,20,GPR,85/15,-0.3442790665642623,0.23317673569348368
Rg norm w/0.427,expr buffer only regr out,All,ProtBERT,20,Linear,90/10,0.13222641630600718,0.19765354765956603
Rg norm w/0.427,expr buffer only regr out,All,ProtBERT,20,Ridge,90/10,0.12399120748637049,0.19858920340351616
Rg norm w/0.427,expr buffer only regr out,All,ProtBERT,20,Lasso,90/10,0.039418771368629923,0.2079545604534641
Rg norm w/0.427,expr buffer only regr out,All,ProtBERT,20,Kernel Ridge,90/10,-0.08332904987596113,0.22084196140644774
Rg norm w/0.427,expr buffer only regr out,All,ProtBERT,20,GPR,90/10,-0.2288569407010972,0.23520798669763032
Rg norm w/0.427,expr buffer only regr out,Inliers,ProtBERT,20,Linear,80/20,0.039284345317602054,0.17800106415972275
Rg norm w/0.427,expr buffer only regr out,Inliers,ProtBERT,20,Ridge,80/20,0.2380136809766651,0.15852536138612716
Rg norm w/0.427,expr buffer only regr out,Inliers,ProtBERT,20,Lasso,80/20,0.2130648339139789,0.1610996665725003
Rg norm w/0.427,expr buffer only regr out,Inliers,ProtBERT,20,Kernel Ridge,80/20,0.39731638137720426,0.14098400984402396
Rg norm w/0.427,expr buffer only regr out,Inliers,ProtBERT,20,GPR,80/20,-0.6563916839510053,0.23372581651800084
Rg norm w/0.427,expr buffer only regr out,Inliers,ProtBERT,20,Linear,85/15,0.11461499012579035,0.16956669954168713
Rg norm w/0.427,expr buffer only regr out,Inliers,ProtBERT,20,Ridge,85/15,0.21214974583807444,0.1599544491096567
Rg norm w/0.427,expr buffer only regr out,Inliers,ProtBERT,20,Lasso,85/15,0.16203458260337467,0.16496337473118727
Rg norm w/0.427,expr buffer only regr out,Inliers,ProtBERT,20,Kernel Ridge,85/15,0.32318250965060025,0.14825531479699616
Rg norm w/0.427,expr buffer only regr out,Inliers,ProtBERT,20,GPR,85/15,-0.8681359430642248,0.24630811631112784
Rg norm w/0.427,expr buffer only regr out,Inliers,ProtBERT,20,Linear,90/10,0.09543019434602085,0.17493012648707848
Rg norm w/0.427,expr buffer only regr out,Inliers,ProtBERT,20,Ridge,90/10,0.20906187223719286,0.1635742065859337
Rg norm w/0.427,expr buffer only regr out,Inliers,ProtBERT,20,Lasso,90/10,0.12938411577552011,0.17161563828796766
Rg norm w/0.427,expr buffer only regr out,Inliers,ProtBERT,20,Kernel Ridge,90/10,0.21432236054884035,0.1630293373340703
Rg norm w/0.427,expr buffer only regr out,Inliers,ProtBERT,20,GPR,90/10,-1.0137618511958433,0.2610042753585104
Rg norm w/0.427,expr buffer only regr out,All,ProtBERT,50,Linear,80/20,-2.3738985023597596,0.389716433419658
Rg norm w/0.427,expr buffer only regr out,All,ProtBERT,50,Ridge,80/20,-0.3397960445169672,0.24558512502323426
Rg norm w/0.427,expr buffer only regr out,All,ProtBERT,50,Lasso,80/20,-0.042789608395178425,0.21666115796901333
Rg norm w/0.427,expr buffer only regr out,All,ProtBERT,50,Kernel Ridge,80/20,-0.12486493978056434,0.22502610498636177
Rg norm w/0.427,expr buffer only regr out,All,ProtBERT,50,GPR,80/20,-0.3468774078538148,0.24623327801207984
Rg norm w/0.427,expr buffer only regr out,All,ProtBERT,50,Linear,85/15,-1.7519734528572344,0.3336280986183046
Rg norm w/0.427,expr buffer only regr out,All,ProtBERT,50,Ridge,85/15,-0.24782979231390434,0.22465607939606067
Rg norm w/0.427,expr buffer only regr out,All,ProtBERT,50,Lasso,85/15,-0.06766243218348889,0.20780571206378526
Rg norm w/0.427,expr buffer only regr out,All,ProtBERT,50,Kernel Ridge,85/15,-0.042507815518351366,0.20534312171605
Rg norm w/0.427,expr buffer only regr out,All,ProtBERT,50,GPR,85/15,-0.32979534817935385,0.23191717116185476
Rg norm w/0.427,expr buffer only regr out,All,ProtBERT,50,Linear,90/10,-0.3380687167861234,0.2454373254621543
Rg norm w/0.427,expr buffer only regr out,All,ProtBERT,50,Ridge,90/10,0.11231252683920256,0.1999085857498506
Rg norm w/0.427,expr buffer only regr out,All,ProtBERT,50,Lasso,90/10,0.03941780671019235,0.20795466487205205
Rg norm w/0.427,expr buffer only regr out,All,ProtBERT,50,Kernel Ridge,90/10,0.19299335619952473,0.1906074872696283
Rg norm w/0.427,expr buffer only regr out,All,ProtBERT,50,GPR,90/10,-0.2276885829801194,0.23509614600702838
Rg norm w/0.427,expr buffer only regr out,Inliers,ProtBERT,50,Linear,80/20,-1.2918549622977888,0.2749278463821145
Rg norm w/0.427,expr buffer only regr out,Inliers,ProtBERT,50,Ridge,80/20,0.24809093042474228,0.15747362560687142
Rg norm w/0.427,expr buffer only regr out,Inliers,ProtBERT,50,Lasso,80/20,0.1277459202518375,0.16960813146738843
Rg norm w/0.427,expr buffer only regr out,Inliers,ProtBERT,50,Kernel Ridge,80/20,0.3568449305251489,0.14564078581551768
Rg norm w/0.427,expr buffer only regr out,Inliers,ProtBERT,50,GPR,80/20,-0.5642548015873019,0.2271323076437069
Rg norm w/0.427,expr buffer only regr out,Inliers,ProtBERT,50,Linear,85/15,-1.9781705928279414,0.31099203785955437
Rg norm w/0.427,expr buffer only regr out,Inliers,ProtBERT,50,Ridge,85/15,0.20445521779800402,0.16073364762411854
Rg norm w/0.427,expr buffer only regr out,Inliers,ProtBERT,50,Lasso,85/15,0.0602138627670078,0.17469842995892693
Rg norm w/0.427,expr buffer only regr out,Inliers,ProtBERT,50,Kernel Ridge,85/15,0.26797570585728914,0.1541832628171858
Rg norm w/0.427,expr buffer only regr out,Inliers,ProtBERT,50,GPR,85/15,-0.7411464400372112,0.23778920466970296
Rg norm w/0.427,expr buffer only regr out,Inliers,ProtBERT,50,Linear,90/10,-2.8737199917429384,0.3619992569937121
Rg norm w/0.427,expr buffer only regr out,Inliers,ProtBERT,50,Ridge,90/10,0.18257062813580494,0.1662909774305334
Rg norm w/0.427,expr buffer only regr out,Inliers,ProtBERT,50,Lasso,90/10,0.005480820863858593,0.18342146087134942
Rg norm w/0.427,expr buffer only regr out,Inliers,ProtBERT,50,Kernel Ridge,90/10,0.12157636767498248,0.17238345159233112
Rg norm w/0.427,expr buffer only regr out,Inliers,ProtBERT,50,GPR,90/10,-0.8418170000972447,0.24961277317518676
Rg norm w/0.427,expr buffer only regr out,All,ProtBERT,100,Linear,80/20,-15.84273285561704,0.8707409969678754
Rg norm w/0.427,expr buffer only regr out,All,ProtBERT,100,Ridge,80/20,-0.33220659121069995,0.24488856233907763
Rg norm w/0.427,expr buffer only regr out,All,ProtBERT,100,Lasso,80/20,-0.04279022975259639,0.21666122251894582
Rg norm w/0.427,expr buffer only regr out,All,ProtBERT,100,Kernel Ridge,80/20,-0.14934563322267658,0.2274615727405661
Rg norm w/0.427,expr buffer only regr out,All,ProtBERT,100,GPR,80/20,-0.35428031545409255,0.24690904267727554
Rg norm w/0.427,expr buffer only regr out,All,ProtBERT,100,Linear,85/15,-19.253458618352205,0.9050865243180435
Rg norm w/0.427,expr buffer only regr out,All,ProtBERT,100,Ridge,85/15,-0.31126300675328467,0.2302954750715752
Rg norm w/0.427,expr buffer only regr out,All,ProtBERT,100,Lasso,85/15,-0.06766267803735104,0.20780573598980923
Rg norm w/0.427,expr buffer only regr out,All,ProtBERT,100,Kernel Ridge,85/15,-0.07420780363972135,0.20844172174990525
Rg norm w/0.427,expr buffer only regr out,All,ProtBERT,100,GPR,85/15,-0.44741305364076056,0.2419561931401625
Rg norm w/0.427,expr buffer only regr out,All,ProtBERT,100,Linear,90/10,-6.881557898790501,0.5956723429298141
Rg norm w/0.427,expr buffer only regr out,All,ProtBERT,100,Ridge,90/10,0.036820290846496406,0.2082356407590745
Rg norm w/0.427,expr buffer only regr out,All,ProtBERT,100,Lasso,90/10,0.03941780509235826,0.207954665047173
Rg norm w/0.427,expr buffer only regr out,All,ProtBERT,100,Kernel Ridge,90/10,0.19590619856361335,0.19026318312215784
Rg norm w/0.427,expr buffer only regr out,All,ProtBERT,100,GPR,90/10,-0.3981205903227747,0.2508844342343271
Rg norm w/0.427,expr buffer only regr out,Inliers,ProtBERT,100,Linear,80/20,-4.148943984199291,0.41208257294132866
Rg norm w/0.427,expr buffer only regr out,Inliers,ProtBERT,100,Ridge,80/20,0.15323260204767364,0.16711184313602287
Rg norm w/0.427,expr buffer only regr out,Inliers,ProtBERT,100,Lasso,80/20,0.12768982635407355,0.16961358505508342
Rg norm w/0.427,expr buffer only regr out,Inliers,ProtBERT,100,Kernel Ridge,80/20,0.3469777792182539,0.14675372875066084
Rg norm w/0.427,expr buffer only regr out,Inliers,ProtBERT,100,GPR,80/20,-0.4558290112681962,0.21911915766842516
Rg norm w/0.427,expr buffer only regr out,Inliers,ProtBERT,100,Linear,85/15,-5.2820250533331965,0.45167319401448686
Rg norm w/0.427,expr buffer only regr out,Inliers,ProtBERT,100,Ridge,85/15,0.2979153265816943,0.1509973171154922
Rg norm w/0.427,expr buffer only regr out,Inliers,ProtBERT,100,Lasso,85/15,0.0601745295589603,0.1747020857788641
Rg norm w/0.427,expr buffer only regr out,Inliers,ProtBERT,100,Kernel Ridge,85/15,0.2347848506243586,0.15763994127193115
Rg norm w/0.427,expr buffer only regr out,Inliers,ProtBERT,100,GPR,85/15,-0.6121765009052611,0.22881304359639246
Rg norm w/0.427,expr buffer only regr out,Inliers,ProtBERT,100,Linear,90/10,-2.830544033379952,0.3599762066923911
Rg norm w/0.427,expr buffer only regr out,Inliers,ProtBERT,100,Ridge,90/10,0.2564893223713727,0.15859415290895257
Rg norm w/0.427,expr buffer only regr out,Inliers,ProtBERT,100,Lasso,90/10,0.005545781264611804,0.18341547037542405
Rg norm w/0.427,expr buffer only regr out,Inliers,ProtBERT,100,Kernel Ridge,90/10,0.23494671114324117,0.16087531485984535
Rg norm w/0.427,expr buffer only regr out,Inliers,ProtBERT,100,GPR,90/10,-0.7433510239670773,0.24284881422467916
Rg norm w/0.427,expr buffer only regr out,All,ProtBERT,190,Linear,80/20,-6.122308112115191,0.5662302814508214
Rg norm w/0.427,expr buffer only regr out,All,ProtBERT,190,Ridge,80/20,-0.31972670428608563,0.2437388259699886
Rg norm w/0.427,expr buffer only regr out,All,ProtBERT,190,Lasso,80/20,-0.04279022994089976,0.21666122253850778
Rg norm w/0.427,expr buffer only regr out,All,ProtBERT,190,Kernel Ridge,80/20,-0.11965695530827625,0.22450457922637315
Rg norm w/0.427,expr buffer only regr out,All,ProtBERT,190,GPR,80/20,-0.2956034857963967,0.24150090719225603
Rg norm w/0.427,expr buffer only regr out,All,ProtBERT,190,Linear,85/15,-7.496639420161642,0.5862246747670891
Rg norm w/0.427,expr buffer only regr out,All,ProtBERT,190,Ridge,85/15,-0.29428193063782704,0.22879943325411448
Rg norm w/0.427,expr buffer only regr out,All,ProtBERT,190,Lasso,85/15,-0.06766267777838308,0.20780573596460697
Rg norm w/0.427,expr buffer only regr out,All,ProtBERT,190,Kernel Ridge,85/15,-0.04317653190963222,0.2054089698065705
Rg norm w/0.427,expr buffer only regr out,All,ProtBERT,190,GPR,85/15,-0.35299445295999043,0.23393139376455818
Rg norm w/0.427,expr buffer only regr out,All,ProtBERT,190,Linear,90/10,-6.501773022479526,0.5811434683796477
Rg norm w/0.427,expr buffer only regr out,All,ProtBERT,190,Ridge,90/10,0.06719151925456834,0.2049262741656547
Rg norm w/0.427,expr buffer only regr out,All,ProtBERT,190,Lasso,90/10,0.0394178050903532,0.20795466504739005
Rg norm w/0.427,expr buffer only regr out,All,ProtBERT,190,Kernel Ridge,90/10,0.21001006086853768,0.18858718647178313
Rg norm w/0.427,expr buffer only regr out,All,ProtBERT,190,GPR,90/10,-0.07154432843701386,0.21963749006690728
Rg norm w/0.427,expr buffer only regr out,Inliers,ProtBERT,190,Linear,80/20,-0.15856228456288535,0.1954721357798936
Rg norm w/0.427,expr buffer only regr out,Inliers,ProtBERT,190,Ridge,80/20,0.3123248941912258,0.15059717196745784
Rg norm w/0.427,expr buffer only regr out,Inliers,ProtBERT,190,Lasso,80/20,0.12768998420976008,0.1696135697082086
Rg norm w/0.427,expr buffer only regr out,Inliers,ProtBERT,190,Kernel Ridge,80/20,0.35484929834473977,0.145866563658576
Rg norm w/0.427,expr buffer only regr out,Inliers,ProtBERT,190,GPR,80/20,-0.0062417942548245176,0.18216978293305638
Rg norm w/0.427,expr buffer only regr out,Inliers,ProtBERT,190,Linear,85/15,0.1694224861405378,0.1642345668258942
Rg norm w/0.427,expr buffer only regr out,Inliers,ProtBERT,190,Ridge,85/15,0.28193599183809925,0.15270598693054416
Rg norm w/0.427,expr buffer only regr out,Inliers,ProtBERT,190,Lasso,85/15,0.060174662258463796,0.1747020734452545
Rg norm w/0.427,expr buffer only regr out,Inliers,ProtBERT,190,Kernel Ridge,85/15,0.35636856479621837,0.1445749691234934
Rg norm w/0.427,expr buffer only regr out,Inliers,ProtBERT,190,GPR,85/15,-0.12548838147678065,0.19118111614048644
Rg norm w/0.427,expr buffer only regr out,Inliers,ProtBERT,190,Linear,90/10,0.10574996677301407,0.17392942016954752
Rg norm w/0.427,expr buffer only regr out,Inliers,ProtBERT,190,Ridge,90/10,0.24545038689381538,0.15976714224922206
Rg norm w/0.427,expr buffer only regr out,Inliers,ProtBERT,190,Lasso,90/10,0.005545835139648014,0.18341546540711326
Rg norm w/0.427,expr buffer only regr out,Inliers,ProtBERT,190,Kernel Ridge,90/10,0.21571628161507184,0.16288465273282246
Rg norm w/0.427,expr buffer only regr out,Inliers,ProtBERT,190,GPR,90/10,-0.27354013575886693,0.20756297406154148
Rg norm w/0.5,expr buffer only regr out,All,ProtBERT,10,Linear,80/20,-0.030759297041573097,0.21303554435507277
Rg norm w/0.5,expr buffer only regr out,All,ProtBERT,10,Ridge,80/20,-0.016591825937971594,0.21156642455611427
Rg norm w/0.5,expr buffer only regr out,All,ProtBERT,10,Lasso,80/20,0.0043924617651296405,0.20937148242599687
Rg norm w/0.5,expr buffer only regr out,All,ProtBERT,10,Kernel Ridge,80/20,0.054745482825857894,0.20400829236465998
Rg norm w/0.5,expr buffer only regr out,All,ProtBERT,10,GPR,80/20,-0.07732795867560793,0.21779474926081666
Rg norm w/0.5,expr buffer only regr out,All,ProtBERT,10,Linear,85/15,-0.038978347054817064,0.2044412298806979
Rg norm w/0.5,expr buffer only regr out,All,ProtBERT,10,Ridge,85/15,-0.013969173171013871,0.20196569689318666
Rg norm w/0.5,expr buffer only regr out,All,ProtBERT,10,Lasso,85/15,-0.0037137815574643795,0.20094175001157516
Rg norm w/0.5,expr buffer only regr out,All,ProtBERT,10,Kernel Ridge,85/15,0.17819894499087707,0.18182290147060123
Rg norm w/0.5,expr buffer only regr out,All,ProtBERT,10,GPR,85/15,-0.02074499663764029,0.20263938862703226
Rg norm w/0.5,expr buffer only regr out,All,ProtBERT,10,Linear,90/10,0.002242655064866539,0.21090518404282038
Rg norm w/0.5,expr buffer only regr out,All,ProtBERT,10,Ridge,90/10,0.023161756504840536,0.2086825404492426
Rg norm w/0.5,expr buffer only regr out,All,ProtBERT,10,Lasso,90/10,0.024541770534399432,0.2085350817379521
Rg norm w/0.5,expr buffer only regr out,All,ProtBERT,10,Kernel Ridge,90/10,0.31324275784594013,0.1749751651262465
Rg norm w/0.5,expr buffer only regr out,All,ProtBERT,10,GPR,90/10,-0.15278344169987124,0.22669850334471503
Rg norm w/0.5,expr buffer only regr out,Inliers,ProtBERT,10,Linear,80/20,-0.016972343281560498,0.1258875067672238
Rg norm w/0.5,expr buffer only regr out,Inliers,ProtBERT,10,Ridge,80/20,0.07992035611520432,0.11974041866787878
Rg norm w/0.5,expr buffer only regr out,Inliers,ProtBERT,10,Lasso,80/20,0.09020936607313546,0.11906902349316409
Rg norm w/0.5,expr buffer only regr out,Inliers,ProtBERT,10,Kernel Ridge,80/20,0.35371246889635777,0.10035544699809938
Rg norm w/0.5,expr buffer only regr out,Inliers,ProtBERT,10,GPR,80/20,-0.09509846146323797,0.13063352487283963
Rg norm w/0.5,expr buffer only regr out,Inliers,ProtBERT,10,Linear,85/15,0.01060293443743765,0.12335401490845571
Rg norm w/0.5,expr buffer only regr out,Inliers,ProtBERT,10,Ridge,85/15,0.06408534153427248,0.11997371446178658
Rg norm w/0.5,expr buffer only regr out,Inliers,ProtBERT,10,Lasso,85/15,0.04445722505733041,0.12122523842420307
Rg norm w/0.5,expr buffer only regr out,Inliers,ProtBERT,10,Kernel Ridge,85/15,0.2950066678983899,0.10412631164933567
Rg norm w/0.5,expr buffer only regr out,Inliers,ProtBERT,10,GPR,85/15,-0.30628075368709706,0.1417379817762911
Rg norm w/0.5,expr buffer only regr out,Inliers,ProtBERT,10,Linear,90/10,-0.02223875478257198,0.12924779150754073
Rg norm w/0.5,expr buffer only regr out,Inliers,ProtBERT,10,Ridge,90/10,0.009246141490284576,0.1272418123322306
Rg norm w/0.5,expr buffer only regr out,Inliers,ProtBERT,10,Lasso,90/10,-0.05891564307390218,0.13154599857924298
Rg norm w/0.5,expr buffer only regr out,Inliers,ProtBERT,10,Kernel Ridge,90/10,0.20709773982651347,0.11383001365440923
Rg norm w/0.5,expr buffer only regr out,Inliers,ProtBERT,10,GPR,90/10,-0.41469603977490443,0.1520472357309356
Rg norm w/0.5,expr buffer only regr out,All,ProtBERT,20,Linear,80/20,-0.017454998820590095,0.2116562244382807
Rg norm w/0.5,expr buffer only regr out,All,ProtBERT,20,Ridge,80/20,0.03963598254895995,0.20563232208191837
Rg norm w/0.5,expr buffer only regr out,All,ProtBERT,20,Lasso,80/20,0.06852511616677637,0.20251584782439624
Rg norm w/0.5,expr buffer only regr out,All,ProtBERT,20,Kernel Ridge,80/20,0.1550454370167914,0.19288129699729173
Rg norm w/0.5,expr buffer only regr out,All,ProtBERT,20,GPR,80/20,-0.29284295965362706,0.23858675329242054
Rg norm w/0.5,expr buffer only regr out,All,ProtBERT,20,Linear,85/15,0.031264232955192095,0.197409434291363
Rg norm w/0.5,expr buffer only regr out,All,ProtBERT,20,Ridge,85/15,0.06895607669318227,0.1935309023488333
Rg norm w/0.5,expr buffer only regr out,All,ProtBERT,20,Lasso,85/15,0.039460465603271655,0.19657254426237836
Rg norm w/0.5,expr buffer only regr out,All,ProtBERT,20,Kernel Ridge,85/15,0.31618771463186324,0.16585695434732106
Rg norm w/0.5,expr buffer only regr out,All,ProtBERT,20,GPR,85/15,-0.28674607356379833,0.22751585264682445
Rg norm w/0.5,expr buffer only regr out,All,ProtBERT,20,Linear,90/10,0.16280398553018105,0.19319165554059575
Rg norm w/0.5,expr buffer only regr out,All,ProtBERT,20,Ridge,90/10,0.15922841930647635,0.1936037654695353
Rg norm w/0.5,expr buffer only regr out,All,ProtBERT,20,Lasso,90/10,0.13540122069762872,0.19632793429119733
Rg norm w/0.5,expr buffer only regr out,All,ProtBERT,20,Kernel Ridge,90/10,0.3582503736113326,0.16914439084495098
Rg norm w/0.5,expr buffer only regr out,All,ProtBERT,20,GPR,90/10,-0.202582188842505,0.23154327498392419
Rg norm w/0.5,expr buffer only regr out,Inliers,ProtBERT,20,Linear,80/20,0.02407062425474693,0.12332106210039578
Rg norm w/0.5,expr buffer only regr out,Inliers,ProtBERT,20,Ridge,80/20,0.23162346308093262,0.10942463547784716
Rg norm w/0.5,expr buffer only regr out,Inliers,ProtBERT,20,Lasso,80/20,0.18545870746402826,0.11266385668875611
Rg norm w/0.5,expr buffer only regr out,Inliers,ProtBERT,20,Kernel Ridge,80/20,0.40604137768691984,0.09620688577983516
Rg norm w/0.5,expr buffer only regr out,Inliers,ProtBERT,20,GPR,80/20,-0.5792932923526015,0.15687706535628293
Rg norm w/0.5,expr buffer only regr out,Inliers,ProtBERT,20,Linear,85/15,0.11914683354911904,0.11639109133774227
Rg norm w/0.5,expr buffer only regr out,Inliers,ProtBERT,20,Ridge,85/15,0.21946156289338348,0.10956330583283944
Rg norm w/0.5,expr buffer only regr out,Inliers,ProtBERT,20,Lasso,85/15,0.14757991321985442,0.11449718726947418
Rg norm w/0.5,expr buffer only regr out,Inliers,ProtBERT,20,Kernel Ridge,85/15,0.33353452296216346,0.10124108931460954
Rg norm w/0.5,expr buffer only regr out,Inliers,ProtBERT,20,GPR,85/15,-0.7844322689948113,0.16566013637978994
Rg norm w/0.5,expr buffer only regr out,Inliers,ProtBERT,20,Linear,90/10,0.10441186904864086,0.12097653037059831
Rg norm w/0.5,expr buffer only regr out,Inliers,ProtBERT,20,Ridge,90/10,0.21035831111965353,0.11359572675580482
Rg norm w/0.5,expr buffer only regr out,Inliers,ProtBERT,20,Lasso,90/10,0.22530511451046276,0.1125154870394625
Rg norm w/0.5,expr buffer only regr out,Inliers,ProtBERT,20,Kernel Ridge,90/10,0.22679643458392684,0.1124071363589338
Rg norm w/0.5,expr buffer only regr out,Inliers,ProtBERT,20,GPR,90/10,-0.962358135481487,0.17907546811908956
Rg norm w/0.5,expr buffer only regr out,All,ProtBERT,50,Linear,80/20,-1.4799761523200057,0.3304434838273323
Rg norm w/0.5,expr buffer only regr out,All,ProtBERT,50,Ridge,80/20,-0.027326669552683702,0.21268052378791238
Rg norm w/0.5,expr buffer only regr out,All,ProtBERT,50,Lasso,80/20,0.0023289094904654917,0.20958834767744255
Rg norm w/0.5,expr buffer only regr out,All,ProtBERT,50,Kernel Ridge,80/20,0.16241927122320243,0.1920378248187011
Rg norm w/0.5,expr buffer only regr out,All,ProtBERT,50,GPR,80/20,-0.258033339237872,0.2353528789540028
Rg norm w/0.5,expr buffer only regr out,All,ProtBERT,50,Linear,85/15,-0.8795646852830341,0.2749754205068908
Rg norm w/0.5,expr buffer only regr out,All,ProtBERT,50,Ridge,85/15,0.07366859638904832,0.19304049843169946
Rg norm w/0.5,expr buffer only regr out,All,ProtBERT,50,Lasso,85/15,-0.0037119834137853136,0.20094157001887897
Rg norm w/0.5,expr buffer only regr out,All,ProtBERT,50,Kernel Ridge,85/15,0.28041404113950785,0.17014005811395957
Rg norm w/0.5,expr buffer only regr out,All,ProtBERT,50,GPR,85/15,-0.23680191413795848,0.22305671960517648
Rg norm w/0.5,expr buffer only regr out,All,ProtBERT,50,Linear,90/10,-0.032298320244992684,0.214524746967704
Rg norm w/0.5,expr buffer only regr out,All,ProtBERT,50,Ridge,90/10,0.2329559531347135,0.1849204492686419
Rg norm w/0.5,expr buffer only regr out,All,ProtBERT,50,Lasso,90/10,0.024542187455695474,0.2085350371728835
Rg norm w/0.5,expr buffer only regr out,All,ProtBERT,50,Kernel Ridge,90/10,0.3770384534518455,0.16665003453397575
Rg norm w/0.5,expr buffer only regr out,All,ProtBERT,50,GPR,90/10,-0.142561718490273,0.22569119836065973
Rg norm w/0.5,expr buffer only regr out,Inliers,ProtBERT,50,Linear,80/20,-1.2772341965150633,0.18837874947022995
Rg norm w/0.5,expr buffer only regr out,Inliers,ProtBERT,50,Ridge,80/20,0.2385265243039435,0.1089319934417074
Rg norm w/0.5,expr buffer only regr out,Inliers,ProtBERT,50,Lasso,80/20,0.14621733541747084,0.1153457845671516
Rg norm w/0.5,expr buffer only regr out,Inliers,ProtBERT,50,Kernel Ridge,80/20,0.3656453453755941,0.09942466276070087
Rg norm w/0.5,expr buffer only regr out,Inliers,ProtBERT,50,GPR,80/20,-0.48899934201959994,0.15232644760588826
Rg norm w/0.5,expr buffer only regr out,Inliers,ProtBERT,50,Linear,85/15,-1.956712083321528,0.21324187792503993
Rg norm w/0.5,expr buffer only regr out,Inliers,ProtBERT,50,Ridge,85/15,0.1998973410818481,0.11092791172835856
Rg norm w/0.5,expr buffer only regr out,Inliers,ProtBERT,50,Lasso,85/15,0.07430502858176435,0.11931689213486674
Rg norm w/0.5,expr buffer only regr out,Inliers,ProtBERT,50,Kernel Ridge,85/15,0.2716950257910775,0.10583385570497711
Rg norm w/0.5,expr buffer only regr out,Inliers,ProtBERT,50,GPR,85/15,-0.6581495591079074,0.15969077563651285
Rg norm w/0.5,expr buffer only regr out,Inliers,ProtBERT,50,Linear,90/10,-2.7825291957725233,0.24862116918100807
Rg norm w/0.5,expr buffer only regr out,Inliers,ProtBERT,50,Ridge,90/10,0.1850269954183006,0.11540339137455609
Rg norm w/0.5,expr buffer only regr out,Inliers,ProtBERT,50,Lasso,90/10,-0.011747618733392251,0.1285828523544375
Rg norm w/0.5,expr buffer only regr out,Inliers,ProtBERT,50,Kernel Ridge,90/10,0.12808328059273544,0.11936705050286672
Rg norm w/0.5,expr buffer only regr out,Inliers,ProtBERT,50,GPR,90/10,-0.7895942155096229,0.17101107762574627
Rg norm w/0.5,expr buffer only regr out,All,ProtBERT,100,Linear,80/20,-9.230678636414064,0.6711593756630483
Rg norm w/0.5,expr buffer only regr out,All,ProtBERT,100,Ridge,80/20,0.02534729771206823,0.20715641448551253
Rg norm w/0.5,expr buffer only regr out,All,ProtBERT,100,Lasso,80/20,0.0023289088396158952,0.209588347745807
Rg norm w/0.5,expr buffer only regr out,All,ProtBERT,100,Kernel Ridge,80/20,0.13565075848446684,0.19508238997090277
Rg norm w/0.5,expr buffer only regr out,All,ProtBERT,100,GPR,80/20,-0.4229877708958396,0.2503075928960098
Rg norm w/0.5,expr buffer only regr out,All,ProtBERT,100,Linear,85/15,-10.541073059284006,0.681378352307392
Rg norm w/0.5,expr buffer only regr out,All,ProtBERT,100,Ridge,85/15,0.0895771001083564,0.1913757135930492
Rg norm w/0.5,expr buffer only regr out,All,ProtBERT,100,Lasso,85/15,-0.003711979277318589,0.20094156960482187
Rg norm w/0.5,expr buffer only regr out,All,ProtBERT,100,Kernel Ridge,85/15,0.24989895530514683,0.17371012057658497
Rg norm w/0.5,expr buffer only regr out,All,ProtBERT,100,GPR,85/15,-0.26252697632505373,0.22536453315460947
Rg norm w/0.5,expr buffer only regr out,All,ProtBERT,100,Linear,90/10,-3.590097177205206,0.4523615964806402
Rg norm w/0.5,expr buffer only regr out,All,ProtBERT,100,Ridge,90/10,0.2349552842542103,0.18467929072921238
Rg norm w/0.5,expr buffer only regr out,All,ProtBERT,100,Lasso,90/10,0.024542185794823146,0.20853503735041556
Rg norm w/0.5,expr buffer only regr out,All,ProtBERT,100,Kernel Ridge,90/10,0.3611474554564077,0.16876217057421442
Rg norm w/0.5,expr buffer only regr out,All,ProtBERT,100,GPR,90/10,-0.15509685702073495,0.22692585955015498
Rg norm w/0.5,expr buffer only regr out,Inliers,ProtBERT,100,Linear,80/20,-4.191222377869727,0.28442179815663987
Rg norm w/0.5,expr buffer only regr out,Inliers,ProtBERT,100,Ridge,80/20,0.1386090284567123,0.1158585846791263
Rg norm w/0.5,expr buffer only regr out,Inliers,ProtBERT,100,Lasso,80/20,0.146123588645225,0.11535211697388148
Rg norm w/0.5,expr buffer only regr out,Inliers,ProtBERT,100,Kernel Ridge,80/20,0.3399635965555341,0.10141729099109807
Rg norm w/0.5,expr buffer only regr out,Inliers,ProtBERT,100,GPR,80/20,-0.3952786202389751,0.1474546697973997
Rg norm w/0.5,expr buffer only regr out,Inliers,ProtBERT,100,Linear,85/15,-5.3514123732138525,0.312538221022311
Rg norm w/0.5,expr buffer only regr out,Inliers,ProtBERT,100,Ridge,85/15,0.29570634130346585,0.10407462853912128
Rg norm w/0.5,expr buffer only regr out,Inliers,ProtBERT,100,Lasso,85/15,0.08904931330497323,0.118362850117951
Rg norm w/0.5,expr buffer only regr out,Inliers,ProtBERT,100,Kernel Ridge,85/15,0.23571583504361415,0.10841650707898168
Rg norm w/0.5,expr buffer only regr out,Inliers,ProtBERT,100,GPR,85/15,-0.5458842305863301,0.15419009070924394
Rg norm w/0.5,expr buffer only regr out,Inliers,ProtBERT,100,Linear,90/10,-2.3478240047599783,0.2338989485709856
Rg norm w/0.5,expr buffer only regr out,Inliers,ProtBERT,100,Ridge,90/10,0.2592737692767587,0.11002105931700597
Rg norm w/0.5,expr buffer only regr out,Inliers,ProtBERT,100,Lasso,90/10,-0.011687417481811568,0.12857902681353528
Rg norm w/0.5,expr buffer only regr out,Inliers,ProtBERT,100,Kernel Ridge,90/10,0.33528437230394237,0.10422332031990411
Rg norm w/0.5,expr buffer only regr out,Inliers,ProtBERT,100,GPR,90/10,-0.7025955483283979,0.166802558127742
Rg norm w/0.5,expr buffer only regr out,All,ProtBERT,190,Linear,80/20,-3.0929198219198293,0.4245120852367822
Rg norm w/0.5,expr buffer only regr out,All,ProtBERT,190,Ridge,80/20,0.0215952606059161,0.2075547676384044
Rg norm w/0.5,expr buffer only regr out,All,ProtBERT,190,Lasso,80/20,0.0023289088387766776,0.20958834774589516
Rg norm w/0.5,expr buffer only regr out,All,ProtBERT,190,Kernel Ridge,80/20,0.14009288907432926,0.19458045297526952
Rg norm w/0.5,expr buffer only regr out,All,ProtBERT,190,GPR,80/20,-0.17730568852997064,0.22767642378870956
Rg norm w/0.5,expr buffer only regr out,All,ProtBERT,190,Linear,85/15,-3.8619232777506705,0.4422514721328143
Rg norm w/0.5,expr buffer only regr out,All,ProtBERT,190,Ridge,85/15,0.08550097760969932,0.19180364641014472
Rg norm w/0.5,expr buffer only regr out,All,ProtBERT,190,Lasso,85/15,-0.003711979271450838,0.20094156960423454
Rg norm w/0.5,expr buffer only regr out,All,ProtBERT,190,Kernel Ridge,85/15,0.2509813452155196,0.1735847441618001
Rg norm w/0.5,expr buffer only regr out,All,ProtBERT,190,GPR,85/15,-0.5096095126086575,0.24643225351633427
Rg norm w/0.5,expr buffer only regr out,All,ProtBERT,190,Linear,90/10,-3.4347697980056724,0.4446418420963076
Rg norm w/0.5,expr buffer only regr out,All,ProtBERT,190,Ridge,90/10,0.2375606878776535,0.18436455458350218
Rg norm w/0.5,expr buffer only regr out,All,ProtBERT,190,Lasso,90/10,0.024542185776897152,0.20853503735233167
Rg norm w/0.5,expr buffer only regr out,All,ProtBERT,190,Kernel Ridge,90/10,0.34995923918567595,0.17023352144199125
Rg norm w/0.5,expr buffer only regr out,All,ProtBERT,190,GPR,90/10,0.004729131342175674,0.21064222538673602
Rg norm w/0.5,expr buffer only regr out,Inliers,ProtBERT,190,Linear,80/20,-0.14868740196526375,0.13379164396175075
Rg norm w/0.5,expr buffer only regr out,Inliers,ProtBERT,190,Ridge,80/20,0.3041276371250663,0.10413407301812552
Rg norm w/0.5,expr buffer only regr out,Inliers,ProtBERT,190,Lasso,80/20,0.1461236346017606,0.11535211386969471
Rg norm w/0.5,expr buffer only regr out,Inliers,ProtBERT,190,Kernel Ridge,80/20,0.34822935956255074,0.10078025614571687
Rg norm w/0.5,expr buffer only regr out,Inliers,ProtBERT,190,GPR,80/20,0.0351843332470414,0.12261687247638632
Rg norm w/0.5,expr buffer only regr out,Inliers,ProtBERT,190,Linear,85/15,0.23082182773053794,0.10876306959871698
Rg norm w/0.5,expr buffer only regr out,Inliers,ProtBERT,190,Ridge,85/15,0.27870927164455483,0.1053229840685609
Rg norm w/0.5,expr buffer only regr out,Inliers,ProtBERT,190,Lasso,85/15,0.10169498011682143,0.11753843225361621
Rg norm w/0.5,expr buffer only regr out,Inliers,ProtBERT,190,Kernel Ridge,85/15,0.35204699765018044,0.09982509535238542
Rg norm w/0.5,expr buffer only regr out,Inliers,ProtBERT,190,GPR,85/15,-0.09094940735167256,0.12952997621492787
Rg norm w/0.5,expr buffer only regr out,Inliers,ProtBERT,190,Linear,90/10,0.17775527567049199,0.11591710010493277
Rg norm w/0.5,expr buffer only regr out,Inliers,ProtBERT,190,Ridge,90/10,0.24634677952494877,0.11097693846005856
Rg norm w/0.5,expr buffer only regr out,Inliers,ProtBERT,190,Lasso,90/10,-0.011687431569423756,0.12857902770875815
Rg norm w/0.5,expr buffer only regr out,Inliers,ProtBERT,190,Kernel Ridge,90/10,0.32002958423397965,0.10541246494978729
Rg norm w/0.5,expr buffer only regr out,Inliers,ProtBERT,190,GPR,90/10,-0.24539394321720476,0.14265938079966856
Rg norm w/0.418,expr buffer only regr out,All,ProtBERT,10,Linear,80/20,-0.6761979060853591,0.21384050639738617
Rg norm w/0.418,expr buffer only regr out,All,ProtBERT,10,Ridge,80/20,-0.5907931411120435,0.2083215423142004
Rg norm w/0.418,expr buffer only regr out,All,ProtBERT,10,Lasso,80/20,-0.18032936925280696,0.1794439968905955
Rg norm w/0.418,expr buffer only regr out,All,ProtBERT,10,Kernel Ridge,80/20,-0.13322321433617978,0.17582679451675548
Rg norm w/0.418,expr buffer only regr out,All,ProtBERT,10,GPR,80/20,-0.09196343693568787,0.1725962580042148
Rg norm w/0.418,expr buffer only regr out,All,ProtBERT,10,Linear,85/15,-0.6716270040913401,0.1994921277450167
Rg norm w/0.418,expr buffer only regr out,All,ProtBERT,10,Ridge,85/15,-0.5926924451166129,0.1947251438398354
Rg norm w/0.418,expr buffer only regr out,All,ProtBERT,10,Lasso,85/15,-0.1942456225938336,0.16861759954658884
Rg norm w/0.418,expr buffer only regr out,All,ProtBERT,10,Kernel Ridge,85/15,0.11115684405563986,0.145468392495683
Rg norm w/0.418,expr buffer only regr out,All,ProtBERT,10,GPR,85/15,-0.1393587299478889,0.16469723778447828
Rg norm w/0.418,expr buffer only regr out,All,ProtBERT,10,Linear,90/10,-0.1949525349194381,0.1777832051074693
Rg norm w/0.418,expr buffer only regr out,All,ProtBERT,10,Ridge,90/10,-0.16353155582093915,0.17543025195455153
Rg norm w/0.418,expr buffer only regr out,All,ProtBERT,10,Lasso,90/10,0.04594478407010072,0.15885546462468447
Rg norm w/0.418,expr buffer only regr out,All,ProtBERT,10,Kernel Ridge,90/10,0.2731386725639955,0.13865680395651356
Rg norm w/0.418,expr buffer only regr out,All,ProtBERT,10,GPR,90/10,-0.0627054478374034,0.1676570643681578
Rg norm w/0.418,expr buffer only regr out,Inliers,ProtBERT,10,Linear,80/20,0.002326355774878164,0.190158533436381
Rg norm w/0.418,expr buffer only regr out,Inliers,ProtBERT,10,Ridge,80/20,0.08916582046904808,0.18169426909964492
Rg norm w/0.418,expr buffer only regr out,Inliers,ProtBERT,10,Lasso,80/20,0.09893832934156077,0.18071692474394538
Rg norm w/0.418,expr buffer only regr out,Inliers,ProtBERT,10,Kernel Ridge,80/20,0.3577257452429108,0.15257445471235778
Rg norm w/0.418,expr buffer only regr out,Inliers,ProtBERT,10,GPR,80/20,-0.1495283780402481,0.20411805344761777
Rg norm w/0.418,expr buffer only regr out,Inliers,ProtBERT,10,Linear,85/15,0.012999277878087079,0.1876560759040501
Rg norm w/0.418,expr buffer only regr out,Inliers,ProtBERT,10,Ridge,85/15,0.06163352281023826,0.18297431816698428
Rg norm w/0.418,expr buffer only regr out,Inliers,ProtBERT,10,Lasso,85/15,0.047634966874414375,0.18433407164793966
Rg norm w/0.418,expr buffer only regr out,Inliers,ProtBERT,10,Kernel Ridge,85/15,0.29644089822652553,0.15843611632292692
Rg norm w/0.418,expr buffer only regr out,Inliers,ProtBERT,10,GPR,85/15,-0.3419230368815207,0.21881026875568568
Rg norm w/0.418,expr buffer only regr out,Inliers,ProtBERT,10,Linear,90/10,0.0010006934797629485,0.19242554359283678
Rg norm w/0.418,expr buffer only regr out,Inliers,ProtBERT,10,Ridge,90/10,0.030339858468004244,0.18957885709924832
Rg norm w/0.418,expr buffer only regr out,Inliers,ProtBERT,10,Lasso,90/10,-0.013039270541713721,0.19377300277289947
Rg norm w/0.418,expr buffer only regr out,Inliers,ProtBERT,10,Kernel Ridge,90/10,0.21251881584310972,0.17084419294435851
Rg norm w/0.418,expr buffer only regr out,Inliers,ProtBERT,10,GPR,90/10,-0.4221356761113526,0.22958877161450802
Rg norm w/0.418,expr buffer only regr out,All,ProtBERT,20,Linear,80/20,-0.7231480286382495,0.21681464863473002
Rg norm w/0.418,expr buffer only regr out,All,ProtBERT,20,Ridge,80/20,-0.5410455244492729,0.20503833265652002
Rg norm w/0.418,expr buffer only regr out,All,ProtBERT,20,Lasso,80/20,-0.18032881116019706,0.17944395446752995
Rg norm w/0.418,expr buffer only regr out,All,ProtBERT,20,Kernel Ridge,80/20,-0.18354808356312646,0.17968849887140256
Rg norm w/0.418,expr buffer only regr out,All,ProtBERT,20,GPR,80/20,-0.20508855343201615,0.1813162832343575
Rg norm w/0.418,expr buffer only regr out,All,ProtBERT,20,Linear,85/15,-0.6096184050337539,0.195757106912036
Rg norm w/0.418,expr buffer only regr out,All,ProtBERT,20,Ridge,85/15,-0.48407167246116245,0.18796782278276059
Rg norm w/0.418,expr buffer only regr out,All,ProtBERT,20,Lasso,85/15,-0.19424476962718074,0.16861753933066156
Rg norm w/0.418,expr buffer only regr out,All,ProtBERT,20,Kernel Ridge,85/15,-0.4480371246649153,0.18567178880277405
Rg norm w/0.418,expr buffer only regr out,All,ProtBERT,20,GPR,85/15,-0.3333541379460663,0.1781676410049849
Rg norm w/0.418,expr buffer only regr out,All,ProtBERT,20,Linear,90/10,-0.017251512797846313,0.16403237620850922
Rg norm w/0.418,expr buffer only regr out,All,ProtBERT,20,Ridge,90/10,0.003633482086657147,0.16233978502675325
Rg norm w/0.418,expr buffer only regr out,All,ProtBERT,20,Lasso,90/10,-0.04541683815522246,0.16628770881542757
Rg norm w/0.418,expr buffer only regr out,All,ProtBERT,20,Kernel Ridge,90/10,0.06529297244354992,0.15723642393407705
Rg norm w/0.418,expr buffer only regr out,All,ProtBERT,20,GPR,90/10,-0.21384033454786944,0.17918274532341769
Rg norm w/0.418,expr buffer only regr out,Inliers,ProtBERT,20,Linear,80/20,0.041716397786134785,0.186366821316573
Rg norm w/0.418,expr buffer only regr out,Inliers,ProtBERT,20,Ridge,80/20,0.23913308125693933,0.16606416289152595
Rg norm w/0.418,expr buffer only regr out,Inliers,ProtBERT,20,Lasso,80/20,0.21832908961893127,0.16831915593133318
Rg norm w/0.418,expr buffer only regr out,Inliers,ProtBERT,20,Kernel Ridge,80/20,0.3964493309268544,0.1479034952703012
Rg norm w/0.418,expr buffer only regr out,Inliers,ProtBERT,20,GPR,80/20,-0.6645114693373197,0.24562070046883913
Rg norm w/0.418,expr buffer only regr out,Inliers,ProtBERT,20,Linear,85/15,0.11433948491803025,0.17776143065896352
Rg norm w/0.418,expr buffer only regr out,Inliers,ProtBERT,20,Ridge,85/15,0.2116122360348731,0.16771574393697777
Rg norm w/0.418,expr buffer only regr out,Inliers,ProtBERT,20,Lasso,85/15,0.16714384703000928,0.17238080106814252
Rg norm w/0.418,expr buffer only regr out,Inliers,ProtBERT,20,Kernel Ridge,85/15,0.3223459613081343,0.15549195027963605
Rg norm w/0.418,expr buffer only regr out,Inliers,ProtBERT,20,GPR,85/15,-0.8766200707773286,0.25875697998041863
Rg norm w/0.418,expr buffer only regr out,Inliers,ProtBERT,20,Linear,90/10,0.09437666469153438,0.18321200646971839
Rg norm w/0.418,expr buffer only regr out,Inliers,ProtBERT,20,Ridge,90/10,0.20902962213943,0.17122226523332087
Rg norm w/0.418,expr buffer only regr out,Inliers,ProtBERT,20,Lasso,90/10,0.13733501498848044,0.17881387473716812
Rg norm w/0.418,expr buffer only regr out,Inliers,ProtBERT,20,Kernel Ridge,90/10,0.21332397972795192,0.17075683037846606
Rg norm w/0.418,expr buffer only regr out,Inliers,ProtBERT,20,GPR,90/10,-1.0170922701459446,0.27342801602737543
Rg norm w/0.418,expr buffer only regr out,All,ProtBERT,50,Linear,80/20,-3.7502694594481314,0.3599866954101807
Rg norm w/0.418,expr buffer only regr out,All,ProtBERT,50,Ridge,80/20,-0.8317767099639912,0.22354429649186378
Rg norm w/0.418,expr buffer only regr out,All,ProtBERT,50,Lasso,80/20,-0.1803294234601358,0.17944400101113164
Rg norm w/0.418,expr buffer only regr out,All,ProtBERT,50,Kernel Ridge,80/20,-0.15879825915691703,0.1777997902739619
Rg norm w/0.418,expr buffer only regr out,All,ProtBERT,50,GPR,80/20,-0.20765556357529324,0.18150929524860557
Rg norm w/0.418,expr buffer only regr out,All,ProtBERT,50,Linear,85/15,-3.2247702135836267,0.31714481797115296
Rg norm w/0.418,expr buffer only regr out,All,ProtBERT,50,Ridge,85/15,-0.8060178325400134,0.20735623104089634
Rg norm w/0.418,expr buffer only regr out,All,ProtBERT,50,Lasso,85/15,-0.194245703886458,0.16861760528551167
Rg norm w/0.418,expr buffer only regr out,All,ProtBERT,50,Kernel Ridge,85/15,-0.25536500821067376,0.17287853867319763
Rg norm w/0.418,expr buffer only regr out,All,ProtBERT,50,GPR,85/15,-0.3473627989452095,0.1791011396773027
Rg norm w/0.418,expr buffer only regr out,All,ProtBERT,50,Linear,90/10,-1.0302594999381474,0.23173475852644346
Rg norm w/0.418,expr buffer only regr out,All,ProtBERT,50,Ridge,90/10,-0.17247804064405514,0.17610340888392031
Rg norm w/0.418,expr buffer only regr out,All,ProtBERT,50,Lasso,90/10,-0.04541683815522246,0.16628770881542757
Rg norm w/0.418,expr buffer only regr out,All,ProtBERT,50,Kernel Ridge,90/10,-0.01748654739730049,0.16405132484446144
Rg norm w/0.418,expr buffer only regr out,All,ProtBERT,50,GPR,90/10,-0.2546811969454805,0.18217219819837868
Rg norm w/0.418,expr buffer only regr out,Inliers,ProtBERT,50,Linear,80/20,-1.2907036553961797,0.28814164019346217
Rg norm w/0.418,expr buffer only regr out,Inliers,ProtBERT,50,Ridge,80/20,0.24979554162470652,0.16489648188767675
Rg norm w/0.418,expr buffer only regr out,Inliers,ProtBERT,50,Lasso,80/20,0.13007908300981963,0.17756667248020422
Rg norm w/0.418,expr buffer only regr out,Inliers,ProtBERT,50,Kernel Ridge,80/20,0.3560596012026034,0.1527722256535214
Rg norm w/0.418,expr buffer only regr out,Inliers,ProtBERT,50,GPR,80/20,-0.5722059213380304,0.23871311685643823
Rg norm w/0.418,expr buffer only regr out,Inliers,ProtBERT,50,Linear,85/15,-1.977133601640824,0.32591403081040216
Rg norm w/0.418,expr buffer only regr out,Inliers,ProtBERT,50,Ridge,85/15,0.20564448255070822,0.16834931495820707
Rg norm w/0.418,expr buffer only regr out,Inliers,ProtBERT,50,Lasso,85/15,0.06259019381918207,0.1828810226008118
Rg norm w/0.418,expr buffer only regr out,Inliers,ProtBERT,50,Kernel Ridge,85/15,0.2680544331650444,0.1616007186092648
Rg norm w/0.418,expr buffer only regr out,Inliers,ProtBERT,50,GPR,85/15,-0.7494931929242259,0.24983887970315333
Rg norm w/0.418,expr buffer only regr out,Inliers,ProtBERT,50,Linear,90/10,-2.880588197496043,0.3792528979059416
Rg norm w/0.418,expr buffer only regr out,Inliers,ProtBERT,50,Ridge,90/10,0.18291003057792654,0.17402637277175523
Rg norm w/0.418,expr buffer only regr out,Inliers,ProtBERT,50,Lasso,90/10,0.007988731011844052,0.19175135058343387
Rg norm w/0.418,expr buffer only regr out,Inliers,ProtBERT,50,Kernel Ridge,90/10,0.12157958827877435,0.1804393849776147
Rg norm w/0.418,expr buffer only regr out,Inliers,ProtBERT,50,GPR,90/10,-0.8454006316922338,0.2615323771056061
Rg norm w/0.418,expr buffer only regr out,All,ProtBERT,100,Linear,80/20,-26.505313723198846,0.8662348033799452
Rg norm w/0.418,expr buffer only regr out,All,ProtBERT,100,Ridge,80/20,-0.9026877612996755,0.22783009415590763
Rg norm w/0.418,expr buffer only regr out,All,ProtBERT,100,Lasso,80/20,-0.1803294242973581,0.17944400107477257
Rg norm w/0.418,expr buffer only regr out,All,ProtBERT,100,Kernel Ridge,80/20,-0.16217002736527064,0.17805827539686364
Rg norm w/0.418,expr buffer only regr out,All,ProtBERT,100,GPR,80/20,-0.2089220168827337,0.18160444357548014
Rg norm w/0.418,expr buffer only regr out,All,ProtBERT,100,Linear,85/15,-33.43237790199123,0.9053981054270483
Rg norm w/0.418,expr buffer only regr out,All,ProtBERT,100,Ridge,85/15,-1.007132064461441,0.21859692467414654
Rg norm w/0.418,expr buffer only regr out,All,ProtBERT,100,Lasso,85/15,-0.19424570561519405,0.1686176054075533
Rg norm w/0.418,expr buffer only regr out,All,ProtBERT,100,Kernel Ridge,85/15,-0.27368202606357883,0.17413520575451116
Rg norm w/0.418,expr buffer only regr out,All,ProtBERT,100,GPR,85/15,-0.3520731325929096,0.17941393222631652
Rg norm w/0.418,expr buffer only regr out,All,ProtBERT,100,Linear,90/10,-12.35391926881717,0.5943192225439148
Rg norm w/0.418,expr buffer only regr out,All,ProtBERT,100,Ridge,90/10,-0.37187441032876234,0.1904901753842062
Rg norm w/0.418,expr buffer only regr out,All,ProtBERT,100,Lasso,90/10,-0.04541683815522246,0.16628770881542757
Rg norm w/0.418,expr buffer only regr out,All,ProtBERT,100,Kernel Ridge,90/10,-0.1221579654331677,0.1722829907570873
Rg norm w/0.418,expr buffer only regr out,All,ProtBERT,100,GPR,90/10,-0.26998075030085333,0.18327953449414677
Rg norm w/0.418,expr buffer only regr out,Inliers,ProtBERT,100,Linear,80/20,-4.1389013545587305,0.4315754282158778
Rg norm w/0.418,expr buffer only regr out,Inliers,ProtBERT,100,Ridge,80/20,0.15580528379634218,0.17492137573235197
Rg norm w/0.418,expr buffer only regr out,Inliers,ProtBERT,100,Lasso,80/20,0.12964756568569658,0.17761070728506587
Rg norm w/0.418,expr buffer only regr out,Inliers,ProtBERT,100,Kernel Ridge,80/20,0.3482855100970449,0.15369164467197743
Rg norm w/0.418,expr buffer only regr out,Inliers,ProtBERT,100,GPR,80/20,-0.4616662026969025,0.23016838588396385
Rg norm w/0.418,expr buffer only regr out,Inliers,ProtBERT,100,Linear,85/15,-5.266508648030931,0.47284273094546836
Rg norm w/0.418,expr buffer only regr out,Inliers,ProtBERT,100,Ridge,85/15,0.2986865745626206,0.15818305968200946
Rg norm w/0.418,expr buffer only regr out,Inliers,ProtBERT,100,Lasso,85/15,0.06256650769623129,0.1828833330711073
Rg norm w/0.418,expr buffer only regr out,Inliers,ProtBERT,100,Kernel Ridge,85/15,0.23522680640857774,0.16518485396999322
Rg norm w/0.418,expr buffer only regr out,Inliers,ProtBERT,100,GPR,85/15,-0.6182996022641796,0.24028870618323364
Rg norm w/0.418,expr buffer only regr out,Inliers,ProtBERT,100,Linear,90/10,-2.8867900160948747,0.3795558311937069
Rg norm w/0.418,expr buffer only regr out,Inliers,ProtBERT,100,Ridge,90/10,0.25667454856144534,0.16598530100623327
Rg norm w/0.418,expr buffer only regr out,Inliers,ProtBERT,100,Lasso,90/10,0.008050080653653646,0.1917454211857906
Rg norm w/0.418,expr buffer only regr out,Inliers,ProtBERT,100,Kernel Ridge,90/10,0.2347492894423211,0.16841547692513137
Rg norm w/0.418,expr buffer only regr out,Inliers,ProtBERT,100,GPR,90/10,-0.7455953459202149,0.25436181567605637
Rg norm w/0.418,expr buffer only regr out,All,ProtBERT,190,Linear,80/20,-10.76088113085702,0.5664313180852687
Rg norm w/0.418,expr buffer only regr out,All,ProtBERT,190,Ridge,80/20,-0.8619084750252799,0.22537539022387304
Rg norm w/0.418,expr buffer only regr out,All,ProtBERT,190,Lasso,80/20,-0.18032942429752175,0.179444001074785
Rg norm w/0.418,expr buffer only regr out,All,ProtBERT,190,Kernel Ridge,80/20,-0.1726453848315581,0.1788589498991637
Rg norm w/0.418,expr buffer only regr out,All,ProtBERT,190,GPR,80/20,-0.2360941400760208,0.1836340028642709
Rg norm w/0.418,expr buffer only regr out,All,ProtBERT,190,Linear,85/15,-13.323750353354463,0.5839618085033077
Rg norm w/0.418,expr buffer only regr out,All,ProtBERT,190,Ridge,85/15,-0.9517422842125061,0.21555957014884797
Rg norm w/0.418,expr buffer only regr out,All,ProtBERT,190,Lasso,85/15,-0.19424570561653587,0.16861760540764803
Rg norm w/0.418,expr buffer only regr out,All,ProtBERT,190,Kernel Ridge,85/15,-0.2940211652207665,0.1755200618248604
Rg norm w/0.418,expr buffer only regr out,All,ProtBERT,190,GPR,85/15,-0.38212814846361653,0.18139705387554134
Rg norm w/0.418,expr buffer only regr out,All,ProtBERT,190,Linear,90/10,-11.455855340228998,0.573987165966058
Rg norm w/0.418,expr buffer only regr out,All,ProtBERT,190,Ridge,90/10,-0.2955941473962489,0.18511852992814723
Rg norm w/0.418,expr buffer only regr out,All,ProtBERT,190,Lasso,90/10,-0.04541683815522246,0.16628770881542757
Rg norm w/0.418,expr buffer only regr out,All,ProtBERT,190,Kernel Ridge,90/10,-0.1917143768306262,0.17754215759864939
Rg norm w/0.418,expr buffer only regr out,All,ProtBERT,190,GPR,90/10,-0.025603554844953358,0.16470438539121388
Rg norm w/0.418,expr buffer only regr out,Inliers,ProtBERT,190,Linear,80/20,-0.15867839481408375,0.20492881278582892
Rg norm w/0.418,expr buffer only regr out,Inliers,ProtBERT,190,Ridge,80/20,0.3137614158337304,0.15770996523092676
Rg norm w/0.418,expr buffer only regr out,Inliers,ProtBERT,190,Lasso,80/20,0.129647383994966,0.17761072582365794
Rg norm w/0.418,expr buffer only regr out,Inliers,ProtBERT,190,Kernel Ridge,80/20,0.3560960889593182,0.15276789730669008
Rg norm w/0.418,expr buffer only regr out,Inliers,ProtBERT,190,GPR,80/20,-0.01000793164112923,0.19133039218908857
Rg norm w/0.418,expr buffer only regr out,Inliers,ProtBERT,190,Linear,85/15,0.16267000596356784,0.17284316867495117
Rg norm w/0.418,expr buffer only regr out,Inliers,ProtBERT,190,Ridge,85/15,0.2828635288411703,0.15995757084662848
Rg norm w/0.418,expr buffer only regr out,Inliers,ProtBERT,190,Lasso,85/15,0.0625666507090179,0.18288331912096775
Rg norm w/0.418,expr buffer only regr out,Inliers,ProtBERT,190,Kernel Ridge,85/15,0.35738401938800224,0.15141874977441508
Rg norm w/0.418,expr buffer only regr out,Inliers,ProtBERT,190,GPR,85/15,-0.12821143355913467,0.20063151085910091
Rg norm w/0.418,expr buffer only regr out,Inliers,ProtBERT,190,Linear,90/10,0.09761152271271967,0.18288449998995954
Rg norm w/0.418,expr buffer only regr out,Inliers,ProtBERT,190,Ridge,90/10,0.2458822771842747,0.1671859211700346
Rg norm w/0.418,expr buffer only regr out,Inliers,ProtBERT,190,Lasso,90/10,0.00805014221960798,0.19174541523539443
Rg norm w/0.418,expr buffer only regr out,Inliers,ProtBERT,190,Kernel Ridge,90/10,0.21576638810279059,0.17049154828185067
Rg norm w/0.418,expr buffer only regr out,Inliers,ProtBERT,190,GPR,90/10,-0.27475704816393653,0.21736711420239963
