Normalization,Regressing out,Points,Model,PCA Components,Regression Type,Test Split,Test R2 Score,RMSE Score
Rg w/no norm,No regr out,All,ProtBERT,10,Linear,80/20,-0.1202086809361016,3.7640703200024133
Rg w/no norm,No regr out,All,ProtBERT,10,Ridge,80/20,-0.09575455319821202,3.722758837905343
Rg w/no norm,No regr out,All,ProtBERT,10,Lasso,80/20,-0.03971853139259096,3.6263202377213872
Rg w/no norm,No regr out,All,ProtBERT,10,Kernel Ridge,80/20,-0.06373560262573852,3.667964374479727
Rg w/no norm,No regr out,All,ProtBERT,10,GPR,80/20,-0.27560783802890954,4.01667645844573
Rg w/no norm,No regr out,All,ProtBERT,10,Linear,85/15,-0.41186635315391795,1.9424656253355472
Rg w/no norm,No regr out,All,ProtBERT,10,Ridge,85/15,-0.3373808652737511,1.8905322943605025
Rg w/no norm,No regr out,All,ProtBERT,10,Lasso,85/15,-0.08911776481596201,1.7060586963301454
Rg w/no norm,No regr out,All,ProtBERT,10,Kernel Ridge,85/15,0.12031060402860083,1.5332791367644234
Rg w/no norm,No regr out,All,ProtBERT,10,GPR,85/15,-0.9518718684491096,2.2839269031786538
Rg w/no norm,No regr out,All,ProtBERT,10,Linear,90/10,0.023157669841665784,1.788460793139834
Rg w/no norm,No regr out,All,ProtBERT,10,Ridge,90/10,0.026239156617866466,1.785637680729032
Rg w/no norm,No regr out,All,ProtBERT,10,Lasso,90/10,0.0692292236884473,1.7457761579892843
Rg w/no norm,No regr out,All,ProtBERT,10,Kernel Ridge,90/10,0.2317490822148116,1.586056785758883
Rg w/no norm,No regr out,All,ProtBERT,10,GPR,90/10,-0.7245141126804258,2.3762961526926922
Rg w/no norm,No regr out,Inliers,ProtBERT,10,Linear,80/20,0.21484311301134784,1.205522159109736
Rg w/no norm,No regr out,Inliers,ProtBERT,10,Ridge,80/20,0.22553854132065676,1.1972831772969783
Rg w/no norm,No regr out,Inliers,ProtBERT,10,Lasso,80/20,0.21950791323104746,1.2019356799664263
Rg w/no norm,No regr out,Inliers,ProtBERT,10,Kernel Ridge,80/20,0.39328218274581395,1.059718094557018
Rg w/no norm,No regr out,Inliers,ProtBERT,10,GPR,80/20,-1.0413092878523722,1.9437991204354164
Rg w/no norm,No regr out,Inliers,ProtBERT,10,Linear,85/15,0.2788079105874982,1.2239655006852013
Rg w/no norm,No regr out,Inliers,ProtBERT,10,Ridge,85/15,0.27302289156524806,1.2288646954662186
Rg w/no norm,No regr out,Inliers,ProtBERT,10,Lasso,85/15,0.2807337477627666,1.2223301985149602
Rg w/no norm,No regr out,Inliers,ProtBERT,10,Kernel Ridge,85/15,0.48349720020553877,1.03580985701425
Rg w/no norm,No regr out,Inliers,ProtBERT,10,GPR,85/15,-0.6744413469073067,1.8649992834065205
Rg w/no norm,No regr out,Inliers,ProtBERT,10,Linear,90/10,0.2592583706483583,1.2777100011015436
Rg w/no norm,No regr out,Inliers,ProtBERT,10,Ridge,90/10,0.24981852487238965,1.285825652294539
Rg w/no norm,No regr out,Inliers,ProtBERT,10,Lasso,90/10,0.26231019553935864,1.2750752283195725
Rg w/no norm,No regr out,Inliers,ProtBERT,10,Kernel Ridge,90/10,0.38762860836941193,1.1617331032949938
Rg w/no norm,No regr out,Inliers,ProtBERT,10,GPR,90/10,-0.867970492884194,2.029008768079003
Rg w/no norm,No regr out,All,ProtBERT,20,Linear,80/20,-0.3782143596337204,4.175097737459231
Rg w/no norm,No regr out,All,ProtBERT,20,Ridge,80/20,-0.15858234993561338,3.827998116266934
Rg w/no norm,No regr out,All,ProtBERT,20,Lasso,80/20,-0.03971961071463581,3.626322119945393
Rg w/no norm,No regr out,All,ProtBERT,20,Kernel Ridge,80/20,-0.13448016496091708,3.7879716058621153
Rg w/no norm,No regr out,All,ProtBERT,20,GPR,80/20,-0.25878563575253977,3.990103403514973
Rg w/no norm,No regr out,All,ProtBERT,20,Linear,85/15,-1.1451613822183528,2.394343925087612
Rg w/no norm,No regr out,All,ProtBERT,20,Ridge,85/15,-0.4706770667686795,1.9825091844504785
Rg w/no norm,No regr out,All,ProtBERT,20,Lasso,85/15,-0.2996190024758718,1.863650946617959
Rg w/no norm,No regr out,All,ProtBERT,20,Kernel Ridge,85/15,-0.24812725229609867,1.8263582922842425
Rg w/no norm,No regr out,All,ProtBERT,20,GPR,85/15,-1.0727465659467228,2.353583712775488
Rg w/no norm,No regr out,All,ProtBERT,20,Linear,90/10,0.13212815605873307,1.685757062911682
Rg w/no norm,No regr out,All,ProtBERT,20,Ridge,90/10,0.16009856049251225,1.6583696888873036
Rg w/no norm,No regr out,All,ProtBERT,20,Lasso,90/10,0.26293308096816803,1.5535335915845139
Rg w/no norm,No regr out,All,ProtBERT,20,Kernel Ridge,90/10,0.06528890024232281,1.7494675382767138
Rg w/no norm,No regr out,All,ProtBERT,20,GPR,90/10,-0.8816754887942264,2.482215895076341
Rg w/no norm,No regr out,Inliers,ProtBERT,20,Linear,80/20,0.429817017006916,1.027316116443406
Rg w/no norm,No regr out,Inliers,ProtBERT,20,Ridge,80/20,0.40818216585268907,1.046624747919178
Rg w/no norm,No regr out,Inliers,ProtBERT,20,Lasso,80/20,0.4299400776176,1.0272052494283639
Rg w/no norm,No regr out,Inliers,ProtBERT,20,Kernel Ridge,80/20,0.5195804771823637,0.9429904602780821
Rg w/no norm,No regr out,Inliers,ProtBERT,20,GPR,80/20,-0.08817764986775778,1.4192106983317387
Rg w/no norm,No regr out,Inliers,ProtBERT,20,Linear,85/15,0.44570072387198734,1.0730398608342107
Rg w/no norm,No regr out,Inliers,ProtBERT,20,Ridge,85/15,0.43984569179527633,1.0786922035473732
Rg w/no norm,No regr out,Inliers,ProtBERT,20,Lasso,85/15,0.4453579256869583,1.073371612362198
Rg w/no norm,No regr out,Inliers,ProtBERT,20,Kernel Ridge,85/15,0.6072351542201095,0.9032542304853378
Rg w/no norm,No regr out,Inliers,ProtBERT,20,GPR,85/15,0.1617220111506733,1.3195860961066466
Rg w/no norm,No regr out,Inliers,ProtBERT,20,Linear,90/10,0.37806112206710407,1.1707731954934135
Rg w/no norm,No regr out,Inliers,ProtBERT,20,Ridge,90/10,0.3766768978981655,1.172075342601569
Rg w/no norm,No regr out,Inliers,ProtBERT,20,Lasso,90/10,0.37581597583887527,1.1728844874327669
Rg w/no norm,No regr out,Inliers,ProtBERT,20,Kernel Ridge,90/10,0.5076731827321493,1.0416592247821457
Rg w/no norm,No regr out,Inliers,ProtBERT,20,GPR,90/10,0.06604410034882469,1.434703318526854
Rg w/no norm,No regr out,All,ProtBERT,50,Linear,80/20,-0.4659863522107355,4.305992062721215
Rg w/no norm,No regr out,All,ProtBERT,50,Ridge,80/20,-0.12977416504739825,3.7801068941209444
Rg w/no norm,No regr out,All,ProtBERT,50,Lasso,80/20,-0.03971770505735517,3.6263187966790795
Rg w/no norm,No regr out,All,ProtBERT,50,Kernel Ridge,80/20,-0.0965352093997347,3.7240847175602165
Rg w/no norm,No regr out,All,ProtBERT,50,GPR,80/20,-0.13441550418843562,3.7878636548075764
Rg w/no norm,No regr out,All,ProtBERT,50,Linear,85/15,-2.676798647078958,3.134667429733931
Rg w/no norm,No regr out,All,ProtBERT,50,Ridge,85/15,-0.4108655435368662,1.9417770392993643
Rg w/no norm,No regr out,All,ProtBERT,50,Lasso,85/15,-0.089118008609123,1.706058887276172
Rg w/no norm,No regr out,All,ProtBERT,50,Kernel Ridge,85/15,-0.3213514281807883,1.879168470606718
Rg w/no norm,No regr out,All,ProtBERT,50,GPR,85/15,-0.9319533136200917,2.272243456881132
Rg w/no norm,No regr out,All,ProtBERT,50,Linear,90/10,-0.08802241999513138,1.8874963078645235
Rg w/no norm,No regr out,All,ProtBERT,50,Ridge,90/10,0.16784256417872234,1.6507067894992749
Rg w/no norm,No regr out,All,ProtBERT,50,Lasso,90/10,0.19889933714826868,1.6196110607404044
Rg w/no norm,No regr out,All,ProtBERT,50,Kernel Ridge,90/10,-0.17820434824168707,1.9641628793700041
Rg w/no norm,No regr out,All,ProtBERT,50,GPR,90/10,-0.7353673330588684,2.3837620280918115
Rg w/no norm,No regr out,Inliers,ProtBERT,50,Linear,80/20,0.4650633399438757,0.9950574517429462
Rg w/no norm,No regr out,Inliers,ProtBERT,50,Ridge,80/20,0.5892927249574376,0.8718929647136748
Rg w/no norm,No regr out,Inliers,ProtBERT,50,Lasso,80/20,0.6139467087236299,0.8453189504741827
Rg w/no norm,No regr out,Inliers,ProtBERT,50,Kernel Ridge,80/20,0.6244920356983505,0.833693761616789
Rg w/no norm,No regr out,Inliers,ProtBERT,50,GPR,80/20,0.2584401410015795,1.1715749630117733
Rg w/no norm,No regr out,Inliers,ProtBERT,50,Linear,85/15,0.673372163050454,0.8237023347206729
Rg w/no norm,No regr out,Inliers,ProtBERT,50,Ridge,85/15,0.6351386705782214,0.870577858774798
Rg w/no norm,No regr out,Inliers,ProtBERT,50,Lasso,85/15,0.6774589292615721,0.8185330340700246
Rg w/no norm,No regr out,Inliers,ProtBERT,50,Kernel Ridge,85/15,0.7063555965520029,0.781006347535062
Rg w/no norm,No regr out,Inliers,ProtBERT,50,GPR,85/15,0.4816297353064626,1.0376807019142325
Rg w/no norm,No regr out,Inliers,ProtBERT,50,Linear,90/10,0.6397633186844514,0.8910311447416057
Rg w/no norm,No regr out,Inliers,ProtBERT,50,Ridge,90/10,0.6049193605455965,0.9331292260507064
Rg w/no norm,No regr out,Inliers,ProtBERT,50,Lasso,90/10,0.6108089978546526,0.9261478299822214
Rg w/no norm,No regr out,Inliers,ProtBERT,50,Kernel Ridge,90/10,0.6661746279410686,0.8577457775016851
Rg w/no norm,No regr out,Inliers,ProtBERT,50,GPR,90/10,0.4252910245396404,1.125441454234625
Rg w/no norm,No regr out,All,ProtBERT,100,Linear,80/20,-6.677127755019641,9.85388853277991
Rg w/no norm,No regr out,All,ProtBERT,100,Ridge,80/20,-0.1120269341007607,3.750299176195207
Rg w/no norm,No regr out,All,ProtBERT,100,Lasso,80/20,-0.03971770593225976,3.6263187982048217
Rg w/no norm,No regr out,All,ProtBERT,100,Kernel Ridge,80/20,-0.07504301302936689,3.687407900226137
Rg w/no norm,No regr out,All,ProtBERT,100,GPR,80/20,-0.09388964572463165,3.71958953450334
Rg w/no norm,No regr out,All,ProtBERT,100,Linear,85/15,-37.07637935805052,10.087519108230937
Rg w/no norm,No regr out,All,ProtBERT,100,Ridge,85/15,-0.44084378588504114,1.9622981605983183
Rg w/no norm,No regr out,All,ProtBERT,100,Lasso,85/15,-1.3601574115271915,2.511464435355706
Rg w/no norm,No regr out,All,ProtBERT,100,Kernel Ridge,85/15,-0.2865778356232833,1.8542768679535198
Rg w/no norm,No regr out,All,ProtBERT,100,GPR,85/15,-0.9123582547805,2.260690843404612
Rg w/no norm,No regr out,All,ProtBERT,100,Linear,90/10,-1.4303345796287354,2.820981392987793
Rg w/no norm,No regr out,All,ProtBERT,100,Ridge,90/10,0.1075296505885982,1.7094802461787448
Rg w/no norm,No regr out,All,ProtBERT,100,Lasso,90/10,0.2056587871123271,1.6127636870589042
Rg w/no norm,No regr out,All,ProtBERT,100,Kernel Ridge,90/10,-0.17858477642138926,1.9644799562006658
Rg w/no norm,No regr out,All,ProtBERT,100,GPR,90/10,-0.7205195772867625,2.373542419873653
Rg w/no norm,No regr out,Inliers,ProtBERT,100,Linear,80/20,-2.0753639390428082,2.385861528317187
Rg w/no norm,No regr out,Inliers,ProtBERT,100,Ridge,80/20,0.536044689646364,0.9266912246163036
Rg w/no norm,No regr out,Inliers,ProtBERT,100,Lasso,80/20,0.45380662046324616,1.0054724868774927
Rg w/no norm,No regr out,Inliers,ProtBERT,100,Kernel Ridge,80/20,0.430437890948451,1.026756640314839
Rg w/no norm,No regr out,Inliers,ProtBERT,100,GPR,80/20,0.34153076709853114,1.1039889312511264
Rg w/no norm,No regr out,Inliers,ProtBERT,100,Linear,85/15,-2.6238470121198745,2.743649482809219
Rg w/no norm,No regr out,Inliers,ProtBERT,100,Ridge,85/15,0.673768526442666,0.8232024009697599
Rg w/no norm,No regr out,Inliers,ProtBERT,100,Lasso,85/15,0.5279858400784279,0.9901961037748669
Rg w/no norm,No regr out,Inliers,ProtBERT,100,Kernel Ridge,85/15,0.6839718411100404,0.8102267734157141
Rg w/no norm,No regr out,Inliers,ProtBERT,100,GPR,85/15,0.5399922162017037,0.9775214359396985
Rg w/no norm,No regr out,Inliers,ProtBERT,100,Linear,90/10,-2.606772799492664,2.8194104872015737
Rg w/no norm,No regr out,Inliers,ProtBERT,100,Ridge,90/10,0.5685861044669964,0.9750928739488466
Rg w/no norm,No regr out,Inliers,ProtBERT,100,Lasso,90/10,0.3817329578857519,1.1673120428735984
Rg w/no norm,No regr out,Inliers,ProtBERT,100,Kernel Ridge,90/10,0.6168163757560575,0.9189722310300714
Rg w/no norm,No regr out,Inliers,ProtBERT,100,GPR,90/10,0.41133330535644796,1.1390260338258171
Rg w/no norm,No regr out,All,ProtBERT,190,Linear,80/20,-0.747887320966488,4.701808939567186
Rg w/no norm,No regr out,All,ProtBERT,190,Ridge,80/20,-0.1122475777670009,3.7506712169669614
Rg w/no norm,No regr out,All,ProtBERT,190,Lasso,80/20,-0.039717705936911374,3.626318798212934
Rg w/no norm,No regr out,All,ProtBERT,190,Kernel Ridge,80/20,-0.07112370333849705,3.6806801277125745
Rg w/no norm,No regr out,All,ProtBERT,190,GPR,80/20,-0.07238645797633936,3.6828490774169462
Rg w/no norm,No regr out,All,ProtBERT,190,Linear,85/15,-7.236353173783227,4.691632955776333
Rg w/no norm,No regr out,All,ProtBERT,190,Ridge,85/15,-0.42528661677559776,1.9516756848295094
Rg w/no norm,No regr out,All,ProtBERT,190,Lasso,85/15,-0.5052041952126749,2.005645889978133
Rg w/no norm,No regr out,All,ProtBERT,190,Kernel Ridge,85/15,-0.2653235693290754,1.8388967563111476
Rg w/no norm,No regr out,All,ProtBERT,190,GPR,85/15,-0.6742431946624083,2.11527004379404
Rg w/no norm,No regr out,All,ProtBERT,190,Linear,90/10,-3.208079898630724,3.71201033788159
Rg w/no norm,No regr out,All,ProtBERT,190,Ridge,90/10,0.11166312531034717,1.705516924573296
Rg w/no norm,No regr out,All,ProtBERT,190,Lasso,90/10,0.20562090183191728,1.6128021461461448
Rg w/no norm,No regr out,All,ProtBERT,190,Kernel Ridge,90/10,-0.16067136460841258,1.9494936433335595
Rg w/no norm,No regr out,All,ProtBERT,190,GPR,90/10,-0.5138594465145843,2.2264347205759156
Rg w/no norm,No regr out,Inliers,ProtBERT,190,Linear,80/20,0.22523530485381427,1.197517549443463
Rg w/no norm,No regr out,Inliers,ProtBERT,190,Ridge,80/20,0.5778084044322865,0.8839989869647915
Rg w/no norm,No regr out,Inliers,ProtBERT,190,Lasso,80/20,0.24544866366555929,1.181792887168961
Rg w/no norm,No regr out,Inliers,ProtBERT,190,Kernel Ridge,80/20,0.5240675949658525,0.9385763642852678
Rg w/no norm,No regr out,Inliers,ProtBERT,190,GPR,80/20,0.43262141529324905,1.024786617250945
Rg w/no norm,No regr out,Inliers,ProtBERT,190,Linear,85/15,0.3397990513963606,1.171067077013693
Rg w/no norm,No regr out,Inliers,ProtBERT,190,Ridge,85/15,0.7158180434220686,0.7683196659396523
Rg w/no norm,No regr out,Inliers,ProtBERT,190,Lasso,85/15,0.5966366997674966,0.9153599155658566
Rg w/no norm,No regr out,Inliers,ProtBERT,190,Kernel Ridge,85/15,0.720241752689633,0.7623161994545377
Rg w/no norm,No regr out,Inliers,ProtBERT,190,GPR,85/15,0.6617910186889251,0.8381780195996836
Rg w/no norm,No regr out,Inliers,ProtBERT,190,Linear,90/10,0.15340347396811194,1.3659574116595787
Rg w/no norm,No regr out,Inliers,ProtBERT,190,Ridge,90/10,0.6337968810755576,0.8983797153369434
Rg w/no norm,No regr out,Inliers,ProtBERT,190,Lasso,90/10,0.4693614382506467,1.08142977175126
Rg w/no norm,No regr out,Inliers,ProtBERT,190,Kernel Ridge,90/10,0.6306859957922444,0.9021875009951057
Rg w/no norm,No regr out,Inliers,ProtBERT,190,GPR,90/10,0.569111318685062,0.9744991417900009
Rg norm w/0.427,No regr out,All,ProtBERT,10,Linear,80/20,-0.057514602194211895,0.4732166089078153
Rg norm w/0.427,No regr out,All,ProtBERT,10,Ridge,80/20,-0.05256489462914837,0.4721078625000831
Rg norm w/0.427,No regr out,All,ProtBERT,10,Lasso,80/20,-0.003095979768635626,0.460880186060483
Rg norm w/0.427,No regr out,All,ProtBERT,10,Kernel Ridge,80/20,-0.007409588497349295,0.4618700833928546
Rg norm w/0.427,No regr out,All,ProtBERT,10,GPR,80/20,-0.1601891105272517,0.49565693279417705
Rg norm w/0.427,No regr out,All,ProtBERT,10,Linear,85/15,-2.6317769052626634,0.15978146406947483
Rg norm w/0.427,No regr out,All,ProtBERT,10,Ridge,85/15,-2.2769657206530294,0.15177588159080196
Rg norm w/0.427,No regr out,All,ProtBERT,10,Lasso,85/15,-0.3422896845278838,0.09713817532599009
Rg norm w/0.427,No regr out,All,ProtBERT,10,Kernel Ridge,85/15,-0.04550398876357975,0.0857293758738021
Rg norm w/0.427,No regr out,All,ProtBERT,10,GPR,85/15,-5.051123212541215,0.2062456573846819
Rg norm w/0.427,No regr out,All,ProtBERT,10,Linear,90/10,-2.444006377465241,0.14246259544336912
Rg norm w/0.427,No regr out,All,ProtBERT,10,Ridge,90/10,-2.2274750734553566,0.1379114507869893
Rg norm w/0.427,No regr out,All,ProtBERT,10,Lasso,90/10,-0.6014048872481979,0.09714477652150612
Rg norm w/0.427,No regr out,All,ProtBERT,10,Kernel Ridge,90/10,-0.08647702460666218,0.08001642652008044
Rg norm w/0.427,No regr out,All,ProtBERT,10,GPR,90/10,-5.3833994064880635,0.19395227950444166
Rg norm w/0.427,No regr out,Inliers,ProtBERT,10,Linear,80/20,-0.12795215649157576,0.09255057998927115
Rg norm w/0.427,No regr out,Inliers,ProtBERT,10,Ridge,80/20,-0.1104092473704883,0.09182804538541754
Rg norm w/0.427,No regr out,Inliers,ProtBERT,10,Lasso,80/20,-0.09763887086395884,0.09129847942907239
Rg norm w/0.427,No regr out,Inliers,ProtBERT,10,Kernel Ridge,80/20,0.004983725045240361,0.08692584025623686
Rg norm w/0.427,No regr out,Inliers,ProtBERT,10,GPR,80/20,-1.6906245547447445,0.1429421650843531
Rg norm w/0.427,No regr out,Inliers,ProtBERT,10,Linear,85/15,-0.205212901315039,0.09094987687259488
Rg norm w/0.427,No regr out,Inliers,ProtBERT,10,Ridge,85/15,-0.16645491968035686,0.08947551546919735
Rg norm w/0.427,No regr out,Inliers,ProtBERT,10,Lasso,85/15,-0.1517774437310231,0.08891079919577682
Rg norm w/0.427,No regr out,Inliers,ProtBERT,10,Kernel Ridge,85/15,0.005815713646662668,0.08260449428908478
Rg norm w/0.427,No regr out,Inliers,ProtBERT,10,GPR,85/15,-1.99444206789618,0.1433600643205694
Rg norm w/0.427,No regr out,Inliers,ProtBERT,10,Linear,90/10,-0.03670916321049922,0.08598666181022786
Rg norm w/0.427,No regr out,Inliers,ProtBERT,10,Ridge,90/10,-0.02711541670607298,0.0855878751298123
Rg norm w/0.427,No regr out,Inliers,ProtBERT,10,Lasso,90/10,0.03700410817631372,0.08287333910354128
Rg norm w/0.427,No regr out,Inliers,ProtBERT,10,Kernel Ridge,90/10,0.13670025034564137,0.07846634580978744
Rg norm w/0.427,No regr out,Inliers,ProtBERT,10,GPR,90/10,-1.418292636561346,0.13132791434849755
Rg norm w/0.427,No regr out,All,ProtBERT,20,Linear,80/20,-0.10964012653956301,0.4847388958029561
Rg norm w/0.427,No regr out,All,ProtBERT,20,Ridge,80/20,-0.06338356625952235,0.4745279140140889
Rg norm w/0.427,No regr out,All,ProtBERT,20,Lasso,80/20,-0.003095979768635626,0.460880186060483
Rg norm w/0.427,No regr out,All,ProtBERT,20,Kernel Ridge,80/20,-0.051253341929868634,0.4718136348699207
Rg norm w/0.427,No regr out,All,ProtBERT,20,GPR,80/20,-0.16349597005332916,0.49636280977038827
Rg norm w/0.427,No regr out,All,ProtBERT,20,Linear,85/15,-3.22571870246985,0.17235230929097214
Rg norm w/0.427,No regr out,All,ProtBERT,20,Ridge,85/15,-2.3092085667698004,0.15252073340379949
Rg norm w/0.427,No regr out,All,ProtBERT,20,Lasso,85/15,-0.3422896845278838,0.09713817532599009
Rg norm w/0.427,No regr out,All,ProtBERT,20,Kernel Ridge,85/15,-3.4948775621433654,0.17775660544682043
Rg norm w/0.427,No regr out,All,ProtBERT,20,GPR,85/15,-5.616141391158734,0.21565980285233657
Rg norm w/0.427,No regr out,All,ProtBERT,20,Linear,90/10,-2.637308401127772,0.1464060223444834
Rg norm w/0.427,No regr out,All,ProtBERT,20,Ridge,90/10,-2.011785154648958,0.13322351036478716
Rg norm w/0.427,No regr out,All,ProtBERT,20,Lasso,90/10,-0.6014048872481979,0.09714477652150612
Rg norm w/0.427,No regr out,All,ProtBERT,20,Kernel Ridge,90/10,-0.9979518988741165,0.10850790859742755
Rg norm w/0.427,No regr out,All,ProtBERT,20,GPR,90/10,-5.931381524724343,0.20210580183652724
Rg norm w/0.427,No regr out,Inliers,ProtBERT,20,Linear,80/20,0.053441589009760815,0.08478275303544723
Rg norm w/0.427,No regr out,Inliers,ProtBERT,20,Ridge,80/20,0.05333145306043041,0.0847876853023216
Rg norm w/0.427,No regr out,Inliers,ProtBERT,20,Lasso,80/20,0.07326726373208348,0.08389016671988755
Rg norm w/0.427,No regr out,Inliers,ProtBERT,20,Kernel Ridge,80/20,0.11546045683343442,0.08195820376359189
Rg norm w/0.427,No regr out,Inliers,ProtBERT,20,GPR,80/20,-0.2698116024944559,0.09819818273094762
Rg norm w/0.427,No regr out,Inliers,ProtBERT,20,Linear,85/15,0.020532046867003162,0.08199084173375389
Rg norm w/0.427,No regr out,Inliers,ProtBERT,20,Ridge,85/15,0.023802842104918454,0.08185382882189558
Rg norm w/0.427,No regr out,Inliers,ProtBERT,20,Lasso,85/15,0.05747429362061485,0.08042977086433033
Rg norm w/0.427,No regr out,Inliers,ProtBERT,20,Kernel Ridge,85/15,0.11067942921811946,0.07812668524827569
Rg norm w/0.427,No regr out,Inliers,ProtBERT,20,GPR,85/15,-0.2774201944879906,0.09363476357509562
Rg norm w/0.427,No regr out,Inliers,ProtBERT,20,Linear,90/10,0.08651090705840703,0.08071500974821047
Rg norm w/0.427,No regr out,Inliers,ProtBERT,20,Ridge,90/10,0.07990377105470636,0.0810063838932506
Rg norm w/0.427,No regr out,Inliers,ProtBERT,20,Lasso,90/10,0.07841706786733738,0.08107180305025707
Rg norm w/0.427,No regr out,Inliers,ProtBERT,20,Kernel Ridge,90/10,0.22648343309109253,0.07427410551423705
Rg norm w/0.427,No regr out,Inliers,ProtBERT,20,GPR,90/10,-0.5380780771677538,0.10473499382717301
Rg norm w/0.427,No regr out,All,ProtBERT,50,Linear,80/20,-0.22180162090999223,0.5086477656530947
Rg norm w/0.427,No regr out,All,ProtBERT,50,Ridge,80/20,-0.08857722187702888,0.48011625950024966
Rg norm w/0.427,No regr out,All,ProtBERT,50,Lasso,80/20,-0.003095979768635626,0.460880186060483
Rg norm w/0.427,No regr out,All,ProtBERT,50,Kernel Ridge,80/20,-0.07281013532281388,0.476626545529849
Rg norm w/0.427,No regr out,All,ProtBERT,50,GPR,80/20,-0.08927635726562655,0.4802704113523438
Rg norm w/0.427,No regr out,All,ProtBERT,50,Linear,85/15,-10.76653001114687,0.2876014149562215
Rg norm w/0.427,No regr out,All,ProtBERT,50,Ridge,85/15,-3.2450168367701524,0.17274541274681843
Rg norm w/0.427,No regr out,All,ProtBERT,50,Lasso,85/15,-0.3422896845278838,0.09713817532599009
Rg norm w/0.427,No regr out,All,ProtBERT,50,Kernel Ridge,85/15,-0.06592697150676918,0.08656264947646825
Rg norm w/0.427,No regr out,All,ProtBERT,50,GPR,85/15,-5.692707195768257,0.21690408314467466
Rg norm w/0.427,No regr out,All,ProtBERT,50,Linear,90/10,-5.383571767107249,0.19395489797676338
Rg norm w/0.427,No regr out,All,ProtBERT,50,Ridge,90/10,-2.5574250544029047,0.14478939667523716
Rg norm w/0.427,No regr out,All,ProtBERT,50,Lasso,90/10,-0.6014048872481979,0.09714477652150612
Rg norm w/0.427,No regr out,All,ProtBERT,50,Kernel Ridge,90/10,-1.1910802548014212,0.11363131205523506
Rg norm w/0.427,No regr out,All,ProtBERT,50,GPR,90/10,-6.020772583565136,0.2034048628781256
Rg norm w/0.427,No regr out,Inliers,ProtBERT,50,Linear,80/20,0.005195409293102138,0.08691659326684048
Rg norm w/0.427,No regr out,Inliers,ProtBERT,50,Ridge,80/20,0.15198859215347826,0.08024808040937927
Rg norm w/0.427,No regr out,Inliers,ProtBERT,50,Lasso,80/20,0.008274396723035649,0.08678198266421668
Rg norm w/0.427,No regr out,Inliers,ProtBERT,50,Kernel Ridge,80/20,0.1860357816752748,0.07862061960861391
Rg norm w/0.427,No regr out,Inliers,ProtBERT,50,GPR,80/20,-0.14452218530644978,0.0932279024277747
Rg norm w/0.427,No regr out,Inliers,ProtBERT,50,Linear,85/15,0.013140159689170483,0.08229964605536666
Rg norm w/0.427,No regr out,Inliers,ProtBERT,50,Ridge,85/15,0.17795833599660893,0.07511335219450618
Rg norm w/0.427,No regr out,Inliers,ProtBERT,50,Lasso,85/15,0.01653175991754774,0.08215810228011004
Rg norm w/0.427,No regr out,Inliers,ProtBERT,50,Kernel Ridge,85/15,0.2345495885765475,0.07248176493250229
Rg norm w/0.427,No regr out,Inliers,ProtBERT,50,GPR,85/15,-0.09669623835361052,0.08675877401649686
Rg norm w/0.427,No regr out,Inliers,ProtBERT,50,Linear,90/10,0.29519799076693964,0.07089835964825232
Rg norm w/0.427,No regr out,Inliers,ProtBERT,50,Ridge,90/10,0.2794818667454313,0.07168446989852785
Rg norm w/0.427,No regr out,Inliers,ProtBERT,50,Lasso,90/10,0.05676623935302694,0.08201858808953418
Rg norm w/0.427,No regr out,Inliers,ProtBERT,50,Kernel Ridge,90/10,0.18651437813404492,0.07616887848864978
Rg norm w/0.427,No regr out,Inliers,ProtBERT,50,GPR,90/10,-0.08212989752036859,0.08785011178788459
Rg norm w/0.427,No regr out,All,ProtBERT,100,Linear,80/20,-4.068251115361569,1.035966841260867
Rg norm w/0.427,No regr out,All,ProtBERT,100,Ridge,80/20,-0.08179552341183349,0.4786183911747499
Rg norm w/0.427,No regr out,All,ProtBERT,100,Lasso,80/20,-0.003095979768635626,0.460880186060483
Rg norm w/0.427,No regr out,All,ProtBERT,100,Kernel Ridge,80/20,-0.05070884843774959,0.4716914318208918
Rg norm w/0.427,No regr out,All,ProtBERT,100,GPR,80/20,-0.06283148260184435,0.4744047161732885
Rg norm w/0.427,No regr out,All,ProtBERT,100,Linear,85/15,-150.66194414432798,1.0325358142353664
Rg norm w/0.427,No regr out,All,ProtBERT,100,Ridge,85/15,-3.560184876041844,0.1790432860022537
Rg norm w/0.427,No regr out,All,ProtBERT,100,Lasso,85/15,-0.3422896845278838,0.09713817532599009
Rg norm w/0.427,No regr out,All,ProtBERT,100,Kernel Ridge,85/15,-1.2032651837962018,0.12445151872813157
Rg norm w/0.427,No regr out,All,ProtBERT,100,GPR,85/15,-5.951425556276487,0.2210567359393789
Rg norm w/0.427,No regr out,All,ProtBERT,100,Linear,90/10,-22.598698939511717,0.3729176241193736
Rg norm w/0.427,No regr out,All,ProtBERT,100,Ridge,90/10,-2.8667587095314415,0.15095323164701924
Rg norm w/0.427,No regr out,All,ProtBERT,100,Lasso,90/10,-0.6014048872481979,0.09714477652150612
Rg norm w/0.427,No regr out,All,ProtBERT,100,Kernel Ridge,90/10,-1.2107286277259277,0.11413966572583127
Rg norm w/0.427,No regr out,All,ProtBERT,100,GPR,90/10,-6.254740855820242,0.20676633538874828
Rg norm w/0.427,No regr out,Inliers,ProtBERT,100,Linear,80/20,-8.060893482462248,0.2623127000386721
Rg norm w/0.427,No regr out,Inliers,ProtBERT,100,Ridge,80/20,0.10691783476988515,0.08235301688843848
Rg norm w/0.427,No regr out,Inliers,ProtBERT,100,Lasso,80/20,0.008274692646294435,0.08678196971667909
Rg norm w/0.427,No regr out,Inliers,ProtBERT,100,Kernel Ridge,80/20,0.1091223742597267,0.08225131143454867
Rg norm w/0.427,No regr out,Inliers,ProtBERT,100,GPR,80/20,-0.14096317732276398,0.09308283875155747
Rg norm w/0.427,No regr out,Inliers,ProtBERT,100,Linear,85/15,-12.668045571655197,0.30628338523355864
Rg norm w/0.427,No regr out,Inliers,ProtBERT,100,Ridge,85/15,0.12845686955059332,0.07734187055677216
Rg norm w/0.427,No regr out,Inliers,ProtBERT,100,Lasso,85/15,0.1830213070895198,0.07488168260794509
Rg norm w/0.427,No regr out,Inliers,ProtBERT,100,Kernel Ridge,85/15,0.16338549647965073,0.07577621770155521
Rg norm w/0.427,No regr out,Inliers,ProtBERT,100,GPR,85/15,-0.10317513302304482,0.08701466676440542
Rg norm w/0.427,No regr out,Inliers,ProtBERT,100,Linear,90/10,-14.410021562957702,0.33151580915106377
Rg norm w/0.427,No regr out,Inliers,ProtBERT,100,Ridge,90/10,0.19878567319551577,0.07559219802215093
Rg norm w/0.427,No regr out,Inliers,ProtBERT,100,Lasso,90/10,0.29940154569948463,0.0706866187314175
Rg norm w/0.427,No regr out,Inliers,ProtBERT,100,Kernel Ridge,90/10,0.26522192695816416,0.07239035632053258
Rg norm w/0.427,No regr out,Inliers,ProtBERT,100,GPR,90/10,-0.2110325393101189,0.09293526178578486
Rg norm w/0.427,No regr out,All,ProtBERT,190,Linear,80/20,-0.38204432816157974,0.5409757268695219
Rg norm w/0.427,No regr out,All,ProtBERT,190,Ridge,80/20,-0.08048622122379645,0.4783286664443043
Rg norm w/0.427,No regr out,All,ProtBERT,190,Lasso,80/20,-0.003095979768635626,0.460880186060483
Rg norm w/0.427,No regr out,All,ProtBERT,190,Kernel Ridge,80/20,-0.04663420816438202,0.47077593564031506
Rg norm w/0.427,No regr out,All,ProtBERT,190,GPR,80/20,-0.04859121374483122,0.47121586052491843
Rg norm w/0.427,No regr out,All,ProtBERT,190,Linear,85/15,-40.203605209914315,0.5381885125226952
Rg norm w/0.427,No regr out,All,ProtBERT,190,Ridge,85/15,-3.462703368747899,0.17711927478151723
Rg norm w/0.427,No regr out,All,ProtBERT,190,Lasso,85/15,-0.3422896845278838,0.09713817532599009
Rg norm w/0.427,No regr out,All,ProtBERT,190,Kernel Ridge,85/15,-2.789648012955908,0.1632173235508987
Rg norm w/0.427,No regr out,All,ProtBERT,190,GPR,85/15,-4.800352736892647,0.20192682538527687
Rg norm w/0.427,No regr out,All,ProtBERT,190,Linear,90/10,-34.484980170899725,0.45728942912816356
Rg norm w/0.427,No regr out,All,ProtBERT,190,Ridge,90/10,-2.80758653192119,0.1497937763896321
Rg norm w/0.427,No regr out,All,ProtBERT,190,Lasso,90/10,-0.6014048872481979,0.09714477652150612
Rg norm w/0.427,No regr out,All,ProtBERT,190,Kernel Ridge,90/10,-1.1889991802037225,0.11357733607378313
Rg norm w/0.427,No regr out,All,ProtBERT,190,GPR,90/10,-5.239364922053669,0.19175163346214902
Rg norm w/0.427,No regr out,Inliers,ProtBERT,190,Linear,80/20,-0.7074388161182013,0.11386922907744451
Rg norm w/0.427,No regr out,Inliers,ProtBERT,190,Ridge,80/20,0.12904159940224091,0.08132658037635362
Rg norm w/0.427,No regr out,Inliers,ProtBERT,190,Lasso,80/20,0.008274693304329728,0.08678196968788805
Rg norm w/0.427,No regr out,Inliers,ProtBERT,190,Kernel Ridge,80/20,0.14704728756600427,0.08048154085720582
Rg norm w/0.427,No regr out,Inliers,ProtBERT,190,GPR,80/20,-0.04804297712374028,0.08921201553213841
Rg norm w/0.427,No regr out,Inliers,ProtBERT,190,Linear,85/15,-1.1248266455364941,0.12076246837271426
Rg norm w/0.427,No regr out,Inliers,ProtBERT,190,Ridge,85/15,0.1568367179959782,0.07607221683550158
Rg norm w/0.427,No regr out,Inliers,ProtBERT,190,Lasso,85/15,0.18093478786837847,0.07497724350823103
Rg norm w/0.427,No regr out,Inliers,ProtBERT,190,Kernel Ridge,85/15,0.21173569149635296,0.07355397720758551
Rg norm w/0.427,No regr out,Inliers,ProtBERT,190,GPR,85/15,0.022454564600518312,0.08191033564270724
Rg norm w/0.427,No regr out,Inliers,ProtBERT,190,Linear,90/10,-1.0359315025223523,0.12049921054416805
Rg norm w/0.427,No regr out,Inliers,ProtBERT,190,Ridge,90/10,0.2389864825890078,0.0736713801424419
Rg norm w/0.427,No regr out,Inliers,ProtBERT,190,Lasso,90/10,0.2992906916029314,0.07069221080150422
Rg norm w/0.427,No regr out,Inliers,ProtBERT,190,Kernel Ridge,90/10,0.33086873101172465,0.06908094709058936
Rg norm w/0.427,No regr out,Inliers,ProtBERT,190,GPR,90/10,0.08717278001661766,0.0806857632234393
Rg norm w/0.5,No regr out,All,ProtBERT,10,Linear,80/20,-0.059285439608377066,0.4939210078368968
Rg norm w/0.5,No regr out,All,ProtBERT,10,Ridge,80/20,-0.054181668030019114,0.492729684091527
Rg norm w/0.5,No regr out,All,ProtBERT,10,Lasso,80/20,-0.0028378026455446737,0.4805807216765852
Rg norm w/0.5,No regr out,All,ProtBERT,10,Kernel Ridge,80/20,-0.0069591035281018065,0.481567215709847
Rg norm w/0.5,No regr out,All,ProtBERT,10,GPR,80/20,-0.16330597197739638,0.5176044193786449
Rg norm w/0.5,No regr out,All,ProtBERT,10,Linear,85/15,-2.617091724410257,0.16785135130955092
Rg norm w/0.5,No regr out,All,ProtBERT,10,Ridge,85/15,-2.2719128459577145,0.15964155314403133
Rg norm w/0.5,No regr out,All,ProtBERT,10,Lasso,85/15,-0.34952134552893055,0.10252622335807769
Rg norm w/0.5,No regr out,All,ProtBERT,10,Kernel Ridge,85/15,-0.04576182712078669,0.09025296398659494
Rg norm w/0.5,No regr out,All,ProtBERT,10,GPR,85/15,-5.004093924644207,0.2162563256197357
Rg norm w/0.5,No regr out,All,ProtBERT,10,Linear,90/10,-2.431442309464677,0.14993686945207632
Rg norm w/0.5,No regr out,All,ProtBERT,10,Ridge,90/10,-2.2203153308925776,0.14525105243729255
Rg norm w/0.5,No regr out,All,ProtBERT,10,Lasso,90/10,-0.6044292455680977,0.10252514044581698
Rg norm w/0.5,No regr out,All,ProtBERT,10,Kernel Ridge,90/10,-0.08409408143460229,0.0842759340753567
Rg norm w/0.5,No regr out,All,ProtBERT,10,GPR,90/10,-5.3521388529705405,0.20399995868334042
Rg norm w/0.5,No regr out,Inliers,ProtBERT,10,Linear,80/20,-0.06894499827314648,0.06569967418041957
Rg norm w/0.5,No regr out,Inliers,ProtBERT,10,Ridge,80/20,-0.051071775567221867,0.06514809531760214
Rg norm w/0.5,No regr out,Inliers,ProtBERT,10,Lasso,80/20,-0.0306527775081471,0.06451218106777983
Rg norm w/0.5,No regr out,Inliers,ProtBERT,10,Kernel Ridge,80/20,0.023830518180823268,0.06278387968325572
Rg norm w/0.5,No regr out,Inliers,ProtBERT,10,GPR,80/20,-1.1921194504815826,0.0940844052361341
Rg norm w/0.5,No regr out,Inliers,ProtBERT,10,Linear,85/15,-0.1440464656182885,0.06475564231919208
Rg norm w/0.5,No regr out,Inliers,ProtBERT,10,Ridge,85/15,-0.10124331331928937,0.06353271661854373
Rg norm w/0.5,No regr out,Inliers,ProtBERT,10,Lasso,85/15,-0.07098995961161059,0.06265395392623957
Rg norm w/0.5,No regr out,Inliers,ProtBERT,10,Kernel Ridge,85/15,0.0144179212080644,0.06010383487103965
Rg norm w/0.5,No regr out,Inliers,ProtBERT,10,GPR,85/15,-1.450018872624041,0.09476337038039984
Rg norm w/0.5,No regr out,Inliers,ProtBERT,10,Linear,90/10,0.10108005158839406,0.05489115131851912
Rg norm w/0.5,No regr out,Inliers,ProtBERT,10,Ridge,90/10,0.1073422390875386,0.054699621790670554
Rg norm w/0.5,No regr out,Inliers,ProtBERT,10,Lasso,90/10,0.12573890450781322,0.05413303880923192
Rg norm w/0.5,No regr out,Inliers,ProtBERT,10,Kernel Ridge,90/10,0.18882678043964496,0.05214331441760048
Rg norm w/0.5,No regr out,Inliers,ProtBERT,10,GPR,90/10,-1.0852826290364899,0.08360346812233653
Rg norm w/0.5,No regr out,All,ProtBERT,20,Linear,80/20,-0.11339297989298802,0.5063784747165064
Rg norm w/0.5,No regr out,All,ProtBERT,20,Ridge,80/20,-0.06562615821549111,0.4953970695969294
Rg norm w/0.5,No regr out,All,ProtBERT,20,Lasso,80/20,-0.0028378026455446737,0.4805807216765852
Rg norm w/0.5,No regr out,All,ProtBERT,20,Kernel Ridge,80/20,-0.052530065111165314,0.4923435491373049
Rg norm w/0.5,No regr out,All,ProtBERT,20,GPR,80/20,-0.1669357087659702,0.5184113027788428
Rg norm w/0.5,No regr out,All,ProtBERT,20,Linear,85/15,-3.215652573621268,0.18120805001346238
Rg norm w/0.5,No regr out,All,ProtBERT,20,Ridge,85/15,-2.303743607892591,0.16041620904235096
Rg norm w/0.5,No regr out,All,ProtBERT,20,Lasso,85/15,-0.34952134552893055,0.10252622335807769
Rg norm w/0.5,No regr out,All,ProtBERT,20,Kernel Ridge,85/15,-3.467141286323523,0.18653482549518519
Rg norm w/0.5,No regr out,All,ProtBERT,20,GPR,85/15,-5.558427522682904,0.2260189966691979
Rg norm w/0.5,No regr out,All,ProtBERT,20,Linear,90/10,-2.5818629916475513,0.15318793891358098
Rg norm w/0.5,No regr out,All,ProtBERT,20,Ridge,90/10,-1.9809072379784607,0.13974758734754925
Rg norm w/0.5,No regr out,All,ProtBERT,20,Lasso,90/10,-0.6044292455680977,0.10252514044581698
Rg norm w/0.5,No regr out,All,ProtBERT,20,Kernel Ridge,90/10,-0.9920848330025378,0.11424152780538681
Rg norm w/0.5,No regr out,All,ProtBERT,20,GPR,90/10,-5.888516195043812,0.2124383550420375
Rg norm w/0.5,No regr out,Inliers,ProtBERT,20,Linear,80/20,0.07307454168984107,0.0611797842662179
Rg norm w/0.5,No regr out,Inliers,ProtBERT,20,Ridge,80/20,0.08837644079444484,0.0606726977923574
Rg norm w/0.5,No regr out,Inliers,ProtBERT,20,Lasso,80/20,0.12035387062342795,0.05959907701670828
Rg norm w/0.5,No regr out,Inliers,ProtBERT,20,Kernel Ridge,80/20,0.14618539643419048,0.05871746875821269
Rg norm w/0.5,No regr out,Inliers,ProtBERT,20,GPR,80/20,-0.029505491681652396,0.0644762647429646
Rg norm w/0.5,No regr out,Inliers,ProtBERT,20,Linear,85/15,0.044835336215269916,0.059169092363816914
Rg norm w/0.5,No regr out,Inliers,ProtBERT,20,Ridge,85/15,0.06873684438463157,0.058424095043521515
Rg norm w/0.5,No regr out,Inliers,ProtBERT,20,Lasso,85/15,0.10636504559260773,0.05723159606168401
Rg norm w/0.5,No regr out,Inliers,ProtBERT,20,Kernel Ridge,85/15,0.14719182544112963,0.05590896608332918
Rg norm w/0.5,No regr out,Inliers,ProtBERT,20,GPR,85/15,-0.05634232908123904,0.062224028559392124
Rg norm w/0.5,No regr out,Inliers,ProtBERT,20,Linear,90/10,0.12322690392131008,0.05421075282803143
Rg norm w/0.5,No regr out,Inliers,ProtBERT,20,Ridge,90/10,0.1511540540450812,0.05334040026924483
Rg norm w/0.5,No regr out,Inliers,ProtBERT,20,Lasso,90/10,0.15193550595268257,0.0533158418935198
Rg norm w/0.5,No regr out,Inliers,ProtBERT,20,Kernel Ridge,90/10,0.29519924306271217,0.04860433570549849
Rg norm w/0.5,No regr out,Inliers,ProtBERT,20,GPR,90/10,-0.46494693729167746,0.07007333348803672
Rg norm w/0.5,No regr out,All,ProtBERT,50,Linear,80/20,-0.22735678276314752,0.5316629668386904
Rg norm w/0.5,No regr out,All,ProtBERT,50,Ridge,80/20,-0.09079195114178695,0.50121257584361
Rg norm w/0.5,No regr out,All,ProtBERT,50,Lasso,80/20,-0.0028378026455446737,0.4805807216765852
Rg norm w/0.5,No regr out,All,ProtBERT,50,Kernel Ridge,80/20,-0.07503420009246087,0.49757910808273476
Rg norm w/0.5,No regr out,All,ProtBERT,50,GPR,80/20,-0.09179678167738992,0.5014433796040653
Rg norm w/0.5,No regr out,All,ProtBERT,50,Linear,85/15,-10.728285681919393,0.302247243659359
Rg norm w/0.5,No regr out,All,ProtBERT,50,Ridge,85/15,-3.232698294972206,0.18157403200633057
Rg norm w/0.5,No regr out,All,ProtBERT,50,Lasso,85/15,-0.34952134552893055,0.10252622335807769
Rg norm w/0.5,No regr out,All,ProtBERT,50,Kernel Ridge,85/15,-0.0672888818787094,0.09117716272961839
Rg norm w/0.5,No regr out,All,ProtBERT,50,GPR,85/15,-5.628471639424257,0.22722273457116263
Rg norm w/0.5,No regr out,All,ProtBERT,50,Linear,90/10,-5.301313263349434,0.20318218359121498
Rg norm w/0.5,No regr out,All,ProtBERT,50,Ridge,90/10,-2.5279899949825224,0.15203156301769583
Rg norm w/0.5,No regr out,All,ProtBERT,50,Lasso,90/10,-0.6044292455680977,0.10252514044581698
Rg norm w/0.5,No regr out,All,ProtBERT,50,Kernel Ridge,90/10,-1.1865525672047208,0.11968784552258264
Rg norm w/0.5,No regr out,All,ProtBERT,50,GPR,90/10,-5.968357750018935,0.21366594477057807
Rg norm w/0.5,No regr out,Inliers,ProtBERT,50,Linear,80/20,0.13559131259169077,0.05908062725253579
Rg norm w/0.5,No regr out,Inliers,ProtBERT,50,Ridge,80/20,0.20407766370465164,0.05669188302826559
Rg norm w/0.5,No regr out,Inliers,ProtBERT,50,Lasso,80/20,0.23234859986816725,0.05567594014031443
Rg norm w/0.5,No regr out,Inliers,ProtBERT,50,Kernel Ridge,80/20,0.25003132809405526,0.05503096102870458
Rg norm w/0.5,No regr out,Inliers,ProtBERT,50,GPR,80/20,0.058418932647798294,0.06166154393508302
Rg norm w/0.5,No regr out,Inliers,ProtBERT,50,Linear,85/15,0.11868058937752768,0.05683586203310077
Rg norm w/0.5,No regr out,Inliers,ProtBERT,50,Ridge,85/15,0.224207940338496,0.05332470343350439
Rg norm w/0.5,No regr out,Inliers,ProtBERT,50,Lasso,85/15,0.2140225142873201,0.053673613757421135
Rg norm w/0.5,No regr out,Inliers,ProtBERT,50,Kernel Ridge,85/15,0.28407121050621853,0.05122602972331532
Rg norm w/0.5,No regr out,Inliers,ProtBERT,50,GPR,85/15,0.08387311250186502,0.05794735246291351
Rg norm w/0.5,No regr out,Inliers,ProtBERT,50,Linear,90/10,0.31756001231955344,0.04782710175777409
Rg norm w/0.5,No regr out,Inliers,ProtBERT,50,Ridge,90/10,0.31741601695882393,0.04783214726920998
Rg norm w/0.5,No regr out,Inliers,ProtBERT,50,Lasso,90/10,0.33859765828587496,0.047084145709564415
Rg norm w/0.5,No regr out,Inliers,ProtBERT,50,Kernel Ridge,90/10,0.4144947734882998,0.04430035628036003
Rg norm w/0.5,No regr out,Inliers,ProtBERT,50,GPR,90/10,-0.0027078808935505627,0.05797343652929308
Rg norm w/0.5,No regr out,All,ProtBERT,100,Linear,80/20,-4.115759846406233,1.0854406234451508
Rg norm w/0.5,No regr out,All,ProtBERT,100,Ridge,80/20,-0.08384686445383238,0.4996144143740397
Rg norm w/0.5,No regr out,All,ProtBERT,100,Lasso,80/20,-0.0028378026455446737,0.4805807216765852
Rg norm w/0.5,No regr out,All,ProtBERT,100,Kernel Ridge,80/20,-0.05273702593419527,0.49239195194356394
Rg norm w/0.5,No regr out,All,ProtBERT,100,GPR,80/20,-0.06511764912773099,0.4952788555450109
Rg norm w/0.5,No regr out,All,ProtBERT,100,Linear,85/15,-149.45534458333023,1.0825523092649016
Rg norm w/0.5,No regr out,All,ProtBERT,100,Ridge,85/15,-3.542864543644148,0.18810917324956528
Rg norm w/0.5,No regr out,All,ProtBERT,100,Lasso,85/15,-0.34952134552893055,0.10252622335807769
Rg norm w/0.5,No regr out,All,ProtBERT,100,Kernel Ridge,85/15,-1.20718263193256,0.13111857358461435
Rg norm w/0.5,No regr out,All,ProtBERT,100,GPR,85/15,-5.874224507710566,0.23139658052049858
Rg norm w/0.5,No regr out,All,ProtBERT,100,Linear,90/10,-22.14332813169908,0.3893883864459298
Rg norm w/0.5,No regr out,All,ProtBERT,100,Ridge,90/10,-2.836424878154862,0.15853802270072512
Rg norm w/0.5,No regr out,All,ProtBERT,100,Lasso,90/10,-0.6044292455680977,0.10252514044581698
Rg norm w/0.5,No regr out,All,ProtBERT,100,Kernel Ridge,90/10,-1.2082089900417472,0.1202791014019814
Rg norm w/0.5,No regr out,All,ProtBERT,100,GPR,90/10,-6.187314150662628,0.216996836228352
Rg norm w/0.5,No regr out,Inliers,ProtBERT,100,Linear,80/20,-7.148585780016573,0.1813955617687011
Rg norm w/0.5,No regr out,Inliers,ProtBERT,100,Ridge,80/20,0.16311787935909305,0.0581323233865533
Rg norm w/0.5,No regr out,Inliers,ProtBERT,100,Lasso,80/20,0.23827011188858904,0.05546078779672643
Rg norm w/0.5,No regr out,Inliers,ProtBERT,100,Kernel Ridge,80/20,0.17861145881662233,0.0575916943935196
Rg norm w/0.5,No regr out,Inliers,ProtBERT,100,GPR,80/20,0.02363582375130402,0.06279014041073777
Rg norm w/0.5,No regr out,Inliers,ProtBERT,100,Linear,85/15,-11.204780384167032,0.21150506311162035
Rg norm w/0.5,No regr out,Inliers,ProtBERT,100,Ridge,85/15,0.18136084384731943,0.05477747892076184
Rg norm w/0.5,No regr out,Inliers,ProtBERT,100,Lasso,85/15,0.23153144867714603,0.053072412937783975
Rg norm w/0.5,No regr out,Inliers,ProtBERT,100,Kernel Ridge,85/15,0.21988600427226157,0.05347303304436045
Rg norm w/0.5,No regr out,Inliers,ProtBERT,100,GPR,85/15,0.032327580686272284,0.05955523808109293
Rg norm w/0.5,No regr out,Inliers,ProtBERT,100,Linear,90/10,-14.8627697533717,0.23058515344568872
Rg norm w/0.5,No regr out,Inliers,ProtBERT,100,Ridge,90/10,0.24926686106889762,0.05016312968910249
Rg norm w/0.5,No regr out,Inliers,ProtBERT,100,Lasso,90/10,0.35535605737144416,0.04648381713398344
Rg norm w/0.5,No regr out,Inliers,ProtBERT,100,Kernel Ridge,90/10,0.3117565437719916,0.04803003203927773
Rg norm w/0.5,No regr out,Inliers,ProtBERT,100,GPR,90/10,-0.15836499705530027,0.062310974560490694
Rg norm w/0.5,No regr out,All,ProtBERT,190,Linear,80/20,-0.38898166632156905,0.5655867850725192
Rg norm w/0.5,No regr out,All,ProtBERT,190,Ridge,80/20,-0.08252810597687743,0.4993103717522487
Rg norm w/0.5,No regr out,All,ProtBERT,190,Lasso,80/20,-0.0028378026455446737,0.4805807216765852
Rg norm w/0.5,No regr out,All,ProtBERT,190,Kernel Ridge,80/20,-0.048596172891279155,0.4914226065143821
Rg norm w/0.5,No regr out,All,ProtBERT,190,GPR,80/20,-0.05074322869296344,0.4919254560567948
Rg norm w/0.5,No regr out,All,ProtBERT,190,Linear,85/15,-39.65498182002147,0.5627324591284744
Rg norm w/0.5,No regr out,All,ProtBERT,190,Ridge,85/15,-3.4462844132217887,0.18609885484345354
Rg norm w/0.5,No regr out,All,ProtBERT,190,Lasso,85/15,-0.34952134552893055,0.10252622335807769
Rg norm w/0.5,No regr out,All,ProtBERT,190,Kernel Ridge,85/15,-2.7725858457362382,0.1714212455769214
Rg norm w/0.5,No regr out,All,ProtBERT,190,GPR,85/15,-4.750125978619641,0.21163318150346003
Rg norm w/0.5,No regr out,All,ProtBERT,190,Linear,90/10,-33.87675866861918,0.47801128113718067
Rg norm w/0.5,No regr out,All,ProtBERT,190,Ridge,90/10,-2.7780439772451433,0.15732711994733523
Rg norm w/0.5,No regr out,All,ProtBERT,190,Lasso,90/10,-0.6044292455680977,0.10252514044581698
Rg norm w/0.5,No regr out,All,ProtBERT,190,Kernel Ridge,90/10,-1.1867557081894544,0.1196934051744477
Rg norm w/0.5,No regr out,All,ProtBERT,190,GPR,90/10,-5.1954510182725,0.20146822116508106
Rg norm w/0.5,No regr out,Inliers,ProtBERT,190,Linear,80/20,-0.5215675280120542,0.07838467314525882
Rg norm w/0.5,No regr out,Inliers,ProtBERT,190,Ridge,80/20,0.18256917012560725,0.05745277930425108
Rg norm w/0.5,No regr out,Inliers,ProtBERT,190,Lasso,80/20,0.23822472513437276,0.05546244005410068
Rg norm w/0.5,No regr out,Inliers,ProtBERT,190,Kernel Ridge,80/20,0.21192680757301674,0.05641165137758436
Rg norm w/0.5,No regr out,Inliers,ProtBERT,190,GPR,80/20,0.08309529326108911,0.06084818620757752
Rg norm w/0.5,No regr out,Inliers,ProtBERT,190,Linear,85/15,-0.9174581229383216,0.08383371803008019
Rg norm w/0.5,No regr out,Inliers,ProtBERT,190,Ridge,85/15,0.2061121763904491,0.05394303209404308
Rg norm w/0.5,No regr out,Inliers,ProtBERT,190,Lasso,85/15,0.23153873484632714,0.0530721613364039
Rg norm w/0.5,No regr out,Inliers,ProtBERT,190,Kernel Ridge,85/15,0.2622219005481454,0.052001834326036
Rg norm w/0.5,No regr out,Inliers,ProtBERT,190,GPR,85/15,0.10279708631748341,0.05734573471796369
Rg norm w/0.5,No regr out,Inliers,ProtBERT,190,Linear,90/10,-0.9957553139364326,0.08178910918939676
Rg norm w/0.5,No regr out,Inliers,ProtBERT,190,Ridge,90/10,0.28931524115519025,0.048806799728043096
Rg norm w/0.5,No regr out,Inliers,ProtBERT,190,Lasso,90/10,0.35536289005905186,0.04648357078850348
Rg norm w/0.5,No regr out,Inliers,ProtBERT,190,Kernel Ridge,90/10,0.3766995495237133,0.04570782451193676
Rg norm w/0.5,No regr out,Inliers,ProtBERT,190,GPR,90/10,0.11887100466640554,0.054345248296397
Rg norm w/0.418,No regr out,All,ProtBERT,10,Linear,80/20,-0.04154155257135761,0.3343884489141217
Rg norm w/0.418,No regr out,All,ProtBERT,10,Ridge,80/20,-0.03782219808921905,0.33379086282438386
Rg norm w/0.418,No regr out,All,ProtBERT,10,Lasso,80/20,-0.0056229315842606375,0.32857199933393416
Rg norm w/0.418,No regr out,All,ProtBERT,10,Kernel Ridge,80/20,-0.010851022128257393,0.3294249916627865
Rg norm w/0.418,No regr out,All,ProtBERT,10,GPR,80/20,-0.13446071350420374,0.34898575225006984
Rg norm w/0.418,No regr out,All,ProtBERT,10,Linear,85/15,-2.319561735636976,0.10731165487574586
Rg norm w/0.418,No regr out,All,ProtBERT,10,Ridge,85/15,-1.9343856256949175,0.10089394665893298
Rg norm w/0.418,No regr out,All,ProtBERT,10,Lasso,85/15,-0.24233418442705856,0.06564864024078115
Rg norm w/0.418,No regr out,All,ProtBERT,10,Kernel Ridge,85/15,-0.017457193866019072,0.05941068923326997
Rg norm w/0.418,No regr out,All,ProtBERT,10,GPR,85/15,-4.759324371222424,0.14134885242280112
Rg norm w/0.418,No regr out,All,ProtBERT,10,Linear,90/10,-1.9523450772286872,0.09421674858117787
Rg norm w/0.418,No regr out,All,ProtBERT,10,Ridge,90/10,-1.7379477921129456,0.0907313003608793
Rg norm w/0.418,No regr out,All,ProtBERT,10,Lasso,90/10,-0.46077463999197343,0.06627292886487147
Rg norm w/0.418,No regr out,All,ProtBERT,10,Kernel Ridge,90/10,-0.05360246956851644,0.05628373944223445
Rg norm w/0.418,No regr out,All,ProtBERT,10,GPR,90/10,-4.5681432587539685,0.1293897143564458
Rg norm w/0.418,No regr out,Inliers,ProtBERT,10,Linear,80/20,-0.1298059343632174,0.09670583987180303
Rg norm w/0.418,No regr out,Inliers,ProtBERT,10,Ridge,80/20,-0.1123766810571265,0.09595701139946448
Rg norm w/0.418,No regr out,Inliers,ProtBERT,10,Lasso,80/20,-0.09995751367065164,0.09541985023980609
Rg norm w/0.418,No regr out,Inliers,ProtBERT,10,Kernel Ridge,80/20,0.008240687993029017,0.09060536593586256
Rg norm w/0.418,No regr out,Inliers,ProtBERT,10,GPR,80/20,-1.7405837988965471,0.15061641918244822
Rg norm w/0.418,No regr out,Inliers,ProtBERT,10,Linear,85/15,-0.20418962941542418,0.09502168422801283
Rg norm w/0.418,No regr out,Inliers,ProtBERT,10,Ridge,85/15,-0.1664498388840201,0.09352082218537373
Rg norm w/0.418,No regr out,Inliers,ProtBERT,10,Lasso,85/15,-0.15467857753860104,0.09304774162924975
Rg norm w/0.418,No regr out,Inliers,ProtBERT,10,Kernel Ridge,85/15,0.012757291252286529,0.0860373944950644
Rg norm w/0.418,No regr out,Inliers,ProtBERT,10,GPR,85/15,-2.0394282229682053,0.15096324705093697
Rg norm w/0.418,No regr out,Inliers,ProtBERT,10,Linear,90/10,-0.043024664002161206,0.09094244896534835
Rg norm w/0.418,No regr out,Inliers,ProtBERT,10,Ridge,90/10,-0.03354893664519243,0.09052840698168708
Rg norm w/0.418,No regr out,Inliers,ProtBERT,10,Lasso,90/10,0.031661624455965764,0.08762598798166871
Rg norm w/0.418,No regr out,Inliers,ProtBERT,10,Kernel Ridge,90/10,0.13603219113355924,0.0827690816371072
Rg norm w/0.418,No regr out,Inliers,ProtBERT,10,GPR,90/10,-1.4349169061205287,0.13895092060656233
Rg norm w/0.418,No regr out,All,ProtBERT,20,Linear,80/20,-0.0798022492639805,0.3404748837173205
Rg norm w/0.418,No regr out,All,ProtBERT,20,Ridge,80/20,-0.04393847847786292,0.3347729960948639
Rg norm w/0.418,No regr out,All,ProtBERT,20,Lasso,80/20,-0.0056229315842606375,0.32857199933393416
Rg norm w/0.418,No regr out,All,ProtBERT,20,Kernel Ridge,80/20,-0.006880718012909126,0.3287774164160137
Rg norm w/0.418,No regr out,All,ProtBERT,20,GPR,80/20,-0.13431014770320826,0.34896259276016
Rg norm w/0.418,No regr out,All,ProtBERT,20,Linear,85/15,-2.8542742693316425,0.11563194350751523
Rg norm w/0.418,No regr out,All,ProtBERT,20,Ridge,85/15,-1.9751821181516585,0.1015928853374388
Rg norm w/0.418,No regr out,All,ProtBERT,20,Lasso,85/15,-0.24233418442705856,0.06564864024078115
Rg norm w/0.418,No regr out,All,ProtBERT,20,Kernel Ridge,85/15,-0.005172783757472876,0.059050948505525856
Rg norm w/0.418,No regr out,All,ProtBERT,20,GPR,85/15,-5.363396336198108,0.14857680126732947
Rg norm w/0.418,No regr out,All,ProtBERT,20,Linear,90/10,-2.4646151120063053,0.10206387468895359
Rg norm w/0.418,No regr out,All,ProtBERT,20,Ridge,90/10,-1.7514470802691067,0.09095469796757841
Rg norm w/0.418,No regr out,All,ProtBERT,20,Lasso,90/10,-0.46077463999197343,0.06627292886487147
Rg norm w/0.418,No regr out,All,ProtBERT,20,Kernel Ridge,90/10,-0.06663480096299845,0.05663076502311321
Rg norm w/0.418,No regr out,All,ProtBERT,20,GPR,90/10,-5.119691904756822,0.1356467313125399
Rg norm w/0.418,No regr out,Inliers,ProtBERT,20,Linear,80/20,0.056232184557821974,0.088385974927243
Rg norm w/0.418,No regr out,Inliers,ProtBERT,20,Ridge,80/20,0.05436311800475224,0.08847345277733966
Rg norm w/0.418,No regr out,Inliers,ProtBERT,20,Lasso,80/20,0.07480621251558328,0.08751190325635097
Rg norm w/0.418,No regr out,Inliers,ProtBERT,20,Kernel Ridge,80/20,0.11693893850777859,0.08549606819081298
Rg norm w/0.418,No regr out,Inliers,ProtBERT,20,GPR,80/20,-0.29411823227820566,0.10349938118509515
Rg norm w/0.418,No regr out,Inliers,ProtBERT,20,Linear,85/15,0.02501754317832372,0.08550149002737081
Rg norm w/0.418,No regr out,Inliers,ProtBERT,20,Ridge,85/15,0.02569749254242526,0.08547167060704018
Rg norm w/0.418,No regr out,Inliers,ProtBERT,20,Lasso,85/15,0.05934805573303892,0.0839826861547356
Rg norm w/0.418,No regr out,Inliers,ProtBERT,20,Kernel Ridge,85/15,0.11343513256188897,0.08153245907145487
Rg norm w/0.418,No regr out,Inliers,ProtBERT,20,GPR,85/15,-0.2951998110634395,0.09854705918781007
Rg norm w/0.418,No regr out,Inliers,ProtBERT,20,Linear,90/10,0.09010493997038316,0.08494053841689253
Rg norm w/0.418,No regr out,Inliers,ProtBERT,20,Ridge,90/10,0.07994439750107907,0.0854134753565792
Rg norm w/0.418,No regr out,Inliers,ProtBERT,20,Lasso,90/10,0.0835615091408961,0.08524541251046676
Rg norm w/0.418,No regr out,Inliers,ProtBERT,20,Kernel Ridge,90/10,0.2253812711549077,0.07837243720732483
Rg norm w/0.418,No regr out,Inliers,ProtBERT,20,GPR,90/10,-0.5297973400404254,0.11013777704224792
Rg norm w/0.418,No regr out,All,ProtBERT,50,Linear,80/20,-0.17647703701208894,0.35538958293671247
Rg norm w/0.418,No regr out,All,ProtBERT,50,Ridge,80/20,-0.06854945517633704,0.3386961655559088
Rg norm w/0.418,No regr out,All,ProtBERT,50,Lasso,80/20,-0.0056229315842606375,0.32857199933393416
Rg norm w/0.418,No regr out,All,ProtBERT,50,Kernel Ridge,80/20,-0.006504915782485465,0.3287160552164668
Rg norm w/0.418,No regr out,All,ProtBERT,50,GPR,80/20,-0.06737648111897343,0.338510216791402
Rg norm w/0.418,No regr out,All,ProtBERT,50,Linear,85/15,-9.646457631849017,0.1921803953207239
Rg norm w/0.418,No regr out,All,ProtBERT,50,Ridge,85/15,-2.8215372446008398,0.11513982515367274
Rg norm w/0.418,No regr out,All,ProtBERT,50,Lasso,85/15,-0.24233418442705856,0.06564864024078115
Rg norm w/0.418,No regr out,All,ProtBERT,50,Kernel Ridge,85/15,-0.026746240321149584,0.0596812729877386
Rg norm w/0.418,No regr out,All,ProtBERT,50,GPR,85/15,-5.4849314361487425,0.14998893164584773
Rg norm w/0.418,No regr out,All,ProtBERT,50,Linear,90/10,-4.884002604930109,0.13300898583559087
Rg norm w/0.418,No regr out,All,ProtBERT,50,Ridge,90/10,-2.1614728883093934,0.0974965582457596
Rg norm w/0.418,No regr out,All,ProtBERT,50,Lasso,90/10,-0.46077463999197343,0.06627292886487147
Rg norm w/0.418,No regr out,All,ProtBERT,50,Kernel Ridge,90/10,-0.10147346872532226,0.057548177475376064
Rg norm w/0.418,No regr out,All,ProtBERT,50,GPR,90/10,-5.267647375539954,0.13727670019321458
Rg norm w/0.418,No regr out,Inliers,ProtBERT,50,Linear,80/20,-0.004635152086316374,0.09119162616198899
Rg norm w/0.418,No regr out,Inliers,ProtBERT,50,Ridge,80/20,0.15145943051636468,0.08380830955217425
Rg norm w/0.418,No regr out,Inliers,ProtBERT,50,Lasso,80/20,0.011862235542493771,0.09043978556782237
Rg norm w/0.418,No regr out,Inliers,ProtBERT,50,Kernel Ridge,80/20,0.1839214812953781,0.0821895775862725
Rg norm w/0.418,No regr out,Inliers,ProtBERT,50,GPR,80/20,-0.16352543583379675,0.09813834192700273
Rg norm w/0.418,No regr out,Inliers,ProtBERT,50,Linear,85/15,0.01008625728420709,0.0861537050898838
Rg norm w/0.418,No regr out,Inliers,ProtBERT,50,Ridge,85/15,0.18006367133248924,0.07840889744483164
Rg norm w/0.418,No regr out,Inliers,ProtBERT,50,Lasso,85/15,0.014678426935348377,0.08595364102834326
Rg norm w/0.418,No regr out,Inliers,ProtBERT,50,Kernel Ridge,85/15,0.236156099813835,0.07567938426494697
Rg norm w/0.418,No regr out,Inliers,ProtBERT,50,GPR,85/15,-0.10985314829702708,0.0912237753248276
Rg norm w/0.418,No regr out,Inliers,ProtBERT,50,Linear,90/10,0.30043741410157077,0.0744787952808451
Rg norm w/0.418,No regr out,Inliers,ProtBERT,50,Ridge,90/10,0.28288862910584467,0.07540717316619983
Rg norm w/0.418,No regr out,Inliers,ProtBERT,50,Lasso,90/10,0.05606816532002534,0.0865146534646422
Rg norm w/0.418,No regr out,Inliers,ProtBERT,50,Kernel Ridge,90/10,0.1881664724923886,0.08023296605068196
Rg norm w/0.418,No regr out,Inliers,ProtBERT,50,GPR,90/10,-0.079359719141469,0.0925129349817066
Rg norm w/0.418,No regr out,All,ProtBERT,100,Linear,80/20,-3.6953042041932482,0.7099779057568254
Rg norm w/0.418,No regr out,All,ProtBERT,100,Ridge,80/20,-0.06301260531858377,0.33781752328934767
Rg norm w/0.418,No regr out,All,ProtBERT,100,Lasso,80/20,-0.0056229315842606375,0.32857199933393416
Rg norm w/0.418,No regr out,All,ProtBERT,100,Kernel Ridge,80/20,-0.0055065207102069635,0.3285529810421716
Rg norm w/0.418,No regr out,All,ProtBERT,100,GPR,80/20,-0.042761014404275155,0.33458414665741126
Rg norm w/0.418,No regr out,All,ProtBERT,100,Linear,85/15,-141.65876833696566,0.7034864752760409
Rg norm w/0.418,No regr out,All,ProtBERT,100,Ridge,85/15,-3.134559231473051,0.11976257532690894
Rg norm w/0.418,No regr out,All,ProtBERT,100,Lasso,85/15,-0.24233418442705856,0.06564864024078115
Rg norm w/0.418,No regr out,All,ProtBERT,100,Kernel Ridge,85/15,-0.0250325957459685,0.059631448018993234
Rg norm w/0.418,No regr out,All,ProtBERT,100,GPR,85/15,-5.8036702289222,0.15363074798789567
Rg norm w/0.418,No regr out,All,ProtBERT,100,Linear,90/10,-21.878162860236746,0.26227393218303297
Rg norm w/0.418,No regr out,All,ProtBERT,100,Ridge,90/10,-2.4228100295337103,0.1014462392674811
Rg norm w/0.418,No regr out,All,ProtBERT,100,Lasso,90/10,-0.46077463999197343,0.06627292886487147
Rg norm w/0.418,No regr out,All,ProtBERT,100,Kernel Ridge,90/10,-0.8835554844497562,0.07525472322929797
Rg norm w/0.418,No regr out,All,ProtBERT,100,GPR,90/10,-5.574080617440155,0.1405924718630837
Rg norm w/0.418,No regr out,Inliers,ProtBERT,100,Linear,80/20,-8.100604241884088,0.2744643167304881
Rg norm w/0.418,No regr out,Inliers,ProtBERT,100,Ridge,80/20,0.10619765712356422,0.08601447038798765
Rg norm w/0.418,No regr out,Inliers,ProtBERT,100,Lasso,80/20,0.01186250946373979,0.0904397730324344
Rg norm w/0.418,No regr out,Inliers,ProtBERT,100,Kernel Ridge,80/20,0.1069368255144919,0.08597889634384698
Rg norm w/0.418,No regr out,Inliers,ProtBERT,100,GPR,80/20,-0.15469732269444503,0.09776532643216022
Rg norm w/0.418,No regr out,Inliers,ProtBERT,100,Linear,85/15,-12.700930904893054,0.3205164475588444
Rg norm w/0.418,No regr out,Inliers,ProtBERT,100,Ridge,85/15,0.13019392162443688,0.08075817604329788
Rg norm w/0.418,No regr out,Inliers,ProtBERT,100,Lasso,85/15,0.17784807213841747,0.07851476267215456
Rg norm w/0.418,No regr out,Inliers,ProtBERT,100,Kernel Ridge,85/15,0.16488056547197605,0.07913153272075014
Rg norm w/0.418,No regr out,Inliers,ProtBERT,100,GPR,85/15,-0.11020622891412635,0.0912382848054876
Rg norm w/0.418,No regr out,Inliers,ProtBERT,100,Linear,90/10,-14.150774453506953,0.34660655551759684
Rg norm w/0.418,No regr out,Inliers,ProtBERT,100,Ridge,90/10,0.20180829240112952,0.0795560041520908
Rg norm w/0.418,No regr out,Inliers,ProtBERT,100,Lasso,90/10,0.3100385060431049,0.07396594034467309
Rg norm w/0.418,No regr out,Inliers,ProtBERT,100,Kernel Ridge,90/10,0.26830976957030617,0.0761698296174656
Rg norm w/0.418,No regr out,Inliers,ProtBERT,100,GPR,90/10,-0.2035838990875507,0.0976916715459256
Rg norm w/0.418,No regr out,All,ProtBERT,190,Linear,80/20,-0.325754377899643,0.37726324962062713
Rg norm w/0.418,No regr out,All,ProtBERT,190,Ridge,80/20,-0.06182529824790062,0.3376288118890857
Rg norm w/0.418,No regr out,All,ProtBERT,190,Lasso,80/20,-0.0056229315842606375,0.32857199933393416
Rg norm w/0.418,No regr out,All,ProtBERT,190,Kernel Ridge,80/20,-0.029123915239495535,0.33238912149440963
Rg norm w/0.418,No regr out,All,ProtBERT,190,GPR,80/20,-0.029509822009029296,0.3324514362397433
Rg norm w/0.418,No regr out,All,ProtBERT,190,Linear,85/15,-39.50666980849572,0.3748605924636689
Rg norm w/0.418,No regr out,All,ProtBERT,190,Ridge,85/15,-3.04265920408145,0.118424097386879
Rg norm w/0.418,No regr out,All,ProtBERT,190,Lasso,85/15,-0.24233418442705856,0.06564864024078115
Rg norm w/0.418,No regr out,All,ProtBERT,190,Kernel Ridge,85/15,-0.025114137741117704,0.05963381983163901
Rg norm w/0.418,No regr out,All,ProtBERT,190,GPR,85/15,-4.55602815047764,0.1388317301886339
Rg norm w/0.418,No regr out,All,ProtBERT,190,Linear,90/10,-32.836023941254645,0.3189585260311659
Rg norm w/0.418,No regr out,All,ProtBERT,190,Ridge,90/10,-2.368053450648663,0.10063152205443611
Rg norm w/0.418,No regr out,All,ProtBERT,190,Lasso,90/10,-0.46077463999197343,0.06627292886487147
Rg norm w/0.418,No regr out,All,ProtBERT,190,Kernel Ridge,90/10,-0.8638790564750729,0.074860619735322
Rg norm w/0.418,No regr out,All,ProtBERT,190,GPR,90/10,-4.551293479563281,0.12919379267445685
Rg norm w/0.418,No regr out,Inliers,ProtBERT,190,Linear,80/20,-0.7184378953483248,0.11926628615006338
Rg norm w/0.418,No regr out,Inliers,ProtBERT,190,Ridge,80/20,0.12844921779555318,0.0849370403375174
Rg norm w/0.418,No regr out,Inliers,ProtBERT,190,Lasso,80/20,0.011862510156615325,0.09043977300072652
Rg norm w/0.418,No regr out,Inliers,ProtBERT,190,Kernel Ridge,80/20,0.1451041410721291,0.08412157240784897
Rg norm w/0.418,No regr out,Inliers,ProtBERT,190,GPR,80/20,-0.05793129848635781,0.09357923878901692
Rg norm w/0.418,No regr out,Inliers,ProtBERT,190,Linear,85/15,-1.128720567062321,0.12633817836317265
Rg norm w/0.418,No regr out,Inliers,ProtBERT,190,Ridge,85/15,0.15866776787318604,0.07942533334698816
Rg norm w/0.418,No regr out,Inliers,ProtBERT,190,Lasso,85/15,0.014680688652631724,0.08595354237885036
Rg norm w/0.418,No regr out,Inliers,ProtBERT,190,Kernel Ridge,85/15,0.21339617219955176,0.07679860125931516
Rg norm w/0.418,No regr out,Inliers,ProtBERT,190,GPR,85/15,0.02167345221547534,0.08564799523084332
Rg norm w/0.418,No regr out,Inliers,ProtBERT,190,Linear,90/10,-1.0157422778634544,0.12642613415270407
Rg norm w/0.418,No regr out,Inliers,ProtBERT,190,Ridge,90/10,0.24145019817651392,0.07755528632904839
Rg norm w/0.418,No regr out,Inliers,ProtBERT,190,Lasso,90/10,0.30992162821982727,0.073972204905885
Rg norm w/0.418,No regr out,Inliers,ProtBERT,190,Kernel Ridge,90/10,0.3331133224069115,0.07271857783544879
Rg norm w/0.418,No regr out,Inliers,ProtBERT,190,GPR,90/10,0.09389278984729332,0.08476355231700826
Rg w/no norm,pH regr out,All,ProtBERT,10,Linear,80/20,-0.12019346826068755,3.7640288226920227
Rg w/no norm,pH regr out,All,ProtBERT,10,Ridge,80/20,-0.09574112737745599,3.7227202672752266
Rg w/no norm,pH regr out,All,ProtBERT,10,Lasso,80/20,-0.03970962480189133,3.6262893500051216
Rg w/no norm,pH regr out,All,ProtBERT,10,Kernel Ridge,80/20,-0.024515943745699653,3.599695648208285
Rg w/no norm,pH regr out,All,ProtBERT,10,GPR,80/20,-0.09654239844171197,3.7240811557347984
Rg w/no norm,pH regr out,All,ProtBERT,10,Linear,85/15,-0.41166109967683107,1.9424480233520074
Rg w/no norm,pH regr out,All,ProtBERT,10,Ridge,85/15,-0.33721209900104254,1.89053330103486
Rg w/no norm,pH regr out,All,ProtBERT,10,Lasso,85/15,-0.08906413675119262,1.7061252539052985
Rg w/no norm,pH regr out,All,ProtBERT,10,Kernel Ridge,85/15,0.1560147895113626,1.5019366022048413
Rg w/no norm,pH regr out,All,ProtBERT,10,GPR,85/15,0.3552644110123945,1.3127287742268856
Rg w/no norm,pH regr out,All,ProtBERT,10,Linear,90/10,0.023305550116865748,1.7883997259010773
Rg w/no norm,pH regr out,All,ProtBERT,10,Ridge,90/10,0.026364965632585724,1.7855965210103655
Rg w/no norm,pH regr out,All,ProtBERT,10,Lasso,90/10,0.06933633495604641,1.7457482444655168
Rg w/no norm,pH regr out,All,ProtBERT,10,Kernel Ridge,90/10,0.19976555644513871,1.6188024568936035
Rg w/no norm,pH regr out,All,ProtBERT,10,GPR,90/10,0.42829257316035896,1.368271092563006
Rg w/no norm,pH regr out,Inliers,ProtBERT,10,Linear,80/20,0.2148040836335201,1.2055140268017854
Rg w/no norm,pH regr out,Inliers,ProtBERT,10,Ridge,80/20,0.22550442014206906,1.197271717785727
Rg w/no norm,pH regr out,Inliers,ProtBERT,10,Lasso,80/20,0.21946980284220807,1.2019270428200373
Rg w/no norm,pH regr out,Inliers,ProtBERT,10,Kernel Ridge,80/20,0.04866790093494866,1.3269340153124967
Rg w/no norm,pH regr out,Inliers,ProtBERT,10,GPR,80/20,-0.12824133698113926,1.445054596109425
Rg w/no norm,pH regr out,Inliers,ProtBERT,10,Linear,85/15,0.27877237180389625,1.2239456743492259
Rg w/no norm,pH regr out,Inliers,ProtBERT,10,Ridge,85/15,0.2729906388678648,1.2288417716636397
Rg w/no norm,pH regr out,Inliers,ProtBERT,10,Lasso,85/15,0.280699077313713,1.2223097415198625
Rg w/no norm,pH regr out,Inliers,ProtBERT,10,Kernel Ridge,85/15,0.51909904096341,0.9994332317239131
Rg w/no norm,pH regr out,Inliers,ProtBERT,10,GPR,85/15,0.32232454149304857,1.1864155861074241
Rg w/no norm,pH regr out,Inliers,ProtBERT,10,Linear,90/10,0.25921065866937376,1.2776884696695772
Rg w/no norm,pH regr out,Inliers,ProtBERT,10,Ridge,90/10,0.24977403534524756,1.2858007016026816
Rg w/no norm,pH regr out,Inliers,ProtBERT,10,Lasso,90/10,0.2622653862393609,1.2750514027617004
Rg w/no norm,pH regr out,Inliers,ProtBERT,10,Kernel Ridge,90/10,0.19223412828661568,1.3341982392673788
Rg w/no norm,pH regr out,Inliers,ProtBERT,10,GPR,90/10,0.18222437071385378,1.3424394155171289
Rg w/no norm,pH regr out,All,ProtBERT,20,Linear,80/20,-0.3782494821431779,4.175133256757015
Rg w/no norm,pH regr out,All,ProtBERT,20,Ridge,80/20,-0.15858589034295223,3.827987755465143
Rg w/no norm,pH regr out,All,ProtBERT,20,Lasso,80/20,-0.03971070469725935,3.6262912332290345
Rg w/no norm,pH regr out,All,ProtBERT,20,Kernel Ridge,80/20,-0.046834009770488905,3.6386923202108257
Rg w/no norm,pH regr out,All,ProtBERT,20,GPR,80/20,-0.1564151161410554,3.824399936412478
Rg w/no norm,pH regr out,All,ProtBERT,20,Linear,85/15,-1.1450744593542526,2.3944477739928054
Rg w/no norm,pH regr out,All,ProtBERT,20,Ridge,85/15,-0.47058792621135437,1.9825752534657666
Rg w/no norm,pH regr out,All,ProtBERT,20,Lasso,85/15,-0.2996204263924285,1.8637705597589922
Rg w/no norm,pH regr out,All,ProtBERT,20,Kernel Ridge,85/15,0.15120114738777757,1.5062136356100282
Rg w/no norm,pH regr out,All,ProtBERT,20,GPR,85/15,0.2313607362538559,1.4333276066504639
Rg w/no norm,pH regr out,All,ProtBERT,20,Linear,90/10,0.13216580485430107,1.6857905461796294
Rg w/no norm,pH regr out,All,ProtBERT,20,Ridge,90/10,0.16014248945073029,1.6583952297677091
Rg w/no norm,pH regr out,All,ProtBERT,20,Lasso,90/10,0.2629586093832328,1.553571242163669
Rg w/no norm,pH regr out,All,ProtBERT,20,Kernel Ridge,90/10,0.19362146934083457,1.6250050423995626
Rg w/no norm,pH regr out,All,ProtBERT,20,GPR,90/10,0.2914486374149764,1.5232490063425959
Rg w/no norm,pH regr out,Inliers,ProtBERT,20,Linear,80/20,0.42979475709371917,1.027303706332301
Rg w/no norm,pH regr out,Inliers,ProtBERT,20,Ridge,80/20,0.4081571106984011,1.0466138292929976
Rg w/no norm,pH regr out,Inliers,ProtBERT,20,Lasso,80/20,0.4299168280267174,1.0271937366013333
Rg w/no norm,pH regr out,Inliers,ProtBERT,20,Kernel Ridge,80/20,0.3818577154988285,1.0696149841420373
Rg w/no norm,pH regr out,Inliers,ProtBERT,20,GPR,80/20,0.13416877448423348,1.2659013819809783
Rg w/no norm,pH regr out,Inliers,ProtBERT,20,Linear,85/15,0.4456761057404932,1.073019869382872
Rg w/no norm,pH regr out,Inliers,ProtBERT,20,Ridge,85/15,0.43981975991683975,1.0786731212893277
Rg w/no norm,pH regr out,Inliers,ProtBERT,20,Lasso,85/15,0.4453318218047585,1.0733530375578821
Rg w/no norm,pH regr out,Inliers,ProtBERT,20,Kernel Ridge,85/15,0.5991215573488917,0.9124988285488167
Rg w/no norm,pH regr out,Inliers,ProtBERT,20,GPR,85/15,0.38749762473163807,1.127924039548613
Rg w/no norm,pH regr out,Inliers,ProtBERT,20,Linear,90/10,0.3780310964826976,1.1707440223893135
Rg w/no norm,pH regr out,Inliers,ProtBERT,20,Ridge,90/10,0.37664461223456125,1.1720481989563662
Rg w/no norm,pH regr out,Inliers,ProtBERT,20,Lasso,90/10,0.3757841836540948,1.1728568195503974
Rg w/no norm,pH regr out,Inliers,ProtBERT,20,Kernel Ridge,90/10,0.5008616043161691,1.0487889487603104
Rg w/no norm,pH regr out,Inliers,ProtBERT,20,GPR,90/10,0.28700707316093443,1.2534881245548999
Rg w/no norm,pH regr out,All,ProtBERT,50,Linear,80/20,-0.46594355065834736,4.305910969106915
Rg w/no norm,pH regr out,All,ProtBERT,50,Ridge,80/20,-0.1297640488583207,3.780073963501109
Rg w/no norm,pH regr out,All,ProtBERT,50,Lasso,80/20,-0.03970879832893881,3.6262879087225803
Rg w/no norm,pH regr out,All,ProtBERT,50,Kernel Ridge,80/20,-0.008503248449474032,3.571454100552202
Rg w/no norm,pH regr out,All,ProtBERT,50,GPR,80/20,-0.06661890915929214,3.6729165544348397
Rg w/no norm,pH regr out,All,ProtBERT,50,Linear,85/15,-2.6761501439359354,3.134590430528394
Rg w/no norm,pH regr out,All,ProtBERT,50,Ridge,85/15,-0.41075530938784843,1.9418247388807506
Rg w/no norm,pH regr out,All,ProtBERT,50,Lasso,85/15,-0.08906437940540335,1.706125443976039
Rg w/no norm,pH regr out,All,ProtBERT,50,Kernel Ridge,85/15,0.2079784118482294,1.4549654905042988
Rg w/no norm,pH regr out,All,ProtBERT,50,GPR,85/15,0.2214602921739126,1.4425290468122607
Rg w/no norm,pH regr out,All,ProtBERT,50,Linear,90/10,-0.08808097409652849,1.8876255317891653
Rg w/no norm,pH regr out,All,ProtBERT,50,Ridge,90/10,0.1678255553564061,1.6507922531454193
Rg w/no norm,pH regr out,All,ProtBERT,50,Lasso,90/10,0.19889562763379554,1.6196821118458486
Rg w/no norm,pH regr out,All,ProtBERT,50,Kernel Ridge,90/10,0.266664913539274,1.549660156167197
Rg w/no norm,pH regr out,All,ProtBERT,50,GPR,90/10,0.2851701059402225,1.5299829386689425
Rg w/no norm,pH regr out,Inliers,ProtBERT,50,Linear,80/20,0.4650444016625276,0.9950436218505793
Rg w/no norm,pH regr out,Inliers,ProtBERT,50,Ridge,80/20,0.5892772642170991,0.8718818236874946
Rg w/no norm,pH regr out,Inliers,ProtBERT,50,Lasso,80/20,0.6139657474837845,0.8452713953475632
Rg w/no norm,pH regr out,Inliers,ProtBERT,50,Kernel Ridge,80/20,0.43718475697743453,1.020624942080894
Rg w/no norm,pH regr out,Inliers,ProtBERT,50,GPR,80/20,0.30816365184209293,1.1315791575400738
Rg w/no norm,pH regr out,Inliers,ProtBERT,50,Linear,85/15,0.6733766519550983,0.8236630380381641
Rg w/no norm,pH regr out,Inliers,ProtBERT,50,Ridge,85/15,0.63512615452819,0.8705572390444871
Rg w/no norm,pH regr out,Inliers,ProtBERT,50,Lasso,85/15,0.6774819924029301,0.8184703446837012
Rg w/no norm,pH regr out,Inliers,ProtBERT,50,Kernel Ridge,85/15,0.6265351981196328,0.880746250043886
Rg w/no norm,pH regr out,Inliers,ProtBERT,50,GPR,85/15,0.5224246016913565,0.9959715606382141
Rg w/no norm,pH regr out,Inliers,ProtBERT,50,Linear,90/10,0.6397738572809679,0.8909744023271563
Rg w/no norm,pH regr out,Inliers,ProtBERT,50,Ridge,90/10,0.6049073186862679,0.9330976712188801
Rg w/no norm,pH regr out,Inliers,ProtBERT,50,Lasso,90/10,0.6108459589893889,0.9260584211557845
Rg w/no norm,pH regr out,Inliers,ProtBERT,50,Kernel Ridge,90/10,0.5612934704473473,0.9832516010616796
Rg w/no norm,pH regr out,Inliers,ProtBERT,50,GPR,90/10,0.45869872416218005,1.0921873407749356
Rg w/no norm,pH regr out,All,ProtBERT,100,Linear,80/20,-6.675698368179428,9.852929431373342
Rg w/no norm,pH regr out,All,ProtBERT,100,Ridge,80/20,-0.11201558026941916,3.750264150313903
Rg w/no norm,pH regr out,All,ProtBERT,100,Lasso,80/20,-0.039708799204306144,3.6262879102491294
Rg w/no norm,pH regr out,All,ProtBERT,100,Kernel Ridge,80/20,0.0026650488436282815,3.5516236708644233
Rg w/no norm,pH regr out,All,ProtBERT,100,GPR,80/20,-0.0563746640036491,3.6552359009837674
Rg w/no norm,pH regr out,All,ProtBERT,100,Linear,85/15,-37.062270826686785,10.08629185217601
Rg w/no norm,pH regr out,All,ProtBERT,100,Ridge,85/15,-0.44072242006838125,1.9623403784744289
Rg w/no norm,pH regr out,All,ProtBERT,100,Lasso,85/15,-1.3600617839644857,2.5115733678235124
Rg w/no norm,pH regr out,All,ProtBERT,100,Kernel Ridge,85/15,0.17884775201348446,1.4814807954885787
Rg w/no norm,pH regr out,All,ProtBERT,100,GPR,85/15,0.1957323486378355,1.4661705220599768
Rg w/no norm,pH regr out,All,ProtBERT,100,Linear,90/10,-1.430243359940326,2.821045671953268
Rg w/no norm,pH regr out,All,ProtBERT,100,Ridge,90/10,0.10753387177610707,1.7095472388192825
Rg w/no norm,pH regr out,All,ProtBERT,100,Lasso,90/10,0.20565200792781335,1.6128375858700725
Rg w/no norm,pH regr out,All,ProtBERT,100,Kernel Ridge,90/10,0.2290700986252805,1.5888857864112533
Rg w/no norm,pH regr out,All,ProtBERT,100,GPR,90/10,0.2509078199928301,1.5662203641417614
Rg w/no norm,pH regr out,Inliers,ProtBERT,100,Linear,80/20,-2.0758237368129002,2.3859644795938637
Rg w/no norm,pH regr out,Inliers,ProtBERT,100,Ridge,80/20,0.5360138444612019,0.9266927449922278
Rg w/no norm,pH regr out,Inliers,ProtBERT,100,Lasso,80/20,0.45380883999521315,1.0054386717804675
Rg w/no norm,pH regr out,Inliers,ProtBERT,100,Kernel Ridge,80/20,0.36081250403264054,1.0876705938158684
Rg w/no norm,pH regr out,Inliers,ProtBERT,100,GPR,80/20,0.36165777228140894,1.0869511823972515
Rg w/no norm,pH regr out,Inliers,ProtBERT,100,Linear,85/15,-2.6243952444820815,2.7437449626785386
Rg w/no norm,pH regr out,Inliers,ProtBERT,100,Ridge,85/15,0.6737494344664876,0.823192871349721
Rg w/no norm,pH regr out,Inliers,ProtBERT,100,Lasso,85/15,0.5280205357041038,0.9901192764760037
Rg w/no norm,pH regr out,Inliers,ProtBERT,100,Kernel Ridge,85/15,0.606130620424026,0.9044864679994122
Rg w/no norm,pH regr out,Inliers,ProtBERT,100,GPR,85/15,0.5892203886702626,0.9236988525495438
Rg w/no norm,pH regr out,Inliers,ProtBERT,100,Linear,90/10,-2.60757628455899,2.819586189761115
Rg w/no norm,pH regr out,Inliers,ProtBERT,100,Ridge,90/10,0.5685546378860931,0.9750805991383602
Rg w/no norm,pH regr out,Inliers,ProtBERT,100,Lasso,90/10,0.38177432556700264,1.1672157297209433
Rg w/no norm,pH regr out,Inliers,ProtBERT,100,Kernel Ridge,90/10,0.5985306813587649,0.9405974425008711
Rg w/no norm,pH regr out,Inliers,ProtBERT,100,GPR,90/10,0.4947211742726334,1.055220361134907
Rg w/no norm,pH regr out,All,ProtBERT,190,Linear,80/20,-0.7478123444985494,4.701688186007934
Rg w/no norm,pH regr out,All,ProtBERT,190,Ridge,80/20,-0.11223689723044128,3.7506373266373436
Rg w/no norm,pH regr out,All,ProtBERT,190,Lasso,80/20,-0.039708799208957535,3.6262879102572407
Rg w/no norm,pH regr out,All,ProtBERT,190,Kernel Ridge,80/20,-0.039719790290760226,3.6263070775095323
Rg w/no norm,pH regr out,All,ProtBERT,190,GPR,80/20,-0.04925548185159356,3.642898289068475
Rg w/no norm,pH regr out,All,ProtBERT,190,Linear,85/15,-7.235192728109897,4.691600962443068
Rg w/no norm,pH regr out,All,ProtBERT,190,Ridge,85/15,-0.42516821000344973,1.9517188030368235
Rg w/no norm,pH regr out,All,ProtBERT,190,Lasso,85/15,-0.5051935683711772,2.005766437397524
Rg w/no norm,pH regr out,All,ProtBERT,190,Kernel Ridge,85/15,0.17136866030699416,1.4882121996962365
Rg w/no norm,pH regr out,All,ProtBERT,190,GPR,85/15,0.19441555226110596,1.4673702833771405
Rg w/no norm,pH regr out,All,ProtBERT,190,Linear,90/10,-3.2076967821386857,3.711995599064117
Rg w/no norm,pH regr out,All,ProtBERT,190,Ridge,90/10,0.11166623276038168,1.7055848123056698
Rg w/no norm,pH regr out,All,ProtBERT,190,Lasso,90/10,0.20561413120562355,1.612876037703262
Rg w/no norm,pH regr out,All,ProtBERT,190,Kernel Ridge,90/10,0.2192458029979456,1.5989776688065493
Rg w/no norm,pH regr out,All,ProtBERT,190,GPR,90/10,0.24971766346811775,1.567464074611529
Rg w/no norm,pH regr out,Inliers,ProtBERT,190,Linear,80/20,0.22518466958529681,1.1975188391404552
Rg w/no norm,pH regr out,Inliers,ProtBERT,190,Ridge,80/20,0.5777842126093964,0.8839963788839538
Rg w/no norm,pH regr out,Inliers,ProtBERT,190,Lasso,80/20,0.24478726358321157,1.1822733623282156
Rg w/no norm,pH regr out,Inliers,ProtBERT,190,Kernel Ridge,80/20,0.5133557611608575,0.9490498940338548
Rg w/no norm,pH regr out,Inliers,ProtBERT,190,GPR,80/20,0.417921554857107,1.037944209768894
Rg w/no norm,pH regr out,Inliers,ProtBERT,190,Linear,85/15,0.3397515606469922,1.1710613724223906
Rg w/no norm,pH regr out,Inliers,ProtBERT,190,Ridge,85/15,0.7158050191487371,0.7683058962130883
Rg w/no norm,pH regr out,Inliers,ProtBERT,190,Lasso,85/15,0.5966882452642908,0.9152640498198147
Rg w/no norm,pH regr out,Inliers,ProtBERT,190,Kernel Ridge,85/15,0.7030597949039284,0.7853449697870515
Rg w/no norm,pH regr out,Inliers,ProtBERT,190,GPR,85/15,0.6505422813021406,0.8519680001974966
Rg w/no norm,pH regr out,Inliers,ProtBERT,190,Linear,90/10,0.15333867269822388,1.36594267844128
Rg w/no norm,pH regr out,Inliers,ProtBERT,190,Ridge,90/10,0.6337766600696901,0.8983604471033568
Rg w/no norm,pH regr out,Inliers,ProtBERT,190,Lasso,90/10,0.4694207549935915,1.0813162803470946
Rg w/no norm,pH regr out,Inliers,ProtBERT,190,Kernel Ridge,90/10,0.5953116955210969,0.9443607747685819
Rg w/no norm,pH regr out,Inliers,ProtBERT,190,GPR,90/10,0.5686565779715108,0.9749653983731774
Rg norm w/0.427,pH regr out,All,ProtBERT,10,Linear,80/20,-0.05751504536040164,0.4732072809906564
Rg norm w/0.427,pH regr out,All,ProtBERT,10,Ridge,80/20,-0.05256575952670173,0.4720986514812609
Rg norm w/0.427,pH regr out,All,ProtBERT,10,Lasso,80/20,-0.0030917845905684693,0.46087004101307705
Rg norm w/0.427,pH regr out,All,ProtBERT,10,Kernel Ridge,80/20,-0.06535616799246236,0.47495837840109134
Rg norm w/0.427,pH regr out,All,ProtBERT,10,GPR,80/20,-0.09181680858605579,0.4808205588138435
Rg norm w/0.427,pH regr out,All,ProtBERT,10,Linear,85/15,-2.631162167245264,0.15978111741373072
Rg norm w/0.427,pH regr out,All,ProtBERT,10,Ridge,85/15,-2.2765129594089366,0.15177791292223905
Rg norm w/0.427,pH regr out,All,ProtBERT,10,Lasso,85/15,-0.3424411527182072,0.09715166770822826
Rg norm w/0.427,pH regr out,All,ProtBERT,10,Kernel Ridge,85/15,0.12300262428216857,0.0785238850257509
Rg norm w/0.427,pH regr out,All,ProtBERT,10,GPR,85/15,0.1110043582013257,0.07905920584936779
Rg norm w/0.427,pH regr out,All,ProtBERT,10,Linear,90/10,-2.4440371151943476,0.14245636157980643
Rg norm w/0.427,pH regr out,All,ProtBERT,10,Ridge,90/10,-2.227591978050956,0.13790729822342768
Rg norm w/0.427,pH regr out,All,ProtBERT,10,Lasso,90/10,-0.6016657363523934,0.0971480033233848
Rg norm w/0.427,pH regr out,All,ProtBERT,10,Kernel Ridge,90/10,-0.08207823729374675,0.07985043158280616
Rg norm w/0.427,pH regr out,All,ProtBERT,10,GPR,90/10,-0.10900518550675109,0.08083784452766953
Rg norm w/0.427,pH regr out,Inliers,ProtBERT,10,Linear,80/20,-0.1279581652373012,0.09255249273104148
Rg norm w/0.427,pH regr out,Inliers,ProtBERT,10,Ridge,80/20,-0.11042041403672509,0.09183016033533638
Rg norm w/0.427,pH regr out,Inliers,ProtBERT,10,Lasso,80/20,-0.0976522492839087,0.09130067950807123
Rg norm w/0.427,pH regr out,Inliers,ProtBERT,10,Kernel Ridge,80/20,-0.062283116707578356,0.08981766562918747
Rg norm w/0.427,pH regr out,Inliers,ProtBERT,10,GPR,80/20,0.019384438517884517,0.08629606927677462
Rg norm w/0.427,pH regr out,Inliers,ProtBERT,10,Linear,85/15,-0.20520650425449305,0.09095180132680086
Rg norm w/0.427,pH regr out,Inliers,ProtBERT,10,Ridge,85/15,-0.16645278830764032,0.08947756444503539
Rg norm w/0.427,pH regr out,Inliers,ProtBERT,10,Lasso,85/15,-0.15177624998019001,0.08891287039501207
Rg norm w/0.427,pH regr out,Inliers,ProtBERT,10,Kernel Ridge,85/15,-0.0046750176719216885,0.0830411534625354
Rg norm w/0.427,pH regr out,Inliers,ProtBERT,10,GPR,85/15,0.16787656573084542,0.07557435473644435
Rg norm w/0.427,pH regr out,Inliers,ProtBERT,10,Linear,90/10,-0.036696483152312664,0.08598818922485381
Rg norm w/0.427,pH regr out,Inliers,ProtBERT,10,Ridge,90/10,-0.027105598705434275,0.08558950982036435
Rg norm w/0.427,pH regr out,Inliers,ProtBERT,10,Lasso,90/10,0.03699977330480975,0.08287550457235975
Rg norm w/0.427,pH regr out,Inliers,ProtBERT,10,Kernel Ridge,90/10,0.3296316433233807,0.06914642703060155
Rg norm w/0.427,pH regr out,Inliers,ProtBERT,10,GPR,90/10,0.34108199027390407,0.06855334960719096
Rg norm w/0.427,pH regr out,All,ProtBERT,20,Linear,80/20,-0.10966513466700234,0.4847347013726893
Rg norm w/0.427,pH regr out,All,ProtBERT,20,Ridge,80/20,-0.06339409897975612,0.47452081084796033
Rg norm w/0.427,pH regr out,All,ProtBERT,20,Lasso,80/20,-0.0030917845905684693,0.46087004101307705
Rg norm w/0.427,pH regr out,All,ProtBERT,20,Kernel Ridge,80/20,-0.05473007545166686,0.47258377362736487
Rg norm w/0.427,pH regr out,All,ProtBERT,20,GPR,80/20,-0.083327931213804,0.4789477210877348
Rg norm w/0.427,pH regr out,All,ProtBERT,20,Linear,85/15,-3.2256365455024367,0.1723648483207366
Rg norm w/0.427,pH regr out,All,ProtBERT,20,Ridge,85/15,-2.3091553260308686,0.15253208540043217
Rg norm w/0.427,pH regr out,All,ProtBERT,20,Lasso,85/15,-0.3424411527182072,0.09715166770822826
Rg norm w/0.427,pH regr out,All,ProtBERT,20,Kernel Ridge,85/15,0.12237133801413125,0.07855214174251415
Rg norm w/0.427,pH regr out,All,ProtBERT,20,GPR,85/15,0.17387789262501963,0.07621224478594969
Rg norm w/0.427,pH regr out,All,ProtBERT,20,Linear,90/10,-2.6380399752463317,0.14641368453886816
Rg norm w/0.427,pH regr out,All,ProtBERT,20,Ridge,90/10,-2.012393694040493,0.13323054406253143
Rg norm w/0.427,pH regr out,All,ProtBERT,20,Lasso,90/10,-0.6016657363523934,0.0971480033233848
Rg norm w/0.427,pH regr out,All,ProtBERT,20,Kernel Ridge,90/10,-0.08387119792530418,0.07991655869736616
Rg norm w/0.427,pH regr out,All,ProtBERT,20,GPR,90/10,0.009805839386016424,0.07638500597332312
Rg norm w/0.427,pH regr out,Inliers,ProtBERT,20,Linear,80/20,0.053407591295655865,0.0847858020042429
Rg norm w/0.427,pH regr out,Inliers,ProtBERT,20,Ridge,80/20,0.05330117282513469,0.08479056779451931
Rg norm w/0.427,pH regr out,Inliers,ProtBERT,20,Lasso,80/20,0.0732344685655063,0.08389316139030613
Rg norm w/0.427,pH regr out,Inliers,ProtBERT,20,Kernel Ridge,80/20,0.18498314378393044,0.07867285656298231
Rg norm w/0.427,pH regr out,Inliers,ProtBERT,20,GPR,80/20,0.19774762020123038,0.07805435350598734
Rg norm w/0.427,pH regr out,Inliers,ProtBERT,20,Linear,85/15,0.020511063617534853,0.08199367248687614
Rg norm w/0.427,pH regr out,Inliers,ProtBERT,20,Ridge,85/15,0.023785482546319736,0.08185650585754892
Rg norm w/0.427,pH regr out,Inliers,ProtBERT,20,Lasso,85/15,0.057454446271725024,0.08043253302282123
Rg norm w/0.427,pH regr out,Inliers,ProtBERT,20,Kernel Ridge,85/15,0.32979092621007977,0.06782436291880677
Rg norm w/0.427,pH regr out,Inliers,ProtBERT,20,GPR,85/15,0.32204632087368135,0.06821510977634647
Rg norm w/0.427,pH regr out,Inliers,ProtBERT,20,Linear,90/10,0.08648144966106874,0.08071823858313114
Rg norm w/0.427,pH regr out,Inliers,ProtBERT,20,Ridge,90/10,0.07988132881064836,0.08100930619052465
Rg norm w/0.427,pH regr out,Inliers,ProtBERT,20,Lasso,90/10,0.07838394350311306,0.08107519597057128
Rg norm w/0.427,pH regr out,Inliers,ProtBERT,20,Kernel Ridge,90/10,0.3069065412576035,0.07030867133830064
Rg norm w/0.427,pH regr out,Inliers,ProtBERT,20,GPR,90/10,0.3590461698122327,0.0676124019154117
Rg norm w/0.427,pH regr out,All,ProtBERT,50,Linear,80/20,-0.22179587705947568,0.508636437163089
Rg norm w/0.427,pH regr out,All,ProtBERT,50,Ridge,80/20,-0.08857969598510995,0.4801072405720558
Rg norm w/0.427,pH regr out,All,ProtBERT,50,Lasso,80/20,-0.0030917845905684693,0.46087004101307705
Rg norm w/0.427,pH regr out,All,ProtBERT,50,Kernel Ridge,80/20,-0.02546495864630338,0.4659813692120546
Rg norm w/0.427,pH regr out,All,ProtBERT,50,GPR,80/20,-0.05396429457338603,0.47241218407209196
Rg norm w/0.427,pH regr out,All,ProtBERT,50,Linear,85/15,-10.764272392794302,0.287597540335334
Rg norm w/0.427,pH regr out,All,ProtBERT,50,Ridge,85/15,-3.2447559847965035,0.1727543517573442
Rg norm w/0.427,pH regr out,All,ProtBERT,50,Lasso,85/15,-0.3424411527182072,0.09715166770822826
Rg norm w/0.427,pH regr out,All,ProtBERT,50,Kernel Ridge,85/15,0.12002489462023858,0.07865708083999476
Rg norm w/0.427,pH regr out,All,ProtBERT,50,GPR,85/15,0.1629359632455104,0.07671529745983928
Rg norm w/0.427,pH regr out,All,ProtBERT,50,Linear,90/10,-5.385263246150399,0.19397123897779522
Rg norm w/0.427,pH regr out,All,ProtBERT,50,Ridge,90/10,-2.5583638195993688,0.14480151688654747
Rg norm w/0.427,pH regr out,All,ProtBERT,50,Lasso,90/10,-0.6016657363523934,0.0971480033233848
Rg norm w/0.427,pH regr out,All,ProtBERT,50,Kernel Ridge,90/10,-0.0881442112725419,0.08007393377130152
Rg norm w/0.427,pH regr out,All,ProtBERT,50,GPR,90/10,-0.002379915187998627,0.07685358210010887
Rg norm w/0.427,pH regr out,Inliers,ProtBERT,50,Linear,80/20,0.00525270104380815,0.08691565517320708
Rg norm w/0.427,pH regr out,Inliers,ProtBERT,50,Ridge,80/20,0.15196676302221201,0.08025055801315059
Rg norm w/0.427,pH regr out,Inliers,ProtBERT,50,Lasso,80/20,0.00824350184310052,0.08678489679137068
Rg norm w/0.427,pH regr out,Inliers,ProtBERT,50,Kernel Ridge,80/20,0.05597935417149147,0.08467054792029287
Rg norm w/0.427,pH regr out,Inliers,ProtBERT,50,GPR,80/20,0.13685772804038931,0.08096229626515238
Rg norm w/0.427,pH regr out,Inliers,ProtBERT,50,Linear,85/15,0.01325037520687411,0.08229700992104004
Rg norm w/0.427,pH regr out,Inliers,ProtBERT,50,Ridge,85/15,0.17794719722674024,0.07511564981320488
Rg norm w/0.427,pH regr out,Inliers,ProtBERT,50,Lasso,85/15,0.016518239158083925,0.08216062351857127
Rg norm w/0.427,pH regr out,Inliers,ProtBERT,50,Kernel Ridge,85/15,0.262395200601396,0.07115287262395523
Rg norm w/0.427,pH regr out,Inliers,ProtBERT,50,GPR,85/15,0.271792882911727,0.07069814698635908
Rg norm w/0.427,pH regr out,Inliers,ProtBERT,50,Linear,90/10,0.29523961350447014,0.07089795907126364
Rg norm w/0.427,pH regr out,Inliers,ProtBERT,50,Ridge,90/10,0.27945477173236355,0.07168752952149843
Rg norm w/0.427,pH regr out,Inliers,ProtBERT,50,Lasso,90/10,0.05671492600434891,0.08202277760940258
Rg norm w/0.427,pH regr out,Inliers,ProtBERT,50,Kernel Ridge,90/10,0.3434125169266138,0.06843200907244137
Rg norm w/0.427,pH regr out,Inliers,ProtBERT,50,GPR,90/10,0.326099827574421,0.06932833569737168
Rg norm w/0.427,pH regr out,All,ProtBERT,100,Linear,80/20,-4.067294191024101,1.0358484016246043
Rg norm w/0.427,pH regr out,All,ProtBERT,100,Ridge,80/20,-0.08179649641278819,0.47860907173318074
Rg norm w/0.427,pH regr out,All,ProtBERT,100,Lasso,80/20,-0.0030917845905684693,0.46087004101307705
Rg norm w/0.427,pH regr out,All,ProtBERT,100,Kernel Ridge,80/20,-0.015478668376145421,0.4637068839682792
Rg norm w/0.427,pH regr out,All,ProtBERT,100,GPR,80/20,-0.042192559289513376,0.4697665885076905
Rg norm w/0.427,pH regr out,All,ProtBERT,100,Linear,85/15,-150.591446173272,1.0323809440991103
Rg norm w/0.427,pH regr out,All,ProtBERT,100,Ridge,85/15,-3.559824020044604,0.17905096771917736
Rg norm w/0.427,pH regr out,All,ProtBERT,100,Lasso,85/15,-0.3424411527182072,0.09715166770822826
Rg norm w/0.427,pH regr out,All,ProtBERT,100,Kernel Ridge,85/15,0.14098980981076148,0.07771445209455892
Rg norm w/0.427,pH regr out,All,ProtBERT,100,GPR,85/15,0.14734048247412956,0.0774266472322316
Rg norm w/0.427,pH regr out,All,ProtBERT,100,Linear,90/10,-22.602604249457343,0.372930495967333
Rg norm w/0.427,pH regr out,All,ProtBERT,100,Ridge,90/10,-2.8675749573572955,0.15096188367474042
Rg norm w/0.427,pH regr out,All,ProtBERT,100,Lasso,90/10,-0.6016657363523934,0.0971480033233848
Rg norm w/0.427,pH regr out,All,ProtBERT,100,Kernel Ridge,90/10,-0.048581277343014095,0.07860478533349122
Rg norm w/0.427,pH regr out,All,ProtBERT,100,GPR,90/10,-0.037884118733970906,0.07820281203305121
Rg norm w/0.427,pH regr out,Inliers,ProtBERT,100,Linear,80/20,-8.060706837001183,0.262314720799995
Rg norm w/0.427,pH regr out,Inliers,ProtBERT,100,Ridge,80/20,0.10690180543717653,0.08235523858061225
Rg norm w/0.427,pH regr out,Inliers,ProtBERT,100,Lasso,80/20,0.00824379761912164,0.08678488385024379
Rg norm w/0.427,pH regr out,Inliers,ProtBERT,100,Kernel Ridge,80/20,0.12067564884005977,0.08171770742549019
Rg norm w/0.427,pH regr out,Inliers,ProtBERT,100,GPR,80/20,0.11773587643207095,0.08185419347279312
Rg norm w/0.427,pH regr out,Inliers,ProtBERT,100,Linear,85/15,-12.667983675297839,0.3062899853814046
Rg norm w/0.427,pH regr out,Inliers,ProtBERT,100,Ridge,85/15,0.12845406340670584,0.07734383684938057
Rg norm w/0.427,pH regr out,Inliers,ProtBERT,100,Lasso,85/15,0.18309116013581372,0.07488026440232362
Rg norm w/0.427,pH regr out,Inliers,ProtBERT,100,Kernel Ridge,85/15,0.23752672180600665,0.07234239545799549
Rg norm w/0.427,pH regr out,Inliers,ProtBERT,100,GPR,85/15,0.27076298243281616,0.0707481233786993
Rg norm w/0.427,pH regr out,Inliers,ProtBERT,100,Linear,90/10,-14.410760434511362,0.33153167321296934
Rg norm w/0.427,pH regr out,Inliers,ProtBERT,100,Ridge,90/10,0.19877395715327473,0.07559455579300903
Rg norm w/0.427,pH regr out,Inliers,ProtBERT,100,Lasso,90/10,0.29937046085630026,0.07068987483026054
Rg norm w/0.427,pH regr out,Inliers,ProtBERT,100,Kernel Ridge,90/10,0.308782841345698,0.07021343918226206
Rg norm w/0.427,pH regr out,Inliers,ProtBERT,100,GPR,90/10,0.32398667363446165,0.06943694731746249
Rg norm w/0.427,pH regr out,All,ProtBERT,190,Linear,80/20,-0.3820125454794867,0.5409587296698258
Rg norm w/0.427,pH regr out,All,ProtBERT,190,Ridge,80/20,-0.08048748661748428,0.4783194176242447
Rg norm w/0.427,pH regr out,All,ProtBERT,190,Lasso,80/20,-0.0030917845905684693,0.46087004101307705
Rg norm w/0.427,pH regr out,All,ProtBERT,190,Kernel Ridge,80/20,-0.011528128220005263,0.4628040201954709
Rg norm w/0.427,pH regr out,All,ProtBERT,190,GPR,80/20,-0.034355514324951875,0.46799698789546984
Rg norm w/0.427,pH regr out,All,ProtBERT,190,Linear,85/15,-40.196298345608945,0.5381851731742129
Rg norm w/0.427,pH regr out,All,ProtBERT,190,Ridge,85/15,-3.4623505108236827,0.17712687959022486
Rg norm w/0.427,pH regr out,All,ProtBERT,190,Lasso,85/15,-0.3424411527182072,0.09715166770822826
Rg norm w/0.427,pH regr out,All,ProtBERT,190,Kernel Ridge,85/15,0.1358668596804321,0.07794584366845614
Rg norm w/0.427,pH regr out,All,ProtBERT,190,GPR,85/15,0.14862916991674446,0.07736811479623043
Rg norm w/0.427,pH regr out,All,ProtBERT,190,Linear,90/10,-34.48782940507897,0.4572857361206468
Rg norm w/0.427,pH regr out,All,ProtBERT,190,Ridge,90/10,-2.808402511637927,0.14980260235185966
Rg norm w/0.427,pH regr out,All,ProtBERT,190,Lasso,90/10,-0.6016657363523934,0.0971480033233848
Rg norm w/0.427,pH regr out,All,ProtBERT,190,Kernel Ridge,90/10,-0.058205784328900334,0.07896470223584723
Rg norm w/0.427,pH regr out,All,ProtBERT,190,GPR,90/10,-0.0334747368850683,0.07803651548973121
Rg norm w/0.427,pH regr out,Inliers,ProtBERT,190,Linear,80/20,-0.7073334865490766,0.11386776677241427
Rg norm w/0.427,pH regr out,Inliers,ProtBERT,190,Ridge,80/20,0.1290262848505106,0.08132875954492855
Rg norm w/0.427,pH regr out,Inliers,ProtBERT,190,Lasso,80/20,0.00824379827709032,0.08678488382145559
Rg norm w/0.427,pH regr out,Inliers,ProtBERT,190,Kernel Ridge,80/20,0.15719576146721403,0.08000276176554565
Rg norm w/0.427,pH regr out,Inliers,ProtBERT,190,GPR,80/20,0.13190773152723934,0.08119411792379644
Rg norm w/0.427,pH regr out,Inliers,ProtBERT,190,Linear,85/15,-1.1246217024350957,0.1207595199970405
Rg norm w/0.427,pH regr out,Inliers,ProtBERT,190,Ridge,85/15,0.15683220633626072,0.07607423191090287
Rg norm w/0.427,pH regr out,Inliers,ProtBERT,190,Lasso,85/15,0.18100437061319752,0.07497584403122956
Rg norm w/0.427,pH regr out,Inliers,ProtBERT,190,Kernel Ridge,85/15,0.27417317392609086,0.07058250687432073
Rg norm w/0.427,pH regr out,Inliers,ProtBERT,190,GPR,85/15,0.27964943828270217,0.07031573504098067
Rg norm w/0.427,pH regr out,Inliers,ProtBERT,190,Linear,90/10,-1.0356636253780356,0.12049416017959176
Rg norm w/0.427,pH regr out,Inliers,ProtBERT,190,Ridge,90/10,0.23897337711775868,0.07367377371042316
Rg norm w/0.427,pH regr out,Inliers,ProtBERT,190,Lasso,90/10,0.2992596785178355,0.0706954632901119
Rg norm w/0.427,pH regr out,Inliers,ProtBERT,190,Kernel Ridge,90/10,0.3654897459679607,0.06727168615162164
Rg norm w/0.427,pH regr out,Inliers,ProtBERT,190,GPR,90/10,0.3425573862017929,0.06847655703753207
Rg norm w/0.5,pH regr out,All,ProtBERT,10,Linear,80/20,-0.041545314126135935,0.33438117177089305
Rg norm w/0.5,pH regr out,All,ProtBERT,10,Ridge,80/20,-0.03782605934115346,0.33378361687842756
Rg norm w/0.5,pH regr out,All,ProtBERT,10,Lasso,80/20,-0.005617160806420163,0.32856331272666167
Rg norm w/0.5,pH regr out,All,ProtBERT,10,Kernel Ridge,80/20,-0.06059382911522038,0.3374250171323122
Rg norm w/0.5,pH regr out,All,ProtBERT,10,GPR,80/20,-0.07852626232721027,0.3402656374340486
Rg norm w/0.5,pH regr out,All,ProtBERT,10,Linear,85/15,-2.3195936708288545,0.1073112309226951
Rg norm w/0.5,pH regr out,All,ProtBERT,10,Ridge,85/15,-1.9345039294062771,0.10089509654975755
Rg norm w/0.5,pH regr out,All,ProtBERT,10,Lasso,85/15,-0.24252268727001747,0.06565304540161543
Rg norm w/0.5,pH regr out,All,ProtBERT,10,Kernel Ridge,85/15,0.1419491666918128,0.05455809796265509
Rg norm w/0.5,pH regr out,All,ProtBERT,10,GPR,85/15,0.12538873760229696,0.05508206904852951
Rg norm w/0.5,pH regr out,All,ProtBERT,10,Linear,90/10,-1.9530104289413437,0.09421235105305703
Rg norm w/0.5,pH regr out,All,ProtBERT,10,Ridge,90/10,-1.7386358240005642,0.09072824156104985
Rg norm w/0.5,pH regr out,All,ProtBERT,10,Lasso,90/10,-0.46110521365663737,0.06626986662516153
Rg norm w/0.5,pH regr out,All,ProtBERT,10,Kernel Ridge,90/10,-0.073748354960808,0.05681023778241657
Rg norm w/0.5,pH regr out,All,ProtBERT,10,GPR,90/10,-0.08374551173805456,0.0570740915118235
Rg norm w/0.5,pH regr out,Inliers,ProtBERT,10,Linear,80/20,-0.06895328391850719,0.06570099525196473
Rg norm w/0.5,pH regr out,Inliers,ProtBERT,10,Ridge,80/20,-0.051088030443385835,0.0651496565708558
Rg norm w/0.5,pH regr out,Inliers,ProtBERT,10,Lasso,80/20,-0.03067046848092647,0.06451378191007814
Rg norm w/0.5,pH regr out,Inliers,ProtBERT,10,Kernel Ridge,80/20,0.08958080930892998,0.06063359063506201
Rg norm w/0.5,pH regr out,Inliers,ProtBERT,10,GPR,80/20,0.1369895912988065,0.059033781342329394
Rg norm w/0.5,pH regr out,Inliers,ProtBERT,10,Linear,85/15,-0.14404169269766176,0.06475710179814871
Rg norm w/0.5,pH regr out,Inliers,ProtBERT,10,Ridge,85/15,-0.10124534461989443,0.06353433966251402
Rg norm w/0.5,pH regr out,Inliers,ProtBERT,10,Lasso,85/15,-0.07099256234162898,0.06265557286813478
Rg norm w/0.5,pH regr out,Inliers,ProtBERT,10,Kernel Ridge,85/15,0.1129169694908213,0.05702280981381665
Rg norm w/0.5,pH regr out,Inliers,ProtBERT,10,GPR,85/15,0.2206528205513374,0.0534480619014871
Rg norm w/0.5,pH regr out,Inliers,ProtBERT,10,Linear,90/10,0.10109250909132639,0.054892668437057486
Rg norm w/0.5,pH regr out,Inliers,ProtBERT,10,Ridge,90/10,0.10735058471421222,0.054701256943900434
Rg norm w/0.5,pH regr out,Inliers,ProtBERT,10,Lasso,90/10,0.125745237394426,0.0541347140158513
Rg norm w/0.5,pH regr out,Inliers,ProtBERT,10,Kernel Ridge,90/10,0.4201663915579177,0.04408679578698481
Rg norm w/0.5,pH regr out,Inliers,ProtBERT,10,GPR,90/10,0.3523977806003894,0.04659196291498416
Rg norm w/0.5,pH regr out,All,ProtBERT,20,Linear,80/20,-0.07982721536684934,0.34047079525942237
Rg norm w/0.5,pH regr out,All,ProtBERT,20,Ridge,80/20,-0.043951082119661145,0.3347671269080819
Rg norm w/0.5,pH regr out,All,ProtBERT,20,Lasso,80/20,-0.005617160806420163,0.32856331272666167
Rg norm w/0.5,pH regr out,All,ProtBERT,20,Kernel Ridge,80/20,-0.05081140963058428,0.3358652872855532
Rg norm w/0.5,pH regr out,All,ProtBERT,20,GPR,80/20,-0.06571028951747682,0.33823793182722106
Rg norm w/0.5,pH regr out,All,ProtBERT,20,Linear,85/15,-2.854889726370707,0.11564016218557664
Rg norm w/0.5,pH regr out,All,ProtBERT,20,Ridge,85/15,-1.9757038810965613,0.10160090309895212
Rg norm w/0.5,pH regr out,All,ProtBERT,20,Lasso,85/15,-0.24252268727001747,0.06565304540161543
Rg norm w/0.5,pH regr out,All,ProtBERT,20,Kernel Ridge,85/15,0.14143525351441077,0.05457443378299371
Rg norm w/0.5,pH regr out,All,ProtBERT,20,GPR,85/15,0.18810413490644284,0.05307046310052306
Rg norm w/0.5,pH regr out,All,ProtBERT,20,Linear,90/10,-2.4660887149576847,0.10206931225020947
Rg norm w/0.5,pH regr out,All,ProtBERT,20,Ridge,90/10,-1.7526348653594055,0.09095983304025153
Rg norm w/0.5,pH regr out,All,ProtBERT,20,Lasso,90/10,-0.46110521365663737,0.06626986662516153
Rg norm w/0.5,pH regr out,All,ProtBERT,20,Kernel Ridge,90/10,-0.07518219600834253,0.056848156199266454
Rg norm w/0.5,pH regr out,All,ProtBERT,20,GPR,90/10,0.006315639579412502,0.054651184419199764
Rg norm w/0.5,pH regr out,Inliers,ProtBERT,20,Linear,80/20,0.07303666107869489,0.061182027463086916
Rg norm w/0.5,pH regr out,Inliers,ProtBERT,20,Ridge,80/20,0.08833943063239125,0.0606749142401013
Rg norm w/0.5,pH regr out,Inliers,ProtBERT,20,Lasso,80/20,0.12030738999867563,0.05960161904905188
Rg norm w/0.5,pH regr out,Inliers,ProtBERT,20,Kernel Ridge,80/20,0.23986056689108282,0.05540375712934517
Rg norm w/0.5,pH regr out,Inliers,ProtBERT,20,GPR,80/20,0.26880572114544743,0.05433866667755246
Rg norm w/0.5,pH regr out,Inliers,ProtBERT,20,Linear,85/15,0.044812191312734506,0.05917126624650845
Rg norm w/0.5,pH regr out,Inliers,ProtBERT,20,Ridge,85/15,0.06871443544537714,0.058426236636345684
Rg norm w/0.5,pH regr out,Inliers,ProtBERT,20,Lasso,85/15,0.10633405913940819,0.05723399760671385
Rg norm w/0.5,pH regr out,Inliers,ProtBERT,20,Kernel Ridge,85/15,0.2596283491085034,0.05209443933261594
Rg norm w/0.5,pH regr out,Inliers,ProtBERT,20,GPR,85/15,0.34000759036359507,0.04918537061586878
Rg norm w/0.5,pH regr out,Inliers,ProtBERT,20,Linear,90/10,0.12319139264718515,0.054213724645288765
Rg norm w/0.5,pH regr out,Inliers,ProtBERT,20,Ridge,90/10,0.15112362979887395,0.053343200079751026
Rg norm w/0.5,pH regr out,Inliers,ProtBERT,20,Lasso,90/10,0.15188921993250337,0.053319139897781226
Rg norm w/0.5,pH regr out,Inliers,ProtBERT,20,Kernel Ridge,90/10,0.2774170859984513,0.0492153624066663
Rg norm w/0.5,pH regr out,Inliers,ProtBERT,20,GPR,90/10,0.35228661216292845,0.046595961768984895
Rg norm w/0.5,pH regr out,All,ProtBERT,50,Linear,80/20,-0.17647934919084718,0.35538155624415424
Rg norm w/0.5,pH regr out,All,ProtBERT,50,Ridge,80/20,-0.06855494029361586,0.33868905235789926
Rg norm w/0.5,pH regr out,All,ProtBERT,50,Lasso,80/20,-0.005617160806420163,0.32856331272666167
Rg norm w/0.5,pH regr out,All,ProtBERT,50,Kernel Ridge,80/20,-0.02533340925883598,0.3317686036567028
Rg norm w/0.5,pH regr out,All,ProtBERT,50,GPR,80/20,-0.043662772081658696,0.3347208970657751
Rg norm w/0.5,pH regr out,All,ProtBERT,50,Linear,85/15,-9.646517134089471,0.1921792487079754
Rg norm w/0.5,pH regr out,All,ProtBERT,50,Ridge,85/15,-2.822045233845409,0.11514646877136427
Rg norm w/0.5,pH regr out,All,ProtBERT,50,Lasso,85/15,-0.24252268727001747,0.06565304540161543
Rg norm w/0.5,pH regr out,All,ProtBERT,50,Kernel Ridge,85/15,0.13820803854304908,0.054676906098257934
Rg norm w/0.5,pH regr out,All,ProtBERT,50,GPR,85/15,0.18107345439899758,0.05329975185288676
Rg norm w/0.5,pH regr out,All,ProtBERT,50,Linear,90/10,-4.886925718217797,0.13302082261960904
Rg norm w/0.5,pH regr out,All,ProtBERT,50,Ridge,90/10,-2.1630365276906796,0.09750512759565691
Rg norm w/0.5,pH regr out,All,ProtBERT,50,Lasso,90/10,-0.46110521365663737,0.06626986662516153
Rg norm w/0.5,pH regr out,All,ProtBERT,50,Kernel Ridge,90/10,-0.08086679548060416,0.056998239125501796
Rg norm w/0.5,pH regr out,All,ProtBERT,50,GPR,90/10,0.001224457171589366,0.05479100933615616
Rg norm w/0.5,pH regr out,Inliers,ProtBERT,50,Linear,80/20,0.13563410015081945,0.05908012398839445
Rg norm w/0.5,pH regr out,Inliers,ProtBERT,50,Ridge,80/20,0.20404659132211345,0.056693909871878494
Rg norm w/0.5,pH regr out,Inliers,ProtBERT,50,Lasso,80/20,0.23229051081815455,0.05567895040055116
Rg norm w/0.5,pH regr out,Inliers,ProtBERT,50,Kernel Ridge,80/20,0.26702378841638186,0.05440483850794409
Rg norm w/0.5,pH regr out,Inliers,ProtBERT,50,GPR,80/20,0.22818824064610255,0.05582751296539651
Rg norm w/0.5,pH regr out,Inliers,ProtBERT,50,Linear,85/15,0.11877048475375451,0.056834362775743365
Rg norm w/0.5,pH regr out,Inliers,ProtBERT,50,Ridge,85/15,0.2241877892420825,0.053326709079935516
Rg norm w/0.5,pH regr out,Inliers,ProtBERT,50,Lasso,85/15,0.2140274615936355,0.053674766504177955
Rg norm w/0.5,pH regr out,Inliers,ProtBERT,50,Kernel Ridge,85/15,0.34983521209736446,0.04881779959620347
Rg norm w/0.5,pH regr out,Inliers,ProtBERT,50,GPR,85/15,0.305799805006324,0.050443921758382575
Rg norm w/0.5,pH regr out,Inliers,ProtBERT,50,Linear,90/10,0.31759298814667636,0.047827599481007135
Rg norm w/0.5,pH regr out,Inliers,ProtBERT,50,Ridge,90/10,0.3173710722557812,0.04783537551599881
Rg norm w/0.5,pH regr out,Inliers,ProtBERT,50,Lasso,90/10,0.33856065198475604,0.04708709055435369
Rg norm w/0.5,pH regr out,Inliers,ProtBERT,50,Kernel Ridge,90/10,0.39088604979020924,0.0451862308152804
Rg norm w/0.5,pH regr out,Inliers,ProtBERT,50,GPR,90/10,0.31729014477169604,0.04783821093778148
Rg norm w/0.5,pH regr out,All,ProtBERT,100,Linear,80/20,-3.694417955195626,0.7098941662823897
Rg norm w/0.5,pH regr out,All,ProtBERT,100,Ridge,80/20,-0.06301651053350787,0.3378101820261973
Rg norm w/0.5,pH regr out,All,ProtBERT,100,Lasso,80/20,-0.005617160806420163,0.32856331272666167
Rg norm w/0.5,pH regr out,All,ProtBERT,100,Kernel Ridge,80/20,-0.016067814238182265,0.3302661607418238
Rg norm w/0.5,pH regr out,All,ProtBERT,100,GPR,80/20,-0.032266971272786105,0.3328884649595242
Rg norm w/0.5,pH regr out,All,ProtBERT,100,Linear,85/15,-141.6166208917857,0.7033763855700295
Rg norm w/0.5,pH regr out,All,ProtBERT,100,Ridge,85/15,-3.135020766326117,0.11976821033086682
Rg norm w/0.5,pH regr out,All,ProtBERT,100,Lasso,85/15,-0.24252268727001747,0.06565304540161543
Rg norm w/0.5,pH regr out,All,ProtBERT,100,Kernel Ridge,85/15,0.16221033780976035,0.053910109150119144
Rg norm w/0.5,pH regr out,All,ProtBERT,100,GPR,85/15,0.16918413732403448,0.05368526516074049
Rg norm w/0.5,pH regr out,All,ProtBERT,100,Linear,90/10,-21.887173916722347,0.2622837813035091
Rg norm w/0.5,pH regr out,All,ProtBERT,100,Ridge,90/10,-2.4243064667745218,0.1014522455808371
Rg norm w/0.5,pH regr out,All,ProtBERT,100,Lasso,90/10,-0.46110521365663737,0.06626986662516153
Rg norm w/0.5,pH regr out,All,ProtBERT,100,Kernel Ridge,90/10,-0.037883114506694904,0.05585339474789873
Rg norm w/0.5,pH regr out,All,ProtBERT,100,GPR,90/10,-0.026856510137619916,0.05555590565458391
Rg norm w/0.5,pH regr out,Inliers,ProtBERT,100,Linear,80/20,-7.1483838391891155,0.18139625844086882
Rg norm w/0.5,pH regr out,Inliers,ProtBERT,100,Ridge,80/20,0.1630941175463143,0.05813409228457788
Rg norm w/0.5,pH regr out,Inliers,ProtBERT,100,Lasso,80/20,0.2382088435715397,0.055463918473218986
Rg norm w/0.5,pH regr out,Inliers,ProtBERT,100,Kernel Ridge,80/20,0.2369490759371805,0.05550975963722969
Rg norm w/0.5,pH regr out,Inliers,ProtBERT,100,GPR,80/20,0.2211715218859256,0.05608070920091051
Rg norm w/0.5,pH regr out,Inliers,ProtBERT,100,Linear,85/15,-11.20474843785801,0.21150999445619761
Rg norm w/0.5,pH regr out,Inliers,ProtBERT,100,Ridge,85/15,0.18134970212612922,0.05477920054719764
Rg norm w/0.5,pH regr out,Inliers,ProtBERT,100,Lasso,85/15,0.2315357365220625,0.05307357173946957
Rg norm w/0.5,pH regr out,Inliers,ProtBERT,100,Kernel Ridge,85/15,0.31026942773104693,0.050281267390472326
Rg norm w/0.5,pH regr out,Inliers,ProtBERT,100,GPR,85/15,0.31124743830306745,0.0502456063238932
Rg norm w/0.5,pH regr out,Inliers,ProtBERT,100,Linear,90/10,-14.863425766546746,0.2305978924337137
Rg norm w/0.5,pH regr out,Inliers,ProtBERT,100,Ridge,90/10,0.24924269138178956,0.05016567124932609
Rg norm w/0.5,pH regr out,Inliers,ProtBERT,100,Lasso,90/10,0.35532116577572226,0.046486681994077184
Rg norm w/0.5,pH regr out,Inliers,ProtBERT,100,Kernel Ridge,90/10,0.35330166217746295,0.04655943652703267
Rg norm w/0.5,pH regr out,Inliers,ProtBERT,100,GPR,90/10,0.3220517244791258,0.04767109454281645
Rg norm w/0.5,pH regr out,All,ProtBERT,190,Linear,80/20,-0.3257299680372505,0.37725088515129546
Rg norm w/0.5,pH regr out,All,ProtBERT,190,Ridge,80/20,-0.06182945736701506,0.33762151578631283
Rg norm w/0.5,pH regr out,All,ProtBERT,190,Lasso,80/20,-0.005617160806420163,0.32856331272666167
Rg norm w/0.5,pH regr out,All,ProtBERT,190,Kernel Ridge,80/20,-0.01255164992447666,0.32969421245468644
Rg norm w/0.5,pH regr out,All,ProtBERT,190,GPR,80/20,-0.02464154498984783,0.33165665101041125
Rg norm w/0.5,pH regr out,All,ProtBERT,190,Linear,85/15,-39.50687739248559,0.37485826890843116
Rg norm w/0.5,pH regr out,All,ProtBERT,190,Ridge,85/15,-3.0431092340222206,0.11842965116115685
Rg norm w/0.5,pH regr out,All,ProtBERT,190,Lasso,85/15,-0.24252268727001747,0.06565304540161543
Rg norm w/0.5,pH regr out,All,ProtBERT,190,Kernel Ridge,85/15,0.1568360991594956,0.054082743558011764
Rg norm w/0.5,pH regr out,All,ProtBERT,190,GPR,85/15,0.1719268655437548,0.053596577750187564
Rg norm w/0.5,pH regr out,All,ProtBERT,190,Linear,90/10,-32.846226581083876,0.3189557824662456
Rg norm w/0.5,pH regr out,All,ProtBERT,190,Ridge,90/10,-2.369537998645021,0.10063766008048634
Rg norm w/0.5,pH regr out,All,ProtBERT,190,Lasso,90/10,-0.46110521365663737,0.06626986662516153
Rg norm w/0.5,pH regr out,All,ProtBERT,190,Kernel Ridge,90/10,-0.04728258892064674,0.05610573976887837
Rg norm w/0.5,pH regr out,All,ProtBERT,190,GPR,90/10,-0.019998372451311974,0.05537007231303362
Rg norm w/0.5,pH regr out,Inliers,ProtBERT,190,Linear,80/20,-0.5214651977686919,0.07838330959390231
Rg norm w/0.5,pH regr out,Inliers,ProtBERT,190,Ridge,80/20,0.18254622262123832,0.05745451831644972
Rg norm w/0.5,pH regr out,Inliers,ProtBERT,190,Lasso,80/20,0.2381634500291836,0.055465570938075096
Rg norm w/0.5,pH regr out,Inliers,ProtBERT,190,Kernel Ridge,80/20,0.2635682577535179,0.054532930342507696
Rg norm w/0.5,pH regr out,Inliers,ProtBERT,190,GPR,80/20,0.23995668084306976,0.05540025432304393
Rg norm w/0.5,pH regr out,Inliers,ProtBERT,190,Linear,85/15,-0.9172547680773462,0.08383133668116044
Rg norm w/0.5,pH regr out,Inliers,ProtBERT,190,Ridge,85/15,0.20609950973748636,0.05394479074803885
Rg norm w/0.5,pH regr out,Inliers,ProtBERT,190,Lasso,85/15,0.23154302334479837,0.053073320108623215
Rg norm w/0.5,pH regr out,Inliers,ProtBERT,190,Kernel Ridge,85/15,0.33799217620783073,0.04926041188056948
Rg norm w/0.5,pH regr out,Inliers,ProtBERT,190,GPR,85/15,0.32905175456507696,0.04959192750765543
Rg norm w/0.5,pH regr out,Inliers,ProtBERT,190,Linear,90/10,-0.9954176477530927,0.08178501691183103
Rg norm w/0.5,pH regr out,Inliers,ProtBERT,190,Ridge,90/10,0.289288522978715,0.04880940435402184
Rg norm w/0.5,pH regr out,Inliers,ProtBERT,190,Lasso,90/10,0.3553280000146456,0.04648643559081665
Rg norm w/0.5,pH regr out,Inliers,ProtBERT,190,Kernel Ridge,90/10,0.4056174423681621,0.0446364730584268
Rg norm w/0.5,pH regr out,Inliers,ProtBERT,190,GPR,90/10,0.35521451204063537,0.046490527143756344
Rg norm w/0.418,pH regr out,All,ProtBERT,10,Linear,80/20,-0.05928548520322208,0.4939113877005052
Rg norm w/0.418,pH regr out,All,ProtBERT,10,Ridge,80/20,-0.05418217326994834,0.4927201946280514
Rg norm w/0.418,pH regr out,All,ProtBERT,10,Lasso,80/20,-0.002833796480974593,0.4805703911264112
Rg norm w/0.418,pH regr out,All,ProtBERT,10,Kernel Ridge,80/20,-0.06575720876031621,0.49541787044783997
Rg norm w/0.418,pH regr out,All,ProtBERT,10,GPR,80/20,-0.09333296149932524,0.5017862416969072
Rg norm w/0.418,pH regr out,All,ProtBERT,10,Linear,85/15,-2.6164181961619786,0.1678510010339294
Rg norm w/0.418,pH regr out,All,ProtBERT,10,Ridge,85/15,-2.2714052157982625,0.15964369961552077
Rg norm w/0.418,pH regr out,All,ProtBERT,10,Lasso,85/15,-0.3496649394361029,0.10254101120445433
Rg norm w/0.418,pH regr out,All,ProtBERT,10,Kernel Ridge,85/15,0.12232926877436079,0.08268951041728685
Rg norm w/0.418,pH regr out,All,ProtBERT,10,GPR,85/15,0.11368965124831798,0.08309550334901693
Rg norm w/0.418,pH regr out,All,ProtBERT,10,Linear,90/10,-2.4313817890974496,0.14993035222281398
Rg norm w/0.418,pH regr out,All,ProtBERT,10,Ridge,90/10,-2.2203467648870316,0.14524672862478916
Rg norm w/0.418,pH regr out,All,ProtBERT,10,Lasso,90/10,-0.6046713856046164,0.10252932410243037
Rg norm w/0.418,pH regr out,All,ProtBERT,10,Kernel Ridge,90/10,-0.07408776510775827,0.08388318750662714
Rg norm w/0.418,pH regr out,All,ProtBERT,10,GPR,90/10,-0.09764653462572692,0.08479813398333796
Rg norm w/0.418,pH regr out,Inliers,ProtBERT,10,Linear,80/20,-0.12981284300426377,0.09670782487870308
Rg norm w/0.418,pH regr out,Inliers,ProtBERT,10,Ridge,80/20,-0.11238831273062888,0.09595918934698779
Rg norm w/0.418,pH regr out,Inliers,ProtBERT,10,Lasso,80/20,-0.09997068746317428,0.09542208851725315
Rg norm w/0.418,pH regr out,Inliers,ProtBERT,10,Kernel Ridge,80/20,-0.07833871616389643,0.09447914640350043
Rg norm w/0.418,pH regr out,Inliers,ProtBERT,10,GPR,80/20,0.0037149178352365864,0.0908134501452495
Rg norm w/0.418,pH regr out,Inliers,ProtBERT,10,Linear,85/15,-0.2041851339776659,0.09502365205992001
Rg norm w/0.418,pH regr out,Inliers,ProtBERT,10,Ridge,85/15,-0.16644912380352217,0.0935229048372336
Rg norm w/0.418,pH regr out,Inliers,ProtBERT,10,Lasso,85/15,-0.15467758858919423,0.09304980242025668
Rg norm w/0.418,pH regr out,Inliers,ProtBERT,10,Kernel Ridge,85/15,-0.014002138451618018,0.08719759814242611
Rg norm w/0.418,pH regr out,Inliers,ProtBERT,10,GPR,85/15,0.16130181313263858,0.07930269364425717
Rg norm w/0.418,pH regr out,Inliers,ProtBERT,10,Linear,90/10,-0.04301460330316953,0.09094395252159967
Rg norm w/0.418,pH regr out,Inliers,ProtBERT,10,Ridge,90/10,-0.03354143464389736,0.09053001175045584
Rg norm w/0.418,pH regr out,Inliers,ProtBERT,10,Lasso,90/10,0.03165740338186851,0.0876280503122227
Rg norm w/0.418,pH regr out,Inliers,ProtBERT,10,Kernel Ridge,90/10,0.32009854198172505,0.07342629535668369
Rg norm w/0.418,pH regr out,Inliers,ProtBERT,10,GPR,90/10,0.3392578717106005,0.07238434179091256
Rg norm w/0.418,pH regr out,All,ProtBERT,20,Linear,80/20,-0.11341802630059039,0.5063742965399282
Rg norm w/0.418,pH regr out,All,ProtBERT,20,Ridge,80/20,-0.0656364512915748,0.4953898025622727
Rg norm w/0.418,pH regr out,All,ProtBERT,20,Lasso,80/20,-0.002833796480974593,0.4805703911264112
Rg norm w/0.418,pH regr out,All,ProtBERT,20,Kernel Ridge,80/20,-0.05511333744336655,0.49293775765145487
Rg norm w/0.418,pH regr out,All,ProtBERT,20,GPR,80/20,-0.08541904439250225,0.499966893418441
Rg norm w/0.418,pH regr out,All,ProtBERT,20,Linear,85/15,-3.215498576284846,0.18122123521421787
Rg norm w/0.418,pH regr out,All,ProtBERT,20,Ridge,85/15,-2.3036295667617215,0.16042804269777938
Rg norm w/0.418,pH regr out,All,ProtBERT,20,Lasso,85/15,-0.3496649394361029,0.10254101120445433
Rg norm w/0.418,pH regr out,All,ProtBERT,20,Kernel Ridge,85/15,0.12160081759588404,0.08272381871526255
Rg norm w/0.418,pH regr out,All,ProtBERT,20,GPR,85/15,0.17422146154643003,0.0802077638437735
Rg norm w/0.418,pH regr out,All,ProtBERT,20,Linear,90/10,-2.5824844963682487,0.15319592033703353
Rg norm w/0.418,pH regr out,All,ProtBERT,20,Ridge,90/10,-1.98142530020574,0.1397548879989256
Rg norm w/0.418,pH regr out,All,ProtBERT,20,Lasso,90/10,-0.6046713856046164,0.10252932410243037
Rg norm w/0.418,pH regr out,All,ProtBERT,20,Kernel Ridge,90/10,-0.07605544780032392,0.08395998754901192
Rg norm w/0.418,pH regr out,All,ProtBERT,20,GPR,90/10,0.01833346549619641,0.08019310572474248
Rg norm w/0.418,pH regr out,Inliers,ProtBERT,20,Linear,80/20,0.0561980503410785,0.08838911730547498
Rg norm w/0.418,pH regr out,Inliers,ProtBERT,20,Ridge,80/20,0.05433290822381165,0.08847641151883036
Rg norm w/0.418,pH regr out,Inliers,ProtBERT,20,Lasso,80/20,0.0747737586583459,0.08751496685950878
Rg norm w/0.418,pH regr out,Inliers,ProtBERT,20,Kernel Ridge,80/20,0.17830420219818877,0.0824733992146676
Rg norm w/0.418,pH regr out,Inliers,ProtBERT,20,GPR,80/20,0.18901585468643645,0.08193407285557947
Rg norm w/0.418,pH regr out,Inliers,ProtBERT,20,Linear,85/15,0.02499552765856128,0.08550438564849593
Rg norm w/0.418,pH regr out,Inliers,ProtBERT,20,Ridge,85/15,0.02567931614297092,0.08547439749433494
Rg norm w/0.418,pH regr out,Inliers,ProtBERT,20,Lasso,85/15,0.05932862314063547,0.0839854496403217
Rg norm w/0.418,pH regr out,Inliers,ProtBERT,20,Kernel Ridge,85/15,0.33127659130262,0.07081224283307787
Rg norm w/0.418,pH regr out,Inliers,ProtBERT,20,GPR,85/15,0.3201296714345896,0.07139998670274339
Rg norm w/0.418,pH regr out,Inliers,ProtBERT,20,Linear,90/10,0.09007479685334696,0.08494375938706267
Rg norm w/0.418,pH regr out,Inliers,ProtBERT,20,Ridge,90/10,0.07992112770167581,0.08541637959161431
Rg norm w/0.418,pH regr out,Inliers,ProtBERT,20,Lasso,90/10,0.0835280914922083,0.08524878725570605
Rg norm w/0.418,pH regr out,Inliers,ProtBERT,20,Kernel Ridge,90/10,0.31040885521679906,0.07394766560301681
Rg norm w/0.418,pH regr out,Inliers,ProtBERT,20,GPR,90/10,0.3608799892432958,0.07119013858733281
Rg norm w/0.418,pH regr out,All,ProtBERT,50,Linear,80/20,-0.2273500791004066,0.5316511482467965
Rg norm w/0.418,pH regr out,All,ProtBERT,50,Ridge,80/20,-0.09079406791764488,0.5012032892155591
Rg norm w/0.418,pH regr out,All,ProtBERT,50,Lasso,80/20,-0.002833796480974593,0.4805703911264112
Rg norm w/0.418,pH regr out,All,ProtBERT,50,Kernel Ridge,80/20,-0.025413818303251068,0.4859505875294171
Rg norm w/0.418,pH regr out,All,ProtBERT,50,GPR,80/20,-0.05509288892185382,0.4929329809621541
Rg norm w/0.418,pH regr out,All,ProtBERT,50,Linear,85/15,-10.725817147877002,0.30224294447885613
Rg norm w/0.418,pH regr out,All,ProtBERT,50,Ridge,85/15,-3.2323598930229425,0.18158330143023552
Rg norm w/0.418,pH regr out,All,ProtBERT,50,Lasso,85/15,-0.3496649394361029,0.10254101120445433
Rg norm w/0.418,pH regr out,All,ProtBERT,50,Kernel Ridge,85/15,0.11936885516483953,0.0828288503001667
Rg norm w/0.418,pH regr out,All,ProtBERT,50,GPR,85/15,0.16284158900340995,0.0807585356027395
Rg norm w/0.418,pH regr out,All,ProtBERT,50,Linear,90/10,-5.302805550949808,0.20319920039891576
Rg norm w/0.418,pH regr out,All,ProtBERT,50,Ridge,90/10,-2.5288215776510232,0.15204421139620408
Rg norm w/0.418,pH regr out,All,ProtBERT,50,Lasso,90/10,-0.6046713856046164,0.10252932410243037
Rg norm w/0.418,pH regr out,All,ProtBERT,50,Kernel Ridge,90/10,-0.08010643750793922,0.08411787975460709
Rg norm w/0.418,pH regr out,All,ProtBERT,50,GPR,90/10,0.006498437889824182,0.08067506377157346
Rg norm w/0.418,pH regr out,Inliers,ProtBERT,50,Linear,80/20,-0.004578075114424429,0.09119062861913328
Rg norm w/0.418,pH regr out,Inliers,ProtBERT,50,Ridge,80/20,0.151437839674885,0.08381083982742948
Rg norm w/0.418,pH regr out,Inliers,ProtBERT,50,Lasso,80/20,0.011831851890043099,0.09044275588987764
Rg norm w/0.418,pH regr out,Inliers,ProtBERT,50,Kernel Ridge,80/20,0.051674811792847275,0.08860066973107894
Rg norm w/0.418,pH regr out,Inliers,ProtBERT,50,GPR,80/20,0.12725283333363013,0.08499680197058472
Rg norm w/0.418,pH regr out,Inliers,ProtBERT,50,Linear,85/15,0.010195350721923901,0.08615090256672285
Rg norm w/0.418,pH regr out,Inliers,ProtBERT,50,Ridge,85/15,0.18005214338348252,0.07841121880580278
Rg norm w/0.418,pH regr out,Inliers,ProtBERT,50,Lasso,85/15,0.014645439870402122,0.0859570203296985
Rg norm w/0.418,pH regr out,Inliers,ProtBERT,50,Kernel Ridge,85/15,0.25748669915998534,0.07461690064949476
Rg norm w/0.418,pH regr out,Inliers,ProtBERT,50,GPR,85/15,0.2697062198779593,0.07400036943925967
Rg norm w/0.418,pH regr out,Inliers,ProtBERT,50,Linear,90/10,0.3004775864509498,0.0744782473040324
Rg norm w/0.418,pH regr out,Inliers,ProtBERT,50,Ridge,90/10,0.282862113054672,0.07541017771503303
Rg norm w/0.418,pH regr out,Inliers,ProtBERT,50,Lasso,90/10,0.05601804535975741,0.08651879792624032
Rg norm w/0.418,pH regr out,Inliers,ProtBERT,50,Kernel Ridge,90/10,0.34204802825140834,0.07223134919479204
Rg norm w/0.418,pH regr out,Inliers,ProtBERT,50,GPR,90/10,0.3289842671252592,0.07294490820713619
Rg norm w/0.418,pH regr out,All,ProtBERT,100,Linear,80/20,-4.1147940088953145,1.0853169923476835
Rg norm w/0.418,pH regr out,All,ProtBERT,100,Ridge,80/20,-0.08384748862645974,0.4996048164522342
Rg norm w/0.418,pH regr out,All,ProtBERT,100,Lasso,80/20,-0.002833796480974593,0.4805703911264112
Rg norm w/0.418,pH regr out,All,ProtBERT,100,Kernel Ridge,80/20,-0.015348126172715082,0.48355960545050874
Rg norm w/0.418,pH regr out,All,ProtBERT,100,GPR,80/20,-0.04329846389889336,0.4901700961699431
Rg norm w/0.418,pH regr out,All,ProtBERT,100,Linear,85/15,-149.3830591257812,1.0823907453937893
Rg norm w/0.418,pH regr out,All,ProtBERT,100,Ridge,85/15,-3.542422788704343,0.18811714967976248
Rg norm w/0.418,pH regr out,All,ProtBERT,100,Lasso,85/15,-0.3496649394361029,0.10254101120445433
Rg norm w/0.418,pH regr out,All,ProtBERT,100,Kernel Ridge,85/15,0.14022203754678153,0.08184228899656894
Rg norm w/0.418,pH regr out,All,ProtBERT,100,GPR,85/15,0.14659268342745235,0.08153851425248666
Rg norm w/0.418,pH regr out,All,ProtBERT,100,Linear,90/10,-22.14651412807067,0.3894016952923438
Rg norm w/0.418,pH regr out,All,ProtBERT,100,Ridge,90/10,-2.837128682948084,0.15854707062601897
Rg norm w/0.418,pH regr out,All,ProtBERT,100,Lasso,90/10,-0.6046713856046164,0.10252932410243037
Rg norm w/0.418,pH regr out,All,ProtBERT,100,Kernel Ridge,90/10,-0.04078194643924782,0.0825724014530611
Rg norm w/0.418,pH regr out,All,ProtBERT,100,GPR,90/10,-0.02991221437600089,0.08214008436924297
Rg norm w/0.418,pH regr out,Inliers,ProtBERT,100,Linear,80/20,-8.10043608442088,0.2744665754976497
Rg norm w/0.418,pH regr out,Inliers,ProtBERT,100,Ridge,80/20,0.10618155233662341,0.08601674787927525
Rg norm w/0.418,pH regr out,Inliers,ProtBERT,100,Lasso,80/20,0.011832125652873948,0.09044274336171294
Rg norm w/0.418,pH regr out,Inliers,ProtBERT,100,Kernel Ridge,80/20,0.1107364875981981,0.08579729551002357
Rg norm w/0.418,pH regr out,Inliers,ProtBERT,100,GPR,80/20,0.10704588104359913,0.08597514842089617
Rg norm w/0.418,pH regr out,Inliers,ProtBERT,100,Linear,85/15,-12.70089954782875,0.32052331672375045
Rg norm w/0.418,pH regr out,Inliers,ProtBERT,100,Ridge,85/15,0.13019042792788782,0.08076016142504494
Rg norm w/0.418,pH regr out,Inliers,ProtBERT,100,Lasso,85/15,0.17790255674234123,0.07851393349814328
Rg norm w/0.418,pH regr out,Inliers,ProtBERT,100,Kernel Ridge,85/15,0.23449299748922958,0.07576343747772624
Rg norm w/0.418,pH regr out,Inliers,ProtBERT,100,GPR,85/15,0.26874535815422307,0.07404903529920244
Rg norm w/0.418,pH regr out,Inliers,ProtBERT,100,Linear,90/10,-14.151557031542403,0.3466229093058803
Rg norm w/0.418,pH regr out,Inliers,ProtBERT,100,Ridge,90/10,0.20179608117347958,0.07955831171030603
Rg norm w/0.418,pH regr out,Inliers,ProtBERT,100,Lasso,90/10,0.31003113080281197,0.07396791529371338
Rg norm w/0.418,pH regr out,Inliers,ProtBERT,100,Kernel Ridge,90/10,0.30957999676451564,0.07399209318997473
Rg norm w/0.418,pH regr out,Inliers,ProtBERT,100,GPR,90/10,0.3265413882128595,0.07307756805439465
Rg norm w/0.418,pH regr out,All,ProtBERT,190,Linear,80/20,-0.38894897578607135,0.565569101299044
Rg norm w/0.418,pH regr out,All,ProtBERT,190,Ridge,80/20,-0.08252902793449568,0.4993008485209595
Rg norm w/0.418,pH regr out,All,ProtBERT,190,Lasso,80/20,-0.002833796480974593,0.4805703911264112
Rg norm w/0.418,pH regr out,All,ProtBERT,190,Kernel Ridge,80/20,-0.01134254344615293,0.48260483336208293
Rg norm w/0.418,pH regr out,All,ProtBERT,190,GPR,80/20,-0.03543107363175246,0.48831844143909586
Rg norm w/0.418,pH regr out,All,ProtBERT,190,Linear,85/15,-39.64707650931709,0.5627289654578027
Rg norm w/0.418,pH regr out,All,ProtBERT,190,Ridge,85/15,-3.4458525125699015,0.1861067557140366
Rg norm w/0.418,pH regr out,All,ProtBERT,190,Lasso,85/15,-0.3496649394361029,0.10254101120445433
Rg norm w/0.418,pH regr out,All,ProtBERT,190,Kernel Ridge,85/15,0.13506363564320545,0.0820874360576537
Rg norm w/0.418,pH regr out,All,ProtBERT,190,GPR,85/15,0.14764137624767104,0.08148840035146401
Rg norm w/0.418,pH regr out,All,ProtBERT,190,Linear,90/10,-33.87861693882585,0.4780074527413666
Rg norm w/0.418,pH regr out,All,ProtBERT,190,Ridge,90/10,-2.7787490438763696,0.157336348005514
Rg norm w/0.418,pH regr out,All,ProtBERT,190,Lasso,90/10,-0.6046713856046164,0.10252932410243037
Rg norm w/0.418,pH regr out,All,ProtBERT,190,Kernel Ridge,90/10,-0.050498531325471996,0.0829569478280882
Rg norm w/0.418,pH regr out,All,ProtBERT,190,GPR,90/10,-0.025959267975810718,0.08198230028720957
Rg norm w/0.418,pH regr out,Inliers,ProtBERT,190,Linear,80/20,-0.7183356443384972,0.11926482115794847
Rg norm w/0.418,pH regr out,Inliers,ProtBERT,190,Ridge,80/20,0.12843385796391849,0.08493927253720589
Rg norm w/0.418,pH regr out,Inliers,ProtBERT,190,Lasso,80/20,0.011832126345677985,0.09044274333000828
Rg norm w/0.418,pH regr out,Inliers,ProtBERT,190,Kernel Ridge,80/20,0.148195921318927,0.08397078620105608
Rg norm w/0.418,pH regr out,Inliers,ProtBERT,190,GPR,80/20,0.12119157695368499,0.08529144400577889
Rg norm w/0.418,pH regr out,Inliers,ProtBERT,190,Linear,85/15,-1.1285227210061484,0.12633515927745217
Rg norm w/0.418,pH regr out,Inliers,ProtBERT,190,Ridge,85/15,0.1586626521457667,0.07942736792516386
Rg norm w/0.418,pH regr out,Inliers,ProtBERT,190,Lasso,85/15,0.014647701389363998,0.08595692168828008
Rg norm w/0.418,pH regr out,Inliers,ProtBERT,190,Kernel Ridge,85/15,0.2718598880840697,0.07389117371574311
Rg norm w/0.418,pH regr out,Inliers,ProtBERT,190,GPR,85/15,0.2772125832593276,0.07361907876692665
Rg norm w/0.418,pH regr out,Inliers,ProtBERT,190,Linear,90/10,-1.0154910911965227,0.12642095655969374
Rg norm w/0.418,pH regr out,Inliers,ProtBERT,190,Ridge,90/10,0.24143687271693248,0.07755762382008655
Rg norm w/0.418,pH regr out,Inliers,ProtBERT,190,Lasso,90/10,0.3099144151776151,0.07397417126176806
Rg norm w/0.418,pH regr out,Inliers,ProtBERT,190,Kernel Ridge,90/10,0.3659697739606136,0.07090610213064716
Rg norm w/0.418,pH regr out,Inliers,ProtBERT,190,GPR,90/10,0.34426176871437486,0.07210973227224189
Rg w/no norm,buffer regr out,All,ProtBERT,10,Linear,80/20,-0.0831956847780504,3.4760920880831727
Rg w/no norm,buffer regr out,All,ProtBERT,10,Ridge,80/20,-0.06388312952760611,3.444964680460645
Rg w/no norm,buffer regr out,All,ProtBERT,10,Lasso,80/20,-0.0007676981279409745,3.3412152285493604
Rg w/no norm,buffer regr out,All,ProtBERT,10,Kernel Ridge,80/20,0.011298252469849723,3.3210121423119707
Rg w/no norm,buffer regr out,All,ProtBERT,10,GPR,80/20,-0.04831984927446209,3.419674083839536
Rg w/no norm,buffer regr out,All,ProtBERT,10,Linear,85/15,-0.4408184861341875,1.7928558862539932
Rg w/no norm,buffer regr out,All,ProtBERT,10,Ridge,85/15,-0.33891899175830376,1.7282950907394121
Rg w/no norm,buffer regr out,All,ProtBERT,10,Lasso,85/15,-0.21340859435680293,1.645296897415979
Rg w/no norm,buffer regr out,All,ProtBERT,10,Kernel Ridge,85/15,0.1701786972774656,1.360608047183596
Rg w/no norm,buffer regr out,All,ProtBERT,10,GPR,85/15,0.15166305138220837,1.3757037996757768
Rg w/no norm,buffer regr out,All,ProtBERT,10,Linear,90/10,-0.17457011521149046,1.7928845759972987
Rg w/no norm,buffer regr out,All,ProtBERT,10,Ridge,90/10,-0.13271045309742835,1.7606470842050028
Rg w/no norm,buffer regr out,All,ProtBERT,10,Lasso,90/10,-0.018362657398104387,1.6694141507838967
Rg w/no norm,buffer regr out,All,ProtBERT,10,Kernel Ridge,90/10,0.16812552446484152,1.5088350258180092
Rg w/no norm,buffer regr out,All,ProtBERT,10,GPR,90/10,0.16879545656611328,1.5082273496355199
Rg w/no norm,buffer regr out,Inliers,ProtBERT,10,Linear,80/20,-0.1381200585829352,1.2549431404267646
Rg w/no norm,buffer regr out,Inliers,ProtBERT,10,Ridge,80/20,-0.07813688463338897,1.2214254429230138
Rg w/no norm,buffer regr out,Inliers,ProtBERT,10,Lasso,80/20,-0.11638623545765392,1.2429030302816981
Rg w/no norm,buffer regr out,Inliers,ProtBERT,10,Kernel Ridge,80/20,-0.3594288385599578,1.3715392786582172
Rg w/no norm,buffer regr out,Inliers,ProtBERT,10,GPR,80/20,-0.3126134528306832,1.347716159619597
Rg w/no norm,buffer regr out,Inliers,ProtBERT,10,Linear,85/15,0.10805367900502827,1.0998567789653206
Rg w/no norm,buffer regr out,Inliers,ProtBERT,10,Ridge,85/15,0.11650794258087993,1.0946319029214437
Rg w/no norm,buffer regr out,Inliers,ProtBERT,10,Lasso,85/15,0.10910762220067216,1.0992067795351064
Rg w/no norm,buffer regr out,Inliers,ProtBERT,10,Kernel Ridge,85/15,0.16793126788998713,1.0622980340944665
Rg w/no norm,buffer regr out,Inliers,ProtBERT,10,GPR,85/15,-0.16963636676699112,1.2594827049728774
Rg w/no norm,buffer regr out,Inliers,ProtBERT,10,Linear,90/10,0.014636748909785613,1.1318265835486596
Rg w/no norm,buffer regr out,Inliers,ProtBERT,10,Ridge,90/10,0.02470862819141406,1.1260272497429018
Rg w/no norm,buffer regr out,Inliers,ProtBERT,10,Lasso,90/10,0.02631798365214222,1.1250978216998893
Rg w/no norm,buffer regr out,Inliers,ProtBERT,10,Kernel Ridge,90/10,-0.014693649125128605,1.1485480810534132
Rg w/no norm,buffer regr out,Inliers,ProtBERT,10,GPR,90/10,-0.2250640454891082,1.2620050896473585
Rg w/no norm,buffer regr out,All,ProtBERT,20,Linear,80/20,-0.3363240435281405,3.860945789021877
Rg w/no norm,buffer regr out,All,ProtBERT,20,Ridge,80/20,-0.13352587366285218,3.5559326883024314
Rg w/no norm,buffer regr out,All,ProtBERT,20,Lasso,80/20,-0.0007676981279409745,3.3412152285493604
Rg w/no norm,buffer regr out,All,ProtBERT,20,Kernel Ridge,80/20,-0.059426780879875185,3.437742047898266
Rg w/no norm,buffer regr out,All,ProtBERT,20,GPR,80/20,-0.04804663957139477,3.4192284426440573
Rg w/no norm,buffer regr out,All,ProtBERT,20,Linear,85/15,-1.1092571116280228,2.1692295227095295
Rg w/no norm,buffer regr out,All,ProtBERT,20,Ridge,85/15,-0.47068989771939407,1.8113455147660487
Rg w/no norm,buffer regr out,All,ProtBERT,20,Lasso,85/15,-0.23634376884820685,1.660773351444947
Rg w/no norm,buffer regr out,All,ProtBERT,20,Kernel Ridge,85/15,0.1638382897864492,1.365796148156126
Rg w/no norm,buffer regr out,All,ProtBERT,20,GPR,85/15,0.16708530345786632,1.3631417139748638
Rg w/no norm,buffer regr out,All,ProtBERT,20,Linear,90/10,-0.3258782084292213,1.9048670697371048
Rg w/no norm,buffer regr out,All,ProtBERT,20,Ridge,90/10,-0.1652088350776495,1.7857256717172385
Rg w/no norm,buffer regr out,All,ProtBERT,20,Lasso,90/10,0.014679414573241734,1.6421076931761807
Rg w/no norm,buffer regr out,All,ProtBERT,20,Kernel Ridge,90/10,0.16003185545282794,1.5161573149889558
Rg w/no norm,buffer regr out,All,ProtBERT,20,GPR,90/10,0.16549672533109083,1.511217173426423
Rg w/no norm,buffer regr out,Inliers,ProtBERT,20,Linear,80/20,0.04189142293222825,1.151429558979161
Rg w/no norm,buffer regr out,Inliers,ProtBERT,20,Ridge,80/20,0.07615473277159901,1.1306537550245939
Rg w/no norm,buffer regr out,Inliers,ProtBERT,20,Lasso,80/20,0.04450020449780678,1.1498609080934707
Rg w/no norm,buffer regr out,Inliers,ProtBERT,20,Kernel Ridge,80/20,0.08833676866533335,1.1231744873113187
Rg w/no norm,buffer regr out,Inliers,ProtBERT,20,GPR,80/20,-0.31044519309263996,1.3466025772287518
Rg w/no norm,buffer regr out,Inliers,ProtBERT,20,Linear,85/15,0.145317456643002,1.0766367340261838
Rg w/no norm,buffer regr out,Inliers,ProtBERT,20,Ridge,85/15,0.15430726575789988,1.070959570870986
Rg w/no norm,buffer regr out,Inliers,ProtBERT,20,Lasso,85/15,0.15322733085701723,1.0716431510756543
Rg w/no norm,buffer regr out,Inliers,ProtBERT,20,Kernel Ridge,85/15,0.18913549531798712,1.048675016484795
Rg w/no norm,buffer regr out,Inliers,ProtBERT,20,GPR,85/15,-0.1693900860501869,1.2593500985311399
Rg w/no norm,buffer regr out,Inliers,ProtBERT,20,Linear,90/10,-0.049022709241634876,1.1678152827914527
Rg w/no norm,buffer regr out,Inliers,ProtBERT,20,Ridge,90/10,-0.012828313775314681,1.1474918938666783
Rg w/no norm,buffer regr out,Inliers,ProtBERT,20,Lasso,90/10,0.0032907532978536658,1.1383241590400894
Rg w/no norm,buffer regr out,Inliers,ProtBERT,20,Kernel Ridge,90/10,-0.040552987947660935,1.163091306940176
Rg w/no norm,buffer regr out,Inliers,ProtBERT,20,GPR,90/10,-0.22118153532584106,1.2600037102599853
Rg w/no norm,buffer regr out,All,ProtBERT,50,Linear,80/20,-0.5315050773016288,4.133300999310201
Rg w/no norm,buffer regr out,All,ProtBERT,50,Ridge,80/20,-0.15316157994326218,3.5865995927774748
Rg w/no norm,buffer regr out,All,ProtBERT,50,Lasso,80/20,-0.0007676981279409745,3.3412152285493604
Rg w/no norm,buffer regr out,All,ProtBERT,50,Kernel Ridge,80/20,-0.04440401415849382,3.413281279121175
Rg w/no norm,buffer regr out,All,ProtBERT,50,GPR,80/20,-0.04766219615671963,3.4186012661538125
Rg w/no norm,buffer regr out,All,ProtBERT,50,Linear,85/15,-2.773276423016507,2.901349558877109
Rg w/no norm,buffer regr out,All,ProtBERT,50,Ridge,85/15,-0.5454253248527632,1.8567984195559684
Rg w/no norm,buffer regr out,All,ProtBERT,50,Lasso,85/15,0.01866492257936503,1.4796173214095296
Rg w/no norm,buffer regr out,All,ProtBERT,50,Kernel Ridge,85/15,0.20309508057426773,1.3333494905618433
Rg w/no norm,buffer regr out,All,ProtBERT,50,GPR,85/15,0.16966606818009633,1.3610282458374587
Rg w/no norm,buffer regr out,All,ProtBERT,50,Linear,90/10,-0.9639235514946669,2.3183294212852386
Rg w/no norm,buffer regr out,All,ProtBERT,50,Ridge,90/10,-0.2039241736335493,1.8151496030193441
Rg w/no norm,buffer regr out,All,ProtBERT,50,Lasso,90/10,-0.09920166494198535,1.7344091116092126
Rg w/no norm,buffer regr out,All,ProtBERT,50,Kernel Ridge,90/10,0.2137678162294001,1.466858650329109
Rg w/no norm,buffer regr out,All,ProtBERT,50,GPR,90/10,0.16630902079467846,1.510481494035459
Rg w/no norm,buffer regr out,Inliers,ProtBERT,50,Linear,80/20,-0.06052655466263457,1.2114089667027794
Rg w/no norm,buffer regr out,Inliers,ProtBERT,50,Ridge,80/20,0.2212732639245023,1.0380602307858837
Rg w/no norm,buffer regr out,Inliers,ProtBERT,50,Lasso,80/20,-0.040315502428788674,1.1998101880663492
Rg w/no norm,buffer regr out,Inliers,ProtBERT,50,Kernel Ridge,80/20,0.22017189751793098,1.0387940444955814
Rg w/no norm,buffer regr out,Inliers,ProtBERT,50,GPR,80/20,-0.3113495074240842,1.3470671300391663
Rg w/no norm,buffer regr out,Inliers,ProtBERT,50,Linear,85/15,0.15149163229316065,1.0727409057317416
Rg w/no norm,buffer regr out,Inliers,ProtBERT,50,Ridge,85/15,0.34680074875594824,0.9412166816593246
Rg w/no norm,buffer regr out,Inliers,ProtBERT,50,Lasso,85/15,0.08362801384582996,1.1148146795990765
Rg w/no norm,buffer regr out,Inliers,ProtBERT,50,Kernel Ridge,85/15,0.2781059230460846,0.9894720155795339
Rg w/no norm,buffer regr out,Inliers,ProtBERT,50,GPR,85/15,-0.16847669508374818,1.2588581738428017
Rg w/no norm,buffer regr out,Inliers,ProtBERT,50,Linear,90/10,-0.13982632772397352,1.217309612687353
Rg w/no norm,buffer regr out,Inliers,ProtBERT,50,Ridge,90/10,0.1635016646578744,1.0428317614723803
Rg w/no norm,buffer regr out,Inliers,ProtBERT,50,Lasso,90/10,0.21681219880922642,1.0090546001486254
Rg w/no norm,buffer regr out,Inliers,ProtBERT,50,Kernel Ridge,90/10,0.050914884482439526,1.1107959577832245
Rg w/no norm,buffer regr out,Inliers,ProtBERT,50,GPR,90/10,-0.22271056318279636,1.2607922818325912
Rg w/no norm,buffer regr out,All,ProtBERT,100,Linear,80/20,-6.0552020649072595,8.87140775153675
Rg w/no norm,buffer regr out,All,ProtBERT,100,Ridge,80/20,-0.12623129666196142,3.544472477482538
Rg w/no norm,buffer regr out,All,ProtBERT,100,Lasso,80/20,-0.0007676981279409745,3.3412152285493604
Rg w/no norm,buffer regr out,All,ProtBERT,100,Kernel Ridge,80/20,-0.03651460669090789,3.400364910416676
Rg w/no norm,buffer regr out,All,ProtBERT,100,GPR,80/20,-0.048743163840049286,3.420364451261133
Rg w/no norm,buffer regr out,All,ProtBERT,100,Linear,85/15,-35.035500296503365,8.966150479587727
Rg w/no norm,buffer regr out,All,ProtBERT,100,Ridge,85/15,-0.5477718140794967,1.8582075154309292
Rg w/no norm,buffer regr out,All,ProtBERT,100,Lasso,85/15,-1.3075301323492088,2.2688951974776224
Rg w/no norm,buffer regr out,All,ProtBERT,100,Kernel Ridge,85/15,0.19753873939454547,1.337989740288495
Rg w/no norm,buffer regr out,All,ProtBERT,100,GPR,85/15,0.1516630512469307,1.3757037997854633
Rg w/no norm,buffer regr out,All,ProtBERT,100,Linear,90/10,-1.9283262548373843,2.830887353527795
Rg w/no norm,buffer regr out,All,ProtBERT,100,Ridge,90/10,-0.21412514121055937,1.8228233524868116
Rg w/no norm,buffer regr out,All,ProtBERT,100,Lasso,90/10,-0.07559180914249941,1.7156812331543494
Rg w/no norm,buffer regr out,All,ProtBERT,100,Kernel Ridge,90/10,0.20413411155323558,1.4758180002879593
Rg w/no norm,buffer regr out,All,ProtBERT,100,GPR,90/10,0.16847231744855973,1.5085204904157625
Rg w/no norm,buffer regr out,Inliers,ProtBERT,100,Linear,80/20,-2.5370638550294156,2.2123379051122223
Rg w/no norm,buffer regr out,Inliers,ProtBERT,100,Ridge,80/20,0.10938800193045928,1.1101311295679934
Rg w/no norm,buffer regr out,Inliers,ProtBERT,100,Lasso,80/20,0.14471736477060537,1.0878896315112747
Rg w/no norm,buffer regr out,Inliers,ProtBERT,100,Kernel Ridge,80/20,0.19462537244656286,1.0556719496184366
Rg w/no norm,buffer regr out,Inliers,ProtBERT,100,GPR,80/20,-0.31015539477512144,1.3464536718259295
Rg w/no norm,buffer regr out,Inliers,ProtBERT,100,Linear,85/15,-3.554337280072774,2.485303157954651
Rg w/no norm,buffer regr out,Inliers,ProtBERT,100,Ridge,85/15,0.32729611010636306,0.9551657607400796
Rg w/no norm,buffer regr out,Inliers,ProtBERT,100,Lasso,85/15,0.3592547068036901,0.9322008379516684
Rg w/no norm,buffer regr out,Inliers,ProtBERT,100,Kernel Ridge,85/15,0.34908512343297904,0.9395694242003194
Rg w/no norm,buffer regr out,Inliers,ProtBERT,100,GPR,85/15,-0.16749089370945036,1.2583270353199598
Rg w/no norm,buffer regr out,Inliers,ProtBERT,100,Linear,90/10,-3.9110333427369035,2.5267841897480223
Rg w/no norm,buffer regr out,Inliers,ProtBERT,100,Ridge,90/10,0.10892566817484228,1.0763132241290456
Rg w/no norm,buffer regr out,Inliers,ProtBERT,100,Lasso,90/10,0.11647763035451697,1.0717425772871674
Rg w/no norm,buffer regr out,Inliers,ProtBERT,100,Kernel Ridge,90/10,0.08663031493507378,1.0896951201525469
Rg w/no norm,buffer regr out,Inliers,ProtBERT,100,GPR,90/10,-0.22116807652693082,1.2599967669093053
Rg w/no norm,buffer regr out,All,ProtBERT,190,Linear,80/20,-0.6619191728608316,4.305690032354878
Rg w/no norm,buffer regr out,All,ProtBERT,190,Ridge,80/20,-0.12607070293020461,3.544219758366477
Rg w/no norm,buffer regr out,All,ProtBERT,190,Lasso,80/20,-0.0007676981279409745,3.3412152285493604
Rg w/no norm,buffer regr out,All,ProtBERT,190,Kernel Ridge,80/20,-0.03517860546361784,3.398172777048358
Rg w/no norm,buffer regr out,All,ProtBERT,190,GPR,80/20,-0.047176586037241286,3.4178088829828157
Rg w/no norm,buffer regr out,All,ProtBERT,190,Linear,85/15,-7.0316472859748345,4.232949228226152
Rg w/no norm,buffer regr out,All,ProtBERT,190,Ridge,85/15,-0.5212452680649469,1.842215218115311
Rg w/no norm,buffer regr out,All,ProtBERT,190,Lasso,85/15,-0.3761342922788422,1.7521494798744615
Rg w/no norm,buffer regr out,All,ProtBERT,190,Kernel Ridge,85/15,0.1905323474524867,1.3438181256526764
Rg w/no norm,buffer regr out,All,ProtBERT,190,GPR,85/15,0.1877814946138514,1.346099569881312
Rg w/no norm,buffer regr out,All,ProtBERT,190,Linear,90/10,-4.019339948048205,3.706262392491474
Rg w/no norm,buffer regr out,All,ProtBERT,190,Ridge,90/10,-0.1991691644821847,1.811561506560157
Rg w/no norm,buffer regr out,All,ProtBERT,190,Lasso,90/10,-0.07567205659088638,1.7157452334898633
Rg w/no norm,buffer regr out,All,ProtBERT,190,Kernel Ridge,90/10,0.19426943222510717,1.4849361420892715
Rg w/no norm,buffer regr out,All,ProtBERT,190,GPR,90/10,0.18424192834227138,1.494147757966221
Rg w/no norm,buffer regr out,Inliers,ProtBERT,190,Linear,80/20,-0.4903700631384167,1.4360748267875791
Rg w/no norm,buffer regr out,Inliers,ProtBERT,190,Ridge,80/20,0.16819959460014944,1.072851404555398
Rg w/no norm,buffer regr out,Inliers,ProtBERT,190,Lasso,80/20,0.14475545095772746,1.0878654090919
Rg w/no norm,buffer regr out,Inliers,ProtBERT,190,Kernel Ridge,80/20,0.20831353340407022,1.046662394660739
Rg w/no norm,buffer regr out,Inliers,ProtBERT,190,GPR,80/20,-0.30128576446764344,1.3418882486958303
Rg w/no norm,buffer regr out,Inliers,ProtBERT,190,Linear,85/15,-0.5823749699884508,1.4649455369373785
Rg w/no norm,buffer regr out,Inliers,ProtBERT,190,Ridge,85/15,0.3368779787444186,0.9483387615229055
Rg w/no norm,buffer regr out,Inliers,ProtBERT,190,Lasso,85/15,0.3593021762088693,0.932166306415217
Rg w/no norm,buffer regr out,Inliers,ProtBERT,190,Kernel Ridge,85/15,0.36682801458882464,0.9266753747540245
Rg w/no norm,buffer regr out,Inliers,ProtBERT,190,GPR,85/15,-0.15661902766078528,1.2524544582193367
Rg w/no norm,buffer regr out,Inliers,ProtBERT,190,Linear,90/10,-1.339257849918313,1.7438967055015018
Rg w/no norm,buffer regr out,Inliers,ProtBERT,190,Ridge,90/10,0.12711949971754977,1.0652685495039627
Rg w/no norm,buffer regr out,Inliers,ProtBERT,190,Lasso,90/10,0.11655472255845523,1.071695818539125
Rg w/no norm,buffer regr out,Inliers,ProtBERT,190,Kernel Ridge,90/10,0.12037542971105875,1.0693758827809718
Rg w/no norm,buffer regr out,Inliers,ProtBERT,190,GPR,90/10,-0.20405804106951897,1.2511385929470311
Rg norm w/0.427,buffer regr out,All,ProtBERT,10,Linear,80/20,-0.03945939801390819,0.46329006448285587
Rg norm w/0.427,buffer regr out,All,ProtBERT,10,Ridge,80/20,-0.033887327226225006,0.4620466518560469
Rg norm w/0.427,buffer regr out,All,ProtBERT,10,Lasso,80/20,-0.004028636688733878,0.4553258127248416
Rg norm w/0.427,buffer regr out,All,ProtBERT,10,Kernel Ridge,80/20,-0.008978934570823105,0.45644690970060237
Rg norm w/0.427,buffer regr out,All,ProtBERT,10,GPR,80/20,-0.042401713728281054,0.46394530044747856
Rg norm w/0.427,buffer regr out,All,ProtBERT,10,Linear,85/15,-1.909450764739046,0.18689084424387709
Rg norm w/0.427,buffer regr out,All,ProtBERT,10,Ridge,85/15,-1.5480833145790291,0.17489980761275917
Rg norm w/0.427,buffer regr out,All,ProtBERT,10,Lasso,85/15,-0.537621254163738,0.13586487905347752
Rg norm w/0.427,buffer regr out,All,ProtBERT,10,Kernel Ridge,85/15,0.22682001261687046,0.09634358929261423
Rg norm w/0.427,buffer regr out,All,ProtBERT,10,GPR,85/15,0.23252854696966885,0.09598726889117712
Rg norm w/0.427,buffer regr out,All,ProtBERT,10,Linear,90/10,-1.4677235847447556,0.1718497311099622
Rg norm w/0.427,buffer regr out,All,ProtBERT,10,Ridge,90/10,-1.2889989598797196,0.165509679889515
Rg norm w/0.427,buffer regr out,All,ProtBERT,10,Lasso,90/10,-0.7198987536895909,0.14346700824393616
Rg norm w/0.427,buffer regr out,All,ProtBERT,10,Kernel Ridge,90/10,0.29510350880955505,0.091846640458548
Rg norm w/0.427,buffer regr out,All,ProtBERT,10,GPR,90/10,0.3114514136223314,0.09077534257210887
Rg norm w/0.427,buffer regr out,Inliers,ProtBERT,10,Linear,80/20,-0.10117691161467413,0.11261343046028525
Rg norm w/0.427,buffer regr out,Inliers,ProtBERT,10,Ridge,80/20,-0.0871642217338362,0.1118946225187048
Rg norm w/0.427,buffer regr out,Inliers,ProtBERT,10,Lasso,80/20,-0.06418453778719879,0.11070573305800478
Rg norm w/0.427,buffer regr out,Inliers,ProtBERT,10,Kernel Ridge,80/20,-0.054437967018099664,0.11019760539289825
Rg norm w/0.427,buffer regr out,Inliers,ProtBERT,10,GPR,80/20,0.16002870291440952,0.09835441571146203
Rg norm w/0.427,buffer regr out,Inliers,ProtBERT,10,Linear,85/15,-0.02371777134655484,0.09724385243508146
Rg norm w/0.427,buffer regr out,Inliers,ProtBERT,10,Ridge,85/15,-0.01590812024102317,0.09687221949042436
Rg norm w/0.427,buffer regr out,Inliers,ProtBERT,10,Lasso,85/15,-0.014121518905345853,0.09678700105754476
Rg norm w/0.427,buffer regr out,Inliers,ProtBERT,10,Kernel Ridge,85/15,0.014563510206356822,0.09540834319940497
Rg norm w/0.427,buffer regr out,Inliers,ProtBERT,10,GPR,85/15,0.1270266347026019,0.08979921311303446
Rg norm w/0.427,buffer regr out,Inliers,ProtBERT,10,Linear,90/10,-0.010408518708007408,0.09740761624125543
Rg norm w/0.427,buffer regr out,Inliers,ProtBERT,10,Ridge,90/10,0.005105086771308498,0.09665693534899661
Rg norm w/0.427,buffer regr out,Inliers,ProtBERT,10,Lasso,90/10,-0.01597088219565279,0.0976753658295424
Rg norm w/0.427,buffer regr out,Inliers,ProtBERT,10,Kernel Ridge,90/10,0.055672818138759794,0.09416850186868687
Rg norm w/0.427,buffer regr out,Inliers,ProtBERT,10,GPR,90/10,-0.08390584708497029,0.10088815860287201
Rg norm w/0.427,buffer regr out,All,ProtBERT,20,Linear,80/20,-0.09011011151150816,0.4744433956560849
Rg norm w/0.427,buffer regr out,All,ProtBERT,20,Ridge,80/20,-0.04729783439685953,0.46503359062668487
Rg norm w/0.427,buffer regr out,All,ProtBERT,20,Lasso,80/20,-0.004028636688733878,0.4553258127248416
Rg norm w/0.427,buffer regr out,All,ProtBERT,20,Kernel Ridge,80/20,-0.020606238417239187,0.4590693848791835
Rg norm w/0.427,buffer regr out,All,ProtBERT,20,GPR,80/20,-0.042181370605807844,0.4638962634219335
Rg norm w/0.427,buffer regr out,All,ProtBERT,20,Linear,85/15,-2.0808634650301863,0.19231747386126755
Rg norm w/0.427,buffer regr out,All,ProtBERT,20,Ridge,85/15,-1.496489756292279,0.17312006797393048
Rg norm w/0.427,buffer regr out,All,ProtBERT,20,Lasso,85/15,-0.5376213280439464,0.13586488231752109
Rg norm w/0.427,buffer regr out,All,ProtBERT,20,Kernel Ridge,85/15,0.22627041653211466,0.0963778249519106
Rg norm w/0.427,buffer regr out,All,ProtBERT,20,GPR,85/15,0.2304832708287894,0.0961150846215554
Rg norm w/0.427,buffer regr out,All,ProtBERT,20,Linear,90/10,-1.9268285593968693,0.18715405580248518
Rg norm w/0.427,buffer regr out,All,ProtBERT,20,Ridge,90/10,-1.4234860505730218,0.17030243719839944
Rg norm w/0.427,buffer regr out,All,ProtBERT,20,Lasso,90/10,-0.719899232175687,0.14346702820062365
Rg norm w/0.427,buffer regr out,All,ProtBERT,20,Kernel Ridge,90/10,0.293789183546715,0.09193222759289803
Rg norm w/0.427,buffer regr out,All,ProtBERT,20,GPR,90/10,0.29911458145530634,0.09158495017503256
Rg norm w/0.427,buffer regr out,Inliers,ProtBERT,20,Linear,80/20,-0.07588003366139984,0.11131240437839648
Rg norm w/0.427,buffer regr out,Inliers,ProtBERT,20,Ridge,80/20,-0.030338189379026215,0.10893101200494279
Rg norm w/0.427,buffer regr out,Inliers,ProtBERT,20,Lasso,80/20,-0.03135230355215657,0.1089846066961916
Rg norm w/0.427,buffer regr out,Inliers,ProtBERT,20,Kernel Ridge,80/20,-0.004439790641285191,0.10755326385854641
Rg norm w/0.427,buffer regr out,Inliers,ProtBERT,20,GPR,80/20,0.16070254528661398,0.09831495682147784
Rg norm w/0.427,buffer regr out,Inliers,ProtBERT,20,Linear,85/15,-0.1190529614253033,0.10167106078466266
Rg norm w/0.427,buffer regr out,Inliers,ProtBERT,20,Ridge,85/15,-0.04892198508758283,0.098433658850951
Rg norm w/0.427,buffer regr out,Inliers,ProtBERT,20,Lasso,85/15,-0.04296406425884136,0.09815370709692423
Rg norm w/0.427,buffer regr out,Inliers,ProtBERT,20,Kernel Ridge,85/15,0.03169658983538737,0.09457530815507592
Rg norm w/0.427,buffer regr out,Inliers,ProtBERT,20,GPR,85/15,0.12810267237181094,0.08974385224282225
Rg norm w/0.427,buffer regr out,Inliers,ProtBERT,20,Linear,90/10,-0.15609812012092728,0.10419377268020964
Rg norm w/0.427,buffer regr out,Inliers,ProtBERT,20,Ridge,90/10,-0.07420299615267112,0.10043558084924498
Rg norm w/0.427,buffer regr out,Inliers,ProtBERT,20,Lasso,90/10,-0.05735467304903419,0.09964482766616115
Rg norm w/0.427,buffer regr out,Inliers,ProtBERT,20,Kernel Ridge,90/10,0.04534928571734986,0.09468183511640105
Rg norm w/0.427,buffer regr out,Inliers,ProtBERT,20,GPR,90/10,-0.08244946002981535,0.10082035677393456
Rg norm w/0.427,buffer regr out,All,ProtBERT,50,Linear,80/20,-0.2391876899930847,0.5058453554850404
Rg norm w/0.427,buffer regr out,All,ProtBERT,50,Ridge,80/20,-0.08856131933080236,0.4741062391619418
Rg norm w/0.427,buffer regr out,All,ProtBERT,50,Lasso,80/20,-0.004028636688733878,0.4553258127248416
Rg norm w/0.427,buffer regr out,All,ProtBERT,50,Kernel Ridge,80/20,-0.02854457879662764,0.46085126217098155
Rg norm w/0.427,buffer regr out,All,ProtBERT,50,GPR,80/20,-0.04216770508273315,0.463893222009924
Rg norm w/0.427,buffer regr out,All,ProtBERT,50,Linear,85/15,-5.158207814220916,0.27190030202156956
Rg norm w/0.427,buffer regr out,All,ProtBERT,50,Ridge,85/15,-2.058443077319969,0.19161641948443647
Rg norm w/0.427,buffer regr out,All,ProtBERT,50,Lasso,85/15,-0.5376212535368408,0.13586487902578107
Rg norm w/0.427,buffer regr out,All,ProtBERT,50,Kernel Ridge,85/15,0.23780662249848683,0.09565663632484349
Rg norm w/0.427,buffer regr out,All,ProtBERT,50,GPR,85/15,0.23018605038611817,0.09613364471840705
Rg norm w/0.427,buffer regr out,All,ProtBERT,50,Linear,90/10,-3.4272820127855317,0.23018085267005547
Rg norm w/0.427,buffer regr out,All,ProtBERT,50,Ridge,90/10,-1.5997312121852416,0.17638628982240617
Rg norm w/0.427,buffer regr out,All,ProtBERT,50,Lasso,90/10,-0.7198987618325341,0.14346700858356187
Rg norm w/0.427,buffer regr out,All,ProtBERT,50,Kernel Ridge,90/10,0.3211789079411814,0.09013184581304416
Rg norm w/0.427,buffer regr out,All,ProtBERT,50,GPR,90/10,0.299101475377326,0.09158580645899554
Rg norm w/0.427,buffer regr out,Inliers,ProtBERT,50,Linear,80/20,0.0763061420572273,0.10313965341520884
Rg norm w/0.427,buffer regr out,Inliers,ProtBERT,50,Ridge,80/20,0.08407231908934143,0.1027051525428246
Rg norm w/0.427,buffer regr out,Inliers,ProtBERT,50,Lasso,80/20,-0.03144648727229504,0.10898958285289867
Rg norm w/0.427,buffer regr out,Inliers,ProtBERT,50,Kernel Ridge,80/20,0.028095248284238927,0.10579703399922535
Rg norm w/0.427,buffer regr out,Inliers,ProtBERT,50,GPR,80/20,0.16040098433600847,0.09833261759776774
Rg norm w/0.427,buffer regr out,Inliers,ProtBERT,50,Linear,85/15,0.06292936073971045,0.0930375359132014
Rg norm w/0.427,buffer regr out,Inliers,ProtBERT,50,Ridge,85/15,0.09575092225252446,0.09139366040701764
Rg norm w/0.427,buffer regr out,Inliers,ProtBERT,50,Lasso,85/15,-0.012535680486154277,0.09671129583213237
Rg norm w/0.427,buffer regr out,Inliers,ProtBERT,50,Kernel Ridge,85/15,0.071137345590638,0.09262917273397007
Rg norm w/0.427,buffer regr out,Inliers,ProtBERT,50,GPR,85/15,0.12761464917101462,0.08976896469228388
Rg norm w/0.427,buffer regr out,Inliers,ProtBERT,50,Linear,90/10,-0.01992662087431829,0.09786533330966252
Rg norm w/0.427,buffer regr out,Inliers,ProtBERT,50,Ridge,90/10,0.0837128751843711,0.09275988636763863
Rg norm w/0.427,buffer regr out,Inliers,ProtBERT,50,Lasso,90/10,-0.05750019389115857,0.09965168435329112
Rg norm w/0.427,buffer regr out,Inliers,ProtBERT,50,Kernel Ridge,90/10,0.09150922301367637,0.09236441357634981
Rg norm w/0.427,buffer regr out,Inliers,ProtBERT,50,GPR,90/10,-0.08312924932157206,0.10085200991083067
Rg norm w/0.427,buffer regr out,All,ProtBERT,100,Linear,80/20,-3.8809589537807323,1.0039262251516194
Rg norm w/0.427,buffer regr out,All,ProtBERT,100,Ridge,80/20,-0.08168624105580924,0.4726067001208901
Rg norm w/0.427,buffer regr out,All,ProtBERT,100,Lasso,80/20,-0.004028636688733878,0.4553258127248416
Rg norm w/0.427,buffer regr out,All,ProtBERT,100,Kernel Ridge,80/20,-0.027381461627209225,0.4605906144307468
Rg norm w/0.427,buffer regr out,All,ProtBERT,100,GPR,80/20,-0.0421512562998152,0.4638895611264705
Rg norm w/0.427,buffer regr out,All,ProtBERT,100,Linear,85/15,-72.94319340159043,0.9421750970467351
Rg norm w/0.427,buffer regr out,All,ProtBERT,100,Ridge,85/15,-2.2264577799808674,0.19680925302082578
Rg norm w/0.427,buffer regr out,All,ProtBERT,100,Lasso,85/15,-0.5376212544780938,0.13586487906736583
Rg norm w/0.427,buffer regr out,All,ProtBERT,100,Kernel Ridge,85/15,0.23478487066654607,0.09584606639754473
Rg norm w/0.427,buffer regr out,All,ProtBERT,100,GPR,85/15,0.23128548541889637,0.09606497198197538
Rg norm w/0.427,buffer regr out,All,ProtBERT,100,Linear,90/10,-8.884419820562591,0.3439348567657277
Rg norm w/0.427,buffer regr out,All,ProtBERT,100,Ridge,90/10,-1.7152113169469154,0.18026126672657442
Rg norm w/0.427,buffer regr out,All,ProtBERT,100,Lasso,90/10,-0.7198987621902899,0.14346700859848313
Rg norm w/0.427,buffer regr out,All,ProtBERT,100,Kernel Ridge,90/10,0.3093743901349668,0.09091215248690984
Rg norm w/0.427,buffer regr out,All,ProtBERT,100,GPR,90/10,0.3003719673323767,0.09150276176425758
Rg norm w/0.427,buffer regr out,Inliers,ProtBERT,100,Linear,80/20,-6.0473393439610605,0.2848880495424103
Rg norm w/0.427,buffer regr out,Inliers,ProtBERT,100,Ridge,80/20,0.06387764080847513,0.10383121810607585
Rg norm w/0.427,buffer regr out,Inliers,ProtBERT,100,Lasso,80/20,0.10468154641347949,0.10154309764733829
Rg norm w/0.427,buffer regr out,Inliers,ProtBERT,100,Kernel Ridge,80/20,0.026934212259421275,0.10586020763074128
Rg norm w/0.427,buffer regr out,Inliers,ProtBERT,100,GPR,80/20,0.16066171368717364,0.09831734829073002
Rg norm w/0.427,buffer regr out,Inliers,ProtBERT,100,Linear,85/15,-10.10056776884717,0.3202171815048295
Rg norm w/0.427,buffer regr out,Inliers,ProtBERT,100,Ridge,85/15,0.024593675432008077,0.0949215492700742
Rg norm w/0.427,buffer regr out,Inliers,ProtBERT,100,Lasso,85/15,0.040058066441671536,0.09416608529090394
Rg norm w/0.427,buffer regr out,Inliers,ProtBERT,100,Kernel Ridge,85/15,0.06359174946461488,0.09300464729912657
Rg norm w/0.427,buffer regr out,Inliers,ProtBERT,100,GPR,85/15,0.12803159688297416,0.08974751004631511
Rg norm w/0.427,buffer regr out,Inliers,ProtBERT,100,Linear,90/10,-11.827815211988362,0.3470729470509826
Rg norm w/0.427,buffer regr out,Inliers,ProtBERT,100,Ridge,90/10,-0.012682032055778114,0.09751714277262555
Rg norm w/0.427,buffer regr out,Inliers,ProtBERT,100,Lasso,90/10,-0.03150687850036116,0.09841934719240886
Rg norm w/0.427,buffer regr out,Inliers,ProtBERT,100,Kernel Ridge,90/10,-0.014442028785840666,0.0976018462335469
Rg norm w/0.427,buffer regr out,Inliers,ProtBERT,100,GPR,90/10,-0.08256405473577999,0.10082569336183178
Rg norm w/0.427,buffer regr out,All,ProtBERT,190,Linear,80/20,-0.40445170624706495,0.538520978897305
Rg norm w/0.427,buffer regr out,All,ProtBERT,190,Ridge,80/20,-0.07899066687700085,0.4720174622107513
Rg norm w/0.427,buffer regr out,All,ProtBERT,190,Lasso,80/20,-0.004028636688733878,0.4553258127248416
Rg norm w/0.427,buffer regr out,All,ProtBERT,190,Kernel Ridge,80/20,-0.03659219211732845,0.4626506622661167
Rg norm w/0.427,buffer regr out,All,ProtBERT,190,GPR,80/20,-0.04136970692225228,0.4637155841753781
Rg norm w/0.427,buffer regr out,All,ProtBERT,190,Linear,85/15,-22.318451758765253,0.5290934384597411
Rg norm w/0.427,buffer regr out,All,ProtBERT,190,Ridge,85/15,-2.145695234135593,0.19433044355699688
Rg norm w/0.427,buffer regr out,All,ProtBERT,190,Lasso,85/15,-0.5376212544770664,0.13586487906732045
Rg norm w/0.427,buffer regr out,All,ProtBERT,190,Kernel Ridge,85/15,0.23325589618651443,0.09594177350889498
Rg norm w/0.427,buffer regr out,All,ProtBERT,190,GPR,85/15,0.23552834726037664,0.09579949346570196
Rg norm w/0.427,buffer regr out,All,ProtBERT,190,Linear,90/10,-16.65369961690212,0.4596406894185611
Rg norm w/0.427,buffer regr out,All,ProtBERT,190,Ridge,90/10,-1.646896857289462,0.17797914257431885
Rg norm w/0.427,buffer regr out,All,ProtBERT,190,Lasso,90/10,-0.7198987621890587,0.14346700859843178
Rg norm w/0.427,buffer regr out,All,ProtBERT,190,Kernel Ridge,90/10,0.30583071696008624,0.09114509400054462
Rg norm w/0.427,buffer regr out,All,ProtBERT,190,GPR,90/10,0.3096971456868497,0.09089090665520644
Rg norm w/0.427,buffer regr out,Inliers,ProtBERT,190,Linear,80/20,-0.9141186409376141,0.14847251533225853
Rg norm w/0.427,buffer regr out,Inliers,ProtBERT,190,Ridge,80/20,0.08528041013981258,0.10263739712988666
Rg norm w/0.427,buffer regr out,Inliers,ProtBERT,190,Lasso,80/20,0.10548563741538763,0.10149748916490334
Rg norm w/0.427,buffer regr out,Inliers,ProtBERT,190,Kernel Ridge,80/20,0.02925755528032148,0.10573375340547117
Rg norm w/0.427,buffer regr out,Inliers,ProtBERT,190,GPR,80/20,0.16403642755192926,0.0981194977311886
Rg norm w/0.427,buffer regr out,Inliers,ProtBERT,190,Linear,85/15,-1.6918406521499545,0.15768729676774268
Rg norm w/0.427,buffer regr out,Inliers,ProtBERT,190,Ridge,85/15,0.05427889289974708,0.09346598244877494
Rg norm w/0.427,buffer regr out,Inliers,ProtBERT,190,Lasso,85/15,0.03152102922154587,0.09458388137006944
Rg norm w/0.427,buffer regr out,Inliers,ProtBERT,190,Kernel Ridge,85/15,0.0663213798215041,0.09286899408102206
Rg norm w/0.427,buffer regr out,Inliers,ProtBERT,190,GPR,85/15,0.13334615163238117,0.08947359126398474
Rg norm w/0.427,buffer regr out,Inliers,ProtBERT,190,Linear,90/10,-2.1802037875614735,0.17281120205978318
Rg norm w/0.427,buffer regr out,Inliers,ProtBERT,190,Ridge,90/10,0.03540209615694068,0.09517383573890396
Rg norm w/0.427,buffer regr out,Inliers,ProtBERT,190,Lasso,90/10,-0.03338999035326462,0.0985091430695989
Rg norm w/0.427,buffer regr out,Inliers,ProtBERT,190,Kernel Ridge,90/10,0.06597558772081347,0.09365339588541839
Rg norm w/0.427,buffer regr out,Inliers,ProtBERT,190,GPR,90/10,-0.07533897402816092,0.1004886725137885
Rg norm w/0.5,buffer regr out,All,ProtBERT,10,Linear,80/20,-0.027909692957561072,0.32948708390473797
Rg norm w/0.5,buffer regr out,All,ProtBERT,10,Ridge,80/20,-0.022971484784046314,0.3286946822474505
Rg norm w/0.5,buffer regr out,All,ProtBERT,10,Lasso,80/20,-0.006328872933867746,0.32600996912270863
Rg norm w/0.5,buffer regr out,All,ProtBERT,10,Kernel Ridge,80/20,-0.006488868679653814,0.32603588417716023
Rg norm w/0.5,buffer regr out,All,ProtBERT,10,GPR,80/20,-0.0430888768952169,0.33191094292755213
Rg norm w/0.5,buffer regr out,All,ProtBERT,10,Linear,85/15,-1.7619686471368423,0.1298649400256331
Rg norm w/0.5,buffer regr out,All,ProtBERT,10,Ridge,85/15,-1.3888905044968096,0.12077600756025626
Rg norm w/0.5,buffer regr out,All,ProtBERT,10,Lasso,85/15,-0.2681626449355283,0.08799743744813308
Rg norm w/0.5,buffer regr out,All,ProtBERT,10,Kernel Ridge,85/15,0.2094616248379637,0.06947747482308739
Rg norm w/0.5,buffer regr out,All,ProtBERT,10,GPR,85/15,0.2264508119605152,0.06872686192471866
Rg norm w/0.5,buffer regr out,All,ProtBERT,10,Linear,90/10,-1.2400557864165207,0.11733259058216836
Rg norm w/0.5,buffer regr out,All,ProtBERT,10,Ridge,90/10,-1.0695155690408558,0.11277779300692785
Rg norm w/0.5,buffer regr out,All,ProtBERT,10,Lasso,90/10,-0.3801444543452226,0.09209827900378345
Rg norm w/0.5,buffer regr out,All,ProtBERT,10,Kernel Ridge,90/10,0.2843265029168721,0.06632033477563593
Rg norm w/0.5,buffer regr out,All,ProtBERT,10,GPR,90/10,0.32077201593297067,0.06460959633800445
Rg norm w/0.5,buffer regr out,Inliers,ProtBERT,10,Linear,80/20,-0.021719938650741177,0.08026997281215413
Rg norm w/0.5,buffer regr out,Inliers,ProtBERT,10,Ridge,80/20,-0.012513501986860964,0.07990750915275205
Rg norm w/0.5,buffer regr out,Inliers,ProtBERT,10,Lasso,80/20,-0.038317057646600095,0.08091931094126933
Rg norm w/0.5,buffer regr out,Inliers,ProtBERT,10,Kernel Ridge,80/20,0.00032999282867951507,0.07939908775824073
Rg norm w/0.5,buffer regr out,Inliers,ProtBERT,10,GPR,80/20,0.21147972014154193,0.07051696547872675
Rg norm w/0.5,buffer regr out,Inliers,ProtBERT,10,Linear,85/15,0.03148891413690591,0.0713036917521441
Rg norm w/0.5,buffer regr out,Inliers,ProtBERT,10,Ridge,85/15,0.04301091963174486,0.07087828638802673
Rg norm w/0.5,buffer regr out,Inliers,ProtBERT,10,Lasso,85/15,0.02318026346407165,0.07160888820129568
Rg norm w/0.5,buffer regr out,Inliers,ProtBERT,10,Kernel Ridge,85/15,0.06735846315373428,0.06997084115073576
Rg norm w/0.5,buffer regr out,Inliers,ProtBERT,10,GPR,85/15,0.15098221026184078,0.06676027440660298
Rg norm w/0.5,buffer regr out,Inliers,ProtBERT,10,Linear,90/10,0.12199082266086758,0.06655770060397048
Rg norm w/0.5,buffer regr out,Inliers,ProtBERT,10,Ridge,90/10,0.13384708002122814,0.06610678995870854
Rg norm w/0.5,buffer regr out,Inliers,ProtBERT,10,Lasso,90/10,0.08979282087959473,0.06776710146921992
Rg norm w/0.5,buffer regr out,Inliers,ProtBERT,10,Kernel Ridge,90/10,0.1573091361054596,0.06520530412681456
Rg norm w/0.5,buffer regr out,Inliers,ProtBERT,10,GPR,90/10,-0.06236083307112539,0.07321242759367971
Rg norm w/0.5,buffer regr out,All,ProtBERT,20,Linear,80/20,-0.06683889862255565,0.3356683046908389
Rg norm w/0.5,buffer regr out,All,ProtBERT,20,Ridge,80/20,-0.03237466166163605,0.3302019110033691
Rg norm w/0.5,buffer regr out,All,ProtBERT,20,Lasso,80/20,-0.006328872933867746,0.32600996912270863
Rg norm w/0.5,buffer regr out,All,ProtBERT,20,Kernel Ridge,80/20,-0.01872536954581938,0.3280118055426993
Rg norm w/0.5,buffer regr out,All,ProtBERT,20,GPR,80/20,-0.0428095307718257,0.331866495974982
Rg norm w/0.5,buffer regr out,All,ProtBERT,20,Linear,85/15,-1.941639697450959,0.1340223676612021
Rg norm w/0.5,buffer regr out,All,ProtBERT,20,Ridge,85/15,-1.3622463377385192,0.12010058956077306
Rg norm w/0.5,buffer regr out,All,ProtBERT,20,Lasso,85/15,-0.2681627295613578,0.0879974403842139
Rg norm w/0.5,buffer regr out,All,ProtBERT,20,Kernel Ridge,85/15,0.20865819706272437,0.06951277099555526
Rg norm w/0.5,buffer regr out,All,ProtBERT,20,GPR,85/15,0.22174837454998286,0.06893544212685733
Rg norm w/0.5,buffer regr out,All,ProtBERT,20,Linear,90/10,-1.8002365403152076,0.1311857316186494
Rg norm w/0.5,buffer regr out,All,ProtBERT,20,Ridge,90/10,-1.2836434164886148,0.118468635966525
Rg norm w/0.5,buffer regr out,All,ProtBERT,20,Lasso,90/10,-0.3801445876868472,0.09209828345278652
Rg norm w/0.5,buffer regr out,All,ProtBERT,20,Kernel Ridge,90/10,0.28280823571821734,0.06639064521926827
Rg norm w/0.5,buffer regr out,All,ProtBERT,20,GPR,90/10,0.30004441910584045,0.06558801431421346
Rg norm w/0.5,buffer regr out,Inliers,ProtBERT,20,Linear,80/20,-0.0023294340006718706,0.0795046304945028
Rg norm w/0.5,buffer regr out,Inliers,ProtBERT,20,Ridge,80/20,0.0445769903652492,0.07762203595481508
Rg norm w/0.5,buffer regr out,Inliers,ProtBERT,20,Lasso,80/20,0.045201389857443486,0.07759666756791064
Rg norm w/0.5,buffer regr out,Inliers,ProtBERT,20,Kernel Ridge,80/20,0.05087568102155815,0.07736574860371216
Rg norm w/0.5,buffer regr out,Inliers,ProtBERT,20,GPR,80/20,0.2119798902586203,0.0704945969520685
Rg norm w/0.5,buffer regr out,Inliers,ProtBERT,20,Linear,85/15,-0.029802860271980203,0.07352529316839626
Rg norm w/0.5,buffer regr out,Inliers,ProtBERT,20,Ridge,85/15,0.04234452689680801,0.07090295989600606
Rg norm w/0.5,buffer regr out,Inliers,ProtBERT,20,Lasso,85/15,0.07493899163798334,0.06968589878874505
Rg norm w/0.5,buffer regr out,Inliers,ProtBERT,20,Kernel Ridge,85/15,0.09843873738285924,0.06879507358666093
Rg norm w/0.5,buffer regr out,Inliers,ProtBERT,20,GPR,85/15,0.151757563665894,0.06672978350879544
Rg norm w/0.5,buffer regr out,Inliers,ProtBERT,20,Linear,90/10,-0.03835305209607154,0.07238045419162766
Rg norm w/0.5,buffer regr out,Inliers,ProtBERT,20,Ridge,90/10,0.057106076306484566,0.06897317222956884
Rg norm w/0.5,buffer regr out,Inliers,ProtBERT,20,Lasso,90/10,0.07408385463872114,0.06834938491132296
Rg norm w/0.5,buffer regr out,Inliers,ProtBERT,20,Kernel Ridge,90/10,0.15319148423278028,0.06536441677896104
Rg norm w/0.5,buffer regr out,Inliers,ProtBERT,20,GPR,90/10,-0.06122053613354672,0.073173125353562
Rg norm w/0.5,buffer regr out,All,ProtBERT,50,Linear,80/20,-0.20004728120100768,0.35600827489896014
Rg norm w/0.5,buffer regr out,All,ProtBERT,50,Ridge,80/20,-0.06969185118184029,0.33611682900320555
Rg norm w/0.5,buffer regr out,All,ProtBERT,50,Lasso,80/20,-0.006328872933867746,0.32600996912270863
Rg norm w/0.5,buffer regr out,All,ProtBERT,50,Kernel Ridge,80/20,-0.029741357367443655,0.32978051491102256
Rg norm w/0.5,buffer regr out,All,ProtBERT,50,GPR,80/20,-0.04279891759471055,0.3318648071877403
Rg norm w/0.5,buffer regr out,All,ProtBERT,50,Linear,85/15,-4.580620622135995,0.18459664218453775
Rg norm w/0.5,buffer regr out,All,ProtBERT,50,Ridge,85/15,-1.8395835931037152,0.13167698568483116
Rg norm w/0.5,buffer regr out,All,ProtBERT,50,Lasso,85/15,-0.2681626456086461,0.08799743747148682
Rg norm w/0.5,buffer regr out,All,ProtBERT,50,Kernel Ridge,85/15,0.20700941999808875,0.06958514896520801
Rg norm w/0.5,buffer regr out,All,ProtBERT,50,GPR,85/15,0.2183423919480154,0.06908612384685786
Rg norm w/0.5,buffer regr out,All,ProtBERT,50,Linear,90/10,-3.0504692433545806,0.1577763525402362
Rg norm w/0.5,buffer regr out,All,ProtBERT,50,Ridge,90/10,-1.3818698037800408,0.12098965875129722
Rg norm w/0.5,buffer regr out,All,ProtBERT,50,Lasso,90/10,-0.3801444611838265,0.09209827923195654
Rg norm w/0.5,buffer regr out,All,ProtBERT,50,Kernel Ridge,90/10,0.2803080856862593,0.06650626434318321
Rg norm w/0.5,buffer regr out,All,ProtBERT,50,GPR,90/10,0.29589317284101024,0.06578221913715862
Rg norm w/0.5,buffer regr out,Inliers,ProtBERT,50,Linear,80/20,0.2182134414392093,0.07021522327460746
Rg norm w/0.5,buffer regr out,Inliers,ProtBERT,50,Ridge,80/20,0.17872039938700346,0.07196688404615603
Rg norm w/0.5,buffer regr out,Inliers,ProtBERT,50,Lasso,80/20,-0.01792500723492174,0.08012076243904215
Rg norm w/0.5,buffer regr out,Inliers,ProtBERT,50,Kernel Ridge,80/20,0.08635557156779783,0.07590594416231183
Rg norm w/0.5,buffer regr out,Inliers,ProtBERT,50,GPR,80/20,0.21178235249413335,0.07050343205179499
Rg norm w/0.5,buffer regr out,Inliers,ProtBERT,50,Linear,85/15,0.23517599528290112,0.06336369182755296
Rg norm w/0.5,buffer regr out,Inliers,ProtBERT,50,Ridge,85/15,0.20381438778821348,0.06464975458289875
Rg norm w/0.5,buffer regr out,Inliers,ProtBERT,50,Lasso,85/15,0.2476509557598343,0.06284480815012472
Rg norm w/0.5,buffer regr out,Inliers,ProtBERT,50,Kernel Ridge,85/15,0.13947024365481342,0.06721135704405536
Rg norm w/0.5,buffer regr out,Inliers,ProtBERT,50,GPR,85/15,0.15144709945325086,0.06674199423622786
Rg norm w/0.5,buffer regr out,Inliers,ProtBERT,50,Linear,90/10,0.14448193606606852,0.06569969812434492
Rg norm w/0.5,buffer regr out,Inliers,ProtBERT,50,Ridge,90/10,0.209427039807478,0.06315674807470893
Rg norm w/0.5,buffer regr out,Inliers,ProtBERT,50,Lasso,90/10,0.31354850727771855,0.0588509813247266
Rg norm w/0.5,buffer regr out,Inliers,ProtBERT,50,Kernel Ridge,90/10,0.3396898954740215,0.05771952570161429
Rg norm w/0.5,buffer regr out,Inliers,ProtBERT,50,GPR,90/10,-0.06168517219991276,0.07318914236008339
Rg norm w/0.5,buffer regr out,All,ProtBERT,100,Linear,80/20,-3.617798976149725,0.6983585032740048
Rg norm w/0.5,buffer regr out,All,ProtBERT,100,Ridge,80/20,-0.06481071208545974,0.3353490803849909
Rg norm w/0.5,buffer regr out,All,ProtBERT,100,Lasso,80/20,-0.006328872933867746,0.32600996912270863
Rg norm w/0.5,buffer regr out,All,ProtBERT,100,Kernel Ridge,80/20,-0.029268170150505313,0.3297047357583946
Rg norm w/0.5,buffer regr out,All,ProtBERT,100,GPR,80/20,-0.042778980377324416,0.3318616347197231
Rg norm w/0.5,buffer regr out,All,ProtBERT,100,Linear,85/15,-66.91781343517806,0.6439829882125437
Rg norm w/0.5,buffer regr out,All,ProtBERT,100,Ridge,85/15,-2.0059037298681464,0.1354784068021104
Rg norm w/0.5,buffer regr out,All,ProtBERT,100,Lasso,85/15,-0.26816264609736806,0.08799743748844296
Rg norm w/0.5,buffer regr out,All,ProtBERT,100,Kernel Ridge,85/15,0.2202384349504929,0.06900228292239462
Rg norm w/0.5,buffer regr out,All,ProtBERT,100,GPR,85/15,0.21703286340889671,0.06914397039622912
Rg norm w/0.5,buffer regr out,All,ProtBERT,100,Linear,90/10,-8.325268033759214,0.23939766173384397
Rg norm w/0.5,buffer regr out,All,ProtBERT,100,Ridge,90/10,-1.4944210721757383,0.12381524626866384
Rg norm w/0.5,buffer regr out,All,ProtBERT,100,Lasso,90/10,-0.3801444619750851,0.09209827925835724
Rg norm w/0.5,buffer regr out,All,ProtBERT,100,Kernel Ridge,90/10,0.30125202336655754,0.06553141175313579
Rg norm w/0.5,buffer regr out,All,ProtBERT,100,GPR,90/10,0.29360779696830197,0.06588888995610624
Rg norm w/0.5,buffer regr out,Inliers,ProtBERT,100,Linear,80/20,-5.5479529130303,0.2032076041208639
Rg norm w/0.5,buffer regr out,Inliers,ProtBERT,100,Ridge,80/20,0.15981326344697755,0.07279056531079338
Rg norm w/0.5,buffer regr out,Inliers,ProtBERT,100,Lasso,80/20,0.22905362310507682,0.06972672502985089
Rg norm w/0.5,buffer regr out,Inliers,ProtBERT,100,Kernel Ridge,80/20,0.08461351044637067,0.07597827526700535
Rg norm w/0.5,buffer regr out,Inliers,ProtBERT,100,GPR,80/20,0.2119838516624909,0.07049441976247858
Rg norm w/0.5,buffer regr out,Inliers,ProtBERT,100,Linear,85/15,-8.967633108866591,0.22874717536161837
Rg norm w/0.5,buffer regr out,Inliers,ProtBERT,100,Ridge,85/15,0.1377035245493443,0.06728031613772922
Rg norm w/0.5,buffer regr out,Inliers,ProtBERT,100,Lasso,85/15,0.23239682897668001,0.06347871080758831
Rg norm w/0.5,buffer regr out,Inliers,ProtBERT,100,Kernel Ridge,85/15,0.14330394291514814,0.067061475096488
Rg norm w/0.5,buffer regr out,Inliers,ProtBERT,100,GPR,85/15,0.15176027817024718,0.06672967673599972
Rg norm w/0.5,buffer regr out,Inliers,ProtBERT,100,Linear,90/10,-11.459070795478942,0.2507215181914674
Rg norm w/0.5,buffer regr out,Inliers,ProtBERT,100,Ridge,90/10,0.12199268451545897,0.06655763003476155
Rg norm w/0.5,buffer regr out,Inliers,ProtBERT,100,Lasso,90/10,0.2491579213085704,0.061549295142492876
Rg norm w/0.5,buffer regr out,Inliers,ProtBERT,100,Kernel Ridge,90/10,0.1226956985289428,0.06653097859585162
Rg norm w/0.5,buffer regr out,Inliers,ProtBERT,100,GPR,90/10,-0.06122991638566355,0.07317344874574293
Rg norm w/0.5,buffer regr out,All,ProtBERT,190,Linear,80/20,-0.3625094502665378,0.3793417781103231
Rg norm w/0.5,buffer regr out,All,ProtBERT,190,Ridge,80/20,-0.062149714113471255,0.3349297939231557
Rg norm w/0.5,buffer regr out,All,ProtBERT,190,Lasso,80/20,-0.006328872933867746,0.32600996912270863
Rg norm w/0.5,buffer regr out,All,ProtBERT,190,Kernel Ridge,80/20,-0.03719683348738445,0.33097219109804393
Rg norm w/0.5,buffer regr out,All,ProtBERT,190,GPR,80/20,-0.041573420390979,0.3316697461146524
Rg norm w/0.5,buffer regr out,All,ProtBERT,190,Linear,85/15,-21.638802533388574,0.37179990358373755
Rg norm w/0.5,buffer regr out,All,ProtBERT,190,Ridge,85/15,-1.9314283489307913,0.13378954872727705
Rg norm w/0.5,buffer regr out,All,ProtBERT,190,Lasso,85/15,-0.26816264609670815,0.08799743748842005
Rg norm w/0.5,buffer regr out,All,ProtBERT,190,Kernel Ridge,85/15,0.21727087384507981,0.06913346022495591
Rg norm w/0.5,buffer regr out,All,ProtBERT,190,GPR,85/15,0.22305684576395857,0.06887746731264655
Rg norm w/0.5,buffer regr out,All,ProtBERT,190,Linear,90/10,-15.805593017303202,0.32137801460974535
Rg norm w/0.5,buffer regr out,All,ProtBERT,190,Ridge,90/10,-1.4296225354979568,0.12219646600921791
Rg norm w/0.5,buffer regr out,All,ProtBERT,190,Lasso,90/10,-0.3801444619745449,0.09209827925833922
Rg norm w/0.5,buffer regr out,All,ProtBERT,190,Kernel Ridge,90/10,0.2964308276833103,0.06575709874233183
Rg norm w/0.5,buffer regr out,All,ProtBERT,190,GPR,90/10,0.30488379102609775,0.0653608889589056
Rg norm w/0.5,buffer regr out,Inliers,ProtBERT,190,Linear,80/20,-0.664079919223729,0.10244110903390576
Rg norm w/0.5,buffer regr out,Inliers,ProtBERT,190,Ridge,80/20,0.17892580218107879,0.07195788399098056
Rg norm w/0.5,buffer regr out,Inliers,ProtBERT,190,Lasso,80/20,0.22904545103986584,0.06972709458203438
Rg norm w/0.5,buffer regr out,Inliers,ProtBERT,190,Kernel Ridge,80/20,0.08645981134432512,0.07590161389765435
Rg norm w/0.5,buffer regr out,Inliers,ProtBERT,190,GPR,80/20,0.21545818958955354,0.07033884427318991
Rg norm w/0.5,buffer regr out,Inliers,ProtBERT,190,Linear,85/15,-1.2723682534504324,0.10921922099420221
Rg norm w/0.5,buffer regr out,Inliers,ProtBERT,190,Ridge,85/15,0.1628842275760497,0.06629068097211153
Rg norm w/0.5,buffer regr out,Inliers,ProtBERT,190,Lasso,85/15,0.2324599893135667,0.06347609915915518
Rg norm w/0.5,buffer regr out,Inliers,ProtBERT,190,Kernel Ridge,85/15,0.18796275189803302,0.06529015405754338
Rg norm w/0.5,buffer regr out,Inliers,ProtBERT,190,GPR,85/15,0.15671821399058927,0.06653437445076522
Rg norm w/0.5,buffer regr out,Inliers,ProtBERT,190,Linear,90/10,-1.734053528936074,0.11744980192878951
Rg norm w/0.5,buffer regr out,Inliers,ProtBERT,190,Ridge,90/10,0.16637950004881585,0.06485343372060583
Rg norm w/0.5,buffer regr out,Inliers,ProtBERT,190,Lasso,90/10,0.24925439864307963,0.06154534071394705
Rg norm w/0.5,buffer regr out,Inliers,ProtBERT,190,Kernel Ridge,90/10,0.19629533398145804,0.06367911616194322
Rg norm w/0.5,buffer regr out,Inliers,ProtBERT,190,GPR,90/10,-0.054176193936158246,0.07292986075245737
Rg norm w/0.418,buffer regr out,All,ProtBERT,10,Linear,80/20,-0.04073774456995993,0.4831480234288726
Rg norm w/0.418,buffer regr out,All,ProtBERT,10,Ridge,80/20,-0.03508862529784573,0.48183497667426367
Rg norm w/0.418,buffer regr out,All,ProtBERT,10,Lasso,80/20,-0.0037825964439410775,0.47449253610789677
Rg norm w/0.418,buffer regr out,All,ProtBERT,10,Kernel Ridge,80/20,-0.009216491652700665,0.47577511598558175
Rg norm w/0.418,buffer regr out,All,ProtBERT,10,GPR,80/20,-0.042331425880652196,0.4835178041136246
Rg norm w/0.418,buffer regr out,All,ProtBERT,10,Linear,85/15,-1.9104588082372098,0.19546049833540652
Rg norm w/0.418,buffer regr out,All,ProtBERT,10,Ridge,85/15,-1.5531471269200599,0.18306958379154517
Rg norm w/0.418,buffer regr out,All,ProtBERT,10,Lasso,85/15,-0.5666175488073135,0.14340350513337044
Rg norm w/0.418,buffer regr out,All,ProtBERT,10,Kernel Ridge,85/15,0.22853953044128583,0.10063177006203769
Rg norm w/0.418,buffer regr out,All,ProtBERT,10,GPR,85/15,0.23348544590464748,0.10030867086074893
Rg norm w/0.418,buffer regr out,All,ProtBERT,10,Linear,90/10,-1.4788245165087979,0.18013903457991137
Rg norm w/0.418,buffer regr out,All,ProtBERT,10,Ridge,90/10,-1.3006488987949587,0.1735442035299954
Rg norm w/0.418,buffer regr out,All,ProtBERT,10,Lasso,90/10,-0.7514274713743188,0.1514192247020678
Rg norm w/0.418,buffer regr out,All,ProtBERT,10,Kernel Ridge,90/10,0.2959329723632723,0.0960045779179623
Rg norm w/0.418,buffer regr out,All,ProtBERT,10,GPR,90/10,0.31063057405928174,0.09499723144198055
Rg norm w/0.418,buffer regr out,Inliers,ProtBERT,10,Linear,80/20,-0.11047310439868263,0.11752832688379491
Rg norm w/0.418,buffer regr out,Inliers,ProtBERT,10,Ridge,80/20,-0.09561744037237307,0.11673954596237966
Rg norm w/0.418,buffer regr out,Inliers,ProtBERT,10,Lasso,80/20,-0.06600580416422863,0.11515115968653485
Rg norm w/0.418,buffer regr out,Inliers,ProtBERT,10,Kernel Ridge,80/20,-0.06015990123624104,0.11483498507825815
Rg norm w/0.418,buffer regr out,Inliers,ProtBERT,10,GPR,80/20,0.15163626112675133,0.10272581136322338
Rg norm w/0.418,buffer regr out,Inliers,ProtBERT,10,Linear,85/15,-0.029050170871294023,0.10114777744519676
Rg norm w/0.418,buffer regr out,Inliers,ProtBERT,10,Ridge,85/15,-0.021648762784827635,0.10078337005443996
Rg norm w/0.418,buffer regr out,Inliers,ProtBERT,10,Lasso,85/15,-0.05343219787196807,0.10233904593734396
Rg norm w/0.418,buffer regr out,Inliers,ProtBERT,10,Kernel Ridge,85/15,0.009513743007417919,0.0992344111111922
Rg norm w/0.418,buffer regr out,Inliers,ProtBERT,10,GPR,85/15,0.12241105482726078,0.09340790716829844
Rg norm w/0.418,buffer regr out,Inliers,ProtBERT,10,Linear,90/10,-0.024097005163480567,0.10217405156358607
Rg norm w/0.418,buffer regr out,Inliers,ProtBERT,10,Ridge,90/10,-0.008269420992504273,0.10138141885931984
Rg norm w/0.418,buffer regr out,Inliers,ProtBERT,10,Lasso,90/10,-0.0219118982031965,0.1020649894093319
Rg norm w/0.418,buffer regr out,Inliers,ProtBERT,10,Kernel Ridge,90/10,0.04504234715987576,0.09866477360527967
Rg norm w/0.418,buffer regr out,Inliers,ProtBERT,10,GPR,90/10,-0.08723879424972392,0.10527676642284409
Rg norm w/0.418,buffer regr out,All,ProtBERT,20,Linear,80/20,-0.09310719846719451,0.49515472948191575
Rg norm w/0.418,buffer regr out,All,ProtBERT,20,Ridge,80/20,-0.049059082833966317,0.4850757106177246
Rg norm w/0.418,buffer regr out,All,ProtBERT,20,Lasso,80/20,-0.0037825964439410775,0.47449253610789677
Rg norm w/0.418,buffer regr out,All,ProtBERT,20,Kernel Ridge,80/20,-0.020802103758693846,0.478498226710871
Rg norm w/0.418,buffer regr out,All,ProtBERT,20,GPR,80/20,-0.04211888466321634,0.48346850467798713
Rg norm w/0.418,buffer regr out,All,ProtBERT,20,Linear,85/15,-2.083687385807753,0.20119326813613603
Rg norm w/0.418,buffer regr out,All,ProtBERT,20,Ridge,85/15,-1.4998782325641082,0.18114973399352935
Rg norm w/0.418,buffer regr out,All,ProtBERT,20,Lasso,85/15,-0.5666175629705454,0.1434035057816005
Rg norm w/0.418,buffer regr out,All,ProtBERT,20,Kernel Ridge,85/15,0.22795879213999393,0.10066963961687918
Rg norm w/0.418,buffer regr out,All,ProtBERT,20,GPR,85/15,0.23153577751588816,0.10043615992268692
Rg norm w/0.418,buffer regr out,All,ProtBERT,20,Linear,90/10,-1.9234420443183522,0.19562852650217613
Rg norm w/0.418,buffer regr out,All,ProtBERT,20,Ridge,90/10,-1.4249486451123632,0.17817066966191564
Rg norm w/0.418,buffer regr out,All,ProtBERT,20,Lasso,90/10,-0.7514278727375487,0.15141924205194573
Rg norm w/0.418,buffer regr out,All,ProtBERT,20,Kernel Ridge,90/10,0.29455331146047214,0.09609859520126261
Rg norm w/0.418,buffer regr out,All,ProtBERT,20,GPR,90/10,0.29899623505947803,0.09579550136138046
Rg norm w/0.418,buffer regr out,Inliers,ProtBERT,20,Linear,80/20,-0.08390439284156148,0.11611384849776812
Rg norm w/0.418,buffer regr out,Inliers,ProtBERT,20,Ridge,80/20,-0.03837847692543983,0.11364919667287532
Rg norm w/0.418,buffer regr out,Inliers,ProtBERT,20,Lasso,80/20,-0.03217280335035455,0.1133090862406391
Rg norm w/0.418,buffer regr out,Inliers,ProtBERT,20,Kernel Ridge,80/20,-0.01010384752250526,0.112091206594594
Rg norm w/0.418,buffer regr out,Inliers,ProtBERT,20,GPR,80/20,0.1523280990523731,0.10268391653429818
Rg norm w/0.418,buffer regr out,Inliers,ProtBERT,20,Linear,85/15,-0.12804648572181043,0.10590136750605457
Rg norm w/0.418,buffer regr out,Inliers,ProtBERT,20,Ridge,85/15,-0.0582863487848857,0.10257456096076435
Rg norm w/0.418,buffer regr out,Inliers,ProtBERT,20,Lasso,85/15,-0.05718527721848621,0.10252118631176654
Rg norm w/0.418,buffer regr out,Inliers,ProtBERT,20,Kernel Ridge,85/15,0.0249602651412395,0.09845759586590666
Rg norm w/0.418,buffer regr out,Inliers,ProtBERT,20,GPR,85/15,0.1235193716256403,0.09334890559373812
Rg norm w/0.418,buffer regr out,Inliers,ProtBERT,20,Linear,90/10,-0.16735053882149464,0.10908642545988194
Rg norm w/0.418,buffer regr out,Inliers,ProtBERT,20,Ridge,90/10,-0.08735076750505466,0.10528218743928168
Rg norm w/0.418,buffer regr out,Inliers,ProtBERT,20,Lasso,90/10,-0.0654793186922582,0.10421796270591234
Rg norm w/0.418,buffer regr out,Inliers,ProtBERT,20,Kernel Ridge,90/10,0.03411879274107499,0.09922747155765986
Rg norm w/0.418,buffer regr out,Inliers,ProtBERT,20,GPR,90/10,-0.08575600530630556,0.10520495308880433
Rg norm w/0.418,buffer regr out,All,ProtBERT,50,Linear,80/20,-0.24420270979826242,0.5282689997655967
Rg norm w/0.418,buffer regr out,All,ProtBERT,50,Ridge,80/20,-0.09075752966999473,0.4946222677479857
Rg norm w/0.418,buffer regr out,All,ProtBERT,50,Lasso,80/20,-0.0037825964439410775,0.47449253610789677
Rg norm w/0.418,buffer regr out,All,ProtBERT,50,Kernel Ridge,80/20,-0.028370746631564803,0.4802688412011627
Rg norm w/0.418,buffer regr out,All,ProtBERT,50,GPR,80/20,-0.04210425294879583,0.48346511063243897
Rg norm w/0.418,buffer regr out,All,ProtBERT,50,Linear,85/15,-5.2001551414997245,0.28528540331615343
Rg norm w/0.418,buffer regr out,All,ProtBERT,50,Ridge,85/15,-2.068023312040991,0.2006816211793735
Rg norm w/0.418,buffer regr out,All,ProtBERT,50,Lasso,85/15,-0.5666175481514502,0.14340350510335256
Rg norm w/0.418,buffer regr out,All,ProtBERT,50,Kernel Ridge,85/15,0.23852252576180566,0.0999785430155656
Rg norm w/0.418,buffer regr out,All,ProtBERT,50,GPR,85/15,0.2315070744705935,0.10043803560970294
Rg norm w/0.418,buffer regr out,All,ProtBERT,50,Linear,90/10,-3.4440135071605527,0.24119740145536972
Rg norm w/0.418,buffer regr out,All,ProtBERT,50,Ridge,90/10,-1.608869437047875,0.18480389144771125
Rg norm w/0.418,buffer regr out,All,ProtBERT,50,Lasso,90/10,-0.7514274804942307,0.15141922509629768
Rg norm w/0.418,buffer regr out,All,ProtBERT,50,Kernel Ridge,90/10,0.320824395278122,0.0942922455594623
Rg norm w/0.418,buffer regr out,All,ProtBERT,50,GPR,90/10,0.2993679966607201,0.09577009649648377
Rg norm w/0.418,buffer regr out,Inliers,ProtBERT,50,Linear,80/20,0.05831930205079228,0.10822818260451329
Rg norm w/0.418,buffer regr out,Inliers,ProtBERT,50,Ridge,80/20,0.07354761619639572,0.10734951409367854
Rg norm w/0.418,buffer regr out,Inliers,ProtBERT,50,Lasso,80/20,-0.03224351454411534,0.1133129674141728
Rg norm w/0.418,buffer regr out,Inliers,ProtBERT,50,Kernel Ridge,80/20,0.02213922762795162,0.11028769081792059
Rg norm w/0.418,buffer regr out,Inliers,ProtBERT,50,GPR,80/20,0.15201541305880317,0.10270285361480205
Rg norm w/0.418,buffer regr out,Inliers,ProtBERT,50,Linear,85/15,0.0415390569945312,0.09761696026584495
Rg norm w/0.418,buffer regr out,Inliers,ProtBERT,50,Ridge,85/15,0.08423924146343853,0.09541773090149895
Rg norm w/0.418,buffer regr out,Inliers,ProtBERT,50,Lasso,85/15,-0.02097992897306944,0.10075037517211637
Rg norm w/0.418,buffer regr out,Inliers,ProtBERT,50,Kernel Ridge,85/15,0.06429223710032972,0.09645132230758643
Rg norm w/0.418,buffer regr out,Inliers,ProtBERT,50,GPR,85/15,0.12301069302027456,0.09337598987944488
Rg norm w/0.418,buffer regr out,Inliers,ProtBERT,50,Linear,90/10,-0.038274480784124876,0.10287886324924647
Rg norm w/0.418,buffer regr out,Inliers,ProtBERT,50,Ridge,90/10,0.07112788903389977,0.09730788400297465
Rg norm w/0.418,buffer regr out,Inliers,ProtBERT,50,Lasso,90/10,-0.0656552122449845,0.10422656470827386
Rg norm w/0.418,buffer regr out,Inliers,ProtBERT,50,Kernel Ridge,90/10,0.08127609287038151,0.09677486538361196
Rg norm w/0.418,buffer regr out,Inliers,ProtBERT,50,GPR,90/10,-0.08645387482772082,0.10523875789215226
Rg norm w/0.418,buffer regr out,All,ProtBERT,100,Linear,80/20,-3.9154060197962623,1.0499998884855783
Rg norm w/0.418,buffer regr out,All,ProtBERT,100,Ridge,80/20,-0.08361585127003157,0.4930003517024477
Rg norm w/0.418,buffer regr out,All,ProtBERT,100,Lasso,80/20,-0.0037825964439410775,0.47449253610789677
Rg norm w/0.418,buffer regr out,All,ProtBERT,100,Kernel Ridge,80/20,-0.027125227066899127,0.4799779123344747
Rg norm w/0.418,buffer regr out,All,ProtBERT,100,GPR,80/20,-0.04208779626475523,0.48346129322935344
Rg norm w/0.418,buffer regr out,All,ProtBERT,100,Linear,85/15,-73.27167152349286,0.9873926092988637
Rg norm w/0.418,buffer regr out,All,ProtBERT,100,Ridge,85/15,-2.2348513827861134,0.20606557230451533
Rg norm w/0.418,buffer regr out,All,ProtBERT,100,Lasso,85/15,-0.5666175493486325,0.14340350515814582
Rg norm w/0.418,buffer regr out,All,ProtBERT,100,Kernel Ridge,85/15,0.23640809584574984,0.10011725432578188
Rg norm w/0.418,buffer regr out,All,ProtBERT,100,GPR,85/15,0.2327798358607337,0.10035482949141174
Rg norm w/0.418,buffer regr out,All,ProtBERT,100,Linear,90/10,-8.877524914111794,0.3595911597044891
Rg norm w/0.418,buffer regr out,All,ProtBERT,100,Ridge,90/10,-1.7237295455348178,0.18882823354029876
Rg norm w/0.418,buffer regr out,All,ProtBERT,100,Lasso,90/10,-0.7514274811104413,0.15141922512293482
Rg norm w/0.418,buffer regr out,All,ProtBERT,100,Kernel Ridge,90/10,0.31023238350783144,0.09502466342384787
Rg norm w/0.418,buffer regr out,All,ProtBERT,100,GPR,90/10,0.3008666977043223,0.09566761218184519
Rg norm w/0.418,buffer regr out,Inliers,ProtBERT,100,Linear,80/20,-6.090976478863491,0.29698981363235705
Rg norm w/0.418,buffer regr out,Inliers,ProtBERT,100,Ridge,80/20,0.05324233641950693,0.10851954046704887
Rg norm w/0.418,buffer regr out,Inliers,ProtBERT,100,Lasso,80/20,0.07939523684422933,0.1070101912465124
Rg norm w/0.418,buffer regr out,Inliers,ProtBERT,100,Kernel Ridge,80/20,0.021006857394705536,0.1103515293355002
Rg norm w/0.418,buffer regr out,Inliers,ProtBERT,100,GPR,80/20,0.15228286333645435,0.10268665634347716
Rg norm w/0.418,buffer regr out,Inliers,ProtBERT,100,Linear,85/15,-10.20507399249346,0.33376856699010005
Rg norm w/0.418,buffer regr out,Inliers,ProtBERT,100,Ridge,85/15,0.0127737532649701,0.09907097026341144
Rg norm w/0.418,buffer regr out,Inliers,ProtBERT,100,Lasso,85/15,0.013048962391992824,0.09905716029037971
Rg norm w/0.418,buffer regr out,Inliers,ProtBERT,100,Kernel Ridge,85/15,0.0568185562848611,0.0968357440042952
Rg norm w/0.418,buffer regr out,Inliers,ProtBERT,100,GPR,85/15,0.1234412075628939,0.09335306790309787
Rg norm w/0.418,buffer regr out,Inliers,ProtBERT,100,Linear,90/10,-11.801015211998314,0.3612370390345615
Rg norm w/0.418,buffer regr out,Inliers,ProtBERT,100,Ridge,90/10,-0.025827352686098592,0.10226033342888183
Rg norm w/0.418,buffer regr out,Inliers,ProtBERT,100,Lasso,90/10,-0.06677086813208089,0.10428110888019217
Rg norm w/0.418,buffer regr out,Inliers,ProtBERT,100,Kernel Ridge,90/10,-0.027998214272892286,0.10236847819003242
Rg norm w/0.418,buffer regr out,Inliers,ProtBERT,100,GPR,90/10,-0.08588135701414856,0.10521102592647201
Rg norm w/0.418,buffer regr out,All,ProtBERT,190,Linear,80/20,-0.4096402936342478,0.5622943336630862
Rg norm w/0.418,buffer regr out,All,ProtBERT,190,Ridge,80/20,-0.08092180536052385,0.49238713064434864
Rg norm w/0.418,buffer regr out,All,ProtBERT,190,Lasso,80/20,-0.0037825964439410775,0.47449253610789677
Rg norm w/0.418,buffer regr out,All,ProtBERT,190,Kernel Ridge,80/20,-0.03651569474840777,0.4821670135261835
Rg norm w/0.418,buffer regr out,All,ProtBERT,190,GPR,80/20,-0.04132707217494902,0.48328479764133975
Rg norm w/0.418,buffer regr out,All,ProtBERT,190,Linear,85/15,-22.26115457258677,0.552578402788417
Rg norm w/0.418,buffer regr out,All,ProtBERT,190,Ridge,85/15,-2.1538298075934987,0.20346860141691792
Rg norm w/0.418,buffer regr out,All,ProtBERT,190,Lasso,85/15,-0.5666175493476024,0.14340350515809866
Rg norm w/0.418,buffer regr out,All,ProtBERT,190,Kernel Ridge,85/15,0.23497583651711051,0.10021110464895314
Rg norm w/0.418,buffer regr out,All,ProtBERT,190,GPR,85/15,0.2368584992627769,0.10008772297225482
Rg norm w/0.418,buffer regr out,All,ProtBERT,190,Linear,90/10,-16.624795121308875,0.48033803611813
Rg norm w/0.418,buffer regr out,All,ProtBERT,190,Ridge,90/10,-1.655490433279883,0.18644782009675248
Rg norm w/0.418,buffer regr out,All,ProtBERT,190,Lasso,90/10,-0.7514274811091457,0.15141922512287884
Rg norm w/0.418,buffer regr out,All,ProtBERT,190,Kernel Ridge,90/10,0.30673121950328774,0.09526552412133328
Rg norm w/0.418,buffer regr out,All,ProtBERT,190,GPR,90/10,0.30999999404725986,0.0950406694453596
Rg norm w/0.418,buffer regr out,Inliers,ProtBERT,190,Linear,80/20,-0.942626781092119,0.15544731222877275
Rg norm w/0.418,buffer regr out,Inliers,ProtBERT,190,Ridge,80/20,0.07486561239340339,0.10727312775684833
Rg norm w/0.418,buffer regr out,Inliers,ProtBERT,190,Lasso,80/20,0.08070321121513602,0.10693414539933292
Rg norm w/0.418,buffer regr out,Inliers,ProtBERT,190,Kernel Ridge,80/20,0.02337788871653146,0.11021781770137148
Rg norm w/0.418,buffer regr out,Inliers,ProtBERT,190,GPR,80/20,0.15571170227311082,0.10247877286979379
Rg norm w/0.418,buffer regr out,Inliers,ProtBERT,190,Linear,85/15,-1.738757228443164,0.1650117378480314
Rg norm w/0.418,buffer regr out,Inliers,ProtBERT,190,Ridge,85/15,0.04292461728888619,0.09754637674247028
Rg norm w/0.418,buffer regr out,Inliers,ProtBERT,190,Lasso,85/15,0.0035943920898872106,0.09953049210172832
Rg norm w/0.418,buffer regr out,Inliers,ProtBERT,190,Kernel Ridge,85/15,0.05962896681517238,0.09669136498263681
Rg norm w/0.418,buffer regr out,Inliers,ProtBERT,190,GPR,85/15,0.12887667269042458,0.09306318066985081
Rg norm w/0.418,buffer regr out,Inliers,ProtBERT,190,Linear,90/10,-2.222409210176525,0.18124265357703653
Rg norm w/0.418,buffer regr out,Inliers,ProtBERT,190,Ridge,90/10,0.02243176673262537,0.09982598570361517
Rg norm w/0.418,buffer regr out,Inliers,ProtBERT,190,Lasso,90/10,-0.07050718898935404,0.10446356939078423
Rg norm w/0.418,buffer regr out,Inliers,ProtBERT,190,Kernel Ridge,90/10,0.052810509773858594,0.09826265679571645
Rg norm w/0.418,buffer regr out,Inliers,ProtBERT,190,GPR,90/10,-0.07856409169239997,0.10485594187213708
Rg w/no norm,expr pH only regr out,All,ProtBERT,10,Linear,80/20,-0.05480695283509385,4.174437349884256
Rg w/no norm,expr pH only regr out,All,ProtBERT,10,Ridge,80/20,-0.04010490072596351,4.145243308977355
Rg w/no norm,expr pH only regr out,All,ProtBERT,10,Lasso,80/20,-0.027662168019160438,4.120374018896355
Rg w/no norm,expr pH only regr out,All,ProtBERT,10,Kernel Ridge,80/20,-0.05067886457244253,4.166260811484723
Rg w/no norm,expr pH only regr out,All,ProtBERT,10,GPR,80/20,-0.15166254239132027,4.361883645665203
Rg w/no norm,expr pH only regr out,All,ProtBERT,10,Linear,85/15,0.13408254445852064,2.815049058193418
Rg w/no norm,expr pH only regr out,All,ProtBERT,10,Ridge,85/15,0.12814634851805762,2.8246816974826716
Rg w/no norm,expr pH only regr out,All,ProtBERT,10,Lasso,85/15,-0.023645236393671443,3.060711923627278
Rg w/no norm,expr pH only regr out,All,ProtBERT,10,Kernel Ridge,85/15,0.3464001984472893,2.4457027752786287
Rg w/no norm,expr pH only regr out,All,ProtBERT,10,GPR,85/15,0.2676688837849597,2.588817670053855
Rg w/no norm,expr pH only regr out,All,ProtBERT,10,Linear,90/10,0.17102412523967836,2.810564878946659
Rg w/no norm,expr pH only regr out,All,ProtBERT,10,Ridge,90/10,0.16638747638283125,2.8184139801328314
Rg w/no norm,expr pH only regr out,All,ProtBERT,10,Lasso,90/10,-0.02871080996738029,3.1309008960765006
Rg w/no norm,expr pH only regr out,All,ProtBERT,10,Kernel Ridge,90/10,0.3456109214250557,2.4971273447502007
Rg w/no norm,expr pH only regr out,All,ProtBERT,10,GPR,90/10,0.2964762561196863,2.5891788384804393
Rg w/no norm,expr pH only regr out,Inliers,ProtBERT,10,Linear,80/20,0.1804656347596818,1.900697452964166
Rg w/no norm,expr pH only regr out,Inliers,ProtBERT,10,Ridge,80/20,0.1851574212872752,1.8952489525546254
Rg w/no norm,expr pH only regr out,Inliers,ProtBERT,10,Lasso,80/20,0.17803985162177072,1.9035083619500544
Rg w/no norm,expr pH only regr out,Inliers,ProtBERT,10,Kernel Ridge,80/20,0.43664599592750597,1.5758689581048853
Rg w/no norm,expr pH only regr out,Inliers,ProtBERT,10,GPR,80/20,0.19219311617972068,1.8870490239057092
Rg w/no norm,expr pH only regr out,Inliers,ProtBERT,10,Linear,85/15,0.2291395579605915,1.9744545082266045
Rg w/no norm,expr pH only regr out,Inliers,ProtBERT,10,Ridge,85/15,0.22114884987479377,1.9846616823215866
Rg w/no norm,expr pH only regr out,Inliers,ProtBERT,10,Lasso,85/15,0.22063475805293187,1.985316576411299
Rg w/no norm,expr pH only regr out,Inliers,ProtBERT,10,Kernel Ridge,85/15,0.4890679908904576,1.6074623431738448
Rg w/no norm,expr pH only regr out,Inliers,ProtBERT,10,GPR,85/15,0.2739032725200664,1.916269078767171
Rg w/no norm,expr pH only regr out,Inliers,ProtBERT,10,Linear,90/10,0.10812328494132506,2.0582793581374954
Rg w/no norm,expr pH only regr out,Inliers,ProtBERT,10,Ridge,90/10,0.1199349906245154,2.044604361762104
Rg w/no norm,expr pH only regr out,Inliers,ProtBERT,10,Lasso,90/10,0.06712185412125904,2.105059449909636
Rg w/no norm,expr pH only regr out,Inliers,ProtBERT,10,Kernel Ridge,90/10,0.4063991457343309,1.6791873910939934
Rg w/no norm,expr pH only regr out,Inliers,ProtBERT,10,GPR,90/10,0.027068634804435554,2.149774999558494
Rg w/no norm,expr pH only regr out,All,ProtBERT,20,Linear,80/20,-0.12708326788629964,4.315086012116186
Rg w/no norm,expr pH only regr out,All,ProtBERT,20,Ridge,80/20,-0.02703445032395213,4.119115421058735
Rg w/no norm,expr pH only regr out,All,ProtBERT,20,Lasso,80/20,-0.042054571839957866,4.14912660831016
Rg w/no norm,expr pH only regr out,All,ProtBERT,20,Kernel Ridge,80/20,0.047333760876585584,3.967179426214942
Rg w/no norm,expr pH only regr out,All,ProtBERT,20,GPR,80/20,-0.09047503706810112,4.244429455078798
Rg w/no norm,expr pH only regr out,All,ProtBERT,20,Linear,85/15,0.08751731539104346,2.8897484305082393
Rg w/no norm,expr pH only regr out,All,ProtBERT,20,Ridge,85/15,0.17243684535757042,2.751999139501404
Rg w/no norm,expr pH only regr out,All,ProtBERT,20,Lasso,85/15,0.16264264200111678,2.7682361834565277
Rg w/no norm,expr pH only regr out,All,ProtBERT,20,Kernel Ridge,85/15,0.19744863560362091,2.710092655511295
Rg w/no norm,expr pH only regr out,All,ProtBERT,20,GPR,85/15,0.14050778293611732,2.804585567007237
Rg w/no norm,expr pH only regr out,All,ProtBERT,20,Linear,90/10,0.2165551714014725,2.7322905384695586
Rg w/no norm,expr pH only regr out,All,ProtBERT,20,Ridge,90/10,0.22503062859654355,2.7174711267683227
Rg w/no norm,expr pH only regr out,All,ProtBERT,20,Lasso,90/10,0.2142891277256319,2.7362391375608994
Rg w/no norm,expr pH only regr out,All,ProtBERT,20,Kernel Ridge,90/10,0.3298298341075192,2.527058026312518
Rg w/no norm,expr pH only regr out,All,ProtBERT,20,GPR,90/10,0.15052114489458612,2.8451093026178502
Rg w/no norm,expr pH only regr out,Inliers,ProtBERT,20,Linear,80/20,0.33393128200810607,1.7135190093841186
Rg w/no norm,expr pH only regr out,Inliers,ProtBERT,20,Ridge,80/20,0.32071431894429725,1.73043638431989
Rg w/no norm,expr pH only regr out,Inliers,ProtBERT,20,Lasso,80/20,0.32575533036198134,1.7240036021547909
Rg w/no norm,expr pH only regr out,Inliers,ProtBERT,20,Kernel Ridge,80/20,0.43173193611196137,1.5827270795022081
Rg w/no norm,expr pH only regr out,Inliers,ProtBERT,20,GPR,80/20,0.1551456698729191,1.929835651306197
Rg w/no norm,expr pH only regr out,Inliers,ProtBERT,20,Linear,85/15,0.34851977562863756,1.815138927410559
Rg w/no norm,expr pH only regr out,Inliers,ProtBERT,20,Ridge,85/15,0.3318629687941792,1.838196875681905
Rg w/no norm,expr pH only regr out,Inliers,ProtBERT,20,Lasso,85/15,0.3485625245485272,1.815079373414406
Rg w/no norm,expr pH only regr out,Inliers,ProtBERT,20,Kernel Ridge,85/15,0.4526390822540791,1.6637809393604905
Rg w/no norm,expr pH only regr out,Inliers,ProtBERT,20,GPR,85/15,0.24539375163871546,1.95352714637129
Rg w/no norm,expr pH only regr out,Inliers,ProtBERT,20,Linear,90/10,0.20438302119250085,1.944034317559357
Rg w/no norm,expr pH only regr out,Inliers,ProtBERT,20,Ridge,90/10,0.2269508047982134,1.9162645792026665
Rg w/no norm,expr pH only regr out,Inliers,ProtBERT,20,Lasso,90/10,0.22045813985899676,1.9242948891603753
Rg w/no norm,expr pH only regr out,Inliers,ProtBERT,20,Kernel Ridge,90/10,0.358858713721644,1.745133992346736
Rg w/no norm,expr pH only regr out,Inliers,ProtBERT,20,GPR,90/10,0.08979666967402233,2.079318971110628
Rg w/no norm,expr pH only regr out,All,ProtBERT,50,Linear,80/20,-0.12736100697264918,4.315617647292258
Rg w/no norm,expr pH only regr out,All,ProtBERT,50,Ridge,80/20,0.004902311660978764,4.05456544046214
Rg w/no norm,expr pH only regr out,All,ProtBERT,50,Lasso,80/20,-0.023874091512831708,4.112772930451026
Rg w/no norm,expr pH only regr out,All,ProtBERT,50,Kernel Ridge,80/20,0.06768036012900258,3.924586197357238
Rg w/no norm,expr pH only regr out,All,ProtBERT,50,GPR,80/20,-0.029219775939884007,4.123495422683824
Rg w/no norm,expr pH only regr out,All,ProtBERT,50,Linear,85/15,0.01304897659324189,3.0053532152113522
Rg w/no norm,expr pH only regr out,All,ProtBERT,50,Ridge,85/15,0.18038466066397174,2.738752326024943
Rg w/no norm,expr pH only regr out,All,ProtBERT,50,Lasso,85/15,0.0029803661281979643,3.020644220472193
Rg w/no norm,expr pH only regr out,All,ProtBERT,50,Kernel Ridge,85/15,0.24517541486483752,2.628274606276196
Rg w/no norm,expr pH only regr out,All,ProtBERT,50,GPR,85/15,0.2218797333026029,2.668523821436012
Rg w/no norm,expr pH only regr out,All,ProtBERT,50,Linear,90/10,0.172446990199546,2.808151798007304
Rg w/no norm,expr pH only regr out,All,ProtBERT,50,Ridge,90/10,0.18856277958892964,2.7806743546776915
Rg w/no norm,expr pH only regr out,All,ProtBERT,50,Lasso,90/10,0.12923191276993717,2.8805400722462835
Rg w/no norm,expr pH only regr out,All,ProtBERT,50,Kernel Ridge,90/10,0.28909766236865697,2.6027211444041294
Rg w/no norm,expr pH only regr out,All,ProtBERT,50,GPR,90/10,0.2133468869318922,2.7378793233686354
Rg w/no norm,expr pH only regr out,Inliers,ProtBERT,50,Linear,80/20,0.4012197308530884,1.6246624711465423
Rg w/no norm,expr pH only regr out,Inliers,ProtBERT,50,Ridge,80/20,0.4611512406856084,1.5412136674003203
Rg w/no norm,expr pH only regr out,Inliers,ProtBERT,50,Lasso,80/20,0.4491827329397543,1.5582358113774164
Rg w/no norm,expr pH only regr out,Inliers,ProtBERT,50,Kernel Ridge,80/20,0.4763169294628967,1.5193704486308799
Rg w/no norm,expr pH only regr out,Inliers,ProtBERT,50,GPR,80/20,0.2523541148552396,1.8154211123313904
Rg w/no norm,expr pH only regr out,Inliers,ProtBERT,50,Linear,85/15,0.4948757267705566,1.59830026479198
Rg w/no norm,expr pH only regr out,Inliers,ProtBERT,50,Ridge,85/15,0.4815583359801785,1.6192324551797863
Rg w/no norm,expr pH only regr out,Inliers,ProtBERT,50,Lasso,85/15,0.5049472577116012,1.582286006997697
Rg w/no norm,expr pH only regr out,Inliers,ProtBERT,50,Kernel Ridge,85/15,0.5721931456445014,1.470899910049183
Rg w/no norm,expr pH only regr out,Inliers,ProtBERT,50,GPR,85/15,0.3474089069863815,1.8166858063615146
Rg w/no norm,expr pH only regr out,Inliers,ProtBERT,50,Linear,90/10,0.37696056804752887,1.7203217208737343
Rg w/no norm,expr pH only regr out,Inliers,ProtBERT,50,Ridge,90/10,0.3984926934512839,1.6903333472989732
Rg w/no norm,expr pH only regr out,Inliers,ProtBERT,50,Lasso,90/10,0.3606517990533006,1.742691968145312
Rg w/no norm,expr pH only regr out,Inliers,ProtBERT,50,Kernel Ridge,90/10,0.45981606354454374,1.6018532936293328
Rg w/no norm,expr pH only regr out,Inliers,ProtBERT,50,GPR,90/10,0.23157072666789447,1.9105299770257917
Rg w/no norm,expr pH only regr out,All,ProtBERT,100,Linear,80/20,-9.63450535581469,13.254706109946978
Rg w/no norm,expr pH only regr out,All,ProtBERT,100,Ridge,80/20,0.009503811161543196,4.045180080887599
Rg w/no norm,expr pH only regr out,All,ProtBERT,100,Lasso,80/20,-0.023874039814813397,4.112772826618819
Rg w/no norm,expr pH only regr out,All,ProtBERT,100,Kernel Ridge,80/20,0.02712544548819351,4.009035278212919
Rg w/no norm,expr pH only regr out,All,ProtBERT,100,GPR,80/20,-0.12406447044086533,4.309303340502144
Rg w/no norm,expr pH only regr out,All,ProtBERT,100,Linear,85/15,-19.222949257585416,13.60410472886453
Rg w/no norm,expr pH only regr out,All,ProtBERT,100,Ridge,85/15,0.15815418829217565,2.7756455015207284
Rg w/no norm,expr pH only regr out,All,ProtBERT,100,Lasso,85/15,-0.5958776125634668,3.821620093368008
Rg w/no norm,expr pH only regr out,All,ProtBERT,100,Kernel Ridge,85/15,0.25383056411312843,2.613162687599428
Rg w/no norm,expr pH only regr out,All,ProtBERT,100,GPR,85/15,0.19730546061619592,2.7103343846984047
Rg w/no norm,expr pH only regr out,All,ProtBERT,100,Linear,90/10,-0.3046239426378261,3.5258622524113696
Rg w/no norm,expr pH only regr out,All,ProtBERT,100,Ridge,90/10,0.19015647039189898,2.7779423422094927
Rg w/no norm,expr pH only regr out,All,ProtBERT,100,Lasso,90/10,0.10570375300361556,2.9191967928856677
Rg w/no norm,expr pH only regr out,All,ProtBERT,100,Kernel Ridge,90/10,0.29175322485863664,2.597855387898846
Rg w/no norm,expr pH only regr out,All,ProtBERT,100,GPR,90/10,0.21777380668155644,2.730164695435187
Rg w/no norm,expr pH only regr out,Inliers,ProtBERT,100,Linear,80/20,-1.0057020647127835,2.9734635481248155
Rg w/no norm,expr pH only regr out,Inliers,ProtBERT,100,Ridge,80/20,0.47566813549734877,1.5203113356935885
Rg w/no norm,expr pH only regr out,Inliers,ProtBERT,100,Lasso,80/20,0.4737295637432911,1.5231192076659261
Rg w/no norm,expr pH only regr out,Inliers,ProtBERT,100,Kernel Ridge,80/20,0.4630691236629815,1.5384684608417907
Rg w/no norm,expr pH only regr out,Inliers,ProtBERT,100,GPR,80/20,0.29228064655640573,1.766281597236774
Rg w/no norm,expr pH only regr out,Inliers,ProtBERT,100,Linear,85/15,-1.6626232891096921,3.6695610320560257
Rg w/no norm,expr pH only regr out,Inliers,ProtBERT,100,Ridge,85/15,0.5367107982216079,1.5306832896319635
Rg w/no norm,expr pH only regr out,Inliers,ProtBERT,100,Lasso,85/15,0.52120419791411,1.5560889513465919
Rg w/no norm,expr pH only regr out,Inliers,ProtBERT,100,Kernel Ridge,85/15,0.5401876089611835,1.5249288727062131
Rg w/no norm,expr pH only regr out,Inliers,ProtBERT,100,GPR,85/15,0.38092378834877416,1.7694215417746948
Rg w/no norm,expr pH only regr out,Inliers,ProtBERT,100,Linear,90/10,-3.0098819043448435,4.364331161387204
Rg w/no norm,expr pH only regr out,Inliers,ProtBERT,100,Ridge,90/10,0.48883527322325737,1.5582328100266696
Rg w/no norm,expr pH only regr out,Inliers,ProtBERT,100,Lasso,90/10,0.3423220337743067,1.7674964572046155
Rg w/no norm,expr pH only regr out,Inliers,ProtBERT,100,Kernel Ridge,90/10,0.48774429420494736,1.5598947920667336
Rg w/no norm,expr pH only regr out,Inliers,ProtBERT,100,GPR,90/10,0.2774476385532374,1.8526209386993044
Rg w/no norm,expr pH only regr out,All,ProtBERT,190,Linear,80/20,-0.44964240546278855,4.893751335856659
Rg w/no norm,expr pH only regr out,All,ProtBERT,190,Ridge,80/20,0.008894581815967029,4.046423934020763
Rg w/no norm,expr pH only regr out,All,ProtBERT,190,Lasso,80/20,-0.02387403982280034,4.112772826634861
Rg w/no norm,expr pH only regr out,All,ProtBERT,190,Kernel Ridge,80/20,0.028923631746392564,4.00532856888912
Rg w/no norm,expr pH only regr out,All,ProtBERT,190,GPR,80/20,-0.00536930148990078,4.075437766447918
Rg w/no norm,expr pH only regr out,All,ProtBERT,190,Linear,85/15,-2.343588411885745,5.531642774572484
Rg w/no norm,expr pH only regr out,All,ProtBERT,190,Ridge,85/15,-0.0489813237091572,3.098358011592492
Rg w/no norm,expr pH only regr out,All,ProtBERT,190,Lasso,85/15,-0.013003566293050106,3.0447609967886224
Rg w/no norm,expr pH only regr out,All,ProtBERT,190,Kernel Ridge,85/15,0.25031279866553735,2.619315234250515
Rg w/no norm,expr pH only regr out,All,ProtBERT,190,GPR,85/15,0.23239629391559247,2.6504294711426577
Rg w/no norm,expr pH only regr out,All,ProtBERT,190,Linear,90/10,-0.9777383662456485,4.341172951476204
Rg w/no norm,expr pH only regr out,All,ProtBERT,190,Ridge,90/10,0.18676340323600293,2.783755744585832
Rg w/no norm,expr pH only regr out,All,ProtBERT,190,Lasso,90/10,-0.12838499958109306,3.2790747818040566
Rg w/no norm,expr pH only regr out,All,ProtBERT,190,Kernel Ridge,90/10,0.28765921176915765,2.6053530065089285
Rg w/no norm,expr pH only regr out,All,ProtBERT,190,GPR,90/10,0.2458685845970341,2.6806874773724494
Rg w/no norm,expr pH only regr out,Inliers,ProtBERT,190,Linear,80/20,0.07363956533162763,2.0207817309671254
Rg w/no norm,expr pH only regr out,Inliers,ProtBERT,190,Ridge,80/20,0.5031349997618709,1.4799553426265937
Rg w/no norm,expr pH only regr out,Inliers,ProtBERT,190,Lasso,80/20,0.4667961364421629,1.533119656409446
Rg w/no norm,expr pH only regr out,Inliers,ProtBERT,190,Kernel Ridge,80/20,0.4750407311823951,1.5212206498018157
Rg w/no norm,expr pH only regr out,Inliers,ProtBERT,190,GPR,80/20,0.35807667281096023,1.6821742746077568
Rg w/no norm,expr pH only regr out,Inliers,ProtBERT,190,Linear,85/15,0.203514672459973,2.0070035563140984
Rg w/no norm,expr pH only regr out,Inliers,ProtBERT,190,Ridge,85/15,0.5581166498065635,1.4949031985161445
Rg w/no norm,expr pH only regr out,Inliers,ProtBERT,190,Lasso,85/15,0.4174234366797034,1.7164681795352026
Rg w/no norm,expr pH only regr out,Inliers,ProtBERT,190,Kernel Ridge,85/15,0.5583828767845507,1.4944528041718617
Rg w/no norm,expr pH only regr out,Inliers,ProtBERT,190,GPR,85/15,0.3710214180733328,1.7835167016808067
Rg w/no norm,expr pH only regr out,Inliers,ProtBERT,190,Linear,90/10,-0.021612940282058624,2.202901600729406
Rg w/no norm,expr pH only regr out,Inliers,ProtBERT,190,Ridge,90/10,0.48141933746950705,1.569495464337924
Rg w/no norm,expr pH only regr out,Inliers,ProtBERT,190,Lasso,90/10,0.3410248543231057,1.7692386705498997
Rg w/no norm,expr pH only regr out,Inliers,ProtBERT,190,Kernel Ridge,90/10,0.47228069534712114,1.5832642174916185
Rg w/no norm,expr pH only regr out,Inliers,ProtBERT,190,GPR,90/10,0.32483348302332693,1.790842341957827
Rg norm w/0.427,expr pH only regr out,All,ProtBERT,10,Linear,80/20,-0.12399422040816854,0.5118939418631971
Rg norm w/0.427,expr pH only regr out,All,ProtBERT,10,Ridge,80/20,-0.10321069684692374,0.5071392019024327
Rg norm w/0.427,expr pH only regr out,All,ProtBERT,10,Lasso,80/20,-0.008628678850951532,0.48491275411518603
Rg norm w/0.427,expr pH only regr out,All,ProtBERT,10,Kernel Ridge,80/20,-0.16018673453211307,0.5200701150659406
Rg norm w/0.427,expr pH only regr out,All,ProtBERT,10,GPR,80/20,-0.23839195424346937,0.5373125835953655
Rg norm w/0.427,expr pH only regr out,All,ProtBERT,10,Linear,85/15,-0.37475963965301307,0.2726740743673605
Rg norm w/0.427,expr pH only regr out,All,ProtBERT,10,Ridge,85/15,-0.28841300154741356,0.2639720894679921
Rg norm w/0.427,expr pH only regr out,All,ProtBERT,10,Lasso,85/15,-0.016130901185095636,0.23442573703642727
Rg norm w/0.427,expr pH only regr out,All,ProtBERT,10,Kernel Ridge,85/15,0.1513422788647204,0.21423811778862173
Rg norm w/0.427,expr pH only regr out,All,ProtBERT,10,GPR,85/15,0.038073260557619726,0.22808748652731106
Rg norm w/0.427,expr pH only regr out,All,ProtBERT,10,Linear,90/10,-0.39304142974574385,0.23545084973859384
Rg norm w/0.427,expr pH only regr out,All,ProtBERT,10,Ridge,90/10,-0.317531247944318,0.22898060993368963
Rg norm w/0.427,expr pH only regr out,All,ProtBERT,10,Lasso,90/10,-0.07504797648444317,0.2068388758731557
Rg norm w/0.427,expr pH only regr out,All,ProtBERT,10,Kernel Ridge,90/10,0.008549171057938731,0.19863411322968563
Rg norm w/0.427,expr pH only regr out,All,ProtBERT,10,GPR,90/10,-0.1180675597382217,0.21093675913625454
Rg norm w/0.427,expr pH only regr out,Inliers,ProtBERT,10,Linear,80/20,-0.29494299018999537,0.1879675066651399
Rg norm w/0.427,expr pH only regr out,Inliers,ProtBERT,10,Ridge,80/20,-0.20517644984361194,0.1813354750828682
Rg norm w/0.427,expr pH only regr out,Inliers,ProtBERT,10,Lasso,80/20,-0.25006158582733096,0.1846814012029889
Rg norm w/0.427,expr pH only regr out,Inliers,ProtBERT,10,Kernel Ridge,80/20,0.05780561136562168,0.16033476989734438
Rg norm w/0.427,expr pH only regr out,Inliers,ProtBERT,10,GPR,80/20,0.008241191932174874,0.16449794969682616
Rg norm w/0.427,expr pH only regr out,Inliers,ProtBERT,10,Linear,85/15,-0.2683302212285623,0.19128332193015213
Rg norm w/0.427,expr pH only regr out,Inliers,ProtBERT,10,Ridge,85/15,-0.1973068082100884,0.18585046883353828
Rg norm w/0.427,expr pH only regr out,Inliers,ProtBERT,10,Lasso,85/15,-0.2280758609137199,0.18822336462130623
Rg norm w/0.427,expr pH only regr out,Inliers,ProtBERT,10,Kernel Ridge,85/15,0.1957043782950677,0.15232415838973257
Rg norm w/0.427,expr pH only regr out,Inliers,ProtBERT,10,GPR,85/15,0.08309850830686083,0.16263809346884922
Rg norm w/0.427,expr pH only regr out,Inliers,ProtBERT,10,Linear,90/10,-0.24980637490058388,0.19739927556517453
Rg norm w/0.427,expr pH only regr out,Inliers,ProtBERT,10,Ridge,90/10,-0.18833907687480145,0.19248388515101245
Rg norm w/0.427,expr pH only regr out,Inliers,ProtBERT,10,Lasso,90/10,-0.16330517664375455,0.19044563235831097
Rg norm w/0.427,expr pH only regr out,Inliers,ProtBERT,10,Kernel Ridge,90/10,0.24852133134886922,0.15306733305064454
Rg norm w/0.427,expr pH only regr out,Inliers,ProtBERT,10,GPR,90/10,-0.09407898776628043,0.18469218761842207
Rg norm w/0.427,expr pH only regr out,All,ProtBERT,20,Linear,80/20,-0.09921092621039351,0.5062190320747922
Rg norm w/0.427,expr pH only regr out,All,ProtBERT,20,Ridge,80/20,-0.06793897486567202,0.49896624774815035
Rg norm w/0.427,expr pH only regr out,All,ProtBERT,20,Lasso,80/20,-0.008628678850951532,0.48491275411518603
Rg norm w/0.427,expr pH only regr out,All,ProtBERT,20,Kernel Ridge,80/20,-0.040687933026506196,0.4925589447968244
Rg norm w/0.427,expr pH only regr out,All,ProtBERT,20,GPR,80/20,-0.1271932690498856,0.512621886034356
Rg norm w/0.427,expr pH only regr out,All,ProtBERT,20,Linear,85/15,-0.31335482192540076,0.2665149019239543
Rg norm w/0.427,expr pH only regr out,All,ProtBERT,20,Ridge,85/15,-0.19385234539034424,0.25410064603422494
Rg norm w/0.427,expr pH only regr out,All,ProtBERT,20,Lasso,85/15,-0.15188138482401659,0.24959411468243833
Rg norm w/0.427,expr pH only regr out,All,ProtBERT,20,Kernel Ridge,85/15,-0.19636075734516312,0.25436745232992697
Rg norm w/0.427,expr pH only regr out,All,ProtBERT,20,GPR,85/15,-0.1023869758745608,0.24417292039899471
Rg norm w/0.427,expr pH only regr out,All,ProtBERT,20,Linear,90/10,-0.5350866475294382,0.24716370280421004
Rg norm w/0.427,expr pH only regr out,All,ProtBERT,20,Ridge,90/10,-0.34742213799375676,0.23156348926144774
Rg norm w/0.427,expr pH only regr out,All,ProtBERT,20,Lasso,90/10,-0.2989053482535007,0.22735630280117014
Rg norm w/0.427,expr pH only regr out,All,ProtBERT,20,Kernel Ridge,90/10,-0.12087611224467243,0.21120152640600817
Rg norm w/0.427,expr pH only regr out,All,ProtBERT,20,GPR,90/10,-0.25014382837420146,0.22304795016544313
Rg norm w/0.427,expr pH only regr out,Inliers,ProtBERT,20,Linear,80/20,-0.05462336031302306,0.16963136218309433
Rg norm w/0.427,expr pH only regr out,Inliers,ProtBERT,20,Ridge,80/20,-0.022819042957207047,0.16705399220509884
Rg norm w/0.427,expr pH only regr out,Inliers,ProtBERT,20,Lasso,80/20,-0.05143049626191165,0.16937438872210042
Rg norm w/0.427,expr pH only regr out,Inliers,ProtBERT,20,Kernel Ridge,80/20,0.15081562351597477,0.1522153511140435
Rg norm w/0.427,expr pH only regr out,Inliers,ProtBERT,20,GPR,80/20,-0.1000493013171595,0.1732461255569678
Rg norm w/0.427,expr pH only regr out,Inliers,ProtBERT,20,Linear,85/15,-0.03436484238042237,0.17274194700827944
Rg norm w/0.427,expr pH only regr out,Inliers,ProtBERT,20,Ridge,85/15,-0.005935012107139093,0.17035147454137373
Rg norm w/0.427,expr pH only regr out,Inliers,ProtBERT,20,Lasso,85/15,-0.02800509410381613,0.17221007994710644
Rg norm w/0.427,expr pH only regr out,Inliers,ProtBERT,20,Kernel Ridge,85/15,0.21707429470647865,0.1502869293568062
Rg norm w/0.427,expr pH only regr out,Inliers,ProtBERT,20,GPR,85/15,0.003614605313043584,0.16954094964693447
Rg norm w/0.427,expr pH only regr out,Inliers,ProtBERT,20,Linear,90/10,-0.06961729684997997,0.18261581901846283
Rg norm w/0.427,expr pH only regr out,Inliers,ProtBERT,20,Ridge,90/10,-0.03329287941296166,0.17948820115530018
Rg norm w/0.427,expr pH only regr out,Inliers,ProtBERT,20,Lasso,90/10,-0.034670253951451624,0.17960778977892267
Rg norm w/0.427,expr pH only regr out,Inliers,ProtBERT,20,Kernel Ridge,90/10,0.22811856791715712,0.15513131850926218
Rg norm w/0.427,expr pH only regr out,Inliers,ProtBERT,20,GPR,90/10,-0.16498839058945536,0.19058336271393436
Rg norm w/0.427,expr pH only regr out,All,ProtBERT,50,Linear,80/20,-0.19254827057698898,0.5272734870876926
Rg norm w/0.427,expr pH only regr out,All,ProtBERT,50,Ridge,80/20,-0.06832047794252927,0.49905536340260875
Rg norm w/0.427,expr pH only regr out,All,ProtBERT,50,Lasso,80/20,-0.008628678850951532,0.48491275411518603
Rg norm w/0.427,expr pH only regr out,All,ProtBERT,50,Kernel Ridge,80/20,-0.01584637292283486,0.4866446664230177
Rg norm w/0.427,expr pH only regr out,All,ProtBERT,50,GPR,80/20,-0.0886285226954584,0.5037763844740204
Rg norm w/0.427,expr pH only regr out,All,ProtBERT,50,Linear,85/15,-0.877717377901833,0.31867322357576405
Rg norm w/0.427,expr pH only regr out,All,ProtBERT,50,Ridge,85/15,-0.3004186667998532,0.2651991075255924
Rg norm w/0.427,expr pH only regr out,All,ProtBERT,50,Lasso,85/15,-0.1019861771673305,0.24412852896032441
Rg norm w/0.427,expr pH only regr out,All,ProtBERT,50,Kernel Ridge,85/15,-0.058947866945351146,0.23931380430390636
Rg norm w/0.427,expr pH only regr out,All,ProtBERT,50,GPR,85/15,-0.05466772983359647,0.23882967612172815
Rg norm w/0.427,expr pH only regr out,All,ProtBERT,50,Linear,90/10,-1.2862488888551944,0.30163379588196515
Rg norm w/0.427,expr pH only regr out,All,ProtBERT,50,Ridge,90/10,-0.6359404877407986,0.25515377387970567
Rg norm w/0.427,expr pH only regr out,All,ProtBERT,50,Lasso,90/10,-0.07504797648444317,0.2068388758731557
Rg norm w/0.427,expr pH only regr out,All,ProtBERT,50,Kernel Ridge,90/10,-0.18868326121303913,0.2174960226009718
Rg norm w/0.427,expr pH only regr out,All,ProtBERT,50,GPR,90/10,-0.19722576804655345,0.21827614426486
Rg norm w/0.427,expr pH only regr out,Inliers,ProtBERT,50,Linear,80/20,-0.14865999523445894,0.1770325822503497
Rg norm w/0.427,expr pH only regr out,Inliers,ProtBERT,50,Ridge,80/20,0.03870374984345326,0.16195191222687463
Rg norm w/0.427,expr pH only regr out,Inliers,ProtBERT,50,Lasso,80/20,-0.001056327068360341,0.16526721688387616
Rg norm w/0.427,expr pH only regr out,Inliers,ProtBERT,50,Kernel Ridge,80/20,0.24802304110147222,0.14323848634227648
Rg norm w/0.427,expr pH only regr out,Inliers,ProtBERT,50,GPR,80/20,-0.005077184030944926,0.16559879158280208
Rg norm w/0.427,expr pH only regr out,Inliers,ProtBERT,50,Linear,85/15,-0.24142312634986118,0.18924344734928245
Rg norm w/0.427,expr pH only regr out,Inliers,ProtBERT,50,Ridge,85/15,0.029102096653266463,0.16735847760719974
Rg norm w/0.427,expr pH only regr out,Inliers,ProtBERT,50,Lasso,85/15,-0.0334578734464408,0.1726661971703017
Rg norm w/0.427,expr pH only regr out,Inliers,ProtBERT,50,Kernel Ridge,85/15,0.24365169065767778,0.14771406683550553
Rg norm w/0.427,expr pH only regr out,Inliers,ProtBERT,50,GPR,85/15,0.08094636101781139,0.16282885331807526
Rg norm w/0.427,expr pH only regr out,Inliers,ProtBERT,50,Linear,90/10,-0.25737865311171637,0.19799637004092077
Rg norm w/0.427,expr pH only regr out,Inliers,ProtBERT,50,Ridge,90/10,-0.025604709909273327,0.17881921747540389
Rg norm w/0.427,expr pH only regr out,Inliers,ProtBERT,50,Lasso,90/10,-0.1068819232415017,0.18576968052009576
Rg norm w/0.427,expr pH only regr out,Inliers,ProtBERT,50,Kernel Ridge,90/10,0.23602079915201335,0.15433518765486362
Rg norm w/0.427,expr pH only regr out,Inliers,ProtBERT,50,GPR,90/10,-0.08994166079363874,0.18434264441808046
Rg norm w/0.427,expr pH only regr out,All,ProtBERT,100,Linear,80/20,-7.173261109060109,1.3803703986282445
Rg norm w/0.427,expr pH only regr out,All,ProtBERT,100,Ridge,80/20,-0.06597457780510796,0.4985071302303949
Rg norm w/0.427,expr pH only regr out,All,ProtBERT,100,Lasso,80/20,-0.008628678850951532,0.48491275411518603
Rg norm w/0.427,expr pH only regr out,All,ProtBERT,100,Kernel Ridge,80/20,-0.010314050180369128,0.48531771827847336
Rg norm w/0.427,expr pH only regr out,All,ProtBERT,100,GPR,80/20,-0.08367225833105385,0.502628289753898
Rg norm w/0.427,expr pH only regr out,All,ProtBERT,100,Linear,85/15,-34.70618828582705,1.3896396787052576
Rg norm w/0.427,expr pH only regr out,All,ProtBERT,100,Ridge,85/15,-0.34265052529791995,0.26947095021709366
Rg norm w/0.427,expr pH only regr out,All,ProtBERT,100,Lasso,85/15,-0.10198627554478601,0.24412853985734992
Rg norm w/0.427,expr pH only regr out,All,ProtBERT,100,Kernel Ridge,85/15,-0.008966570017888476,0.2335978542945507
Rg norm w/0.427,expr pH only regr out,All,ProtBERT,100,GPR,85/15,-0.08775615318008034,0.24254718304644285
Rg norm w/0.427,expr pH only regr out,All,ProtBERT,100,Linear,90/10,-4.20000415922495,0.4549043515738518
Rg norm w/0.427,expr pH only regr out,All,ProtBERT,100,Ridge,90/10,-0.5946235756470277,0.25191111842643776
Rg norm w/0.427,expr pH only regr out,All,ProtBERT,100,Lasso,90/10,-0.07504797648444317,0.2068388758731557
Rg norm w/0.427,expr pH only regr out,All,ProtBERT,100,Kernel Ridge,90/10,-0.12289287086776968,0.21139144528764717
Rg norm w/0.427,expr pH only regr out,All,ProtBERT,100,GPR,90/10,-0.17596974356772077,0.2163297855432583
Rg norm w/0.427,expr pH only regr out,Inliers,ProtBERT,100,Linear,80/20,-3.294674726268987,0.3423123708130948
Rg norm w/0.427,expr pH only regr out,Inliers,ProtBERT,100,Ridge,80/20,-0.02164182077263166,0.1669578284279564
Rg norm w/0.427,expr pH only regr out,Inliers,ProtBERT,100,Lasso,80/20,-0.0007269222065413583,0.16524002345706257
Rg norm w/0.427,expr pH only regr out,Inliers,ProtBERT,100,Kernel Ridge,80/20,0.18899344309314847,0.1487543377664601
Rg norm w/0.427,expr pH only regr out,Inliers,ProtBERT,100,GPR,80/20,0.047482770175818145,0.16121070464877074
Rg norm w/0.427,expr pH only regr out,Inliers,ProtBERT,100,Linear,85/15,-5.335802190148259,0.4275252206841888
Rg norm w/0.427,expr pH only regr out,Inliers,ProtBERT,100,Ridge,85/15,-0.07852114330428361,0.17639053062713717
Rg norm w/0.427,expr pH only regr out,Inliers,ProtBERT,100,Lasso,85/15,-0.03282890379187475,0.17261364624870001
Rg norm w/0.427,expr pH only regr out,Inliers,ProtBERT,100,Kernel Ridge,85/15,0.1979907274606627,0.15210750044882884
Rg norm w/0.427,expr pH only regr out,Inliers,ProtBERT,100,GPR,85/15,0.12141122982540287,0.15920392073836323
Rg norm w/0.427,expr pH only regr out,Inliers,ProtBERT,100,Linear,90/10,-8.17249697488584,0.5347711568673365
Rg norm w/0.427,expr pH only regr out,Inliers,ProtBERT,100,Ridge,90/10,0.012496237915147979,0.1754662385100754
Rg norm w/0.427,expr pH only regr out,Inliers,ProtBERT,100,Lasso,90/10,-0.10538579961901551,0.1856440897127182
Rg norm w/0.427,expr pH only regr out,Inliers,ProtBERT,100,Kernel Ridge,90/10,0.11029486844385328,0.16655099611303414
Rg norm w/0.427,expr pH only regr out,Inliers,ProtBERT,100,GPR,90/10,-0.04411323129093914,0.18042552862230937
Rg norm w/0.427,expr pH only regr out,All,ProtBERT,190,Linear,80/20,-0.385445132536939,0.5683195768016599
Rg norm w/0.427,expr pH only regr out,All,ProtBERT,190,Ridge,80/20,-0.06492451997548576,0.49826153793347244
Rg norm w/0.427,expr pH only regr out,All,ProtBERT,190,Lasso,80/20,-0.008628678850951532,0.48491275411518603
Rg norm w/0.427,expr pH only regr out,All,ProtBERT,190,Kernel Ridge,80/20,-0.050802019503909834,0.4949466625790208
Rg norm w/0.427,expr pH only regr out,All,ProtBERT,190,GPR,80/20,-0.06737273270263988,0.4988339493699276
Rg norm w/0.427,expr pH only regr out,All,ProtBERT,190,Linear,85/15,-6.04572018719789,0.6172955647373837
Rg norm w/0.427,expr pH only regr out,All,ProtBERT,190,Ridge,85/15,-0.33383506756985404,0.2685848589342735
Rg norm w/0.427,expr pH only regr out,All,ProtBERT,190,Lasso,85/15,-0.10198627544439742,0.24412853984623012
Rg norm w/0.427,expr pH only regr out,All,ProtBERT,190,Kernel Ridge,85/15,-0.004221439889173562,0.23304790617198373
Rg norm w/0.427,expr pH only regr out,All,ProtBERT,190,GPR,85/15,-0.03110236127241328,0.236146412074908
Rg norm w/0.427,expr pH only regr out,All,ProtBERT,190,Linear,90/10,-5.661015979285927,0.5148592070879855
Rg norm w/0.427,expr pH only regr out,All,ProtBERT,190,Ridge,90/10,-0.5944960844312537,0.2519010479943921
Rg norm w/0.427,expr pH only regr out,All,ProtBERT,190,Lasso,90/10,-0.07504797648444317,0.2068388758731557
Rg norm w/0.427,expr pH only regr out,All,ProtBERT,190,Kernel Ridge,90/10,-0.11640793505532998,0.21078014701748188
Rg norm w/0.427,expr pH only regr out,All,ProtBERT,190,GPR,90/10,-0.11581532966771935,0.21072419702503947
Rg norm w/0.427,expr pH only regr out,Inliers,ProtBERT,190,Linear,80/20,-0.6047874321551403,0.20925035979443668
Rg norm w/0.427,expr pH only regr out,Inliers,ProtBERT,190,Ridge,80/20,0.029294465361554223,0.16274258463495594
Rg norm w/0.427,expr pH only regr out,Inliers,ProtBERT,190,Lasso,80/20,-0.0007261854287283764,0.16523996262867732
Rg norm w/0.427,expr pH only regr out,Inliers,ProtBERT,190,Kernel Ridge,80/20,0.17749781593711011,0.1498048886326575
Rg norm w/0.427,expr pH only regr out,Inliers,ProtBERT,190,GPR,80/20,0.09082566977944928,0.15750017431657026
Rg norm w/0.427,expr pH only regr out,Inliers,ProtBERT,190,Linear,85/15,-0.6600332909437765,0.2188362851463978
Rg norm w/0.427,expr pH only regr out,Inliers,ProtBERT,190,Ridge,85/15,-0.008546002123919427,0.1705724121506606
Rg norm w/0.427,expr pH only regr out,Inliers,ProtBERT,190,Lasso,85/15,-0.03282798962628464,0.1726135698577847
Rg norm w/0.427,expr pH only regr out,Inliers,ProtBERT,190,Kernel Ridge,85/15,0.1578599371428061,0.15586661334044272
Rg norm w/0.427,expr pH only regr out,Inliers,ProtBERT,190,GPR,85/15,0.15546157202687694,0.15608840499070836
Rg norm w/0.427,expr pH only regr out,Inliers,ProtBERT,190,Linear,90/10,-0.6423035587575026,0.22628246638939825
Rg norm w/0.427,expr pH only regr out,Inliers,ProtBERT,190,Ridge,90/10,0.0032069472094018447,0.1762895982270235
Rg norm w/0.427,expr pH only regr out,Inliers,ProtBERT,190,Lasso,90/10,-0.10538360612022246,0.18564390551897839
Rg norm w/0.427,expr pH only regr out,Inliers,ProtBERT,190,Kernel Ridge,90/10,0.09109047171346307,0.16833891158619368
Rg norm w/0.427,expr pH only regr out,Inliers,ProtBERT,190,GPR,90/10,-0.010380564886049548,0.1774870530854968
Rg norm w/0.5,expr pH only regr out,All,ProtBERT,10,Linear,80/20,-0.14514573463138336,0.3956297602925162
Rg norm w/0.5,expr pH only regr out,All,ProtBERT,10,Ridge,80/20,-0.11294830092737462,0.3900282536038725
Rg norm w/0.5,expr pH only regr out,All,ProtBERT,10,Lasso,80/20,-0.10131848471390303,0.3879850909037072
Rg norm w/0.5,expr pH only regr out,All,ProtBERT,10,Kernel Ridge,80/20,-0.1855487364197892,0.40254856146632223
Rg norm w/0.5,expr pH only regr out,All,ProtBERT,10,GPR,80/20,-0.2620721004725679,0.41533703299403685
Rg norm w/0.5,expr pH only regr out,All,ProtBERT,10,Linear,85/15,-0.24934868274652855,0.2581766523148083
Rg norm w/0.5,expr pH only regr out,All,ProtBERT,10,Ridge,85/15,-0.1687542525932597,0.24971046051955828
Rg norm w/0.5,expr pH only regr out,All,ProtBERT,10,Lasso,85/15,-0.14670656730503717,0.24734394508842786
Rg norm w/0.5,expr pH only regr out,All,ProtBERT,10,Kernel Ridge,85/15,0.0075647613483953435,0.23010508802248456
Rg norm w/0.5,expr pH only regr out,All,ProtBERT,10,GPR,85/15,-0.021348107230220625,0.23343287974253812
Rg norm w/0.5,expr pH only regr out,All,ProtBERT,10,Linear,90/10,-0.22147921506936474,0.21931251650579714
Rg norm w/0.5,expr pH only regr out,All,ProtBERT,10,Ridge,90/10,-0.1410984910265578,0.21197368175688538
Rg norm w/0.5,expr pH only regr out,All,ProtBERT,10,Lasso,90/10,-0.19737720344029874,0.21713801848535652
Rg norm w/0.5,expr pH only regr out,All,ProtBERT,10,Kernel Ridge,90/10,-0.04568462276815266,0.2029180771858146
Rg norm w/0.5,expr pH only regr out,All,ProtBERT,10,GPR,90/10,-0.1960963024134459,0.21702184509686095
Rg norm w/0.5,expr pH only regr out,Inliers,ProtBERT,10,Linear,80/20,-0.36972382823194083,0.13173857913655346
Rg norm w/0.5,expr pH only regr out,Inliers,ProtBERT,10,Ridge,80/20,-0.2613855653882602,0.12642134252858403
Rg norm w/0.5,expr pH only regr out,Inliers,ProtBERT,10,Lasso,80/20,-0.30045199858647953,0.12836411554904975
Rg norm w/0.5,expr pH only regr out,Inliers,ProtBERT,10,Kernel Ridge,80/20,-0.005722025730109825,0.1128847954324559
Rg norm w/0.5,expr pH only regr out,Inliers,ProtBERT,10,GPR,80/20,-0.01330729415451315,0.11330969068547925
Rg norm w/0.5,expr pH only regr out,Inliers,ProtBERT,10,Linear,85/15,-0.3564261426587316,0.13386738389960381
Rg norm w/0.5,expr pH only regr out,Inliers,ProtBERT,10,Ridge,85/15,-0.2665073777005411,0.1293542083945248
Rg norm w/0.5,expr pH only regr out,Inliers,ProtBERT,10,Lasso,85/15,-0.2930247904185388,0.1307013659210116
Rg norm w/0.5,expr pH only regr out,Inliers,ProtBERT,10,Kernel Ridge,85/15,0.14026011107706893,0.10657620189834788
Rg norm w/0.5,expr pH only regr out,Inliers,ProtBERT,10,GPR,85/15,0.059504777883135684,0.1114692290297403
Rg norm w/0.5,expr pH only regr out,Inliers,ProtBERT,10,Linear,90/10,-0.27952608794817624,0.13408360064893318
Rg norm w/0.5,expr pH only regr out,Inliers,ProtBERT,10,Ridge,90/10,-0.2094739093898037,0.13036149834176725
Rg norm w/0.5,expr pH only regr out,Inliers,ProtBERT,10,Lasso,90/10,-0.24893181788567076,0.13247089066665566
Rg norm w/0.5,expr pH only regr out,Inliers,ProtBERT,10,Kernel Ridge,90/10,0.21768083040599695,0.10484387824860344
Rg norm w/0.5,expr pH only regr out,Inliers,ProtBERT,10,GPR,90/10,-0.13294096513586706,0.12616960155730841
Rg norm w/0.5,expr pH only regr out,All,ProtBERT,20,Linear,80/20,-0.07757894596578208,0.3837806921108876
Rg norm w/0.5,expr pH only regr out,All,ProtBERT,20,Ridge,80/20,-0.048259365970688695,0.37852358855190016
Rg norm w/0.5,expr pH only regr out,All,ProtBERT,20,Lasso,80/20,-0.0489756904113301,0.3786528978625723
Rg norm w/0.5,expr pH only regr out,All,ProtBERT,20,Kernel Ridge,80/20,-0.013942677120625468,0.3722762019737406
Rg norm w/0.5,expr pH only regr out,All,ProtBERT,20,GPR,80/20,-0.13558230932130622,0.3939742905450929
Rg norm w/0.5,expr pH only regr out,All,ProtBERT,20,Linear,85/15,-0.17593493409244587,0.2504763809752358
Rg norm w/0.5,expr pH only regr out,All,ProtBERT,20,Ridge,85/15,-0.07296994433391224,0.23925934636845617
Rg norm w/0.5,expr pH only regr out,All,ProtBERT,20,Lasso,85/15,-0.13149251085839286,0.24569763460347538
Rg norm w/0.5,expr pH only regr out,All,ProtBERT,20,Kernel Ridge,85/15,-0.004519263068228696,0.23150174460529532
Rg norm w/0.5,expr pH only regr out,All,ProtBERT,20,GPR,85/15,-0.11667771643587743,0.24408385758513307
Rg norm w/0.5,expr pH only regr out,All,ProtBERT,20,Linear,90/10,-0.34705111569255354,0.2303097985989525
Rg norm w/0.5,expr pH only regr out,All,ProtBERT,20,Ridge,90/10,-0.18253539834001598,0.21578808083255183
Rg norm w/0.5,expr pH only regr out,All,ProtBERT,20,Lasso,90/10,-0.2724907677976087,0.2238451544184656
Rg norm w/0.5,expr pH only regr out,All,ProtBERT,20,Kernel Ridge,90/10,-0.023975672080116528,0.20080068819417823
Rg norm w/0.5,expr pH only regr out,All,ProtBERT,20,GPR,90/10,-0.29942479186289983,0.22620174547158964
Rg norm w/0.5,expr pH only regr out,Inliers,ProtBERT,20,Linear,80/20,-0.11254011183698931,0.11872831617932729
Rg norm w/0.5,expr pH only regr out,Inliers,ProtBERT,20,Ridge,80/20,-0.06955473623621433,0.11641206072476512
Rg norm w/0.5,expr pH only regr out,Inliers,ProtBERT,20,Lasso,80/20,-0.09698279526405096,0.11789526900027449
Rg norm w/0.5,expr pH only regr out,Inliers,ProtBERT,20,Kernel Ridge,80/20,0.10733783038134348,0.10635062208696104
Rg norm w/0.5,expr pH only regr out,Inliers,ProtBERT,20,GPR,80/20,-0.12225395664155059,0.11924551187637315
Rg norm w/0.5,expr pH only regr out,Inliers,ProtBERT,20,Linear,85/15,-0.09837111220201944,0.1204623279350203
Rg norm w/0.5,expr pH only regr out,Inliers,ProtBERT,20,Ridge,85/15,-0.05854042231430001,0.11825797119340754
Rg norm w/0.5,expr pH only regr out,Inliers,ProtBERT,20,Lasso,85/15,-0.079788988946353,0.11943899702809221
Rg norm w/0.5,expr pH only regr out,Inliers,ProtBERT,20,Kernel Ridge,85/15,0.17590893793615658,0.1043432362712522
Rg norm w/0.5,expr pH only regr out,Inliers,ProtBERT,20,GPR,85/15,-0.028751731489587318,0.11658213117473988
Rg norm w/0.5,expr pH only regr out,Inliers,ProtBERT,20,Linear,90/10,-0.11116018730230826,0.12495091118988255
Rg norm w/0.5,expr pH only regr out,Inliers,ProtBERT,20,Ridge,90/10,-0.06569127265003183,0.12236769965102683
Rg norm w/0.5,expr pH only regr out,Inliers,ProtBERT,20,Lasso,90/10,-0.059868478386761126,0.12203294140208812
Rg norm w/0.5,expr pH only regr out,Inliers,ProtBERT,20,Kernel Ridge,90/10,0.20617196850230302,0.10561225281211907
Rg norm w/0.5,expr pH only regr out,Inliers,ProtBERT,20,GPR,90/10,-0.23325564719090663,0.13163690045487952
Rg norm w/0.5,expr pH only regr out,All,ProtBERT,50,Linear,80/20,-0.24391631582650186,0.4123387548576556
Rg norm w/0.5,expr pH only regr out,All,ProtBERT,50,Ridge,80/20,-0.049994271614773655,0.3788366938957106
Rg norm w/0.5,expr pH only regr out,All,ProtBERT,50,Lasso,80/20,-0.014858338962776552,0.3724442598905395
Rg norm w/0.5,expr pH only regr out,All,ProtBERT,50,Kernel Ridge,80/20,0.007529977031524582,0.3683131899659154
Rg norm w/0.5,expr pH only regr out,All,ProtBERT,50,GPR,80/20,-0.08879799661045773,0.385773356351675
Rg norm w/0.5,expr pH only regr out,All,ProtBERT,50,Linear,85/15,-0.6378912440112419,0.2956090080741444
Rg norm w/0.5,expr pH only regr out,All,ProtBERT,50,Ridge,85/15,-0.12923563975805696,0.24545247846385349
Rg norm w/0.5,expr pH only regr out,All,ProtBERT,50,Lasso,85/15,-0.18131584588907912,0.2510487991278494
Rg norm w/0.5,expr pH only regr out,All,ProtBERT,50,Kernel Ridge,85/15,0.05920202908357597,0.2240388421677066
Rg norm w/0.5,expr pH only regr out,All,ProtBERT,50,GPR,85/15,-0.03842321329646503,0.23537608095636728
Rg norm w/0.5,expr pH only regr out,All,ProtBERT,50,Linear,90/10,-1.0471455972273578,0.28391918744280964
Rg norm w/0.5,expr pH only regr out,All,ProtBERT,50,Ridge,90/10,-0.4456247097022321,0.2385877595865056
Rg norm w/0.5,expr pH only regr out,All,ProtBERT,50,Lasso,90/10,-0.46636018934517187,0.24029277244601638
Rg norm w/0.5,expr pH only regr out,All,ProtBERT,50,Kernel Ridge,90/10,-0.09354217160370104,0.20750957720772112
Rg norm w/0.5,expr pH only regr out,All,ProtBERT,50,GPR,90/10,-0.2189745948181503,0.21908755302217037
Rg norm w/0.5,expr pH only regr out,Inliers,ProtBERT,50,Linear,80/20,-0.2032717186130113,0.12347479796072579
Rg norm w/0.5,expr pH only regr out,Inliers,ProtBERT,50,Ridge,80/20,-0.01089064024487163,0.1131744929181284
Rg norm w/0.5,expr pH only regr out,Inliers,ProtBERT,50,Lasso,80/20,-0.03323743125509382,0.11441857511787853
Rg norm w/0.5,expr pH only regr out,Inliers,ProtBERT,50,Kernel Ridge,80/20,0.21511852889422267,0.09972372855898325
Rg norm w/0.5,expr pH only regr out,Inliers,ProtBERT,50,GPR,80/20,-0.028135352467774766,0.11413572869137777
Rg norm w/0.5,expr pH only regr out,Inliers,ProtBERT,50,Linear,85/15,-0.34356342221579284,0.13323115305083505
Rg norm w/0.5,expr pH only regr out,Inliers,ProtBERT,50,Ridge,85/15,-0.0370356120719999,0.11705057077226316
Rg norm w/0.5,expr pH only regr out,Inliers,ProtBERT,50,Lasso,85/15,-0.1375574075400856,0.1225923476761076
Rg norm w/0.5,expr pH only regr out,Inliers,ProtBERT,50,Kernel Ridge,85/15,0.19501685154126736,0.10312645642880829
Rg norm w/0.5,expr pH only regr out,Inliers,ProtBERT,50,GPR,85/15,0.044635586180616804,0.11234693552581711
Rg norm w/0.5,expr pH only regr out,Inliers,ProtBERT,50,Linear,90/10,-0.3716986462398624,0.1388290802274463
Rg norm w/0.5,expr pH only regr out,Inliers,ProtBERT,50,Ridge,90/10,-0.08855119419164081,0.12367317793168116
Rg norm w/0.5,expr pH only regr out,Inliers,ProtBERT,50,Lasso,90/10,-0.25484671307196516,0.13278420877376138
Rg norm w/0.5,expr pH only regr out,Inliers,ProtBERT,50,Kernel Ridge,90/10,0.15227940285638397,0.10913836894913098
Rg norm w/0.5,expr pH only regr out,Inliers,ProtBERT,50,GPR,90/10,-0.16341836956208322,0.12785539247969976
Rg norm w/0.5,expr pH only regr out,All,ProtBERT,100,Linear,80/20,-7.2591405315014,1.0624928126934912
Rg norm w/0.5,expr pH only regr out,All,ProtBERT,100,Ridge,80/20,-0.0408828887812398,0.37718942445561343
Rg norm w/0.5,expr pH only regr out,All,ProtBERT,100,Lasso,80/20,-0.014858338962776552,0.3724442598905395
Rg norm w/0.5,expr pH only regr out,All,ProtBERT,100,Kernel Ridge,80/20,-0.03811871169865344,0.3766882578540658
Rg norm w/0.5,expr pH only regr out,All,ProtBERT,100,GPR,80/20,-0.08223834205861524,0.38460952113796226
Rg norm w/0.5,expr pH only regr out,All,ProtBERT,100,Linear,85/15,-20.85588621094209,1.0798398339179807
Rg norm w/0.5,expr pH only regr out,All,ProtBERT,100,Ridge,85/15,-0.12630191041753935,0.2451334310409091
Rg norm w/0.5,expr pH only regr out,All,ProtBERT,100,Lasso,85/15,-0.05859032324213276,0.23765069756413335
Rg norm w/0.5,expr pH only regr out,All,ProtBERT,100,Kernel Ridge,85/15,0.0833353041303233,0.2211466608522852
Rg norm w/0.5,expr pH only regr out,All,ProtBERT,100,GPR,85/15,-0.04844855586816599,0.2365095579985109
Rg norm w/0.5,expr pH only regr out,All,ProtBERT,100,Linear,90/10,-2.593190413035525,0.376149504200349
Rg norm w/0.5,expr pH only regr out,All,ProtBERT,100,Ridge,90/10,-0.36117105093375157,0.23151371800829615
Rg norm w/0.5,expr pH only regr out,All,ProtBERT,100,Lasso,90/10,-0.024185158221053493,0.20082122716361347
Rg norm w/0.5,expr pH only regr out,All,ProtBERT,100,Kernel Ridge,90/10,-0.045529991490660615,0.20290307331136942
Rg norm w/0.5,expr pH only regr out,All,ProtBERT,100,GPR,90/10,-0.1782982914841582,0.215401142038108
Rg norm w/0.5,expr pH only regr out,Inliers,ProtBERT,100,Linear,80/20,-3.465160435725304,0.2378564887649262
Rg norm w/0.5,expr pH only regr out,Inliers,ProtBERT,100,Ridge,80/20,-0.07485956372194003,0.11670039662678035
Rg norm w/0.5,expr pH only regr out,Inliers,ProtBERT,100,Lasso,80/20,0.01191009477044247,0.11189088289852131
Rg norm w/0.5,expr pH only regr out,Inliers,ProtBERT,100,Kernel Ridge,80/20,0.15903008113989459,0.10322542992307918
Rg norm w/0.5,expr pH only regr out,Inliers,ProtBERT,100,GPR,80/20,0.023327204865494555,0.11124257032953813
Rg norm w/0.5,expr pH only regr out,Inliers,ProtBERT,100,Linear,85/15,-5.66434527002451,0.2967258927344108
Rg norm w/0.5,expr pH only regr out,Inliers,ProtBERT,100,Ridge,85/15,-0.16383964193826417,0.12400045348913402
Rg norm w/0.5,expr pH only regr out,Inliers,ProtBERT,100,Lasso,85/15,-0.08870650114610457,0.11993118055191691
Rg norm w/0.5,expr pH only regr out,Inliers,ProtBERT,100,Kernel Ridge,85/15,0.14585621395281956,0.10622877991103508
Rg norm w/0.5,expr pH only regr out,Inliers,ProtBERT,100,GPR,85/15,0.08437024535748128,0.10998580787879414
Rg norm w/0.5,expr pH only regr out,Inliers,ProtBERT,100,Linear,90/10,-8.917633057481728,0.37329752391590726
Rg norm w/0.5,expr pH only regr out,Inliers,ProtBERT,100,Ridge,90/10,-0.05726947975398877,0.12188322559803687
Rg norm w/0.5,expr pH only regr out,Inliers,ProtBERT,100,Lasso,90/10,-0.18269945113808572,0.12891049884500821
Rg norm w/0.5,expr pH only regr out,Inliers,ProtBERT,100,Kernel Ridge,90/10,0.00456557476807995,0.11826532220439968
Rg norm w/0.5,expr pH only regr out,Inliers,ProtBERT,100,GPR,90/10,-0.11463697808539552,0.12514624255766396
Rg norm w/0.5,expr pH only regr out,All,ProtBERT,190,Linear,80/20,-0.32050268705891294,0.42484275615573686
Rg norm w/0.5,expr pH only regr out,All,ProtBERT,190,Ridge,80/20,-0.040929451612579326,0.3771978609528082
Rg norm w/0.5,expr pH only regr out,All,ProtBERT,190,Lasso,80/20,-0.014858338962776552,0.3724442598905395
Rg norm w/0.5,expr pH only regr out,All,ProtBERT,190,Kernel Ridge,80/20,-0.033608048879017804,0.3758690050083935
Rg norm w/0.5,expr pH only regr out,All,ProtBERT,190,GPR,80/20,-0.06324576045365671,0.381219759346603
Rg norm w/0.5,expr pH only regr out,All,ProtBERT,190,Linear,85/15,-3.156513766771994,0.4709119866552634
Rg norm w/0.5,expr pH only regr out,All,ProtBERT,190,Ridge,85/15,-0.12684494434724924,0.24519251809737477
Rg norm w/0.5,expr pH only regr out,All,ProtBERT,190,Lasso,85/15,-0.05859032302627587,0.2376506975399037
Rg norm w/0.5,expr pH only regr out,All,ProtBERT,190,Kernel Ridge,85/15,0.079778949651233,0.22157523336153456
Rg norm w/0.5,expr pH only regr out,All,ProtBERT,190,GPR,85/15,-0.0027323938742433995,0.231295751811523
Rg norm w/0.5,expr pH only regr out,All,ProtBERT,190,Linear,90/10,-3.0329366509459943,0.39850252513879614
Rg norm w/0.5,expr pH only regr out,All,ProtBERT,190,Ridge,90/10,-0.3663042354086965,0.23194984406232508
Rg norm w/0.5,expr pH only regr out,All,ProtBERT,190,Lasso,90/10,-0.024185158221053493,0.20082122716361347
Rg norm w/0.5,expr pH only regr out,All,ProtBERT,190,Kernel Ridge,90/10,-0.043138767628740915,0.20267091143705263
Rg norm w/0.5,expr pH only regr out,All,ProtBERT,190,GPR,90/10,-0.14553740668486914,0.21238557433741279
Rg norm w/0.5,expr pH only regr out,Inliers,ProtBERT,190,Linear,80/20,-0.6751664976761953,0.14568856276817635
Rg norm w/0.5,expr pH only regr out,Inliers,ProtBERT,190,Ridge,80/20,-0.023844885026794715,0.11389733226948272
Rg norm w/0.5,expr pH only regr out,Inliers,ProtBERT,190,Lasso,80/20,0.007539675296028836,0.11213806210184885
Rg norm w/0.5,expr pH only regr out,Inliers,ProtBERT,190,Kernel Ridge,80/20,0.14466944240281954,0.10410305238002909
Rg norm w/0.5,expr pH only regr out,Inliers,ProtBERT,190,GPR,80/20,0.06350418057528895,0.10893047340871105
Rg norm w/0.5,expr pH only regr out,Inliers,ProtBERT,190,Linear,85/15,-0.7761583955742681,0.1531854607118918
Rg norm w/0.5,expr pH only regr out,Inliers,ProtBERT,190,Ridge,85/15,-0.08987491229654543,0.11999551899010016
Rg norm w/0.5,expr pH only regr out,Inliers,ProtBERT,190,Lasso,85/15,-0.09368682183427679,0.1202051819518078
Rg norm w/0.5,expr pH only regr out,Inliers,ProtBERT,190,Kernel Ridge,85/15,0.10043147381031647,0.10901689957772437
Rg norm w/0.5,expr pH only regr out,Inliers,ProtBERT,190,GPR,85/15,0.11480050480434323,0.10814271766761153
Rg norm w/0.5,expr pH only regr out,Inliers,ProtBERT,190,Linear,90/10,-0.7567495581467416,0.1571107919762241
Rg norm w/0.5,expr pH only regr out,Inliers,ProtBERT,190,Ridge,90/10,-0.06898739717399804,0.12255679183513674
Rg norm w/0.5,expr pH only regr out,Inliers,ProtBERT,190,Lasso,90/10,-0.18852804552695934,0.1292277576208931
Rg norm w/0.5,expr pH only regr out,Inliers,ProtBERT,190,Kernel Ridge,90/10,-0.04991880660937653,0.12145878961633902
Rg norm w/0.5,expr pH only regr out,Inliers,ProtBERT,190,GPR,90/10,-0.07458251021198326,0.12287710626422813
Rg norm w/0.418,expr pH only regr out,All,ProtBERT,10,Linear,80/20,-0.10854644647625666,0.5091357349557033
Rg norm w/0.418,expr pH only regr out,All,ProtBERT,10,Ridge,80/20,-0.09410720419920104,0.5058090224940153
Rg norm w/0.418,expr pH only regr out,All,ProtBERT,10,Lasso,80/20,-0.006362716335798213,0.4851029352101109
Rg norm w/0.418,expr pH only regr out,All,ProtBERT,10,Kernel Ridge,80/20,-0.13867585747643174,0.5160083025158082
Rg norm w/0.418,expr pH only regr out,All,ProtBERT,10,GPR,80/20,-0.21431767638790777,0.5328718661375559
Rg norm w/0.418,expr pH only regr out,All,ProtBERT,10,Linear,85/15,-0.7679618374063351,0.2223286698381588
Rg norm w/0.418,expr pH only regr out,All,ProtBERT,10,Ridge,85/15,-0.6398311317152063,0.21412066824669976
Rg norm w/0.418,expr pH only regr out,All,ProtBERT,10,Lasso,85/15,-0.07263607812376804,0.17317501213024478
Rg norm w/0.418,expr pH only regr out,All,ProtBERT,10,Kernel Ridge,85/15,0.2217901908434925,0.147505215664759
Rg norm w/0.418,expr pH only regr out,All,ProtBERT,10,GPR,85/15,0.10627671340437495,0.1580740438336878
Rg norm w/0.418,expr pH only regr out,All,ProtBERT,10,Linear,90/10,-0.9084344322598432,0.1927145427563705
Rg norm w/0.418,expr pH only regr out,All,ProtBERT,10,Ridge,90/10,-0.8058760960818352,0.1874648470389438
Rg norm w/0.418,expr pH only regr out,All,ProtBERT,10,Lasso,90/10,-0.18989239900634058,0.15217023533842725
Rg norm w/0.418,expr pH only regr out,All,ProtBERT,10,Kernel Ridge,90/10,0.05624047002770205,0.13552098270210372
Rg norm w/0.418,expr pH only regr out,All,ProtBERT,10,GPR,90/10,-0.07377272448591166,0.1445546448825481
Rg norm w/0.418,expr pH only regr out,Inliers,ProtBERT,10,Linear,80/20,-0.28401198052193743,0.1965056147797798
Rg norm w/0.418,expr pH only regr out,Inliers,ProtBERT,10,Ridge,80/20,-0.1966459104723428,0.18970258834418563
Rg norm w/0.418,expr pH only regr out,Inliers,ProtBERT,10,Lasso,80/20,-0.2424722388678442,0.19330085411592726
Rg norm w/0.418,expr pH only regr out,Inliers,ProtBERT,10,Kernel Ridge,80/20,0.06670995566526028,0.16753237398357906
Rg norm w/0.418,expr pH only regr out,Inliers,ProtBERT,10,GPR,80/20,0.011790453639083154,0.17239114275652592
Rg norm w/0.418,expr pH only regr out,Inliers,ProtBERT,10,Linear,85/15,-0.2557477264513641,0.20001890371255424
Rg norm w/0.418,expr pH only regr out,Inliers,ProtBERT,10,Ridge,85/15,-0.18712838883827798,0.19447719759973864
Rg norm w/0.418,expr pH only regr out,Inliers,ProtBERT,10,Lasso,85/15,-0.21932332925528586,0.19709666869863066
Rg norm w/0.418,expr pH only regr out,Inliers,ProtBERT,10,Kernel Ridge,85/15,0.20359372550186827,0.15928951092411267
Rg norm w/0.418,expr pH only regr out,Inliers,ProtBERT,10,GPR,85/15,0.08666315696341309,0.17058283615795564
Rg norm w/0.418,expr pH only regr out,Inliers,ProtBERT,10,Linear,90/10,-0.2437227754823712,0.20709977305838415
Rg norm w/0.418,expr pH only regr out,Inliers,ProtBERT,10,Ridge,90/10,-0.18347865083807213,0.20202171020743248
Rg norm w/0.418,expr pH only regr out,Inliers,ProtBERT,10,Lasso,90/10,-0.16071337381602224,0.20006924052535954
Rg norm w/0.418,expr pH only regr out,Inliers,ProtBERT,10,Kernel Ridge,90/10,0.25307450431076595,0.1604931390123618
Rg norm w/0.418,expr pH only regr out,Inliers,ProtBERT,10,GPR,90/10,-0.08887132589370816,0.1937787321027258
Rg norm w/0.418,expr pH only regr out,All,ProtBERT,20,Linear,80/20,-0.12057437813446592,0.5118903908983978
Rg norm w/0.418,expr pH only regr out,All,ProtBERT,20,Ridge,80/20,-0.08176799712138405,0.5029487089503979
Rg norm w/0.418,expr pH only regr out,All,ProtBERT,20,Lasso,80/20,-0.006362716335798213,0.4851029352101109
Rg norm w/0.418,expr pH only regr out,All,ProtBERT,20,Kernel Ridge,80/20,-0.08956375296416863,0.5047577043919173
Rg norm w/0.418,expr pH only regr out,All,ProtBERT,20,GPR,80/20,-0.11504823485453963,0.5106266301538361
Rg norm w/0.418,expr pH only regr out,All,ProtBERT,20,Linear,85/15,-0.8141771487387046,0.22521580909701402
Rg norm w/0.418,expr pH only regr out,All,ProtBERT,20,Ridge,85/15,-0.57755722515063,0.2100156155460671
Rg norm w/0.418,expr pH only regr out,All,ProtBERT,20,Lasso,85/15,-0.07263607812376804,0.17317501213024478
Rg norm w/0.418,expr pH only regr out,All,ProtBERT,20,Kernel Ridge,85/15,0.04499218657488313,0.16340392679256377
Rg norm w/0.418,expr pH only regr out,All,ProtBERT,20,GPR,85/15,-0.05458172254345883,0.1717114069036522
Rg norm w/0.418,expr pH only regr out,All,ProtBERT,20,Linear,90/10,-1.1532503617216885,0.20470249287938683
Rg norm w/0.418,expr pH only regr out,All,ProtBERT,20,Ridge,90/10,-0.8470246224165694,0.18958859566097538
Rg norm w/0.418,expr pH only regr out,All,ProtBERT,20,Lasso,90/10,-0.18989239900634058,0.15217023533842725
Rg norm w/0.418,expr pH only regr out,All,ProtBERT,20,Kernel Ridge,90/10,-0.09785808177693656,0.14616687727869637
Rg norm w/0.418,expr pH only regr out,All,ProtBERT,20,GPR,90/10,-0.20489776859532283,0.1531267154945546
Rg norm w/0.418,expr pH only regr out,Inliers,ProtBERT,20,Linear,80/20,-0.04601992008993028,0.17736192904413786
Rg norm w/0.418,expr pH only regr out,Inliers,ProtBERT,20,Ridge,80/20,-0.015549124992180863,0.1747595405319145
Rg norm w/0.418,expr pH only regr out,Inliers,ProtBERT,20,Lasso,80/20,-0.04289137302984902,0.1770964940103759
Rg norm w/0.418,expr pH only regr out,Inliers,ProtBERT,20,Kernel Ridge,80/20,0.157241883775191,0.15919957276729563
Rg norm w/0.418,expr pH only regr out,Inliers,ProtBERT,20,GPR,80/20,-0.09619578639070436,0.18156598508356767
Rg norm w/0.418,expr pH only regr out,Inliers,ProtBERT,20,Linear,85/15,-0.024975820420712003,0.1807076975714926
Rg norm w/0.418,expr pH only regr out,Inliers,ProtBERT,20,Ridge,85/15,0.0020790183159816733,0.17830680547890632
Rg norm w/0.418,expr pH only regr out,Inliers,ProtBERT,20,Lasso,85/15,-0.019271624945872867,0.18020415877783116
Rg norm w/0.418,expr pH only regr out,Inliers,ProtBERT,20,Kernel Ridge,85/15,0.22312503436703435,0.1573241542523287
Rg norm w/0.418,expr pH only regr out,Inliers,ProtBERT,20,GPR,85/15,0.008460155516422985,0.1777358058980289
Rg norm w/0.418,expr pH only regr out,Inliers,ProtBERT,20,Linear,90/10,-0.06303560696446753,0.19146603122214714
Rg norm w/0.418,expr pH only regr out,Inliers,ProtBERT,20,Ridge,90/10,-0.027703459944040887,0.18825726225715947
Rg norm w/0.418,expr pH only regr out,Inliers,ProtBERT,20,Lasso,90/10,-0.02542609786255512,0.1880485601634791
Rg norm w/0.418,expr pH only regr out,Inliers,ProtBERT,20,Kernel Ridge,90/10,0.23170393098006759,0.16277291268150326
Rg norm w/0.418,expr pH only regr out,Inliers,ProtBERT,20,GPR,90/10,-0.1560339057186928,0.19966553916498006
Rg norm w/0.418,expr pH only regr out,All,ProtBERT,50,Linear,80/20,-0.1972104104461685,0.5291050119283278
Rg norm w/0.418,expr pH only regr out,All,ProtBERT,50,Ridge,80/20,-0.08276308264037557,0.5031799793974423
Rg norm w/0.418,expr pH only regr out,All,ProtBERT,50,Lasso,80/20,-0.006362716335798213,0.4851029352101109
Rg norm w/0.418,expr pH only regr out,All,ProtBERT,50,Kernel Ridge,80/20,-0.030508861420319278,0.49088809349938434
Rg norm w/0.418,expr pH only regr out,All,ProtBERT,50,GPR,80/20,-0.08099141343097216,0.5027681471807883
Rg norm w/0.418,expr pH only regr out,All,ProtBERT,50,Linear,85/15,-2.062175642773163,0.29259983399262596
Rg norm w/0.418,expr pH only regr out,All,ProtBERT,50,Ridge,85/15,-0.7797317503567773,0.22306750035536302
Rg norm w/0.418,expr pH only regr out,All,ProtBERT,50,Lasso,85/15,-0.07263607812376804,0.17317501213024478
Rg norm w/0.418,expr pH only regr out,All,ProtBERT,50,Kernel Ridge,85/15,-0.08036135299426261,0.1737975086284479
Rg norm w/0.418,expr pH only regr out,All,ProtBERT,50,GPR,85/15,-0.036229017276601105,0.1702107170693054
Rg norm w/0.418,expr pH only regr out,All,ProtBERT,50,Linear,90/10,-2.225196712266235,0.2505266731967626
Rg norm w/0.418,expr pH only regr out,All,ProtBERT,50,Ridge,90/10,-1.2083321262050393,0.20730418155523503
Rg norm w/0.418,expr pH only regr out,All,ProtBERT,50,Lasso,90/10,-0.18989239900634058,0.15217023533842725
Rg norm w/0.418,expr pH only regr out,All,ProtBERT,50,Kernel Ridge,90/10,-0.19757728668028984,0.15266083813877793
Rg norm w/0.418,expr pH only regr out,All,ProtBERT,50,GPR,90/10,-0.19182785604849406,0.15229394370330426
Rg norm w/0.418,expr pH only regr out,Inliers,ProtBERT,50,Linear,80/20,-0.13953308618471172,0.18512023620720985
Rg norm w/0.418,expr pH only regr out,Inliers,ProtBERT,50,Ridge,80/20,0.046659643173408205,0.16932239978689934
Rg norm w/0.418,expr pH only regr out,Inliers,ProtBERT,50,Lasso,80/20,0.008021865639599834,0.17271954121401406
Rg norm w/0.418,expr pH only regr out,Inliers,ProtBERT,50,Kernel Ridge,80/20,0.2529279806028394,0.14988965550569616
Rg norm w/0.418,expr pH only regr out,Inliers,ProtBERT,50,GPR,80/20,-0.0013160298179077934,0.1735305768358518
Rg norm w/0.418,expr pH only regr out,Inliers,ProtBERT,50,Linear,85/15,-0.22604914700679135,0.19763951619657702
Rg norm w/0.418,expr pH only regr out,Inliers,ProtBERT,50,Ridge,85/15,0.03915444215774189,0.1749631687858514
Rg norm w/0.418,expr pH only regr out,Inliers,ProtBERT,50,Lasso,85/15,-0.03298378215576259,0.18141224337600834
Rg norm w/0.418,expr pH only regr out,Inliers,ProtBERT,50,Kernel Ridge,85/15,0.25083323525606993,0.1544931021220098
Rg norm w/0.418,expr pH only regr out,Inliers,ProtBERT,50,GPR,85/15,0.0860992833513049,0.17063548503517728
Rg norm w/0.418,expr pH only regr out,Inliers,ProtBERT,50,Linear,90/10,-0.24139731882627102,0.20690606957190713
Rg norm w/0.418,expr pH only regr out,Inliers,ProtBERT,50,Ridge,90/10,-0.016021124233437822,0.1871842044887404
Rg norm w/0.418,expr pH only regr out,Inliers,ProtBERT,50,Lasso,90/10,-0.09688279266772093,0.19449029770213777
Rg norm w/0.418,expr pH only regr out,Inliers,ProtBERT,50,Kernel Ridge,90/10,0.2409348149432714,0.1617921199889323
Rg norm w/0.418,expr pH only regr out,Inliers,ProtBERT,50,GPR,90/10,-0.08053294966940938,0.19303534525343066
Rg norm w/0.418,expr pH only regr out,All,ProtBERT,100,Linear,80/20,-6.65493832464507,1.337911790606268
Rg norm w/0.418,expr pH only regr out,All,ProtBERT,100,Ridge,80/20,-0.08189765547199968,0.5029788492144428
Rg norm w/0.418,expr pH only regr out,All,ProtBERT,100,Lasso,80/20,-0.006362716335798213,0.4851029352101109
Rg norm w/0.418,expr pH only regr out,All,ProtBERT,100,Kernel Ridge,80/20,-0.023796006810245185,0.4892866301337094
Rg norm w/0.418,expr pH only regr out,All,ProtBERT,100,GPR,80/20,-0.07646264189541774,0.5017138780055992
Rg norm w/0.418,expr pH only regr out,All,ProtBERT,100,Linear,85/15,-62.35922422771529,1.3309567774942883
Rg norm w/0.418,expr pH only regr out,All,ProtBERT,100,Ridge,85/15,-0.8961660181051838,0.2302487102339532
Rg norm w/0.418,expr pH only regr out,All,ProtBERT,100,Lasso,85/15,-0.07263607812376804,0.17317501213024478
Rg norm w/0.418,expr pH only regr out,All,ProtBERT,100,Kernel Ridge,85/15,-0.26965160459049864,0.18840885465256108
Rg norm w/0.418,expr pH only regr out,All,ProtBERT,100,GPR,85/15,-0.07916172609731253,0.1737009899614898
Rg norm w/0.418,expr pH only regr out,All,ProtBERT,100,Linear,90/10,-8.68168954727119,0.4340616763881447
Rg norm w/0.418,expr pH only regr out,All,ProtBERT,100,Ridge,90/10,-1.2447356745359786,0.20900586416596803
Rg norm w/0.418,expr pH only regr out,All,ProtBERT,100,Lasso,90/10,-0.18989239900634058,0.15217023533842725
Rg norm w/0.418,expr pH only regr out,All,ProtBERT,100,Kernel Ridge,90/10,-0.2080067831679122,0.15332414572196584
Rg norm w/0.418,expr pH only regr out,All,ProtBERT,100,GPR,90/10,-0.18834732832489265,0.15207140701471486
Rg norm w/0.418,expr pH only regr out,Inliers,ProtBERT,100,Linear,80/20,-3.2614031362911584,0.35798657199463646
Rg norm w/0.418,expr pH only regr out,Inliers,ProtBERT,100,Ridge,80/20,-0.012882811598453614,0.17452997509782192
Rg norm w/0.418,expr pH only regr out,Inliers,ProtBERT,100,Lasso,80/20,0.008404138287813168,0.172686258061713
Rg norm w/0.418,expr pH only regr out,Inliers,ProtBERT,100,Kernel Ridge,80/20,0.1938563817168134,0.1557028766047814
Rg norm w/0.418,expr pH only regr out,Inliers,ProtBERT,100,GPR,80/20,0.051294030200345064,0.16891034258885756
Rg norm w/0.418,expr pH only regr out,Inliers,ProtBERT,100,Linear,85/15,-5.275758607619267,0.4471497142541436
Rg norm w/0.418,expr pH only regr out,Inliers,ProtBERT,100,Ridge,85/15,-0.06549867266389997,0.18424524943564713
Rg norm w/0.418,expr pH only regr out,Inliers,ProtBERT,100,Lasso,85/15,-0.0321851354325815,0.1813421007894499
Rg norm w/0.418,expr pH only regr out,Inliers,ProtBERT,100,Kernel Ridge,85/15,0.20570539367650953,0.1590781929910914
Rg norm w/0.418,expr pH only regr out,Inliers,ProtBERT,100,GPR,85/15,0.12664933390675126,0.16680696103308332
Rg norm w/0.418,expr pH only regr out,Inliers,ProtBERT,100,Linear,90/10,-8.058756282059035,0.5589231745328204
Rg norm w/0.418,expr pH only regr out,Inliers,ProtBERT,100,Ridge,90/10,0.023113078909099305,0.1835439090422022
Rg norm w/0.418,expr pH only regr out,Inliers,ProtBERT,100,Lasso,90/10,-0.09541477277563737,0.19436010547825752
Rg norm w/0.418,expr pH only regr out,Inliers,ProtBERT,100,Kernel Ridge,90/10,0.11853326467661562,0.17434953487416674
Rg norm w/0.418,expr pH only regr out,Inliers,ProtBERT,100,GPR,90/10,-0.03496132144742936,0.18892084923295052
Rg norm w/0.418,expr pH only regr out,All,ProtBERT,190,Linear,80/20,-0.40864355217997694,0.5739277038578693
Rg norm w/0.418,expr pH only regr out,All,ProtBERT,190,Ridge,80/20,-0.08038025112535863,0.5026260015636426
Rg norm w/0.418,expr pH only regr out,All,ProtBERT,190,Lasso,80/20,-0.006362716335798213,0.4851029352101109
Rg norm w/0.418,expr pH only regr out,All,ProtBERT,190,Kernel Ridge,80/20,-0.023496565229358835,0.4892150712119608
Rg norm w/0.418,expr pH only regr out,All,ProtBERT,190,GPR,80/20,-0.06275328797804858,0.4985088373632003
Rg norm w/0.418,expr pH only regr out,All,ProtBERT,190,Linear,85/15,-12.322796086211108,0.6103187563735046
Rg norm w/0.418,expr pH only regr out,All,ProtBERT,190,Ridge,85/15,-0.8688206849741875,0.22858242867615944
Rg norm w/0.418,expr pH only regr out,All,ProtBERT,190,Lasso,85/15,-0.07263607812376804,0.17317501213024478
Rg norm w/0.418,expr pH only regr out,All,ProtBERT,190,Kernel Ridge,85/15,-0.24910433846252356,0.18687808923123167
Rg norm w/0.418,expr pH only regr out,All,ProtBERT,190,GPR,85/15,-0.056682588217885854,0.17188235767494098
Rg norm w/0.418,expr pH only regr out,All,ProtBERT,190,Linear,90/10,-12.084586099226428,0.50461001042925
Rg norm w/0.418,expr pH only regr out,All,ProtBERT,190,Ridge,90/10,-1.2338541333919388,0.20849866216926147
Rg norm w/0.418,expr pH only regr out,All,ProtBERT,190,Lasso,90/10,-0.18989239900634058,0.15217023533842725
Rg norm w/0.418,expr pH only regr out,All,ProtBERT,190,Kernel Ridge,90/10,-0.20565453771922781,0.1531747956650938
Rg norm w/0.418,expr pH only regr out,All,ProtBERT,190,GPR,90/10,-0.15084439559400997,0.1496525669916301
Rg norm w/0.418,expr pH only regr out,Inliers,ProtBERT,190,Linear,80/20,-0.5932569002185295,0.21889373417481095
Rg norm w/0.418,expr pH only regr out,Inliers,ProtBERT,190,Ridge,80/20,0.037880569054386304,0.17010023708600688
Rg norm w/0.418,expr pH only regr out,Inliers,ProtBERT,190,Lasso,80/20,0.008404940002945893,0.1726861882524189
Rg norm w/0.418,expr pH only regr out,Inliers,ProtBERT,190,Kernel Ridge,80/20,0.18271123162605185,0.15677549886451664
Rg norm w/0.418,expr pH only regr out,Inliers,ProtBERT,190,GPR,80/20,0.09513897853943798,0.16496103255221292
Rg norm w/0.418,expr pH only regr out,Inliers,ProtBERT,190,Linear,85/15,-0.6424016449350718,0.22874917056623528
Rg norm w/0.418,expr pH only regr out,Inliers,ProtBERT,190,Ridge,85/15,0.003721100168663005,0.1781600428982217
Rg norm w/0.418,expr pH only regr out,Inliers,ProtBERT,190,Lasso,85/15,-0.03218411345620309,0.18134201101515318
Rg norm w/0.418,expr pH only regr out,Inliers,ProtBERT,190,Kernel Ridge,85/15,0.16630202258700078,0.16297621082122532
Rg norm w/0.418,expr pH only regr out,Inliers,ProtBERT,190,GPR,85/15,0.1613314490735076,0.16346132737225819
Rg norm w/0.418,expr pH only regr out,Inliers,ProtBERT,190,Linear,90/10,-0.6259643411074403,0.2367954415756212
Rg norm w/0.418,expr pH only regr out,Inliers,ProtBERT,190,Ridge,90/10,0.014061145410174003,0.184392316474697
Rg norm w/0.418,expr pH only regr out,Inliers,ProtBERT,190,Lasso,90/10,-0.09541259027519589,0.1943599118569746
Rg norm w/0.418,expr pH only regr out,Inliers,ProtBERT,190,Kernel Ridge,90/10,0.0994875212484938,0.1762230432785206
Rg norm w/0.418,expr pH only regr out,Inliers,ProtBERT,190,GPR,90/10,-0.0017326459851247922,0.18586334248272868
Rg w/no norm,expr buffer only regr out,All,ProtBERT,10,Linear,80/20,-0.059611105308545076,3.8599209676817243
Rg w/no norm,expr buffer only regr out,All,ProtBERT,10,Ridge,80/20,-0.04626682614851463,3.8355388812793025
Rg w/no norm,expr buffer only regr out,All,ProtBERT,10,Lasso,80/20,-0.0006860629026110843,3.751060660901225
Rg w/no norm,expr buffer only regr out,All,ProtBERT,10,Kernel Ridge,80/20,-0.08360469776791035,3.903377922916096
Rg w/no norm,expr buffer only regr out,All,ProtBERT,10,GPR,80/20,-0.1475163482355446,4.016840642845319
Rg w/no norm,expr buffer only regr out,All,ProtBERT,10,Linear,85/15,0.054205155294104745,2.7046646347366874
Rg w/no norm,expr buffer only regr out,All,ProtBERT,10,Ridge,85/15,0.06090270730963221,2.6950712142022426
Rg w/no norm,expr buffer only regr out,All,ProtBERT,10,Lasso,85/15,-0.009240383808674757,2.793909029099583
Rg w/no norm,expr buffer only regr out,All,ProtBERT,10,Kernel Ridge,85/15,0.16317441103932773,2.5440897432855523
Rg w/no norm,expr buffer only regr out,All,ProtBERT,10,GPR,85/15,-0.09332378207803127,2.907966162198386
Rg w/no norm,expr buffer only regr out,All,ProtBERT,10,Linear,90/10,0.023641416734048404,2.805456878315815
Rg w/no norm,expr buffer only regr out,All,ProtBERT,10,Ridge,90/10,0.031782318228752104,2.7937364121212434
Rg w/no norm,expr buffer only regr out,All,ProtBERT,10,Lasso,90/10,0.011883984840395656,2.8222981597405328
Rg w/no norm,expr buffer only regr out,All,ProtBERT,10,Kernel Ridge,90/10,0.16499830806363758,2.5944338449925906
Rg w/no norm,expr buffer only regr out,All,ProtBERT,10,GPR,90/10,-0.0683008016423714,2.9345782918124628
Rg w/no norm,expr buffer only regr out,Inliers,ProtBERT,10,Linear,80/20,0.07774233465419889,1.801020291577734
Rg w/no norm,expr buffer only regr out,Inliers,ProtBERT,10,Ridge,80/20,0.09144281902839013,1.7875928206623155
Rg w/no norm,expr buffer only regr out,Inliers,ProtBERT,10,Lasso,80/20,0.08290981250257923,1.795967579065989
Rg w/no norm,expr buffer only regr out,Inliers,ProtBERT,10,Kernel Ridge,80/20,0.24413810172284345,1.6304733176470005
Rg w/no norm,expr buffer only regr out,Inliers,ProtBERT,10,GPR,80/20,-0.08834937147806565,1.9564855042972844
Rg w/no norm,expr buffer only regr out,Inliers,ProtBERT,10,Linear,85/15,0.10054404988124699,1.891149726466859
Rg w/no norm,expr buffer only regr out,Inliers,ProtBERT,10,Ridge,85/15,0.10574846895472723,1.8856705173733486
Rg w/no norm,expr buffer only regr out,Inliers,ProtBERT,10,Lasso,85/15,0.09493470756602318,1.8970375181536028
Rg w/no norm,expr buffer only regr out,Inliers,ProtBERT,10,Kernel Ridge,85/15,0.25338773619530774,1.7229930449429154
Rg w/no norm,expr buffer only regr out,Inliers,ProtBERT,10,GPR,85/15,0.02880807215643122,1.9651173802556507
Rg w/no norm,expr buffer only regr out,Inliers,ProtBERT,10,Linear,90/10,-0.06596974071813255,1.9142059113550158
Rg w/no norm,expr buffer only regr out,Inliers,ProtBERT,10,Ridge,90/10,-0.036422523511155935,1.8874898981115447
Rg w/no norm,expr buffer only regr out,Inliers,ProtBERT,10,Lasso,90/10,-0.06258491319863135,1.9111643576132489
Rg w/no norm,expr buffer only regr out,Inliers,ProtBERT,10,Kernel Ridge,90/10,0.1460594869591283,1.7132866218793243
Rg w/no norm,expr buffer only regr out,Inliers,ProtBERT,10,GPR,90/10,-0.1283774914580007,1.9694430272535535
Rg w/no norm,expr buffer only regr out,All,ProtBERT,20,Linear,80/20,-0.12461703835528581,3.9765595577733435
Rg w/no norm,expr buffer only regr out,All,ProtBERT,20,Ridge,80/20,-0.034551716970921964,3.8140050591993697
Rg w/no norm,expr buffer only regr out,All,ProtBERT,20,Lasso,80/20,-0.03917154928958433,3.822511369985688
Rg w/no norm,expr buffer only regr out,All,ProtBERT,20,Kernel Ridge,80/20,0.028890573358588356,3.6952110405460963
Rg w/no norm,expr buffer only regr out,All,ProtBERT,20,GPR,80/20,-0.12958712449882026,3.9853367926552794
Rg w/no norm,expr buffer only regr out,All,ProtBERT,20,Linear,85/15,0.025528408637483957,2.745361522200748
Rg w/no norm,expr buffer only regr out,All,ProtBERT,20,Ridge,85/15,0.10300646431471894,2.633962622515246
Rg w/no norm,expr buffer only regr out,All,ProtBERT,20,Lasso,85/15,0.10689175245505045,2.6282519851992694
Rg w/no norm,expr buffer only regr out,All,ProtBERT,20,Kernel Ridge,85/15,0.10570986256390691,2.6299904516521955
Rg w/no norm,expr buffer only regr out,All,ProtBERT,20,GPR,85/15,-0.1753347567871244,3.0150584844230455
Rg w/no norm,expr buffer only regr out,All,ProtBERT,20,Linear,90/10,-0.045627183952811734,2.9032695297151103
Rg w/no norm,expr buffer only regr out,All,ProtBERT,20,Ridge,90/10,0.017362701847383755,2.814463013970031
Rg w/no norm,expr buffer only regr out,All,ProtBERT,20,Lasso,90/10,-0.027817933068072564,2.8784389241872015
Rg w/no norm,expr buffer only regr out,All,ProtBERT,20,Kernel Ridge,90/10,0.19089440158778959,2.5538861125465195
Rg w/no norm,expr buffer only regr out,All,ProtBERT,20,GPR,90/10,-0.15783818726121934,3.055081905643355
Rg w/no norm,expr buffer only regr out,Inliers,ProtBERT,20,Linear,80/20,0.20623429798823523,1.6708545046559242
Rg w/no norm,expr buffer only regr out,Inliers,ProtBERT,20,Ridge,80/20,0.2074990527661129,1.6695228373487105
Rg w/no norm,expr buffer only regr out,Inliers,ProtBERT,20,Lasso,80/20,0.21033967029393097,1.666528056595974
Rg w/no norm,expr buffer only regr out,Inliers,ProtBERT,20,Kernel Ridge,80/20,0.30336400121777385,1.565292216203353
Rg w/no norm,expr buffer only regr out,Inliers,ProtBERT,20,GPR,80/20,-0.33896773694164595,2.1700888994867014
Rg w/no norm,expr buffer only regr out,Inliers,ProtBERT,20,Linear,85/15,0.1963853096123367,1.7875569968236555
Rg w/no norm,expr buffer only regr out,Inliers,ProtBERT,20,Ridge,85/15,0.1931144985610711,1.7911910916617642
Rg w/no norm,expr buffer only regr out,Inliers,ProtBERT,20,Lasso,85/15,0.1987947157861768,1.784875248934413
Rg w/no norm,expr buffer only regr out,Inliers,ProtBERT,20,Kernel Ridge,85/15,0.22479886081974132,1.755671122352512
Rg w/no norm,expr buffer only regr out,Inliers,ProtBERT,20,GPR,85/15,-0.1785921550804872,2.1647997929466762
Rg w/no norm,expr buffer only regr out,Inliers,ProtBERT,20,Linear,90/10,-0.021757890528815382,1.8740890140303865
Rg w/no norm,expr buffer only regr out,Inliers,ProtBERT,20,Ridge,90/10,0.029540907407817008,1.826437567388381
Rg w/no norm,expr buffer only regr out,Inliers,ProtBERT,20,Lasso,90/10,0.002899382862522004,1.8513379650954187
Rg w/no norm,expr buffer only regr out,Inliers,ProtBERT,20,Kernel Ridge,90/10,0.03927734310196118,1.8172523165184298
Rg w/no norm,expr buffer only regr out,Inliers,ProtBERT,20,GPR,90/10,-0.16257867055436992,1.999067184614712
Rg w/no norm,expr buffer only regr out,All,ProtBERT,50,Linear,80/20,-0.24775042999544317,4.188601327083134
Rg w/no norm,expr buffer only regr out,All,ProtBERT,50,Ridge,80/20,-0.026492460955258368,3.7991202834597804
Rg w/no norm,expr buffer only regr out,All,ProtBERT,50,Lasso,80/20,-0.0006860629026110843,3.751060660901225
Rg w/no norm,expr buffer only regr out,All,ProtBERT,50,Kernel Ridge,80/20,0.049878879404318344,3.655061157014334
Rg w/no norm,expr buffer only regr out,All,ProtBERT,50,GPR,80/20,-0.209769823182558,4.124359707983298
Rg w/no norm,expr buffer only regr out,All,ProtBERT,50,Linear,85/15,-0.26360787295050603,3.1262313414775678
Rg w/no norm,expr buffer only regr out,All,ProtBERT,50,Ridge,85/15,0.06224749953499298,2.693140844856208
Rg w/no norm,expr buffer only regr out,All,ProtBERT,50,Lasso,85/15,-0.009240383808674757,2.793909029099583
Rg w/no norm,expr buffer only regr out,All,ProtBERT,50,Kernel Ridge,85/15,0.16204687703540144,2.5458031123057308
Rg w/no norm,expr buffer only regr out,All,ProtBERT,50,GPR,85/15,-0.1433193152195078,2.9737107402607257
Rg w/no norm,expr buffer only regr out,All,ProtBERT,50,Linear,90/10,-0.2545854929737239,3.180160610718727
Rg w/no norm,expr buffer only regr out,All,ProtBERT,50,Ridge,90/10,-0.06338918374287528,2.927824514066033
Rg w/no norm,expr buffer only regr out,All,ProtBERT,50,Lasso,90/10,-0.1831724977657898,3.0883247116165253
Rg w/no norm,expr buffer only regr out,All,ProtBERT,50,Kernel Ridge,90/10,0.16123936992002452,2.6002669861331067
Rg w/no norm,expr buffer only regr out,All,ProtBERT,50,GPR,90/10,-0.1025208532476003,2.9812083550315247
Rg w/no norm,expr buffer only regr out,Inliers,ProtBERT,50,Linear,80/20,0.32563819975679265,1.540064640991585
Rg w/no norm,expr buffer only regr out,Inliers,ProtBERT,50,Ridge,80/20,0.36535078437360546,1.494030085297464
Rg w/no norm,expr buffer only regr out,Inliers,ProtBERT,50,Lasso,80/20,0.2345777615455219,1.6407522449053025
Rg w/no norm,expr buffer only regr out,Inliers,ProtBERT,50,Kernel Ridge,80/20,0.3537326506757459,1.5076432119910577
Rg w/no norm,expr buffer only regr out,Inliers,ProtBERT,50,GPR,80/20,-0.12174375121370518,1.9862746440138288
Rg w/no norm,expr buffer only regr out,Inliers,ProtBERT,50,Linear,85/15,0.3638687190644344,1.5904108895810685
Rg w/no norm,expr buffer only regr out,Inliers,ProtBERT,50,Ridge,85/15,0.3601034460679713,1.595110781114643
Rg w/no norm,expr buffer only regr out,Inliers,ProtBERT,50,Lasso,85/15,0.23388659260154165,1.7453498624051682
Rg w/no norm,expr buffer only regr out,Inliers,ProtBERT,50,Kernel Ridge,85/15,0.45550802453181394,1.4714032349723443
Rg w/no norm,expr buffer only regr out,Inliers,ProtBERT,50,GPR,85/15,0.004799763723769002,1.9892583968208417
Rg w/no norm,expr buffer only regr out,Inliers,ProtBERT,50,Linear,90/10,0.06975488385993112,1.7881951556723457
Rg w/no norm,expr buffer only regr out,Inliers,ProtBERT,50,Ridge,90/10,0.19905895895891024,1.659267812928421
Rg w/no norm,expr buffer only regr out,Inliers,ProtBERT,50,Lasso,90/10,0.09186312323195966,1.7668182250450364
Rg w/no norm,expr buffer only regr out,Inliers,ProtBERT,50,Kernel Ridge,90/10,0.2421821709841706,1.6139817661905191
Rg w/no norm,expr buffer only regr out,Inliers,ProtBERT,50,GPR,90/10,-0.06266378447234944,1.9112352852013759
Rg w/no norm,expr buffer only regr out,All,ProtBERT,100,Linear,80/20,-9.751466773039091,12.29529690360084
Rg w/no norm,expr buffer only regr out,All,ProtBERT,100,Ridge,80/20,-0.01782851250221862,3.783053369916358
Rg w/no norm,expr buffer only regr out,All,ProtBERT,100,Lasso,80/20,-0.0006860629026110843,3.751060660901225
Rg w/no norm,expr buffer only regr out,All,ProtBERT,100,Kernel Ridge,80/20,0.014519897079354527,3.7224518768499193
Rg w/no norm,expr buffer only regr out,All,ProtBERT,100,GPR,80/20,-0.06068426817964934,3.8618751164975245
Rg w/no norm,expr buffer only regr out,All,ProtBERT,100,Linear,85/15,-18.94706512633051,12.420939715652437
Rg w/no norm,expr buffer only regr out,All,ProtBERT,100,Ridge,85/15,0.05405095761119838,2.7048851032795604
Rg w/no norm,expr buffer only regr out,All,ProtBERT,100,Lasso,85/15,-0.009240383808674757,2.793909029099583
Rg w/no norm,expr buffer only regr out,All,ProtBERT,100,Kernel Ridge,85/15,0.1784149440811318,2.5208164063680996
Rg w/no norm,expr buffer only regr out,All,ProtBERT,100,GPR,85/15,-0.09017592604879376,2.9037768921353777
Rg w/no norm,expr buffer only regr out,All,ProtBERT,100,Linear,90/10,-0.536645192387361,3.519538531775656
Rg w/no norm,expr buffer only regr out,All,ProtBERT,100,Ridge,90/10,-0.033209075608024996,2.885978089566515
Rg w/no norm,expr buffer only regr out,All,ProtBERT,100,Lasso,90/10,-0.1930116620792286,3.1011392516294842
Rg w/no norm,expr buffer only regr out,All,ProtBERT,100,Kernel Ridge,90/10,0.17799517232642326,2.574163378651312
Rg w/no norm,expr buffer only regr out,All,ProtBERT,100,GPR,90/10,-0.1757750725570315,3.078655169748458
Rg w/no norm,expr buffer only regr out,Inliers,ProtBERT,100,Linear,80/20,-1.4199216473876288,2.9173808066357267
Rg w/no norm,expr buffer only regr out,Inliers,ProtBERT,100,Ridge,80/20,0.3578048601030379,1.5028857839418304
Rg w/no norm,expr buffer only regr out,Inliers,ProtBERT,100,Lasso,80/20,0.23456742284857368,1.6407633258369072
Rg w/no norm,expr buffer only regr out,Inliers,ProtBERT,100,Kernel Ridge,80/20,0.4082268861257745,1.4426802422292302
Rg w/no norm,expr buffer only regr out,Inliers,ProtBERT,100,GPR,80/20,-0.03845369715660629,1.911111551632492
Rg w/no norm,expr buffer only regr out,Inliers,ProtBERT,100,Linear,85/15,-1.8210425898386342,3.349197714084448
Rg w/no norm,expr buffer only regr out,Inliers,ProtBERT,100,Ridge,85/15,0.3857140313735613,1.5628642695976007
Rg w/no norm,expr buffer only regr out,Inliers,ProtBERT,100,Lasso,85/15,0.21905817938313277,1.7621598628680133
Rg w/no norm,expr buffer only regr out,Inliers,ProtBERT,100,Kernel Ridge,85/15,0.43734939305997367,1.4957374257809775
Rg w/no norm,expr buffer only regr out,Inliers,ProtBERT,100,GPR,85/15,0.08699260776461282,1.905342749263062
Rg w/no norm,expr buffer only regr out,Inliers,ProtBERT,100,Linear,90/10,-3.597090634690699,3.9751886874232123
Rg w/no norm,expr buffer only regr out,Inliers,ProtBERT,100,Ridge,90/10,0.23891470521474534,1.617457507751516
Rg w/no norm,expr buffer only regr out,Inliers,ProtBERT,100,Lasso,90/10,0.09185180151979311,1.7668292384426647
Rg w/no norm,expr buffer only regr out,Inliers,ProtBERT,100,Kernel Ridge,90/10,0.2715324032760983,1.5824184356937974
Rg w/no norm,expr buffer only regr out,Inliers,ProtBERT,100,GPR,90/10,-0.011425420470635439,1.864589125569543
Rg w/no norm,expr buffer only regr out,All,ProtBERT,190,Linear,80/20,-0.4271084389874962,4.479542372915977
Rg w/no norm,expr buffer only regr out,All,ProtBERT,190,Ridge,80/20,-0.017966002905980494,3.7833088726679995
Rg w/no norm,expr buffer only regr out,All,ProtBERT,190,Lasso,80/20,-0.0006860629026110843,3.751060660901225
Rg w/no norm,expr buffer only regr out,All,ProtBERT,190,Kernel Ridge,80/20,0.013943329898248646,3.7235406506107314
Rg w/no norm,expr buffer only regr out,All,ProtBERT,190,GPR,80/20,-0.027610708238787085,3.801189075829165
Rg w/no norm,expr buffer only regr out,All,ProtBERT,190,Linear,85/15,-2.274994177546135,5.0329222026378595
Rg w/no norm,expr buffer only regr out,All,ProtBERT,190,Ridge,85/15,-0.17455495861364145,3.0140581195518523
Rg w/no norm,expr buffer only regr out,All,ProtBERT,190,Lasso,85/15,-0.009240383808674757,2.793909029099583
Rg w/no norm,expr buffer only regr out,All,ProtBERT,190,Kernel Ridge,85/15,0.17779361185361864,2.52176942300808
Rg w/no norm,expr buffer only regr out,All,ProtBERT,190,GPR,85/15,0.07417401371505705,2.6759601050178237
Rg w/no norm,expr buffer only regr out,All,ProtBERT,190,Linear,90/10,-1.3042416257783453,4.309857711841786
Rg w/no norm,expr buffer only regr out,All,ProtBERT,190,Ridge,90/10,-0.03376249387735464,2.886750895005247
Rg w/no norm,expr buffer only regr out,All,ProtBERT,190,Lasso,90/10,-0.1929801934599069,3.101098351268986
Rg w/no norm,expr buffer only regr out,All,ProtBERT,190,Kernel Ridge,90/10,0.17762169183162146,2.5747481018798357
Rg w/no norm,expr buffer only regr out,All,ProtBERT,190,GPR,90/10,0.07582979532548795,2.729448502912609
Rg w/no norm,expr buffer only regr out,Inliers,ProtBERT,190,Linear,80/20,-0.12251243531847078,1.9869550829591704
Rg w/no norm,expr buffer only regr out,Inliers,ProtBERT,190,Ridge,80/20,0.3855422650154322,1.4700715638891044
Rg w/no norm,expr buffer only regr out,Inliers,ProtBERT,190,Lasso,80/20,0.23456742593759694,1.6407633225261282
Rg w/no norm,expr buffer only regr out,Inliers,ProtBERT,190,Kernel Ridge,80/20,0.3348328493541416,1.5295295289156647
Rg w/no norm,expr buffer only regr out,Inliers,ProtBERT,190,GPR,80/20,0.16023186699126712,1.718589540403545
Rg w/no norm,expr buffer only regr out,Inliers,ProtBERT,190,Linear,85/15,-0.0832248386047425,2.075368733932144
Rg w/no norm,expr buffer only regr out,Inliers,ProtBERT,190,Ridge,85/15,0.40967136909285484,1.5320850973514963
Rg w/no norm,expr buffer only regr out,Inliers,ProtBERT,190,Lasso,85/15,0.18535658557655976,1.7997813211222058
Rg w/no norm,expr buffer only regr out,Inliers,ProtBERT,190,Kernel Ridge,85/15,0.39686147759260915,1.5486186977566763
Rg w/no norm,expr buffer only regr out,Inliers,ProtBERT,190,GPR,85/15,0.27540572442204436,1.6973969366538941
Rg w/no norm,expr buffer only regr out,Inliers,ProtBERT,190,Linear,90/10,-0.5411685599001799,2.3016606084212095
Rg w/no norm,expr buffer only regr out,Inliers,ProtBERT,190,Ridge,90/10,0.22391327905601977,1.6333202293158702
Rg w/no norm,expr buffer only regr out,Inliers,ProtBERT,190,Lasso,90/10,0.09185181231466866,1.7668292279417896
Rg w/no norm,expr buffer only regr out,Inliers,ProtBERT,190,Kernel Ridge,90/10,0.2500691672983597,1.605561033826836
Rg w/no norm,expr buffer only regr out,Inliers,ProtBERT,190,GPR,90/10,0.06307343596829962,1.7946054854442879
Rg norm w/0.427,expr buffer only regr out,All,ProtBERT,10,Linear,80/20,-0.1330917793580646,0.49652543843843283
Rg norm w/0.427,expr buffer only regr out,All,ProtBERT,10,Ridge,80/20,-0.1098477134081226,0.49140622647791615
Rg norm w/0.427,expr buffer only regr out,All,ProtBERT,10,Lasso,80/20,-0.010701269283142079,0.46894333182534537
Rg norm w/0.427,expr buffer only regr out,All,ProtBERT,10,Kernel Ridge,80/20,-0.1397226189764229,0.49797614962885905
Rg norm w/0.427,expr buffer only regr out,All,ProtBERT,10,GPR,80/20,-0.18634010599555917,0.5080583173299595
Rg norm w/0.427,expr buffer only regr out,All,ProtBERT,10,Linear,85/15,-0.6928273291193221,0.28122195043379083
Rg norm w/0.427,expr buffer only regr out,All,ProtBERT,10,Ridge,85/15,-0.5436756213173473,0.26854737273925944
Rg norm w/0.427,expr buffer only regr out,All,ProtBERT,10,Lasso,85/15,-0.16458719806442446,0.2332538877236925
Rg norm w/0.427,expr buffer only regr out,All,ProtBERT,10,Kernel Ridge,85/15,-0.028257113583234572,0.2191763783881262
Rg norm w/0.427,expr buffer only regr out,All,ProtBERT,10,GPR,85/15,-0.25950779553091063,0.24257347796578302
Rg norm w/0.427,expr buffer only regr out,All,ProtBERT,10,Linear,90/10,-0.6823970860747754,0.24172344141577556
Rg norm w/0.427,expr buffer only regr out,All,ProtBERT,10,Ridge,90/10,-0.5900501217886187,0.23499570357738905
Rg norm w/0.427,expr buffer only regr out,All,ProtBERT,10,Lasso,90/10,-0.3756164444388148,0.21857636254926477
Rg norm w/0.427,expr buffer only regr out,All,ProtBERT,10,Kernel Ridge,90/10,-0.136698739644026,0.1986905464357353
Rg norm w/0.427,expr buffer only regr out,All,ProtBERT,10,GPR,90/10,-0.38172376542561315,0.21906103167186866
Rg norm w/0.427,expr buffer only regr out,Inliers,ProtBERT,10,Linear,80/20,-0.3548354641904703,0.18454701444729338
Rg norm w/0.427,expr buffer only regr out,Inliers,ProtBERT,10,Ridge,80/20,-0.2663895117074835,0.1784215870557507
Rg norm w/0.427,expr buffer only regr out,Inliers,ProtBERT,10,Lasso,80/20,-0.3124787845212633,0.18163933012616917
Rg norm w/0.427,expr buffer only regr out,Inliers,ProtBERT,10,Kernel Ridge,80/20,-0.02276229532962004,0.16034340435779437
Rg norm w/0.427,expr buffer only regr out,Inliers,ProtBERT,10,GPR,80/20,-0.09088975602557436,0.1655976530269287
Rg norm w/0.427,expr buffer only regr out,Inliers,ProtBERT,10,Linear,85/15,-0.40508895427975733,0.19056159565482036
Rg norm w/0.427,expr buffer only regr out,Inliers,ProtBERT,10,Ridge,85/15,-0.31979359309192423,0.18468706460115597
Rg norm w/0.427,expr buffer only regr out,Inliers,ProtBERT,10,Lasso,85/15,-0.3624515488705824,0.18764802781013734
Rg norm w/0.427,expr buffer only regr out,Inliers,ProtBERT,10,Kernel Ridge,85/15,-0.0027026529236955366,0.1609791214305261
Rg norm w/0.427,expr buffer only regr out,Inliers,ProtBERT,10,GPR,85/15,-0.027413948777581076,0.1629506884554531
Rg norm w/0.427,expr buffer only regr out,Inliers,ProtBERT,10,Linear,90/10,-0.35815889872944906,0.19560932020771724
Rg norm w/0.427,expr buffer only regr out,Inliers,ProtBERT,10,Ridge,90/10,-0.2854049700427408,0.1902980067883204
Rg norm w/0.427,expr buffer only regr out,Inliers,ProtBERT,10,Lasso,90/10,-0.20341486031255385,0.18412889084924403
Rg norm w/0.427,expr buffer only regr out,Inliers,ProtBERT,10,Kernel Ridge,90/10,0.05539357371579379,0.16313220256791305
Rg norm w/0.427,expr buffer only regr out,Inliers,ProtBERT,10,GPR,90/10,-0.16330699802099424,0.18103453147506463
Rg norm w/0.427,expr buffer only regr out,All,ProtBERT,20,Linear,80/20,-0.11405346657054616,0.4923364347409916
Rg norm w/0.427,expr buffer only regr out,All,ProtBERT,20,Ridge,80/20,-0.07925385672992658,0.4845858894360233
Rg norm w/0.427,expr buffer only regr out,All,ProtBERT,20,Lasso,80/20,-0.010701269283142079,0.46894333182534537
Rg norm w/0.427,expr buffer only regr out,All,ProtBERT,20,Kernel Ridge,80/20,-0.03418710319440543,0.47436049983533213
Rg norm w/0.427,expr buffer only regr out,All,ProtBERT,20,GPR,80/20,-0.1003239493322794,0.48929326979095744
Rg norm w/0.427,expr buffer only regr out,All,ProtBERT,20,Linear,85/15,-0.6483823954072221,0.2775056750543463
Rg norm w/0.427,expr buffer only regr out,All,ProtBERT,20,Ridge,85/15,-0.4567897407949384,0.2608803222893414
Rg norm w/0.427,expr buffer only regr out,All,ProtBERT,20,Lasso,85/15,-0.3893100929598423,0.25476659372618227
Rg norm w/0.427,expr buffer only regr out,All,ProtBERT,20,Kernel Ridge,85/15,-0.3652277228141223,0.25254887279899035
Rg norm w/0.427,expr buffer only regr out,All,ProtBERT,20,GPR,85/15,-0.38674930966142207,0.25453169190456265
Rg norm w/0.427,expr buffer only regr out,All,ProtBERT,20,Linear,90/10,-1.0014471852988653,0.2636492754080001
Rg norm w/0.427,expr buffer only regr out,All,ProtBERT,20,Ridge,90/10,-0.7256662912339436,0.24481212453428247
Rg norm w/0.427,expr buffer only regr out,All,ProtBERT,20,Lasso,90/10,-0.6364456120464492,0.23839947951301563
Rg norm w/0.427,expr buffer only regr out,All,ProtBERT,20,Kernel Ridge,90/10,-0.3400998628527412,0.21573623554144963
Rg norm w/0.427,expr buffer only regr out,All,ProtBERT,20,GPR,90/10,-0.4908924430809576,0.22755043582697787
Rg norm w/0.427,expr buffer only regr out,Inliers,ProtBERT,20,Linear,80/20,-0.1628241820684877,0.170970339059111
Rg norm w/0.427,expr buffer only regr out,Inliers,ProtBERT,20,Ridge,80/20,-0.1142897949679107,0.16736429873511655
Rg norm w/0.427,expr buffer only regr out,Inliers,ProtBERT,20,Lasso,80/20,-0.14842930053205472,0.16990880200213626
Rg norm w/0.427,expr buffer only regr out,Inliers,ProtBERT,20,Kernel Ridge,80/20,0.10283480616082785,0.1501757998837793
Rg norm w/0.427,expr buffer only regr out,Inliers,ProtBERT,20,GPR,80/20,-0.24208759243668676,0.1767013458505041
Rg norm w/0.427,expr buffer only regr out,Inliers,ProtBERT,20,Linear,85/15,-0.2199244171028707,0.1775619610202741
Rg norm w/0.427,expr buffer only regr out,Inliers,ProtBERT,20,Ridge,85/15,-0.16332209630695638,0.17339375807530216
Rg norm w/0.427,expr buffer only regr out,Inliers,ProtBERT,20,Lasso,85/15,-0.18473625195480103,0.17498237615551823
Rg norm w/0.427,expr buffer only regr out,Inliers,ProtBERT,20,Kernel Ridge,85/15,-0.15996482703667114,0.17314337594068274
Rg norm w/0.427,expr buffer only regr out,Inliers,ProtBERT,20,GPR,85/15,-0.17626658400355533,0.17435578061218812
Rg norm w/0.427,expr buffer only regr out,Inliers,ProtBERT,20,Linear,90/10,-0.2137576246462134,0.18491844706396793
Rg norm w/0.427,expr buffer only regr out,Inliers,ProtBERT,20,Ridge,90/10,-0.15609209385309342,0.18047226446214884
Rg norm w/0.427,expr buffer only regr out,Inliers,ProtBERT,20,Lasso,90/10,-0.09262110196557627,0.17544825131438535
Rg norm w/0.427,expr buffer only regr out,Inliers,ProtBERT,20,Kernel Ridge,90/10,-0.10160364493718088,0.17616796359479006
Rg norm w/0.427,expr buffer only regr out,Inliers,ProtBERT,20,GPR,90/10,-0.31331377775637015,0.19235279544424744
Rg norm w/0.427,expr buffer only regr out,All,ProtBERT,50,Linear,80/20,-0.30013137223461084,0.5318664281830994
Rg norm w/0.427,expr buffer only regr out,All,ProtBERT,50,Ridge,80/20,-0.09348502637689471,0.4877703297838342
Rg norm w/0.427,expr buffer only regr out,All,ProtBERT,50,Lasso,80/20,-0.010701269283142079,0.46894333182534537
Rg norm w/0.427,expr buffer only regr out,All,ProtBERT,50,Kernel Ridge,80/20,-0.014999894004746883,0.4699395077671879
Rg norm w/0.427,expr buffer only regr out,All,ProtBERT,50,GPR,80/20,-0.08296306025001443,0.48541789293734755
Rg norm w/0.427,expr buffer only regr out,All,ProtBERT,50,Linear,85/15,-1.5666436835288549,0.34627861827893297
Rg norm w/0.427,expr buffer only regr out,All,ProtBERT,50,Ridge,85/15,-0.6155404231882942,0.2747272884719076
Rg norm w/0.427,expr buffer only regr out,All,ProtBERT,50,Lasso,85/15,-0.15992637254842057,0.23278666397729275
Rg norm w/0.427,expr buffer only regr out,All,ProtBERT,50,Kernel Ridge,85/15,-0.20758909455564534,0.23752125337864424
Rg norm w/0.427,expr buffer only regr out,All,ProtBERT,50,GPR,85/15,-0.34681520539462185,0.25084005688254135
Rg norm w/0.427,expr buffer only regr out,All,ProtBERT,50,Linear,90/10,-2.072425520898112,0.32665942771550466
Rg norm w/0.427,expr buffer only regr out,All,ProtBERT,50,Ridge,90/10,-1.1146826719815075,0.27100488432802483
Rg norm w/0.427,expr buffer only regr out,All,ProtBERT,50,Lasso,90/10,-0.3726777995584556,0.2183427721053049
Rg norm w/0.427,expr buffer only regr out,All,ProtBERT,50,Kernel Ridge,90/10,-0.3804589936947398,0.21896074909769198
Rg norm w/0.427,expr buffer only regr out,All,ProtBERT,50,GPR,90/10,-0.454863622683253,0.22478413573358563
Rg norm w/0.427,expr buffer only regr out,Inliers,ProtBERT,50,Linear,80/20,-0.08621429369372158,0.16524240312417202
Rg norm w/0.427,expr buffer only regr out,Inliers,ProtBERT,50,Ridge,80/20,-0.020886064929493298,0.16019626397674902
Rg norm w/0.427,expr buffer only regr out,Inliers,ProtBERT,50,Lasso,80/20,-0.07535849139824902,0.16441459990587295
Rg norm w/0.427,expr buffer only regr out,Inliers,ProtBERT,50,Kernel Ridge,80/20,0.23021697692665888,0.13910665578176432
Rg norm w/0.427,expr buffer only regr out,Inliers,ProtBERT,50,GPR,80/20,-0.09407432865905507,0.1658391868026521
Rg norm w/0.427,expr buffer only regr out,Inliers,ProtBERT,50,Linear,85/15,-0.2825429771953918,0.1820620524235957
Rg norm w/0.427,expr buffer only regr out,Inliers,ProtBERT,50,Ridge,85/15,-0.0996105718367244,0.16857878682643934
Rg norm w/0.427,expr buffer only regr out,Inliers,ProtBERT,50,Lasso,85/15,-0.13333769070809276,0.171144574840754
Rg norm w/0.427,expr buffer only regr out,Inliers,ProtBERT,50,Kernel Ridge,85/15,0.15653490738970866,0.14764441646238277
Rg norm w/0.427,expr buffer only regr out,Inliers,ProtBERT,50,GPR,85/15,-0.049087383048954214,0.16466045184452116
Rg norm w/0.427,expr buffer only regr out,Inliers,ProtBERT,50,Linear,90/10,-0.38346345257066683,0.19742315925699833
Rg norm w/0.427,expr buffer only regr out,Inliers,ProtBERT,50,Ridge,90/10,-0.14813847600371144,0.17985039152934545
Rg norm w/0.427,expr buffer only regr out,Inliers,ProtBERT,50,Lasso,90/10,-0.17626093442741353,0.18203969066852096
Rg norm w/0.427,expr buffer only regr out,Inliers,ProtBERT,50,Kernel Ridge,90/10,0.16707268186832092,0.15318555174093398
Rg norm w/0.427,expr buffer only regr out,Inliers,ProtBERT,50,GPR,90/10,-0.22591750654113896,0.18584243001958903
Rg norm w/0.427,expr buffer only regr out,All,ProtBERT,100,Linear,80/20,-7.089338958265248,1.326677842926825
Rg norm w/0.427,expr buffer only regr out,All,ProtBERT,100,Ridge,80/20,-0.08938679242071568,0.4868554231364206
Rg norm w/0.427,expr buffer only regr out,All,ProtBERT,100,Lasso,80/20,-0.010701269283142079,0.46894333182534537
Rg norm w/0.427,expr buffer only regr out,All,ProtBERT,100,Kernel Ridge,80/20,-0.006401773726979476,0.4679448327428371
Rg norm w/0.427,expr buffer only regr out,All,ProtBERT,100,GPR,80/20,-0.06940638365985485,0.4823700615190953
Rg norm w/0.427,expr buffer only regr out,All,ProtBERT,100,Linear,85/15,-34.17184459504868,1.2818595932714734
Rg norm w/0.427,expr buffer only regr out,All,ProtBERT,100,Ridge,85/15,-0.6403712513902313,0.27683051447486695
Rg norm w/0.427,expr buffer only regr out,All,ProtBERT,100,Lasso,85/15,-0.15992644908663767,0.23278667165755434
Rg norm w/0.427,expr buffer only regr out,All,ProtBERT,100,Kernel Ridge,85/15,-0.14060770157704416,0.2308399837114342
Rg norm w/0.427,expr buffer only regr out,All,ProtBERT,100,GPR,85/15,-0.376228464723517,0.2535643263961167
Rg norm w/0.427,expr buffer only regr out,All,ProtBERT,100,Linear,90/10,-3.983625675533168,0.4160324652191916
Rg norm w/0.427,expr buffer only regr out,All,ProtBERT,100,Ridge,90/10,-1.0464604761427072,0.2665975755710747
Rg norm w/0.427,expr buffer only regr out,All,ProtBERT,100,Lasso,90/10,-0.37267778958463027,0.21834277131206972
Rg norm w/0.427,expr buffer only regr out,All,ProtBERT,100,Kernel Ridge,90/10,-0.2834394313826045,0.2111262354591304
Rg norm w/0.427,expr buffer only regr out,All,ProtBERT,100,GPR,90/10,-0.42916966928084777,0.22279036772342564
Rg norm w/0.427,expr buffer only regr out,Inliers,ProtBERT,100,Linear,80/20,-4.353442449523662,0.36684306616021445
Rg norm w/0.427,expr buffer only regr out,Inliers,ProtBERT,100,Ridge,80/20,-0.10753319121894522,0.16685611241293077
Rg norm w/0.427,expr buffer only regr out,Inliers,ProtBERT,100,Lasso,80/20,-0.07516041485856229,0.164399456967456
Rg norm w/0.427,expr buffer only regr out,Inliers,ProtBERT,100,Kernel Ridge,80/20,0.03848412186455186,0.15546834513444777
Rg norm w/0.427,expr buffer only regr out,Inliers,ProtBERT,100,GPR,80/20,-0.019512500056068305,0.16008845859455312
Rg norm w/0.427,expr buffer only regr out,Inliers,ProtBERT,100,Linear,85/15,-6.280271973939144,0.4337677630249596
Rg norm w/0.427,expr buffer only regr out,Inliers,ProtBERT,100,Ridge,85/15,-0.3011454140826091,0.18337764392730116
Rg norm w/0.427,expr buffer only regr out,Inliers,ProtBERT,100,Lasso,85/15,-0.13255150299045226,0.1710852036990969
Rg norm w/0.427,expr buffer only regr out,Inliers,ProtBERT,100,Kernel Ridge,85/15,0.13239417147201138,0.14974236958292744
Rg norm w/0.427,expr buffer only regr out,Inliers,ProtBERT,100,GPR,85/15,0.018931777820924256,0.15923299917695088
Rg norm w/0.427,expr buffer only regr out,Inliers,ProtBERT,100,Linear,90/10,-9.358139924704151,0.5402006952271068
Rg norm w/0.427,expr buffer only regr out,Inliers,ProtBERT,100,Ridge,90/10,-0.2391311031547103,0.1868413003528977
Rg norm w/0.427,expr buffer only regr out,Inliers,ProtBERT,100,Lasso,90/10,-0.3425171429079965,0.19447965349610935
Rg norm w/0.427,expr buffer only regr out,Inliers,ProtBERT,100,Kernel Ridge,90/10,-0.05383811062375976,0.17230631800656232
Rg norm w/0.427,expr buffer only regr out,Inliers,ProtBERT,100,GPR,90/10,-0.1571626593877813,0.18055580567807003
Rg norm w/0.427,expr buffer only regr out,All,ProtBERT,190,Linear,80/20,-0.4633128277284946,0.5642577711876124
Rg norm w/0.427,expr buffer only regr out,All,ProtBERT,190,Ridge,80/20,-0.08703007740252788,0.48632852088702766
Rg norm w/0.427,expr buffer only regr out,All,ProtBERT,190,Lasso,80/20,-0.010701269283142079,0.46894333182534537
Rg norm w/0.427,expr buffer only regr out,All,ProtBERT,190,Kernel Ridge,80/20,-0.006342781274285114,0.4679311177342408
Rg norm w/0.427,expr buffer only regr out,All,ProtBERT,190,GPR,80/20,-0.04866051821469042,0.47766829683511736
Rg norm w/0.427,expr buffer only regr out,All,ProtBERT,190,Linear,85/15,-6.660892569385044,0.598249812578418
Rg norm w/0.427,expr buffer only regr out,All,ProtBERT,190,Ridge,85/15,-0.624845626279422,0.27551734072214235
Rg norm w/0.427,expr buffer only regr out,All,ProtBERT,190,Lasso,85/15,-0.1599264489862402,0.23278667164747993
Rg norm w/0.427,expr buffer only regr out,All,ProtBERT,190,Kernel Ridge,85/15,-0.12931591930894148,0.22969450742214978
Rg norm w/0.427,expr buffer only regr out,All,ProtBERT,190,GPR,85/15,-0.23359008556603644,0.24006470873136623
Rg norm w/0.427,expr buffer only regr out,All,ProtBERT,190,Linear,90/10,-6.553055008905783,0.5121720076546197
Rg norm w/0.427,expr buffer only regr out,All,ProtBERT,190,Ridge,90/10,-1.0307533259798025,0.26557249978334874
Rg norm w/0.427,expr buffer only regr out,All,ProtBERT,190,Lasso,90/10,-0.372677789482996,0.21834277130398658
Rg norm w/0.427,expr buffer only regr out,All,ProtBERT,190,Kernel Ridge,90/10,-0.26518515690591427,0.20961944124422793
Rg norm w/0.427,expr buffer only regr out,All,ProtBERT,190,GPR,90/10,-0.2851247051365571,0.21126480404678472
Rg norm w/0.427,expr buffer only regr out,Inliers,ProtBERT,190,Linear,80/20,-0.7072621203979217,0.20716379008055644
Rg norm w/0.427,expr buffer only regr out,Inliers,ProtBERT,190,Ridge,80/20,-0.03873468518900647,0.1615905884340361
Rg norm w/0.427,expr buffer only regr out,Inliers,ProtBERT,190,Lasso,80/20,-0.2878106791069108,0.17992427303666136
Rg norm w/0.427,expr buffer only regr out,Inliers,ProtBERT,190,Kernel Ridge,80/20,0.04851559493182411,0.15465521990798656
Rg norm w/0.427,expr buffer only regr out,Inliers,ProtBERT,190,GPR,80/20,0.08655079383523823,0.15153255533853144
Rg norm w/0.427,expr buffer only regr out,Inliers,ProtBERT,190,Linear,85/15,-1.0051025271642882,0.22764167002309887
Rg norm w/0.427,expr buffer only regr out,Inliers,ProtBERT,190,Ridge,85/15,-0.3875232778886355,0.18936669945352616
Rg norm w/0.427,expr buffer only regr out,Inliers,ProtBERT,190,Lasso,85/15,-0.45664936093996156,0.19402646986537833
Rg norm w/0.427,expr buffer only regr out,Inliers,ProtBERT,190,Kernel Ridge,85/15,0.0924708922302836,0.15314885440222897
Rg norm w/0.427,expr buffer only regr out,Inliers,ProtBERT,190,GPR,85/15,0.11182881763140395,0.15150668987147078
Rg norm w/0.427,expr buffer only regr out,Inliers,ProtBERT,190,Linear,90/10,-1.0387080259601769,0.23965791041605788
Rg norm w/0.427,expr buffer only regr out,Inliers,ProtBERT,190,Ridge,90/10,-0.21480161370618078,0.1849979569006201
Rg norm w/0.427,expr buffer only regr out,Inliers,ProtBERT,190,Lasso,90/10,-0.3496431273354146,0.19499511240259731
Rg norm w/0.427,expr buffer only regr out,Inliers,ProtBERT,190,Kernel Ridge,90/10,-0.06381144758857138,0.17311973624321295
Rg norm w/0.427,expr buffer only regr out,Inliers,ProtBERT,190,GPR,90/10,-0.06849719082624106,0.17350058537536706
Rg norm w/0.5,expr buffer only regr out,All,ProtBERT,10,Linear,80/20,-0.16499890874760048,0.38589224071554334
Rg norm w/0.5,expr buffer only regr out,All,ProtBERT,10,Ridge,80/20,-0.1292871855711193,0.3799316615133541
Rg norm w/0.5,expr buffer only regr out,All,ProtBERT,10,Lasso,80/20,-0.11450638464917096,0.3774370830830039
Rg norm w/0.5,expr buffer only regr out,All,ProtBERT,10,Kernel Ridge,80/20,-0.1770660486472846,0.3878856414312365
Rg norm w/0.5,expr buffer only regr out,All,ProtBERT,10,GPR,80/20,-0.24347185731414744,0.3986770785576027
Rg norm w/0.5,expr buffer only regr out,All,ProtBERT,10,Linear,85/15,-0.45126839401108043,0.2609658787063925
Rg norm w/0.5,expr buffer only regr out,All,ProtBERT,10,Ridge,85/15,-0.3340206738886706,0.2502022082910388
Rg norm w/0.5,expr buffer only regr out,All,ProtBERT,10,Lasso,85/15,-0.3970616766600965,0.25604579518134835
Rg norm w/0.5,expr buffer only regr out,All,ProtBERT,10,Kernel Ridge,85/15,-0.058325592777801916,0.22285352485826934
Rg norm w/0.5,expr buffer only regr out,All,ProtBERT,10,GPR,85/15,-0.23113197608631864,0.24035998271158546
Rg norm w/0.5,expr buffer only regr out,All,ProtBERT,10,Linear,90/10,-0.37966722288998556,0.21899603464407705
Rg norm w/0.5,expr buffer only regr out,All,ProtBERT,10,Ridge,90/10,-0.2948668375311847,0.21215908415615603
Rg norm w/0.5,expr buffer only regr out,All,ProtBERT,10,Lasso,90/10,-0.28843894453437313,0.2116318359065395
Rg norm w/0.5,expr buffer only regr out,All,ProtBERT,10,Kernel Ridge,90/10,-0.16530186718426765,0.20126501915077652
Rg norm w/0.5,expr buffer only regr out,All,ProtBERT,10,GPR,90/10,-0.39216969024595905,0.21998606173028784
Rg norm w/0.5,expr buffer only regr out,Inliers,ProtBERT,10,Linear,80/20,-0.40653557501636706,0.13007358235138644
Rg norm w/0.5,expr buffer only regr out,Inliers,ProtBERT,10,Ridge,80/20,-0.3044808313334024,0.12526582171520637
Rg norm w/0.5,expr buffer only regr out,Inliers,ProtBERT,10,Lasso,80/20,-0.34335556897650954,0.12711863792886038
Rg norm w/0.5,expr buffer only regr out,Inliers,ProtBERT,10,Kernel Ridge,80/20,-0.05510230500542823,0.11265773790975833
Rg norm w/0.5,expr buffer only regr out,Inliers,ProtBERT,10,GPR,80/20,-0.07744390488936026,0.11384424338311033
Rg norm w/0.5,expr buffer only regr out,Inliers,ProtBERT,10,Linear,85/15,-0.47053352413734517,0.13415277409284995
Rg norm w/0.5,expr buffer only regr out,Inliers,ProtBERT,10,Ridge,85/15,-0.37041230317453566,0.12950538202585826
Rg norm w/0.5,expr buffer only regr out,Inliers,ProtBERT,10,Lasso,85/15,-0.4008634149436947,0.13093630756470623
Rg norm w/0.5,expr buffer only regr out,Inliers,ProtBERT,10,Kernel Ridge,85/15,-0.03283627129475453,0.11242889271871388
Rg norm w/0.5,expr buffer only regr out,Inliers,ProtBERT,10,GPR,85/15,-0.0257364555105839,0.1120418028418448
Rg norm w/0.5,expr buffer only regr out,Inliers,ProtBERT,10,Linear,90/10,-0.36346018555000015,0.1341923777344138
Rg norm w/0.5,expr buffer only regr out,Inliers,ProtBERT,10,Ridge,90/10,-0.285329083620548,0.13029081033310635
Rg norm w/0.5,expr buffer only regr out,Inliers,ProtBERT,10,Lasso,90/10,-0.2988116530754863,0.13097237596487818
Rg norm w/0.5,expr buffer only regr out,Inliers,ProtBERT,10,Kernel Ridge,90/10,0.04820698638910215,0.1121186536958794
Rg norm w/0.5,expr buffer only regr out,Inliers,ProtBERT,10,GPR,90/10,-0.1879235624271458,0.1252566713115588
Rg norm w/0.5,expr buffer only regr out,All,ProtBERT,20,Linear,80/20,-0.10772859117121203,0.3762876541197721
Rg norm w/0.5,expr buffer only regr out,All,ProtBERT,20,Ridge,80/20,-0.07056087745112394,0.3699209869444305
Rg norm w/0.5,expr buffer only regr out,All,ProtBERT,20,Lasso,80/20,-0.0748813068309464,0.37066667470032133
Rg norm w/0.5,expr buffer only regr out,All,ProtBERT,20,Kernel Ridge,80/20,-0.014995910433608373,0.36019313650318135
Rg norm w/0.5,expr buffer only regr out,All,ProtBERT,20,GPR,80/20,-0.12172083836840719,0.3786567306134279
Rg norm w/0.5,expr buffer only regr out,All,ProtBERT,20,Linear,85/15,-0.40672964715198656,0.25693021400733046
Rg norm w/0.5,expr buffer only regr out,All,ProtBERT,20,Ridge,85/15,-0.2503100736489463,0.24222486557520953
Rg norm w/0.5,expr buffer only regr out,All,ProtBERT,20,Lasso,85/15,-0.35538326552764565,0.25219758181911844
Rg norm w/0.5,expr buffer only regr out,All,ProtBERT,20,Kernel Ridge,85/15,-0.11258138962667474,0.22849450168001903
Rg norm w/0.5,expr buffer only regr out,All,ProtBERT,20,GPR,85/15,-0.3144238112066955,0.24835766460539496
Rg norm w/0.5,expr buffer only regr out,All,ProtBERT,20,Linear,90/10,-0.595818090768389,0.23552703767687322
Rg norm w/0.5,expr buffer only regr out,All,ProtBERT,20,Ridge,90/10,-0.3886396784269528,0.21970698429837476
Rg norm w/0.5,expr buffer only regr out,All,ProtBERT,20,Lasso,90/10,-0.49299706545706234,0.22781302708670045
Rg norm w/0.5,expr buffer only regr out,All,ProtBERT,20,Kernel Ridge,90/10,-0.1494176894060335,0.19988859531420902
Rg norm w/0.5,expr buffer only regr out,All,ProtBERT,20,GPR,90/10,-0.4691808463045424,0.22598869104713276
Rg norm w/0.5,expr buffer only regr out,Inliers,ProtBERT,20,Linear,80/20,-0.19927911908055118,0.1201085369465121
Rg norm w/0.5,expr buffer only regr out,Inliers,ProtBERT,20,Ridge,80/20,-0.14132370807966121,0.11717046679357006
Rg norm w/0.5,expr buffer only regr out,Inliers,ProtBERT,20,Lasso,80/20,-0.16571744726636584,0.11841600059400599
Rg norm w/0.5,expr buffer only regr out,Inliers,ProtBERT,20,Kernel Ridge,80/20,0.08841023874717835,0.10471610021658351
Rg norm w/0.5,expr buffer only regr out,Inliers,ProtBERT,20,GPR,80/20,-0.21028881892203066,0.12065859150390111
Rg norm w/0.5,expr buffer only regr out,Inliers,ProtBERT,20,Linear,85/15,-0.2625765848807353,0.1243057042232504
Rg norm w/0.5,expr buffer only regr out,Inliers,ProtBERT,20,Ridge,85/15,-0.19516469906539213,0.12094170070283865
Rg norm w/0.5,expr buffer only regr out,Inliers,ProtBERT,20,Lasso,85/15,-0.20125725283603924,0.1212495692144627
Rg norm w/0.5,expr buffer only regr out,Inliers,ProtBERT,20,Kernel Ridge,85/15,-0.1904808099135329,0.12070448083618247
Rg norm w/0.5,expr buffer only regr out,Inliers,ProtBERT,20,GPR,85/15,-0.1664676721101459,0.11948091681402699
Rg norm w/0.5,expr buffer only regr out,Inliers,ProtBERT,20,Linear,90/10,-0.22753642060726653,0.12732796879548092
Rg norm w/0.5,expr buffer only regr out,Inliers,ProtBERT,20,Ridge,90/10,-0.1618606007798078,0.12387498938208366
Rg norm w/0.5,expr buffer only regr out,Inliers,ProtBERT,20,Lasso,90/10,-0.16425534723296153,0.12400258493459805
Rg norm w/0.5,expr buffer only regr out,Inliers,ProtBERT,20,Kernel Ridge,90/10,0.13090920633193404,0.1071369287737892
Rg norm w/0.5,expr buffer only regr out,Inliers,ProtBERT,20,GPR,90/10,-0.35364485449885885,0.1337084906097759
Rg norm w/0.5,expr buffer only regr out,All,ProtBERT,50,Linear,80/20,-0.40528084762025895,0.42382332131411155
Rg norm w/0.5,expr buffer only regr out,All,ProtBERT,50,Ridge,80/20,-0.0847684047232573,0.3723675270062117
Rg norm w/0.5,expr buffer only regr out,All,ProtBERT,50,Lasso,80/20,-0.03765164182273151,0.36419088802058897
Rg norm w/0.5,expr buffer only regr out,All,ProtBERT,50,Kernel Ridge,80/20,0.002316714839667333,0.35710804566472665
Rg norm w/0.5,expr buffer only regr out,All,ProtBERT,50,GPR,80/20,-0.08915840877429826,0.3731202427014139
Rg norm w/0.5,expr buffer only regr out,All,ProtBERT,50,Linear,85/15,-1.2673625899636725,0.3261897777298252
Rg norm w/0.5,expr buffer only regr out,All,ProtBERT,50,Ridge,85/15,-0.3395929145582559,0.25072421446810533
Rg norm w/0.5,expr buffer only regr out,All,ProtBERT,50,Lasso,85/15,-0.39777711135813854,0.25611134726222823
Rg norm w/0.5,expr buffer only regr out,All,ProtBERT,50,Kernel Ridge,85/15,-0.04241692695980248,0.22117222444374313
Rg norm w/0.5,expr buffer only regr out,All,ProtBERT,50,GPR,85/15,-0.22829842962812985,0.2400832197295488
Rg norm w/0.5,expr buffer only regr out,All,ProtBERT,50,Linear,90/10,-1.4980707611223303,0.29468053241894315
Rg norm w/0.5,expr buffer only regr out,All,ProtBERT,50,Ridge,90/10,-0.7336403256329276,0.24548704487264286
Rg norm w/0.5,expr buffer only regr out,All,ProtBERT,50,Lasso,90/10,-0.198926551035431,0.20414811150604045
Rg norm w/0.5,expr buffer only regr out,All,ProtBERT,50,Kernel Ridge,90/10,-0.21510703896256822,0.2055210670598691
Rg norm w/0.5,expr buffer only regr out,All,ProtBERT,50,GPR,90/10,-0.3808656841947671,0.21909113051106555
Rg norm w/0.5,expr buffer only regr out,Inliers,ProtBERT,50,Linear,80/20,-0.11315826417010588,0.11571567637067938
Rg norm w/0.5,expr buffer only regr out,Inliers,ProtBERT,50,Ridge,80/20,-0.04766978605168948,0.1122602358856864
Rg norm w/0.5,expr buffer only regr out,Inliers,ProtBERT,50,Lasso,80/20,-0.08557482283078244,0.11427299813692662
Rg norm w/0.5,expr buffer only regr out,Inliers,ProtBERT,50,Kernel Ridge,80/20,0.21909905297843668,0.09691962285739072
Rg norm w/0.5,expr buffer only regr out,Inliers,ProtBERT,50,GPR,80/20,-0.07612626812812584,0.11377461040780006
Rg norm w/0.5,expr buffer only regr out,Inliers,ProtBERT,50,Linear,85/15,-0.3405825286492199,0.12808815510365512
Rg norm w/0.5,expr buffer only regr out,Inliers,ProtBERT,50,Ridge,85/15,-0.13934164646881464,0.11808348964868498
Rg norm w/0.5,expr buffer only regr out,Inliers,ProtBERT,50,Lasso,85/15,-0.24956285674753342,0.12366341814219536
Rg norm w/0.5,expr buffer only regr out,Inliers,ProtBERT,50,Kernel Ridge,85/15,0.13006211736775508,0.10318256374882066
Rg norm w/0.5,expr buffer only regr out,Inliers,ProtBERT,50,GPR,85/15,-0.05660377880593859,0.11371513535666503
Rg norm w/0.5,expr buffer only regr out,Inliers,ProtBERT,50,Linear,90/10,-0.43651445344889006,0.13774048816994403
Rg norm w/0.5,expr buffer only regr out,Inliers,ProtBERT,50,Ridge,90/10,-0.17658035230674796,0.12465721321869719
Rg norm w/0.5,expr buffer only regr out,Inliers,ProtBERT,50,Lasso,90/10,-0.3558302956729751,0.1338163823480557
Rg norm w/0.5,expr buffer only regr out,Inliers,ProtBERT,50,Kernel Ridge,90/10,0.07870947549025531,0.11030746906245718
Rg norm w/0.5,expr buffer only regr out,Inliers,ProtBERT,50,GPR,90/10,-0.27436104949506523,0.12973371731884573
Rg norm w/0.5,expr buffer only regr out,All,ProtBERT,100,Linear,80/20,-7.268353472768897,1.028046607071588
Rg norm w/0.5,expr buffer only regr out,All,ProtBERT,100,Ridge,80/20,-0.07239425457414206,0.370237603483696
Rg norm w/0.5,expr buffer only regr out,All,ProtBERT,100,Lasso,80/20,-0.03765165169512841,0.3641908897530765
Rg norm w/0.5,expr buffer only regr out,All,ProtBERT,100,Kernel Ridge,80/20,0.008797216089100002,0.35594634961875804
Rg norm w/0.5,expr buffer only regr out,All,ProtBERT,100,GPR,80/20,-0.07355284984305266,0.3704375484841199
Rg norm w/0.5,expr buffer only regr out,All,ProtBERT,100,Linear,85/15,-20.541325021801114,1.0054166319409534
Rg norm w/0.5,expr buffer only regr out,All,ProtBERT,100,Ridge,85/15,-0.3189653901827676,0.24878635560707854
Rg norm w/0.5,expr buffer only regr out,All,ProtBERT,100,Lasso,85/15,-0.10148889861021915,0.2273525976467655
Rg norm w/0.5,expr buffer only regr out,All,ProtBERT,100,Kernel Ridge,85/15,-0.010082321399724536,0.21771494567682012
Rg norm w/0.5,expr buffer only regr out,All,ProtBERT,100,GPR,85/15,-0.22797722192164493,0.2400518260467146
Rg norm w/0.5,expr buffer only regr out,All,ProtBERT,100,Linear,90/10,-2.436826451475664,0.34564308989910086
Rg norm w/0.5,expr buffer only regr out,All,ProtBERT,100,Ridge,90/10,-0.629168443207095,0.23797540379400534
Rg norm w/0.5,expr buffer only regr out,All,ProtBERT,100,Lasso,90/10,-0.19892661707311365,0.20414811712834818
Rg norm w/0.5,expr buffer only regr out,All,ProtBERT,100,Kernel Ridge,90/10,-0.15180429326497102,0.20009600795443977
Rg norm w/0.5,expr buffer only regr out,All,ProtBERT,100,GPR,90/10,-0.3267461577466122,0.21475485810334055
Rg norm w/0.5,expr buffer only regr out,Inliers,ProtBERT,100,Linear,80/20,-4.588745557755532,0.2592811292905847
Rg norm w/0.5,expr buffer only regr out,Inliers,ProtBERT,100,Ridge,80/20,-0.13838170290942675,0.1170193534204491
Rg norm w/0.5,expr buffer only regr out,Inliers,ProtBERT,100,Lasso,80/20,-0.09734710753820885,0.11489093197318864
Rg norm w/0.5,expr buffer only regr out,Inliers,ProtBERT,100,Kernel Ridge,80/20,0.01453941465969777,0.10887630415580304
Rg norm w/0.5,expr buffer only regr out,Inliers,ProtBERT,100,GPR,80/20,-0.0047824915993757156,0.10993849063657893
Rg norm w/0.5,expr buffer only regr out,Inliers,ProtBERT,100,Linear,85/15,-6.721539217150372,0.30740726967648485
Rg norm w/0.5,expr buffer only regr out,Inliers,ProtBERT,100,Ridge,85/15,-0.3650454973774697,0.12925154891370647
Rg norm w/0.5,expr buffer only regr out,Inliers,ProtBERT,100,Lasso,85/15,-0.2559765851258968,0.1239803803567106
Rg norm w/0.5,expr buffer only regr out,Inliers,ProtBERT,100,Kernel Ridge,85/15,0.09965790447049883,0.10497018700555968
Rg norm w/0.5,expr buffer only regr out,Inliers,ProtBERT,100,GPR,85/15,0.00836816309990629,0.1101634234555855
Rg norm w/0.5,expr buffer only regr out,Inliers,ProtBERT,100,Linear,90/10,-10.169995838153287,0.3840901090393432
Rg norm w/0.5,expr buffer only regr out,Inliers,ProtBERT,100,Ridge,90/10,-0.29085736025823694,0.13057070394847764
Rg norm w/0.5,expr buffer only regr out,Inliers,ProtBERT,100,Lasso,90/10,-0.32106439635000505,0.13208959601699796
Rg norm w/0.5,expr buffer only regr out,Inliers,ProtBERT,100,Kernel Ridge,90/10,-0.08099518460883193,0.1194864057886329
Rg norm w/0.5,expr buffer only regr out,Inliers,ProtBERT,100,GPR,90/10,-0.20179356615193855,0.12598578756273393
Rg norm w/0.5,expr buffer only regr out,All,ProtBERT,190,Linear,80/20,-0.41532683774902823,0.42533552531341207
Rg norm w/0.5,expr buffer only regr out,All,ProtBERT,190,Ridge,80/20,-0.07136030995453169,0.37005907889211354
Rg norm w/0.5,expr buffer only regr out,All,ProtBERT,190,Lasso,80/20,-0.0376516517051233,0.3641908897548305
Rg norm w/0.5,expr buffer only regr out,All,ProtBERT,190,Kernel Ridge,80/20,0.007674918431040623,0.3561478042287617
Rg norm w/0.5,expr buffer only regr out,All,ProtBERT,190,GPR,80/20,-0.053199444153652076,0.3669091965640673
Rg norm w/0.5,expr buffer only regr out,All,ProtBERT,190,Linear,85/15,-3.4913566941468552,0.4590908446752358
Rg norm w/0.5,expr buffer only regr out,All,ProtBERT,190,Ridge,85/15,-0.31741088730300193,0.24863970538910668
Rg norm w/0.5,expr buffer only regr out,All,ProtBERT,190,Lasso,85/15,-0.1014888983839568,0.22735259762341467
Rg norm w/0.5,expr buffer only regr out,All,ProtBERT,190,Kernel Ridge,85/15,-0.010789129475690107,0.21779110569271826
Rg norm w/0.5,expr buffer only regr out,All,ProtBERT,190,GPR,85/15,-0.13514787391509908,0.23080014560254303
Rg norm w/0.5,expr buffer only regr out,All,ProtBERT,190,Linear,90/10,-3.4733672283495496,0.3943359335968795
Rg norm w/0.5,expr buffer only regr out,All,ProtBERT,190,Ridge,90/10,-0.6271232960675406,0.23782598782809294
Rg norm w/0.5,expr buffer only regr out,All,ProtBERT,190,Lasso,90/10,-0.1989266169727495,0.20414811711980338
Rg norm w/0.5,expr buffer only regr out,All,ProtBERT,190,Kernel Ridge,90/10,-0.14340589164118378,0.19936517147819832
Rg norm w/0.5,expr buffer only regr out,All,ProtBERT,190,GPR,90/10,-0.2565648964448062,0.20899771565024236
Rg norm w/0.5,expr buffer only regr out,Inliers,ProtBERT,190,Linear,80/20,-0.7262317593548067,0.14409977145430045
Rg norm w/0.5,expr buffer only regr out,Inliers,ProtBERT,190,Ridge,80/20,-0.06608636569992488,0.11324262693601497
Rg norm w/0.5,expr buffer only regr out,Inliers,ProtBERT,190,Lasso,80/20,-0.32129851670457255,0.1260707145830454
Rg norm w/0.5,expr buffer only regr out,Inliers,ProtBERT,190,Kernel Ridge,80/20,0.02569960908333957,0.10825804477978568
Rg norm w/0.5,expr buffer only regr out,Inliers,ProtBERT,190,GPR,80/20,0.08787444747961515,0.10474686939189508
Rg norm w/0.5,expr buffer only regr out,Inliers,ProtBERT,190,Linear,85/15,-1.06685040422034,0.15904378947049927
Rg norm w/0.5,expr buffer only regr out,Inliers,ProtBERT,190,Ridge,85/15,-0.4577405356386335,0.1335679646446681
Rg norm w/0.5,expr buffer only regr out,Inliers,ProtBERT,190,Lasso,85/15,-0.25684977113755414,0.12402346998344739
Rg norm w/0.5,expr buffer only regr out,Inliers,ProtBERT,190,Kernel Ridge,85/15,0.05898143370395181,0.10731521226859458
Rg norm w/0.5,expr buffer only regr out,Inliers,ProtBERT,190,GPR,85/15,0.08906072063272286,0.10558613856781845
Rg norm w/0.5,expr buffer only regr out,Inliers,ProtBERT,190,Linear,90/10,-1.0766556872287758,0.16561088033613297
Rg norm w/0.5,expr buffer only regr out,Inliers,ProtBERT,190,Ridge,90/10,-0.2591757361574911,0.12895844599424872
Rg norm w/0.5,expr buffer only regr out,Inliers,ProtBERT,190,Lasso,90/10,-0.3185659448145457,0.13196463025483304
Rg norm w/0.5,expr buffer only regr out,Inliers,ProtBERT,190,Kernel Ridge,90/10,-0.08880473479775697,0.11991723833047499
Rg norm w/0.5,expr buffer only regr out,Inliers,ProtBERT,190,GPR,90/10,-0.10683293536050154,0.12090594468259987
Rg norm w/0.418,expr buffer only regr out,All,ProtBERT,10,Linear,80/20,-0.10644856004602565,0.49373609944921903
Rg norm w/0.418,expr buffer only regr out,All,ProtBERT,10,Ridge,80/20,-0.09064087702878165,0.49019644040540455
Rg norm w/0.418,expr buffer only regr out,All,ProtBERT,10,Lasso,80/20,-0.008140691775747388,0.47129175286254144
Rg norm w/0.418,expr buffer only regr out,All,ProtBERT,10,Kernel Ridge,80/20,-0.1056364413109172,0.4935548682762717
Rg norm w/0.418,expr buffer only regr out,All,ProtBERT,10,GPR,80/20,-0.13180472445076297,0.49936145763944256
Rg norm w/0.418,expr buffer only regr out,All,ProtBERT,10,Linear,85/15,-1.2596714724064801,0.23692738594621351
Rg norm w/0.418,expr buffer only regr out,All,ProtBERT,10,Ridge,85/15,-1.0238829765700062,0.22422565954442467
Rg norm w/0.418,expr buffer only regr out,All,ProtBERT,10,Lasso,85/15,-0.3261929835567128,0.18150808481785075
Rg norm w/0.418,expr buffer only regr out,All,ProtBERT,10,Kernel Ridge,85/15,0.01137861464397183,0.15671393359363764
Rg norm w/0.418,expr buffer only regr out,All,ProtBERT,10,GPR,85/15,-0.24848087915937,0.1761098142905356
Rg norm w/0.418,expr buffer only regr out,All,ProtBERT,10,Linear,90/10,-1.3688893793631491,0.206465856046733
Rg norm w/0.418,expr buffer only regr out,All,ProtBERT,10,Ridge,90/10,-1.2286308446674696,0.20026032620008408
Rg norm w/0.418,expr buffer only regr out,All,ProtBERT,10,Lasso,90/10,-0.6679115514723757,0.17324565807193837
Rg norm w/0.418,expr buffer only regr out,All,ProtBERT,10,Kernel Ridge,90/10,-0.0662948262043932,0.13852064393037414
Rg norm w/0.418,expr buffer only regr out,All,ProtBERT,10,GPR,90/10,-0.3250677933892161,0.1544169250341883
Rg norm w/0.418,expr buffer only regr out,Inliers,ProtBERT,10,Linear,80/20,-0.34696491130778906,0.1927786953785913
Rg norm w/0.418,expr buffer only regr out,Inliers,ProtBERT,10,Ridge,80/20,-0.26030576685993956,0.18647424498470322
Rg norm w/0.418,expr buffer only regr out,Inliers,ProtBERT,10,Lasso,80/20,-0.3067620406300722,0.189879968446687
Rg norm w/0.418,expr buffer only regr out,Inliers,ProtBERT,10,Kernel Ridge,80/20,-0.017836632920077422,0.16757913115692477
Rg norm w/0.418,expr buffer only regr out,Inliers,ProtBERT,10,GPR,80/20,-0.09232757973695294,0.17360304771331303
Rg norm w/0.418,expr buffer only regr out,Inliers,ProtBERT,10,Linear,85/15,-0.3951759022391801,0.19909759121465398
Rg norm w/0.418,expr buffer only regr out,Inliers,ProtBERT,10,Ridge,85/15,-0.3118447767936381,0.19306019821934237
Rg norm w/0.418,expr buffer only regr out,Inliers,ProtBERT,10,Lasso,85/15,-0.3547979372982606,0.19619538428448144
Rg norm w/0.418,expr buffer only regr out,Inliers,ProtBERT,10,Kernel Ridge,85/15,0.0021053632863615723,0.1683813033199296
Rg norm w/0.418,expr buffer only regr out,Inliers,ProtBERT,10,GPR,85/15,-0.027397197265936812,0.17085225327636064
Rg norm w/0.418,expr buffer only regr out,Inliers,ProtBERT,10,Linear,90/10,-0.3554871552277341,0.20495647615152843
Rg norm w/0.418,expr buffer only regr out,Inliers,ProtBERT,10,Ridge,90/10,-0.283542781665272,0.1994431462693342
Rg norm w/0.418,expr buffer only regr out,Inliers,ProtBERT,10,Lasso,90/10,-0.20749359277906976,0.19344448815227175
Rg norm w/0.418,expr buffer only regr out,Inliers,ProtBERT,10,Kernel Ridge,90/10,0.05696756406351777,0.17095320908976583
Rg norm w/0.418,expr buffer only regr out,Inliers,ProtBERT,10,GPR,90/10,-0.1604138803276558,0.1896358313045675
Rg norm w/0.418,expr buffer only regr out,All,ProtBERT,20,Linear,80/20,-0.1202799962892176,0.49681255046420125
Rg norm w/0.418,expr buffer only regr out,All,ProtBERT,20,Ridge,80/20,-0.08178857194058797,0.48820302089829565
Rg norm w/0.418,expr buffer only regr out,All,ProtBERT,20,Lasso,80/20,-0.008140691775747388,0.47129175286254144
Rg norm w/0.418,expr buffer only regr out,All,ProtBERT,20,Kernel Ridge,80/20,-0.07436217264251876,0.4865243960406216
Rg norm w/0.418,expr buffer only regr out,All,ProtBERT,20,GPR,80/20,-0.13361282144368225,0.4997601720188538
Rg norm w/0.418,expr buffer only regr out,All,ProtBERT,20,Linear,85/15,-1.2946623451021932,0.2387547419415264
Rg norm w/0.418,expr buffer only regr out,All,ProtBERT,20,Ridge,85/15,-0.9619241034055686,0.22076677467635628
Rg norm w/0.418,expr buffer only regr out,All,ProtBERT,20,Lasso,85/15,-0.32617034406341716,0.1815065355453626
Rg norm w/0.418,expr buffer only regr out,All,ProtBERT,20,Kernel Ridge,85/15,-0.1765555723008696,0.1709617024580013
Rg norm w/0.418,expr buffer only regr out,All,ProtBERT,20,GPR,85/15,-0.3774235343935002,0.18498067544239769
Rg norm w/0.418,expr buffer only regr out,All,ProtBERT,20,Linear,90/10,-1.9308652373417532,0.2296538739006895
Rg norm w/0.418,expr buffer only regr out,All,ProtBERT,20,Ridge,90/10,-1.469035290879745,0.21078490166691835
Rg norm w/0.418,expr buffer only regr out,All,ProtBERT,20,Lasso,90/10,-0.6679115193272365,0.1732456564024836
Rg norm w/0.418,expr buffer only regr out,All,ProtBERT,20,Kernel Ridge,90/10,-0.27097715396605904,0.1512323577001034
Rg norm w/0.418,expr buffer only regr out,All,ProtBERT,20,GPR,90/10,-0.431665590861954,0.16050798560341473
Rg norm w/0.418,expr buffer only regr out,Inliers,ProtBERT,20,Linear,80/20,-0.15697485626938423,0.17866638737556306
Rg norm w/0.418,expr buffer only regr out,Inliers,ProtBERT,20,Ridge,80/20,-0.1095712035245131,0.17496794223483547
Rg norm w/0.418,expr buffer only regr out,Inliers,ProtBERT,20,Lasso,80/20,-0.090371303247754,0.17344752305212682
Rg norm w/0.418,expr buffer only regr out,Inliers,ProtBERT,20,Kernel Ridge,80/20,0.10551138864911491,0.1570971489569646
Rg norm w/0.418,expr buffer only regr out,Inliers,ProtBERT,20,GPR,80/20,-0.24588332092091658,0.18540420575991828
Rg norm w/0.418,expr buffer only regr out,Inliers,ProtBERT,20,Linear,85/15,-0.21293254239589587,0.18563926770742864
Rg norm w/0.418,expr buffer only regr out,Inliers,ProtBERT,20,Ridge,85/15,-0.15769928639680142,0.18136329829458997
Rg norm w/0.418,expr buffer only regr out,Inliers,ProtBERT,20,Lasso,85/15,-0.180547431208246,0.18314423089671003
Rg norm w/0.418,expr buffer only regr out,Inliers,ProtBERT,20,Kernel Ridge,85/15,-0.154376827812289,0.18110286581296975
Rg norm w/0.418,expr buffer only regr out,Inliers,ProtBERT,20,GPR,85/15,-0.17727544976247112,0.18289025536830286
Rg norm w/0.418,expr buffer only regr out,Inliers,ProtBERT,20,Linear,90/10,-0.21082002070175632,0.19371075730381712
Rg norm w/0.418,expr buffer only regr out,Inliers,ProtBERT,20,Ridge,90/10,-0.15399573814987932,0.18911067500102227
Rg norm w/0.418,expr buffer only regr out,Inliers,ProtBERT,20,Lasso,90/10,-0.09233344863107718,0.18398887273343525
Rg norm w/0.418,expr buffer only regr out,Inliers,ProtBERT,20,Kernel Ridge,90/10,-0.1004386006940603,0.18467021308458662
Rg norm w/0.418,expr buffer only regr out,Inliers,ProtBERT,20,GPR,90/10,-0.3083114764268571,0.20135829159526228
Rg norm w/0.418,expr buffer only regr out,All,ProtBERT,50,Linear,80/20,-0.2551929324533977,0.5258774040573211
Rg norm w/0.418,expr buffer only regr out,All,ProtBERT,50,Ridge,80/20,-0.09718742735509767,0.4916654365249892
Rg norm w/0.418,expr buffer only regr out,All,ProtBERT,50,Lasso,80/20,-0.008140691775747388,0.47129175286254144
Rg norm w/0.418,expr buffer only regr out,All,ProtBERT,50,Kernel Ridge,80/20,-0.022298981560536335,0.4745896162505054
Rg norm w/0.418,expr buffer only regr out,All,ProtBERT,50,GPR,80/20,-0.13378331960253997,0.49979775318587505
Rg norm w/0.418,expr buffer only regr out,All,ProtBERT,50,Linear,85/15,-2.6909222751717037,0.3028029217000381
Rg norm w/0.418,expr buffer only regr out,All,ProtBERT,50,Ridge,85/15,-1.2399191343165077,0.23588959310744026
Rg norm w/0.418,expr buffer only regr out,All,ProtBERT,50,Lasso,85/15,-0.32619286684848836,0.18150807683127299
Rg norm w/0.418,expr buffer only regr out,All,ProtBERT,50,Kernel Ridge,85/15,-0.5738075029326641,0.19772811090325973
Rg norm w/0.418,expr buffer only regr out,All,ProtBERT,50,GPR,85/15,-0.36715993919219403,0.18429021362696077
Rg norm w/0.418,expr buffer only regr out,All,ProtBERT,50,Linear,90/10,-3.4961137600587415,0.284442506091521
Rg norm w/0.418,expr buffer only regr out,All,ProtBERT,50,Ridge,90/10,-1.9298475447164511,0.2296139987568336
Rg norm w/0.418,expr buffer only regr out,All,ProtBERT,50,Lasso,90/10,-0.6679115601861354,0.17324565852448667
Rg norm w/0.418,expr buffer only regr out,All,ProtBERT,50,Kernel Ridge,90/10,-0.4160425085457189,0.15962980978791488
Rg norm w/0.418,expr buffer only regr out,All,ProtBERT,50,GPR,90/10,-0.4355846517151716,0.16072752383537864
Rg norm w/0.418,expr buffer only regr out,Inliers,ProtBERT,50,Linear,80/20,-0.08133665193207573,0.17272744840163945
Rg norm w/0.418,expr buffer only regr out,Inliers,ProtBERT,50,Ridge,80/20,-0.015950643697869582,0.16742380221351993
Rg norm w/0.418,expr buffer only regr out,Inliers,ProtBERT,50,Lasso,80/20,-0.07228489100401014,0.17200298702228947
Rg norm w/0.418,expr buffer only regr out,Inliers,ProtBERT,50,Kernel Ridge,80/20,0.23225323245447693,0.14554252124501302
Rg norm w/0.418,expr buffer only regr out,Inliers,ProtBERT,50,GPR,80/20,-0.09623967445302917,0.17391364344543292
Rg norm w/0.418,expr buffer only regr out,Inliers,ProtBERT,50,Linear,85/15,-0.2729250450669798,0.19017478687732958
Rg norm w/0.418,expr buffer only regr out,Inliers,ProtBERT,50,Ridge,85/15,-0.09266935935748122,0.17619594322776205
Rg norm w/0.418,expr buffer only regr out,Inliers,ProtBERT,50,Lasso,85/15,-0.13173429907848688,0.17931794847109075
Rg norm w/0.418,expr buffer only regr out,Inliers,ProtBERT,50,Kernel Ridge,85/15,0.1608761113353553,0.1544061395935472
Rg norm w/0.418,expr buffer only regr out,Inliers,ProtBERT,50,GPR,85/15,-0.0481371267660351,0.17256812280298656
Rg norm w/0.418,expr buffer only regr out,Inliers,ProtBERT,50,Linear,90/10,-0.37529102831926964,0.2064482696907918
Rg norm w/0.418,expr buffer only regr out,Inliers,ProtBERT,50,Ridge,90/10,-0.14295895117732038,0.1882041774319192
Rg norm w/0.418,expr buffer only regr out,Inliers,ProtBERT,50,Lasso,90/10,-0.18528451910750987,0.1916572482478618
Rg norm w/0.418,expr buffer only regr out,Inliers,ProtBERT,50,Kernel Ridge,90/10,0.16879463537401673,0.160497440537038
Rg norm w/0.418,expr buffer only regr out,Inliers,ProtBERT,50,GPR,90/10,-0.2201226346050682,0.19445346406705377
Rg norm w/0.418,expr buffer only regr out,All,ProtBERT,100,Linear,80/20,-6.5118189964644255,1.2864764045124473
Rg norm w/0.418,expr buffer only regr out,All,ProtBERT,100,Ridge,80/20,-0.09561521544081364,0.49131304487596444
Rg norm w/0.418,expr buffer only regr out,All,ProtBERT,100,Lasso,80/20,-0.008140691775747388,0.47129175286254144
Rg norm w/0.418,expr buffer only regr out,All,ProtBERT,100,Kernel Ridge,80/20,-0.012252586875956428,0.472251901707959
Rg norm w/0.418,expr buffer only regr out,All,ProtBERT,100,GPR,80/20,-0.1339805484815546,0.49984122280760285
Rg norm w/0.418,expr buffer only regr out,All,ProtBERT,100,Linear,85/15,-59.06842654051646,1.221562633031502
Rg norm w/0.418,expr buffer only regr out,All,ProtBERT,100,Ridge,85/15,-1.3389156986038993,0.2410459815655439
Rg norm w/0.418,expr buffer only regr out,All,ProtBERT,100,Lasso,85/15,-0.32619286807826775,0.18150807691542925
Rg norm w/0.418,expr buffer only regr out,All,ProtBERT,100,Kernel Ridge,85/15,-0.43506305139453993,0.18881135232869586
Rg norm w/0.418,expr buffer only regr out,All,ProtBERT,100,GPR,85/15,-0.39710935142854775,0.18629783641006095
Rg norm w/0.418,expr buffer only regr out,All,ProtBERT,100,Linear,90/10,-7.6287220724320814,0.3940479669571118
Rg norm w/0.418,expr buffer only regr out,All,ProtBERT,100,Ridge,90/10,-1.9348503014538228,0.2298099497445973
Rg norm w/0.418,expr buffer only regr out,All,ProtBERT,100,Lasso,90/10,-0.6679115610807547,0.17324565857094865
Rg norm w/0.418,expr buffer only regr out,All,ProtBERT,100,Kernel Ridge,90/10,-0.4298658769307939,0.16040706842723257
Rg norm w/0.418,expr buffer only regr out,All,ProtBERT,100,GPR,90/10,-0.4326724268601143,0.16056441526695261
Rg norm w/0.418,expr buffer only regr out,Inliers,ProtBERT,100,Linear,80/20,-4.31300547467207,0.3828697259062787
Rg norm w/0.418,expr buffer only regr out,Inliers,ProtBERT,100,Ridge,80/20,-0.1018329084191556,0.17435675004772247
Rg norm w/0.418,expr buffer only regr out,Inliers,ProtBERT,100,Lasso,80/20,-0.0720323442301527,0.17198273057839514
Rg norm w/0.418,expr buffer only regr out,Inliers,ProtBERT,100,Kernel Ridge,80/20,0.0429955469061607,0.1624942040833018
Rg norm w/0.418,expr buffer only regr out,Inliers,ProtBERT,100,GPR,80/20,-0.02129681134791883,0.16786373563198537
Rg norm w/0.418,expr buffer only regr out,Inliers,ProtBERT,100,Linear,85/15,-6.208303737773534,0.4525515551881745
Rg norm w/0.418,expr buffer only regr out,Inliers,ProtBERT,100,Ridge,85/15,-0.29049639535322735,0.19148286657689637
Rg norm w/0.418,expr buffer only regr out,Inliers,ProtBERT,100,Lasso,85/15,-0.1308763841722631,0.17924996930549944
Rg norm w/0.418,expr buffer only regr out,Inliers,ProtBERT,100,Kernel Ridge,85/15,0.13751168098846256,0.15654101070684415
Rg norm w/0.418,expr buffer only regr out,Inliers,ProtBERT,100,GPR,85/15,0.02029970842584239,0.16683921630953644
Rg norm w/0.418,expr buffer only regr out,Inliers,ProtBERT,100,Linear,90/10,-9.240175699615326,0.563336182551652
Rg norm w/0.418,expr buffer only regr out,Inliers,ProtBERT,100,Ridge,90/10,-0.23083111167045112,0.19530491599645158
Rg norm w/0.418,expr buffer only regr out,Inliers,ProtBERT,100,Lasso,90/10,-0.33276819110524536,0.20323160726446415
Rg norm w/0.418,expr buffer only regr out,Inliers,ProtBERT,100,Kernel Ridge,90/10,-0.04893006393449184,0.1802964638029002
Rg norm w/0.418,expr buffer only regr out,Inliers,ProtBERT,100,GPR,90/10,-0.15182988238846162,0.18893312720200905
Rg norm w/0.418,expr buffer only regr out,All,ProtBERT,190,Linear,80/20,-0.46903606076340854,0.5689125262568177
Rg norm w/0.418,expr buffer only regr out,All,ProtBERT,190,Ridge,80/20,-0.0926900731454845,0.4906567373121376
Rg norm w/0.418,expr buffer only regr out,All,ProtBERT,190,Lasso,80/20,-0.008140691775747388,0.47129175286254144
Rg norm w/0.418,expr buffer only regr out,All,ProtBERT,190,Kernel Ridge,80/20,-0.011839289352070015,0.47215548285409364
Rg norm w/0.418,expr buffer only regr out,All,ProtBERT,190,GPR,80/20,-0.03763442246258175,0.47813601002027545
Rg norm w/0.418,expr buffer only regr out,All,ProtBERT,190,Linear,85/15,-13.070676036262368,0.5912213290463995
Rg norm w/0.418,expr buffer only regr out,All,ProtBERT,190,Ridge,85/15,-1.2966257238467889,0.23885686279538057
Rg norm w/0.418,expr buffer only regr out,All,ProtBERT,190,Lasso,85/15,-0.32619286807801307,0.18150807691541182
Rg norm w/0.418,expr buffer only regr out,All,ProtBERT,190,Kernel Ridge,85/15,-0.4017331013455874,0.1866058592154221
Rg norm w/0.418,expr buffer only regr out,All,ProtBERT,190,GPR,85/15,-0.3145043988850398,0.18070644129679478
Rg norm w/0.418,expr buffer only regr out,All,ProtBERT,190,Linear,90/10,-13.166977662891489,0.5049105617033719
Rg norm w/0.418,expr buffer only regr out,All,ProtBERT,190,Ridge,90/10,-1.8903199526489796,0.2280598378728925
Rg norm w/0.418,expr buffer only regr out,All,ProtBERT,190,Lasso,90/10,-0.6679115610802029,0.17324565857091997
Rg norm w/0.418,expr buffer only regr out,All,ProtBERT,190,Kernel Ridge,90/10,-0.5678703193993921,0.16796968979282076
Rg norm w/0.418,expr buffer only regr out,All,ProtBERT,190,GPR,90/10,-0.3438933966209379,0.15550997829913654
Rg norm w/0.418,expr buffer only regr out,Inliers,ProtBERT,190,Linear,80/20,-0.7024056369634575,0.21672670087574258
Rg norm w/0.418,expr buffer only regr out,Inliers,ProtBERT,190,Ridge,80/20,-0.033617950885753034,0.16887327165302457
Rg norm w/0.418,expr buffer only regr out,Inliers,ProtBERT,190,Lasso,80/20,-0.29298736841152495,0.1888765479893608
Rg norm w/0.418,expr buffer only regr out,Inliers,ProtBERT,190,Kernel Ridge,80/20,0.052847220123455996,0.1616556599103813
Rg norm w/0.418,expr buffer only regr out,Inliers,ProtBERT,190,GPR,80/20,0.08667941494038967,0.1587422452830542
Rg norm w/0.418,expr buffer only regr out,Inliers,ProtBERT,190,Linear,85/15,-0.9936820511576911,0.23800137824286063
Rg norm w/0.418,expr buffer only regr out,Inliers,ProtBERT,190,Ridge,85/15,-0.3760151943002321,0.1977257070801562
Rg norm w/0.418,expr buffer only regr out,Inliers,ProtBERT,190,Lasso,85/15,-0.4546912508618193,0.20329979276148386
Rg norm w/0.418,expr buffer only regr out,Inliers,ProtBERT,190,Kernel Ridge,85/15,0.09779903506503662,0.16010436267699446
Rg norm w/0.418,expr buffer only regr out,Inliers,ProtBERT,190,GPR,85/15,0.11499580941236065,0.15857115374959802
Rg norm w/0.418,expr buffer only regr out,Inliers,ProtBERT,190,Linear,90/10,-1.0314864725868569,0.2509116981413988
Rg norm w/0.418,expr buffer only regr out,Inliers,ProtBERT,190,Ridge,90/10,-0.20747925142212575,0.193443339382329
Rg norm w/0.418,expr buffer only regr out,Inliers,ProtBERT,190,Lasso,90/10,-0.34410867621257335,0.20409442160363261
Rg norm w/0.418,expr buffer only regr out,Inliers,ProtBERT,190,Kernel Ridge,90/10,-0.05917948060184708,0.18117518841207944
Rg norm w/0.418,expr buffer only regr out,Inliers,ProtBERT,190,GPR,90/10,-0.06372544810660852,0.18156357144400886
