Normalization,Regressing out,Points,Model,LayerGroup,PCA Components,Regression Type,Test Split,Test R2 Score,RMSE Score
Rg w/no norm,No regr out,All,ProtBERT,high,10,Linear,80/20,0.050599188693918995,4.125947675439474
Rg w/no norm,No regr out,All,ProtBERT,high,10,Ridge,80/20,0.06324763218238105,4.098371440846439
Rg w/no norm,No regr out,All,ProtBERT,high,10,Lasso,80/20,0.05273734299850241,4.121299014275334
Rg w/no norm,No regr out,All,ProtBERT,high,10,Kernel Ridge,80/20,0.15474930739396886,3.893065264511638
Rg w/no norm,No regr out,All,ProtBERT,high,10,GPR,80/20,0.8431937950572359,1.6767971949862055
Rg w/no norm,No regr out,All,ProtBERT,high,10,Linear,85/15,0.09080177527562405,3.9144668867957946
Rg w/no norm,No regr out,All,ProtBERT,high,10,Ridge,85/15,0.09398726217922171,3.9076034636570056
Rg w/no norm,No regr out,All,ProtBERT,high,10,Lasso,85/15,0.09053227123974272,3.915047005866205
Rg w/no norm,No regr out,All,ProtBERT,high,10,Kernel Ridge,85/15,0.20009526294222146,3.671660086587999
Rg w/no norm,No regr out,All,ProtBERT,high,10,GPR,85/15,0.8146285507357521,1.7675217097886575
Rg w/no norm,No regr out,All,ProtBERT,high,10,Linear,90/10,0.07544609218125964,4.699532049472909
Rg w/no norm,No regr out,All,ProtBERT,high,10,Ridge,90/10,0.07748334077197039,4.694351499746291
Rg w/no norm,No regr out,All,ProtBERT,high,10,Lasso,90/10,0.0750094902656081,4.700641548065742
Rg w/no norm,No regr out,All,ProtBERT,high,10,Kernel Ridge,90/10,0.18968607275783078,4.399619802518613
Rg w/no norm,No regr out,All,ProtBERT,high,10,GPR,90/10,0.8693841951295254,1.7663890421444706
Rg w/no norm,No regr out,Inliers,ProtBERT,high,10,Linear,80/20,0.3989190365011982,1.104936404931888
Rg w/no norm,No regr out,Inliers,ProtBERT,high,10,Ridge,80/20,0.3963516502418891,1.1072936379636857
Rg w/no norm,No regr out,Inliers,ProtBERT,high,10,Lasso,80/20,0.40079600572432494,1.1032098877667331
Rg w/no norm,No regr out,Inliers,ProtBERT,high,10,Kernel Ridge,80/20,0.4082540450838734,1.0963227964275672
Rg w/no norm,No regr out,Inliers,ProtBERT,high,10,GPR,80/20,0.3273112317824588,1.1689014140123897
Rg w/no norm,No regr out,Inliers,ProtBERT,high,10,Linear,85/15,0.1726171870751324,0.9700902772900108
Rg w/no norm,No regr out,Inliers,ProtBERT,high,10,Ridge,85/15,0.17741466765134317,0.967273712079584
Rg w/no norm,No regr out,Inliers,ProtBERT,high,10,Lasso,85/15,0.17398500071418077,0.9692880781458858
Rg w/no norm,No regr out,Inliers,ProtBERT,high,10,Kernel Ridge,85/15,0.4503634131368318,0.7906726589271595
Rg w/no norm,No regr out,Inliers,ProtBERT,high,10,GPR,85/15,0.20703628715611666,0.949698082749696
Rg w/no norm,No regr out,Inliers,ProtBERT,high,10,Linear,90/10,0.1885193475246576,1.0276056164778933
Rg w/no norm,No regr out,Inliers,ProtBERT,high,10,Ridge,90/10,0.19829916044419427,1.0213945909591164
Rg w/no norm,No regr out,Inliers,ProtBERT,high,10,Lasso,90/10,0.18852926713404894,1.0275993356889157
Rg w/no norm,No regr out,Inliers,ProtBERT,high,10,Kernel Ridge,90/10,0.3264313600966392,0.936220861041263
Rg w/no norm,No regr out,Inliers,ProtBERT,high,10,GPR,90/10,0.31080044156445397,0.9470215891452882
Rg norm w/0.427,No regr out,All,ProtBERT,high,10,Linear,80/20,0.10009022390569255,0.4600396787264583
Rg norm w/0.427,No regr out,All,ProtBERT,high,10,Ridge,80/20,0.0988777020275895,0.46034949890033705
Rg norm w/0.427,No regr out,All,ProtBERT,high,10,Lasso,80/20,0.04282326612070353,0.47445155398675015
Rg norm w/0.427,No regr out,All,ProtBERT,high,10,Kernel Ridge,80/20,0.01889974947976658,0.4803441433725014
Rg norm w/0.427,No regr out,All,ProtBERT,high,10,GPR,80/20,0.8192569648758945,0.20617053222285237
Rg norm w/0.427,No regr out,All,ProtBERT,high,10,Linear,85/15,0.10477292704098673,0.4487543938989732
Rg norm w/0.427,No regr out,All,ProtBERT,high,10,Ridge,85/15,0.10460371962731618,0.44879680156568824
Rg norm w/0.427,No regr out,All,ProtBERT,high,10,Lasso,85/15,0.10147415196270493,0.4495804293573197
Rg norm w/0.427,No regr out,All,ProtBERT,high,10,Kernel Ridge,85/15,0.03478441041708513,0.4659660485880111
Rg norm w/0.427,No regr out,All,ProtBERT,high,10,GPR,85/15,0.7751146584804482,0.2249172082732188
Rg norm w/0.427,No regr out,All,ProtBERT,high,10,Linear,90/10,0.10145353892054743,0.5396155301504996
Rg norm w/0.427,No regr out,All,ProtBERT,high,10,Ridge,90/10,0.09805641127832465,0.5406346279619726
Rg norm w/0.427,No regr out,All,ProtBERT,high,10,Lasso,90/10,0.04815780005268799,0.5553882006554223
Rg norm w/0.427,No regr out,All,ProtBERT,high,10,Kernel Ridge,90/10,0.021129192220117554,0.5632184326392476
Rg norm w/0.427,No regr out,All,ProtBERT,high,10,GPR,90/10,0.849050176768972,0.22117216825180708
Rg norm w/0.427,No regr out,Inliers,ProtBERT,high,10,Linear,80/20,0.27396504602916605,0.08232878204634764
Rg norm w/0.427,No regr out,Inliers,ProtBERT,high,10,Ridge,80/20,0.27045092651345937,0.08252778344623847
Rg norm w/0.427,No regr out,Inliers,ProtBERT,high,10,Lasso,80/20,0.26738261015233344,0.08270114783532265
Rg norm w/0.427,No regr out,Inliers,ProtBERT,high,10,Kernel Ridge,80/20,0.15194775103176528,0.08897832599681156
Rg norm w/0.427,No regr out,Inliers,ProtBERT,high,10,GPR,80/20,-0.09412463495844481,0.1010662900863266
Rg norm w/0.427,No regr out,Inliers,ProtBERT,high,10,Linear,85/15,0.4151348305074729,0.07341201877017428
Rg norm w/0.427,No regr out,Inliers,ProtBERT,high,10,Ridge,85/15,0.37884035370625224,0.07565556948212195
Rg norm w/0.427,No regr out,Inliers,ProtBERT,high,10,Lasso,85/15,0.36016028151658785,0.07678473425347536
Rg norm w/0.427,No regr out,Inliers,ProtBERT,high,10,Kernel Ridge,85/15,0.33341541223028637,0.07837308129505226
Rg norm w/0.427,No regr out,Inliers,ProtBERT,high,10,GPR,85/15,0.15790132471155216,0.08808881743830432
Rg norm w/0.427,No regr out,Inliers,ProtBERT,high,10,Linear,90/10,0.34473895851331515,0.0675920256094729
Rg norm w/0.427,No regr out,Inliers,ProtBERT,high,10,Ridge,90/10,0.31177529858266906,0.06927131240340922
Rg norm w/0.427,No regr out,Inliers,ProtBERT,high,10,Lasso,90/10,0.2742177718403426,0.07113632949051815
Rg norm w/0.427,No regr out,Inliers,ProtBERT,high,10,Kernel Ridge,90/10,0.3313185183897108,0.06828069544589964
Rg norm w/0.427,No regr out,Inliers,ProtBERT,high,10,GPR,90/10,0.27958076356652983,0.07087301984711407
Rg norm w/0.5,No regr out,All,ProtBERT,high,10,Linear,80/20,0.09877841234084683,0.48169177100769867
Rg norm w/0.5,No regr out,All,ProtBERT,high,10,Ridge,80/20,0.09770248442207408,0.48197922031013785
Rg norm w/0.5,No regr out,All,ProtBERT,high,10,Lasso,80/20,0.04494247777503557,0.4958704160517584
Rg norm w/0.5,No regr out,All,ProtBERT,high,10,Kernel Ridge,80/20,0.01898926621096997,0.5025627709989953
Rg norm w/0.5,No regr out,All,ProtBERT,high,10,GPR,80/20,0.8205986586674863,0.21491477670626946
Rg norm w/0.5,No regr out,All,ProtBERT,high,10,Linear,85/15,0.1040910311522173,0.4696320772837592
Rg norm w/0.5,No regr out,All,ProtBERT,high,10,Ridge,85/15,0.10391759691136826,0.4696775318690654
Rg norm w/0.5,No regr out,All,ProtBERT,high,10,Lasso,85/15,0.10089216671201973,0.47046974651291484
Rg norm w/0.5,No regr out,All,ProtBERT,high,10,Kernel Ridge,85/15,0.034828112054825944,0.4874478315138663
Rg norm w/0.5,No regr out,All,ProtBERT,high,10,GPR,85/15,0.7766927780386329,0.23446455351158837
Rg norm w/0.5,No regr out,All,ProtBERT,high,10,Linear,90/10,0.10054303778536533,0.5647656670058169
Rg norm w/0.5,No regr out,All,ProtBERT,high,10,Ridge,90/10,0.09719114766087866,0.5658170080871225
Rg norm w/0.5,No regr out,All,ProtBERT,high,10,Lasso,90/10,0.050234770704463694,0.5803449725565926
Rg norm w/0.5,No regr out,All,ProtBERT,high,10,Kernel Ridge,90/10,0.021176358357334668,0.589156018687124
Rg norm w/0.5,No regr out,All,ProtBERT,high,10,GPR,90/10,0.8502026719324337,0.2304783451258449
Rg norm w/0.5,No regr out,Inliers,ProtBERT,high,10,Linear,80/20,0.22843786118507248,0.06093894861555646
Rg norm w/0.5,No regr out,Inliers,ProtBERT,high,10,Ridge,80/20,0.23569798187008706,0.06065156423820705
Rg norm w/0.5,No regr out,Inliers,ProtBERT,high,10,Lasso,80/20,0.24129173690205352,0.060429209052114206
Rg norm w/0.5,No regr out,Inliers,ProtBERT,high,10,Kernel Ridge,80/20,0.13616110954366945,0.0644801262351719
Rg norm w/0.5,No regr out,Inliers,ProtBERT,high,10,GPR,80/20,-0.08199964826409722,0.07216440956738672
Rg norm w/0.5,No regr out,Inliers,ProtBERT,high,10,Linear,85/15,0.3824817867931257,0.05747026019257152
Rg norm w/0.5,No regr out,Inliers,ProtBERT,high,10,Ridge,85/15,0.35242790043971184,0.05885215122499882
Rg norm w/0.5,No regr out,Inliers,ProtBERT,high,10,Lasso,85/15,0.33637509604340143,0.05957713511657759
Rg norm w/0.5,No regr out,Inliers,ProtBERT,high,10,Kernel Ridge,85/15,0.2956546045802886,0.061377771723495234
Rg norm w/0.5,No regr out,Inliers,ProtBERT,high,10,GPR,85/15,0.1951138016159737,0.06561233867814396
Rg norm w/0.5,No regr out,Inliers,ProtBERT,high,10,Linear,90/10,0.45885450683718143,0.04434558268576432
Rg norm w/0.5,No regr out,Inliers,ProtBERT,high,10,Ridge,90/10,0.431169689385814,0.045465786462937606
Rg norm w/0.5,No regr out,Inliers,ProtBERT,high,10,Lasso,90/10,0.38337301939975355,0.047337422219596074
Rg norm w/0.5,No regr out,Inliers,ProtBERT,high,10,Kernel Ridge,90/10,0.4189272113473047,0.04595244372669344
Rg norm w/0.5,No regr out,Inliers,ProtBERT,high,10,GPR,90/10,0.32456785860695325,0.0495432171347381
Rg norm w/0.418,No regr out,All,ProtBERT,high,10,Linear,80/20,0.11159442421737775,0.31748522421672587
Rg norm w/0.418,No regr out,All,ProtBERT,high,10,Ridge,80/20,0.10948307935733448,0.3178622609123014
Rg norm w/0.418,No regr out,All,ProtBERT,high,10,Lasso,80/20,0.03346425694673194,0.33115158630215596
Rg norm w/0.418,No regr out,All,ProtBERT,high,10,Kernel Ridge,80/20,0.018754036941212582,0.33366205612676714
Rg norm w/0.418,No regr out,All,ProtBERT,high,10,GPR,80/20,0.8074262101565597,0.14781430607721394
Rg norm w/0.418,No regr out,All,ProtBERT,high,10,Linear,85/15,0.11119732231604884,0.31102962793997324
Rg norm w/0.418,No regr out,All,ProtBERT,high,10,Ridge,85/15,0.11117556075293045,0.3110334355620813
Rg norm w/0.418,No regr out,All,ProtBERT,high,10,Lasso,85/15,0.10669194377805469,0.3118169426679805
Rg norm w/0.418,No regr out,All,ProtBERT,high,10,Kernel Ridge,85/15,0.03485674227602975,0.3241118981349606
Rg norm w/0.418,No regr out,All,ProtBERT,high,10,GPR,85/15,0.7608861024137689,0.1613249328364239
Rg norm w/0.418,No regr out,All,ProtBERT,high,10,Linear,90/10,0.10969246677498379,0.37368617272491494
Rg norm w/0.418,No regr out,All,ProtBERT,high,10,Ridge,90/10,0.10602937415505331,0.3744541331762956
Rg norm w/0.418,No regr out,All,ProtBERT,high,10,Lasso,90/10,0.09375510375838725,0.37701600835185956
Rg norm w/0.418,No regr out,All,ProtBERT,high,10,Kernel Ridge,90/10,0.021112030935080517,0.39183524684143484
Rg norm w/0.418,No regr out,All,ProtBERT,high,10,GPR,90/10,0.8384458346871269,0.1591827796435866
Rg norm w/0.418,No regr out,Inliers,ProtBERT,high,10,Linear,80/20,0.2802141362763475,0.08577040169801482
Rg norm w/0.418,No regr out,Inliers,ProtBERT,high,10,Ridge,80/20,0.275548243027935,0.08604794888357982
Rg norm w/0.418,No regr out,Inliers,ProtBERT,high,10,Lasso,80/20,0.2711910754634801,0.08630632583984589
Rg norm w/0.418,No regr out,Inliers,ProtBERT,high,10,Kernel Ridge,80/20,0.1571933333880161,0.09281106766121555
Rg norm w/0.418,No regr out,Inliers,ProtBERT,high,10,GPR,80/20,-0.08989498408115915,0.1055426791835465
Rg norm w/0.418,No regr out,Inliers,ProtBERT,high,10,Linear,85/15,0.4172732045342077,0.07597681492538871
Rg norm w/0.418,No regr out,Inliers,ProtBERT,high,10,Ridge,85/15,0.38085908913394706,0.07831470922931279
Rg norm w/0.418,No regr out,Inliers,ProtBERT,high,10,Lasso,85/15,0.3674044181226682,0.07916107187923313
Rg norm w/0.418,No regr out,Inliers,ProtBERT,high,10,Kernel Ridge,85/15,0.33838836899472713,0.08095620745434193
Rg norm w/0.418,No regr out,Inliers,ProtBERT,high,10,GPR,85/15,0.154478267740208,0.09151893892463839
Rg norm w/0.418,No regr out,Inliers,ProtBERT,high,10,Linear,90/10,0.33186928286062634,0.07134754550843317
Rg norm w/0.418,No regr out,Inliers,ProtBERT,high,10,Ridge,90/10,0.2987917905977755,0.07309233124728118
Rg norm w/0.418,No regr out,Inliers,ProtBERT,high,10,Lasso,90/10,0.26907189105259266,0.07462522431555811
Rg norm w/0.418,No regr out,Inliers,ProtBERT,high,10,Kernel Ridge,90/10,0.3231070007767787,0.07181386963245728
Rg norm w/0.418,No regr out,Inliers,ProtBERT,high,10,GPR,90/10,0.2770575048055811,0.07421645303043603
Rg w/no norm,pH regr out,All,ProtBERT,high,10,Linear,80/20,0.05057328351944612,4.12595015405795
Rg w/no norm,pH regr out,All,ProtBERT,high,10,Ridge,80/20,0.06322313071525154,4.098371587261753
Rg w/no norm,pH regr out,All,ProtBERT,high,10,Lasso,80/20,0.05271152267004342,4.1213014324450405
Rg w/no norm,pH regr out,All,ProtBERT,high,10,Kernel Ridge,80/20,0.9016866807993209,1.3276984006130075
Rg w/no norm,pH regr out,All,ProtBERT,high,10,GPR,80/20,0.9011466260840577,1.3313400627288712
Rg w/no norm,pH regr out,All,ProtBERT,high,10,Linear,85/15,0.09077092597485859,3.914489179223307
Rg w/no norm,pH regr out,All,ProtBERT,high,10,Ridge,85/15,0.0939585766581924,3.907621284046989
Rg w/no norm,pH regr out,All,ProtBERT,high,10,Lasso,85/15,0.0905017878481682,3.9150684943610505
Rg w/no norm,pH regr out,All,ProtBERT,high,10,Kernel Ridge,85/15,0.8839547893783134,1.3984664445830752
Rg w/no norm,pH regr out,All,ProtBERT,high,10,GPR,85/15,0.8954597384698686,1.3273340356004726
Rg w/no norm,pH regr out,All,ProtBERT,high,10,Linear,90/10,0.07541074069620413,4.699555013300578
Rg w/no norm,pH regr out,All,ProtBERT,high,10,Ridge,90/10,0.07745053207141328,4.694368167006401
Rg w/no norm,pH regr out,All,ProtBERT,high,10,Lasso,90/10,0.07497497625654859,4.700662347014705
Rg w/no norm,pH regr out,All,ProtBERT,high,10,Kernel Ridge,90/10,0.882243321537371,1.6771622915080766
Rg w/no norm,pH regr out,All,ProtBERT,high,10,GPR,90/10,0.9002006285507712,1.5439961705094973
Rg w/no norm,pH regr out,Inliers,ProtBERT,high,10,Linear,80/20,0.398869414345946,1.1049575057589884
Rg w/no norm,pH regr out,Inliers,ProtBERT,high,10,Ridge,80/20,0.39630746485806334,1.107309603297671
Rg w/no norm,pH regr out,Inliers,ProtBERT,high,10,Lasso,80/20,0.400748849836872,1.1032288280450886
Rg w/no norm,pH regr out,Inliers,ProtBERT,high,10,Kernel Ridge,80/20,0.5164301525809576,0.9910390561303718
Rg w/no norm,pH regr out,Inliers,ProtBERT,high,10,GPR,80/20,0.514932419968042,0.9925726132592531
Rg w/no norm,pH regr out,Inliers,ProtBERT,high,10,Linear,85/15,0.17257481134740182,0.9701068428209956
Rg w/no norm,pH regr out,Inliers,ProtBERT,high,10,Ridge,85/15,0.17737232116002177,0.967290356785192
Rg w/no norm,pH regr out,Inliers,ProtBERT,high,10,Lasso,85/15,0.17394268659261114,0.9693046349351297
Rg w/no norm,pH regr out,Inliers,ProtBERT,high,10,Kernel Ridge,85/15,0.4589287926500567,0.7844809667684928
Rg w/no norm,pH regr out,Inliers,ProtBERT,high,10,GPR,85/15,0.5461382413960914,0.7184838241622806
Rg w/no norm,pH regr out,Inliers,ProtBERT,high,10,Linear,90/10,0.1884639023510396,1.0276405171025196
Rg w/no norm,pH regr out,Inliers,ProtBERT,high,10,Ridge,90/10,0.19824399669782922,1.021429527020243
Rg w/no norm,pH regr out,Inliers,ProtBERT,high,10,Lasso,90/10,0.18847382196808782,1.0276342365245064
Rg w/no norm,pH regr out,Inliers,ProtBERT,high,10,Kernel Ridge,90/10,0.5509685872103451,0.764408767829933
Rg w/no norm,pH regr out,Inliers,ProtBERT,high,10,GPR,90/10,0.49100716514373244,0.8138476845727461
Rg norm w/0.427,pH regr out,All,ProtBERT,high,10,Linear,80/20,0.1000525215262098,0.46003509019689487
Rg norm w/0.427,pH regr out,All,ProtBERT,high,10,Ridge,80/20,0.09884063770433471,0.4603447313344139
Rg norm w/0.427,pH regr out,All,ProtBERT,high,10,Lasso,80/20,0.04279160947284044,0.4744447288200758
Rg norm w/0.427,pH regr out,All,ProtBERT,high,10,Kernel Ridge,80/20,0.9165313085274904,0.14010195001534512
Rg norm w/0.427,pH regr out,All,ProtBERT,high,10,GPR,80/20,0.9212322568556477,0.13609951532377748
Rg norm w/0.427,pH regr out,All,ProtBERT,high,10,Linear,85/15,0.10473851988741756,0.44875075828325767
Rg norm w/0.427,pH regr out,All,ProtBERT,high,10,Ridge,85/15,0.10456943764636106,0.44879313260817166
Rg norm w/0.427,pH regr out,All,ProtBERT,high,10,Lasso,85/15,0.10143864972864558,0.4495770292830065
Rg norm w/0.427,pH regr out,All,ProtBERT,high,10,Kernel Ridge,85/15,0.8977787946262167,0.15163545017924082
Rg norm w/0.427,pH regr out,All,ProtBERT,high,10,GPR,85/15,0.9112646225589985,0.14127933646754695
Rg norm w/0.427,pH regr out,All,ProtBERT,high,10,Linear,90/10,0.10141036265305625,0.5396124171048009
Rg norm w/0.427,pH regr out,All,ProtBERT,high,10,Ridge,90/10,0.09801466372912737,0.5406310319452944
Rg norm w/0.427,pH regr out,All,ProtBERT,high,10,Lasso,90/10,0.04812715678811064,0.5553805932757745
Rg norm w/0.427,pH regr out,All,ProtBERT,high,10,Kernel Ridge,90/10,0.9012570257949493,0.17887693053141515
Rg norm w/0.427,pH regr out,All,ProtBERT,high,10,GPR,90/10,0.914580768378263,0.16637154971604914
Rg norm w/0.427,pH regr out,Inliers,ProtBERT,high,10,Linear,80/20,0.2739116433172242,0.08232974635449103
Rg norm w/0.427,pH regr out,Inliers,ProtBERT,high,10,Ridge,80/20,0.2704029621166283,0.08252842788932913
Rg norm w/0.427,pH regr out,Inliers,ProtBERT,high,10,Lasso,80/20,0.26732444718903514,0.08270235784166644
Rg norm w/0.427,pH regr out,Inliers,ProtBERT,high,10,Kernel Ridge,80/20,0.21260412612777269,0.08573509007043215
Rg norm w/0.427,pH regr out,Inliers,ProtBERT,high,10,GPR,80/20,0.17405650283700114,0.08780863180611441
Rg norm w/0.427,pH regr out,Inliers,ProtBERT,high,10,Linear,85/15,0.41509755940700566,0.07341199816680442
Rg norm w/0.427,pH regr out,Inliers,ProtBERT,high,10,Ridge,85/15,0.37880542763904623,0.07565526460481453
Rg norm w/0.427,pH regr out,Inliers,ProtBERT,high,10,Lasso,85/15,0.36010803896470944,0.07678540078067135
Rg norm w/0.427,pH regr out,Inliers,ProtBERT,high,10,Kernel Ridge,85/15,0.33068768653807046,0.07853074830136288
Rg norm w/0.427,pH regr out,Inliers,ProtBERT,high,10,GPR,85/15,0.3617929933722298,0.0766842390299312
Rg norm w/0.427,pH regr out,Inliers,ProtBERT,high,10,Linear,90/10,0.3446567591667338,0.0675962089297556
Rg norm w/0.427,pH regr out,Inliers,ProtBERT,high,10,Ridge,90/10,0.31169036151835305,0.0692755293339995
Rg norm w/0.427,pH regr out,Inliers,ProtBERT,high,10,Lasso,90/10,0.27412891338106493,0.07114062497841664
Rg norm w/0.427,pH regr out,Inliers,ProtBERT,high,10,Kernel Ridge,90/10,0.4905210521169542,0.05960065725522578
Rg norm w/0.427,pH regr out,Inliers,ProtBERT,high,10,GPR,90/10,0.5206198376714124,0.057813326184612185
Rg norm w/0.5,pH regr out,All,ProtBERT,high,10,Linear,80/20,0.11155330576032563,0.31748118270754905
Rg norm w/0.5,pH regr out,All,ProtBERT,high,10,Ridge,80/20,0.10944248696458136,0.3178581032828524
Rg norm w/0.5,pH regr out,All,ProtBERT,high,10,Lasso,80/20,0.03342863473332369,0.33114580988450676
Rg norm w/0.5,pH regr out,All,ProtBERT,high,10,Kernel Ridge,80/20,0.9133520099138177,0.09914744982774226
Rg norm w/0.5,pH regr out,All,ProtBERT,high,10,GPR,80/20,0.9174699259396201,0.09676279824078413
Rg norm w/0.5,pH regr out,All,ProtBERT,high,10,Linear,85/15,0.1111612440147014,0.31102604310928356
Rg norm w/0.5,pH regr out,All,ProtBERT,high,10,Ridge,85/15,0.11113924740352621,0.311029891656932
Rg norm w/0.5,pH regr out,All,ProtBERT,high,10,Lasso,85/15,0.1066569764928339,0.31181312295136165
Rg norm w/0.5,pH regr out,All,ProtBERT,high,10,Kernel Ridge,85/15,0.8924764704630344,0.10817751973550958
Rg norm w/0.5,pH regr out,All,ProtBERT,high,10,GPR,85/15,0.9053441557924428,0.10149834958146223
Rg norm w/0.5,pH regr out,All,ProtBERT,high,10,Linear,90/10,0.10964624943939927,0.3736830613769274
Rg norm w/0.5,pH regr out,All,ProtBERT,high,10,Ridge,90/10,0.10598446286780738,0.37445070209792924
Rg norm w/0.5,pH regr out,All,ProtBERT,high,10,Lasso,90/10,0.09371439640098578,0.3770115511319217
Rg norm w/0.5,pH regr out,All,ProtBERT,high,10,Kernel Ridge,90/10,0.8966336149252008,0.12732444160050274
Rg norm w/0.5,pH regr out,All,ProtBERT,high,10,GPR,90/10,0.9095179429671058,0.11912511932249435
Rg norm w/0.5,pH regr out,Inliers,ProtBERT,high,10,Linear,80/20,0.2284043441418212,0.060939096652116574
Rg norm w/0.5,pH regr out,Inliers,ProtBERT,high,10,Ridge,80/20,0.23566748475876786,0.06065160427054337
Rg norm w/0.5,pH regr out,Inliers,ProtBERT,high,10,Lasso,80/20,0.24127548365238272,0.06042869060182217
Rg norm w/0.5,pH regr out,Inliers,ProtBERT,high,10,Kernel Ridge,80/20,0.18508984301762277,0.06262618989638156
Rg norm w/0.5,pH regr out,Inliers,ProtBERT,high,10,GPR,80/20,0.18239809048826217,0.06272953578519222
Rg norm w/0.5,pH regr out,Inliers,ProtBERT,high,10,Linear,85/15,0.3824579327458706,0.05746980981326645
Rg norm w/0.5,pH regr out,Inliers,ProtBERT,high,10,Ridge,85/15,0.3524057833080211,0.058851558341419384
Rg norm w/0.5,pH regr out,Inliers,ProtBERT,high,10,Lasso,85/15,0.3363544262448006,0.059576445355534
Rg norm w/0.5,pH regr out,Inliers,ProtBERT,high,10,Kernel Ridge,85/15,0.25071764871617164,0.0633037208922965
Rg norm w/0.5,pH regr out,Inliers,ProtBERT,high,10,GPR,85/15,0.3367029008720065,0.05956080176017031
Rg norm w/0.5,pH regr out,Inliers,ProtBERT,high,10,Linear,90/10,0.4587836923311843,0.044348847664635274
Rg norm w/0.5,pH regr out,Inliers,ProtBERT,high,10,Ridge,90/10,0.431094452378332,0.04546916587352775
Rg norm w/0.5,pH regr out,Inliers,ProtBERT,high,10,Lasso,90/10,0.3833085513070904,0.04734028476383774
Rg norm w/0.5,pH regr out,Inliers,ProtBERT,high,10,Kernel Ridge,90/10,0.3112359860437435,0.05003018709382227
Rg norm w/0.5,pH regr out,Inliers,ProtBERT,high,10,GPR,90/10,0.5508423190959839,0.04040139102870608
Rg norm w/0.418,pH regr out,All,ProtBERT,high,10,Linear,80/20,0.0987411009521798,0.48168711782488405
Rg norm w/0.418,pH regr out,All,ProtBERT,high,10,Ridge,80/20,0.09766582570975058,0.48197437814321487
Rg norm w/0.418,pH regr out,All,ProtBERT,high,10,Lasso,80/20,0.04490839952655812,0.49586420802509806
Rg norm w/0.418,pH regr out,All,ProtBERT,high,10,Kernel Ridge,80/20,0.9166830538433266,0.1464559163172822
Rg norm w/0.418,pH regr out,All,ProtBERT,high,10,GPR,80/20,0.9214997189223184,0.1421594893115481
Rg norm w/0.418,pH regr out,All,ProtBERT,high,10,Linear,85/15,0.1040568096694825,0.4696284567126237
Rg norm w/0.418,pH regr out,All,ProtBERT,high,10,Ridge,85/15,0.10388354473417605,0.4696738648430835
Rg norm w/0.418,pH regr out,All,ProtBERT,high,10,Lasso,85/15,0.10085765964065307,0.4704661622324849
Rg norm w/0.418,pH regr out,All,ProtBERT,high,10,Kernel Ridge,85/15,0.8981549253604137,0.1583376458684829
Rg norm w/0.418,pH regr out,All,ProtBERT,high,10,GPR,85/15,0.9117699675220088,0.1473745146362778
Rg norm w/0.418,pH regr out,All,ProtBERT,high,10,Linear,90/10,0.1005001997889613,0.5647625750570521
Rg norm w/0.418,pH regr out,All,ProtBERT,high,10,Ridge,90/10,0.09714975499320244,0.5658134074686966
Rg norm w/0.418,pH regr out,All,ProtBERT,high,10,Lasso,90/10,0.05020180948740138,0.5803380459175638
Rg norm w/0.418,pH regr out,All,ProtBERT,high,10,Kernel Ridge,90/10,0.9015709366060497,0.18682158418012024
Rg norm w/0.418,pH regr out,All,ProtBERT,high,10,GPR,90/10,0.9150062892868177,0.17360361697570484
Rg norm w/0.418,pH regr out,Inliers,ProtBERT,high,10,Linear,80/20,0.28015870927399333,0.08577149778375893
Rg norm w/0.418,pH regr out,Inliers,ProtBERT,high,10,Ridge,80/20,0.2754984914972157,0.08604869014370324
Rg norm w/0.418,pH regr out,Inliers,ProtBERT,high,10,Lasso,80/20,0.2711314533614815,0.08630763601421393
Rg norm w/0.418,pH regr out,Inliers,ProtBERT,high,10,Kernel Ridge,80/20,0.21907306643116498,0.08933668178492557
Rg norm w/0.418,pH regr out,Inliers,ProtBERT,high,10,GPR,80/20,0.17558990740431524,0.09179018954440148
Rg norm w/0.418,pH regr out,Inliers,ProtBERT,high,10,Linear,85/15,0.41723430013736795,0.075976878750756
Rg norm w/0.418,pH regr out,Inliers,ProtBERT,high,10,Ridge,85/15,0.38082260781776234,0.07831446803707837
Rg norm w/0.418,pH regr out,Inliers,ProtBERT,high,10,Lasso,85/15,0.367352701877679,0.07916173164216116
Rg norm w/0.418,pH regr out,Inliers,ProtBERT,high,10,Kernel Ridge,85/15,0.33663522638330634,0.08106075785241695
Rg norm w/0.418,pH regr out,Inliers,ProtBERT,high,10,GPR,85/15,0.36688360036122647,0.07919107501186674
Rg norm w/0.418,pH regr out,Inliers,ProtBERT,high,10,Linear,90/10,0.3317859940997475,0.071351870675831
Rg norm w/0.418,pH regr out,Inliers,ProtBERT,high,10,Ridge,90/10,0.2987059671962593,0.07309667938544563
Rg norm w/0.418,pH regr out,Inliers,ProtBERT,high,10,Lasso,90/10,0.2689718084382331,0.07463020582554993
Rg norm w/0.418,pH regr out,Inliers,ProtBERT,high,10,Kernel Ridge,90/10,0.4883606394602795,0.06243520619784368
Rg norm w/0.418,pH regr out,Inliers,ProtBERT,high,10,GPR,90/10,0.5188618997145186,0.06054558101329184
Rg w/no norm,buffer regr out,All,ProtBERT,high,10,Linear,80/20,0.09569040787823879,4.135640238909723
Rg w/no norm,buffer regr out,All,ProtBERT,high,10,Ridge,80/20,0.10109380430738979,4.12326616647245
Rg w/no norm,buffer regr out,All,ProtBERT,high,10,Lasso,80/20,0.044222081947300595,4.251700652780446
Rg w/no norm,buffer regr out,All,ProtBERT,high,10,Kernel Ridge,80/20,0.8649961121080809,1.597928421386856
Rg w/no norm,buffer regr out,All,ProtBERT,high,10,GPR,80/20,0.8662309307918052,1.590603874914283
Rg w/no norm,buffer regr out,All,ProtBERT,high,10,Linear,85/15,0.10204657374148596,4.0999588070909985
Rg w/no norm,buffer regr out,All,ProtBERT,high,10,Ridge,85/15,0.10415689574125586,4.095138221467315
Rg w/no norm,buffer regr out,All,ProtBERT,high,10,Lasso,85/15,0.09855570602320152,4.1079205399769245
Rg w/no norm,buffer regr out,All,ProtBERT,high,10,Kernel Ridge,85/15,0.8402228751873317,1.7294574769200657
Rg w/no norm,buffer regr out,All,ProtBERT,high,10,GPR,85/15,0.8522350707632443,1.6631762414216806
Rg w/no norm,buffer regr out,All,ProtBERT,high,10,Linear,90/10,0.10172153217859115,4.886482677916809
Rg w/no norm,buffer regr out,All,ProtBERT,high,10,Ridge,90/10,0.1012332388344005,4.887810614011495
Rg w/no norm,buffer regr out,All,ProtBERT,high,10,Lasso,90/10,0.09524435817710541,4.904068398327984
Rg w/no norm,buffer regr out,All,ProtBERT,high,10,Kernel Ridge,90/10,0.8559647627403447,1.956704505317359
Rg w/no norm,buffer regr out,All,ProtBERT,high,10,GPR,90/10,0.8685857480887915,1.8690120541889517
Rg w/no norm,buffer regr out,Inliers,ProtBERT,high,10,Linear,80/20,0.14754170296286684,1.2894128192688235
Rg w/no norm,buffer regr out,Inliers,ProtBERT,high,10,Ridge,80/20,0.1721753587408712,1.2706460401230126
Rg w/no norm,buffer regr out,Inliers,ProtBERT,high,10,Lasso,80/20,0.17196414203877963,1.2708081303385947
Rg w/no norm,buffer regr out,Inliers,ProtBERT,high,10,Kernel Ridge,80/20,0.3205696767565357,1.1511392851138513
Rg w/no norm,buffer regr out,Inliers,ProtBERT,high,10,GPR,80/20,0.21788883393827418,1.235064548106826
Rg w/no norm,buffer regr out,Inliers,ProtBERT,high,10,Linear,85/15,0.02875196794432422,1.2073412290849068
Rg w/no norm,buffer regr out,Inliers,ProtBERT,high,10,Ridge,85/15,0.03855478911781063,1.201232920481376
Rg w/no norm,buffer regr out,Inliers,ProtBERT,high,10,Lasso,85/15,0.028770098046409065,1.2073299604278986
Rg w/no norm,buffer regr out,Inliers,ProtBERT,high,10,Kernel Ridge,85/15,0.3984274642216702,0.9501867190542249
Rg w/no norm,buffer regr out,Inliers,ProtBERT,high,10,GPR,85/15,0.2978447599453734,1.0265533537338596
Rg w/no norm,buffer regr out,Inliers,ProtBERT,high,10,Linear,90/10,0.08437046520223901,1.3217604581114832
Rg w/no norm,buffer regr out,Inliers,ProtBERT,high,10,Ridge,90/10,0.08090860751595841,1.3242567896145283
Rg w/no norm,buffer regr out,Inliers,ProtBERT,high,10,Lasso,90/10,0.08138148550336188,1.3239160767872933
Rg w/no norm,buffer regr out,Inliers,ProtBERT,high,10,Kernel Ridge,90/10,0.39145753237042935,1.07755216662414
Rg w/no norm,buffer regr out,Inliers,ProtBERT,high,10,GPR,90/10,0.3052619787527059,1.1513394679521383
Rg norm w/0.427,buffer regr out,All,ProtBERT,high,10,Linear,80/20,0.12408302583475439,0.45800671007810156
Rg norm w/0.427,buffer regr out,All,ProtBERT,high,10,Ridge,80/20,0.12295710379296176,0.458300981256404
Rg norm w/0.427,buffer regr out,All,ProtBERT,high,10,Lasso,80/20,-0.0012921654272386451,0.4896894848915305
Rg norm w/0.427,buffer regr out,All,ProtBERT,high,10,Kernel Ridge,80/20,0.8024535615518564,0.21750786805234373
Rg norm w/0.427,buffer regr out,All,ProtBERT,high,10,GPR,80/20,0.9072799146646258,0.149014071409831
Rg norm w/0.427,buffer regr out,All,ProtBERT,high,10,Linear,85/15,0.10933906525167081,0.45551019490795447
Rg norm w/0.427,buffer regr out,All,ProtBERT,high,10,Ridge,85/15,0.1111404648143155,0.4550493173976479
Rg norm w/0.427,buffer regr out,All,ProtBERT,high,10,Lasso,85/15,0.081999349996146,0.4624485198721317
Rg norm w/0.427,buffer regr out,All,ProtBERT,high,10,Kernel Ridge,85/15,0.8807173902772618,0.16669802926147737
Rg norm w/0.427,buffer regr out,All,ProtBERT,high,10,GPR,85/15,0.8932561366834346,0.15769334221073636
Rg norm w/0.427,buffer regr out,All,ProtBERT,high,10,Linear,90/10,0.11982257701408894,0.5441262745809231
Rg norm w/0.427,buffer regr out,All,ProtBERT,high,10,Ridge,90/10,0.11663792049577704,0.5451097641693028
Rg norm w/0.427,buffer regr out,All,ProtBERT,high,10,Lasso,90/10,0.06946670323114834,0.5594748186240653
Rg norm w/0.427,buffer regr out,All,ProtBERT,high,10,Kernel Ridge,90/10,0.8932302957936843,0.18951282477083425
Rg norm w/0.427,buffer regr out,All,ProtBERT,high,10,GPR,90/10,0.9063259134368239,0.17751061092250878
Rg norm w/0.427,buffer regr out,Inliers,ProtBERT,high,10,Linear,80/20,-0.028334200334204196,0.11034845968926434
Rg norm w/0.427,buffer regr out,Inliers,ProtBERT,high,10,Ridge,80/20,0.007928857841873915,0.10838533990176275
Rg norm w/0.427,buffer regr out,Inliers,ProtBERT,high,10,Lasso,80/20,0.0186026170129725,0.10780070057798129
Rg norm w/0.427,buffer regr out,Inliers,ProtBERT,high,10,Kernel Ridge,80/20,0.21395371648496142,0.09647686769356266
Rg norm w/0.427,buffer regr out,Inliers,ProtBERT,high,10,GPR,80/20,0.10116619043921471,0.10316653289197307
Rg norm w/0.427,buffer regr out,Inliers,ProtBERT,high,10,Linear,85/15,0.09606821983146197,0.10198636102441092
Rg norm w/0.427,buffer regr out,Inliers,ProtBERT,high,10,Ridge,85/15,0.08426416666861214,0.1026500990190989
Rg norm w/0.427,buffer regr out,Inliers,ProtBERT,high,10,Lasso,85/15,0.10289938144657362,0.10160026631647977
Rg norm w/0.427,buffer regr out,Inliers,ProtBERT,high,10,Kernel Ridge,85/15,0.3782461411258138,0.08458308340791794
Rg norm w/0.427,buffer regr out,Inliers,ProtBERT,high,10,GPR,85/15,0.3709643621772878,0.08507694640602512
Rg norm w/0.427,buffer regr out,Inliers,ProtBERT,high,10,Linear,90/10,0.10110905990697094,0.09538914352263828
Rg norm w/0.427,buffer regr out,Inliers,ProtBERT,high,10,Ridge,90/10,0.07757640048482062,0.09662970429879822
Rg norm w/0.427,buffer regr out,Inliers,ProtBERT,high,10,Lasso,90/10,0.08603252263333494,0.0961857684038437
Rg norm w/0.427,buffer regr out,Inliers,ProtBERT,high,10,Kernel Ridge,90/10,0.03024464271282956,0.09907784263908037
Rg norm w/0.427,buffer regr out,Inliers,ProtBERT,high,10,GPR,90/10,0.47271246230104513,0.0730582392588226
Rg norm w/0.5,buffer regr out,All,ProtBERT,high,10,Linear,80/20,0.1322797951268999,0.31553285067430725
Rg norm w/0.5,buffer regr out,All,ProtBERT,high,10,Ridge,80/20,0.13105055996191428,0.3157562676272542
Rg norm w/0.5,buffer regr out,All,ProtBERT,high,10,Lasso,80/20,0.06076593194401603,0.32827789845346916
Rg norm w/0.5,buffer regr out,All,ProtBERT,high,10,Kernel Ridge,80/20,0.7993603879755737,0.15172706806473596
Rg norm w/0.5,buffer regr out,All,ProtBERT,high,10,GPR,80/20,0.90435475627847,0.1047578110477489
Rg norm w/0.5,buffer regr out,All,ProtBERT,high,10,Linear,85/15,0.11450670621574333,0.31391436137908774
Rg norm w/0.5,buffer regr out,All,ProtBERT,high,10,Ridge,85/15,0.11678330331410958,0.3135105658535062
Rg norm w/0.5,buffer regr out,All,ProtBERT,high,10,Lasso,85/15,0.07341259410006806,0.3211158504706067
Rg norm w/0.5,buffer regr out,All,ProtBERT,high,10,Kernel Ridge,85/15,0.8760279779337253,0.11745740158616264
Rg norm w/0.5,buffer regr out,All,ProtBERT,high,10,GPR,85/15,0.8883242669812184,0.11148025476076641
Rg norm w/0.5,buffer regr out,All,ProtBERT,high,10,Linear,90/10,0.1263417337752678,0.3747605961693205
Rg norm w/0.5,buffer regr out,All,ProtBERT,high,10,Ridge,90/10,0.12330241418488674,0.37541189678054876
Rg norm w/0.5,buffer regr out,All,ProtBERT,high,10,Lasso,90/10,0.061579163121914915,0.3884024378511784
Rg norm w/0.5,buffer regr out,All,ProtBERT,high,10,Kernel Ridge,90/10,0.8896676035127655,0.1331786633171869
Rg norm w/0.5,buffer regr out,All,ProtBERT,high,10,GPR,90/10,0.9025654250112639,0.12515254154511044
Rg norm w/0.5,buffer regr out,Inliers,ProtBERT,high,10,Linear,80/20,-0.0037903009503572616,0.08009031594010403
Rg norm w/0.5,buffer regr out,Inliers,ProtBERT,high,10,Ridge,80/20,0.03357292247819954,0.0785856146208466
Rg norm w/0.5,buffer regr out,Inliers,ProtBERT,high,10,Lasso,80/20,0.0019464867333095492,0.07986112489801414
Rg norm w/0.5,buffer regr out,Inliers,ProtBERT,high,10,Kernel Ridge,80/20,0.21702005951487158,0.0707349135791746
Rg norm w/0.5,buffer regr out,Inliers,ProtBERT,high,10,GPR,80/20,0.10419329407785916,0.07565988275491506
Rg norm w/0.5,buffer regr out,Inliers,ProtBERT,high,10,Linear,85/15,0.0954115889086774,0.07561362053373881
Rg norm w/0.5,buffer regr out,Inliers,ProtBERT,high,10,Ridge,85/15,0.09165226408204541,0.07577057669121112
Rg norm w/0.5,buffer regr out,Inliers,ProtBERT,high,10,Lasso,85/15,0.09081121449196283,0.07580564699822337
Rg norm w/0.5,buffer regr out,Inliers,ProtBERT,high,10,Kernel Ridge,85/15,0.3360014588106298,0.06478255706618591
Rg norm w/0.5,buffer regr out,Inliers,ProtBERT,high,10,GPR,85/15,0.3529813886031914,0.06394887523620432
Rg norm w/0.5,buffer regr out,Inliers,ProtBERT,high,10,Linear,90/10,0.18031793019542008,0.06339617093722702
Rg norm w/0.5,buffer regr out,Inliers,ProtBERT,high,10,Ridge,90/10,0.16650497538765852,0.06392810279781502
Rg norm w/0.5,buffer regr out,Inliers,ProtBERT,high,10,Lasso,90/10,0.16124392907896556,0.06412954350138508
Rg norm w/0.5,buffer regr out,Inliers,ProtBERT,high,10,Kernel Ridge,90/10,0.12155717982150005,0.06562919222476259
Rg norm w/0.5,buffer regr out,Inliers,ProtBERT,high,10,GPR,90/10,0.5080386113802637,0.04911405808238957
Rg norm w/0.418,buffer regr out,All,ProtBERT,high,10,Linear,80/20,0.12317431566548032,0.47965825712995785
Rg norm w/0.418,buffer regr out,All,ProtBERT,high,10,Ridge,80/20,0.12207958830277721,0.47995759326573995
Rg norm w/0.418,buffer regr out,All,ProtBERT,high,10,Lasso,80/20,0.0015188746319603208,0.5118529651491261
Rg norm w/0.418,buffer regr out,All,ProtBERT,high,10,Kernel Ridge,80/20,0.802619930714142,0.22757625280430066
Rg norm w/0.418,buffer regr out,All,ProtBERT,high,10,GPR,80/20,0.9073944239260673,0.15588124382562246
Rg norm w/0.418,buffer regr out,All,ProtBERT,high,10,Linear,85/15,0.1088109032683322,0.4770292147750974
Rg norm w/0.418,buffer regr out,All,ProtBERT,high,10,Ridge,85/15,0.11056464458848358,0.4765596186895143
Rg norm w/0.418,buffer regr out,All,ProtBERT,high,10,Lasso,85/15,0.08421442225270925,0.4835673221902191
Rg norm w/0.418,buffer regr out,All,ProtBERT,high,10,Kernel Ridge,85/15,0.8810015597323305,0.17431336218372231
Rg norm w/0.418,buffer regr out,All,ProtBERT,high,10,GPR,85/15,0.8935638729839498,0.16485593116052372
Rg norm w/0.418,buffer regr out,All,ProtBERT,high,10,Linear,90/10,0.11911536645928789,0.5698612068360597
Rg norm w/0.418,buffer regr out,All,ProtBERT,high,10,Ridge,90/10,0.11592528951607162,0.5708921353725493
Rg norm w/0.418,buffer regr out,All,ProtBERT,high,10,Lasso,90/10,0.07143788582118016,0.5850797357593946
Rg norm w/0.418,buffer regr out,All,ProtBERT,high,10,Kernel Ridge,90/10,0.8934092539918804,0.1982299755195396
Rg norm w/0.418,buffer regr out,All,ProtBERT,high,10,GPR,90/10,0.906524223852241,0.18563468114018153
Rg norm w/0.418,buffer regr out,Inliers,ProtBERT,high,10,Linear,80/20,-0.029682711269460205,0.11508631590855097
Rg norm w/0.418,buffer regr out,Inliers,ProtBERT,high,10,Ridge,80/20,0.00635070152451811,0.11305467934634747
Rg norm w/0.418,buffer regr out,Inliers,ProtBERT,high,10,Lasso,80/20,0.01522883694243471,0.1125484812118414
Rg norm w/0.418,buffer regr out,Inliers,ProtBERT,high,10,Kernel Ridge,80/20,0.2146807679430801,0.10050671857854704
Rg norm w/0.418,buffer regr out,Inliers,ProtBERT,high,10,GPR,80/20,0.10163708757038648,0.1074973812815337
Rg norm w/0.418,buffer regr out,Inliers,ProtBERT,high,10,Linear,85/15,0.09556080954619928,0.10614380551357816
Rg norm w/0.418,buffer regr out,Inliers,ProtBERT,high,10,Ridge,85/15,0.08310379273029445,0.10687227538745118
Rg norm w/0.418,buffer regr out,Inliers,ProtBERT,high,10,Lasso,85/15,0.10582564392225335,0.10553975291841343
Rg norm w/0.418,buffer regr out,Inliers,ProtBERT,high,10,Kernel Ridge,85/15,0.3836256574187449,0.08762484120749701
Rg norm w/0.418,buffer regr out,Inliers,ProtBERT,high,10,GPR,85/15,0.37300291821211295,0.08837668914205431
Rg norm w/0.418,buffer regr out,Inliers,ProtBERT,high,10,Linear,90/10,0.09377530602770212,0.100502587583427
Rg norm w/0.418,buffer regr out,Inliers,ProtBERT,high,10,Ridge,90/10,0.0693494252308613,0.10184802747205965
Rg norm w/0.418,buffer regr out,Inliers,ProtBERT,high,10,Lasso,90/10,0.08240994016263481,0.1011308476646359
Rg norm w/0.418,buffer regr out,Inliers,ProtBERT,high,10,Kernel Ridge,90/10,0.022145826615361464,0.10439900129861572
Rg norm w/0.418,buffer regr out,Inliers,ProtBERT,high,10,GPR,90/10,0.46815972757453894,0.07699276339490159
Rg w/no norm,expr pH only regr out,All,ProtBERT,high,10,Linear,80/20,0.04936706819842196,4.301513534222077
Rg w/no norm,expr pH only regr out,All,ProtBERT,high,10,Ridge,80/20,0.058629857892763426,4.280505662615349
Rg w/no norm,expr pH only regr out,All,ProtBERT,high,10,Lasso,80/20,0.050063125921820384,4.299938452036273
Rg w/no norm,expr pH only regr out,All,ProtBERT,high,10,Kernel Ridge,80/20,0.37772308050757686,3.4802201142884424
Rg w/no norm,expr pH only regr out,All,ProtBERT,high,10,GPR,80/20,0.694603953307208,2.438072251301139
Rg w/no norm,expr pH only regr out,All,ProtBERT,high,10,Linear,85/15,0.13301904498127315,4.06977166806883
Rg w/no norm,expr pH only regr out,All,ProtBERT,high,10,Ridge,85/15,0.12797313581074476,4.081597709220845
Rg w/no norm,expr pH only regr out,All,ProtBERT,high,10,Lasso,85/15,0.1314414796544825,4.073472679416051
Rg w/no norm,expr pH only regr out,All,ProtBERT,high,10,Kernel Ridge,85/15,0.594026703143511,2.7849281795631127
Rg w/no norm,expr pH only regr out,All,ProtBERT,high,10,GPR,85/15,0.689373728242427,2.4360396762655636
Rg w/no norm,expr pH only regr out,All,ProtBERT,high,10,Linear,90/10,0.1038451092747793,4.723906573322376
Rg w/no norm,expr pH only regr out,All,ProtBERT,high,10,Ridge,90/10,0.09815055776008763,4.738891667128219
Rg w/no norm,expr pH only regr out,All,ProtBERT,high,10,Lasso,90/10,0.09913409207581247,4.736306904193835
Rg w/no norm,expr pH only regr out,All,ProtBERT,high,10,Kernel Ridge,90/10,0.829220528523904,2.062184853797842
Rg w/no norm,expr pH only regr out,All,ProtBERT,high,10,GPR,90/10,0.8258428445500698,2.0824779972350385
Rg w/no norm,expr pH only regr out,Inliers,ProtBERT,high,10,Linear,80/20,0.3891682800581865,1.7360748189785393
Rg w/no norm,expr pH only regr out,Inliers,ProtBERT,high,10,Ridge,80/20,0.36253258205684913,1.7735222575291718
Rg w/no norm,expr pH only regr out,Inliers,ProtBERT,high,10,Lasso,80/20,0.36788463072312516,1.7660614960633596
Rg w/no norm,expr pH only regr out,Inliers,ProtBERT,high,10,Kernel Ridge,80/20,0.43349536811406464,1.671896465639098
Rg w/no norm,expr pH only regr out,Inliers,ProtBERT,high,10,GPR,80/20,-0.4211660058972231,2.64807360512375
Rg w/no norm,expr pH only regr out,Inliers,ProtBERT,high,10,Linear,85/15,0.37003204725390815,1.674773283614961
Rg w/no norm,expr pH only regr out,Inliers,ProtBERT,high,10,Ridge,85/15,0.3518141625945651,1.6988168684103997
Rg w/no norm,expr pH only regr out,Inliers,ProtBERT,high,10,Lasso,85/15,0.35719094579153543,1.691756245737615
Rg w/no norm,expr pH only regr out,Inliers,ProtBERT,high,10,Kernel Ridge,85/15,0.43216230284792334,1.5900431354084377
Rg w/no norm,expr pH only regr out,Inliers,ProtBERT,high,10,GPR,85/15,-0.3794263400187352,2.478255354130297
Rg w/no norm,expr pH only regr out,Inliers,ProtBERT,high,10,Linear,90/10,0.4227756875894014,1.574728516732248
Rg w/no norm,expr pH only regr out,Inliers,ProtBERT,high,10,Ridge,90/10,0.4227348495663519,1.5747842209538787
Rg w/no norm,expr pH only regr out,Inliers,ProtBERT,high,10,Lasso,90/10,0.4232670757196495,1.5740580948194831
Rg w/no norm,expr pH only regr out,Inliers,ProtBERT,high,10,Kernel Ridge,90/10,0.6088737170151599,1.2962592993176407
Rg w/no norm,expr pH only regr out,Inliers,ProtBERT,high,10,GPR,90/10,-0.20007481550332762,2.2705838554845648
Rg norm w/0.427,expr pH only regr out,All,ProtBERT,high,10,Linear,80/20,0.10434814105259871,0.47945907726469617
Rg norm w/0.427,expr pH only regr out,All,ProtBERT,high,10,Ridge,80/20,0.09881242018198932,0.48093848196644784
Rg norm w/0.427,expr pH only regr out,All,ProtBERT,high,10,Lasso,80/20,0.09475035065439164,0.48202116946258367
Rg norm w/0.427,expr pH only regr out,All,ProtBERT,high,10,Kernel Ridge,80/20,0.17618685594307937,0.4598289263740969
Rg norm w/0.427,expr pH only regr out,All,ProtBERT,high,10,GPR,80/20,0.700353876715426,0.27732323719885077
Rg norm w/0.427,expr pH only regr out,All,ProtBERT,high,10,Linear,85/15,0.14812674542976167,0.46580475961088685
Rg norm w/0.427,expr pH only regr out,All,ProtBERT,high,10,Ridge,85/15,0.14043553491003513,0.46790281368750253
Rg norm w/0.427,expr pH only regr out,All,ProtBERT,high,10,Lasso,85/15,0.13674673559606954,0.4689057354228613
Rg norm w/0.427,expr pH only regr out,All,ProtBERT,high,10,Kernel Ridge,85/15,0.7416527998261375,0.25651827443880787
Rg norm w/0.427,expr pH only regr out,All,ProtBERT,high,10,GPR,85/15,0.7046472563555335,0.27427544917110513
Rg norm w/0.427,expr pH only regr out,All,ProtBERT,high,10,Linear,90/10,0.1208472845983053,0.5496748385288034
Rg norm w/0.427,expr pH only regr out,All,ProtBERT,high,10,Ridge,90/10,0.11416038786094318,0.5517613111185614
Rg norm w/0.427,expr pH only regr out,All,ProtBERT,high,10,Lasso,90/10,0.1105443538263855,0.5528863204814867
Rg norm w/0.427,expr pH only regr out,All,ProtBERT,high,10,Kernel Ridge,90/10,0.8066049791304739,0.2578079709929658
Rg norm w/0.427,expr pH only regr out,All,ProtBERT,high,10,GPR,90/10,0.8307493409589572,0.24117866163762053
Rg norm w/0.427,expr pH only regr out,Inliers,ProtBERT,high,10,Linear,80/20,0.33381561495756784,0.1821475743032201
Rg norm w/0.427,expr pH only regr out,Inliers,ProtBERT,high,10,Ridge,80/20,0.31318741422909946,0.18494614786136396
Rg norm w/0.427,expr pH only regr out,Inliers,ProtBERT,high,10,Lasso,80/20,0.31936707948272414,0.18411223203778676
Rg norm w/0.427,expr pH only regr out,Inliers,ProtBERT,high,10,Kernel Ridge,80/20,0.31844115652006233,0.1842374212551504
Rg norm w/0.427,expr pH only regr out,Inliers,ProtBERT,high,10,GPR,80/20,-0.5365589861215692,0.27663096133996073
Rg norm w/0.427,expr pH only regr out,Inliers,ProtBERT,high,10,Linear,85/15,0.38416313310071193,0.1830202071563189
Rg norm w/0.427,expr pH only regr out,Inliers,ProtBERT,high,10,Ridge,85/15,0.35557169540099287,0.18722054454330322
Rg norm w/0.427,expr pH only regr out,Inliers,ProtBERT,high,10,Lasso,85/15,0.366997738719682,0.1855533635118508
Rg norm w/0.427,expr pH only regr out,Inliers,ProtBERT,high,10,Kernel Ridge,85/15,0.2708473462432359,0.19914776227846753
Rg norm w/0.427,expr pH only regr out,Inliers,ProtBERT,high,10,GPR,85/15,-0.3561720708877505,0.2715961432729208
Rg norm w/0.427,expr pH only regr out,Inliers,ProtBERT,high,10,Linear,90/10,0.5165156145389753,0.15281786403244274
Rg norm w/0.427,expr pH only regr out,Inliers,ProtBERT,high,10,Ridge,90/10,0.4875779871696009,0.15732465492113185
Rg norm w/0.427,expr pH only regr out,Inliers,ProtBERT,high,10,Lasso,90/10,0.4246157079712347,0.16671009521239352
Rg norm w/0.427,expr pH only regr out,Inliers,ProtBERT,high,10,Kernel Ridge,90/10,0.5700658324963945,0.14410660243668724
Rg norm w/0.427,expr pH only regr out,Inliers,ProtBERT,high,10,GPR,90/10,-0.20140952626115527,0.2408953597192388
Rg norm w/0.5,expr pH only regr out,All,ProtBERT,high,10,Linear,80/20,0.13037918602069387,0.35556471899122294
Rg norm w/0.5,expr pH only regr out,All,ProtBERT,high,10,Ridge,80/20,0.1222132114531932,0.35723024262157316
Rg norm w/0.5,expr pH only regr out,All,ProtBERT,high,10,Lasso,80/20,0.1290097689718981,0.3558445678867211
Rg norm w/0.5,expr pH only regr out,All,ProtBERT,high,10,Kernel Ridge,80/20,0.3624995107601061,0.3044345648194436
Rg norm w/0.5,expr pH only regr out,All,ProtBERT,high,10,GPR,80/20,0.49364331731187683,0.2713201019112513
Rg norm w/0.5,expr pH only regr out,All,ProtBERT,high,10,Linear,85/15,0.1821775081586079,0.34655566027031415
Rg norm w/0.5,expr pH only regr out,All,ProtBERT,high,10,Ridge,85/15,0.17197417415440064,0.34871081154405
Rg norm w/0.5,expr pH only regr out,All,ProtBERT,high,10,Lasso,85/15,0.17542411018692672,0.347983608558762
Rg norm w/0.5,expr pH only regr out,All,ProtBERT,high,10,Kernel Ridge,85/15,0.3889986637376325,0.2995467081977025
Rg norm w/0.5,expr pH only regr out,All,ProtBERT,high,10,GPR,85/15,0.5156239611187177,0.26670723499725324
Rg norm w/0.5,expr pH only regr out,All,ProtBERT,high,10,Linear,90/10,0.14005902304785212,0.3965206219397663
Rg norm w/0.5,expr pH only regr out,All,ProtBERT,high,10,Ridge,90/10,0.1328863120927667,0.3981708641190817
Rg norm w/0.5,expr pH only regr out,All,ProtBERT,high,10,Lasso,90/10,0.1353065684759922,0.3976147957665998
Rg norm w/0.5,expr pH only regr out,All,ProtBERT,high,10,Kernel Ridge,90/10,0.7009200076886071,0.23384341089631408
Rg norm w/0.5,expr pH only regr out,All,ProtBERT,high,10,GPR,90/10,0.7407542229640295,0.21771447374476618
Rg norm w/0.5,expr pH only regr out,Inliers,ProtBERT,high,10,Linear,80/20,0.3142351263100497,0.12975233705473097
Rg norm w/0.5,expr pH only regr out,Inliers,ProtBERT,high,10,Ridge,80/20,0.299010202611252,0.13118477040233947
Rg norm w/0.5,expr pH only regr out,Inliers,ProtBERT,high,10,Lasso,80/20,0.2951434573064705,0.1315460884238061
Rg norm w/0.5,expr pH only regr out,Inliers,ProtBERT,high,10,Kernel Ridge,80/20,0.2963804278212757,0.13143061096468772
Rg norm w/0.5,expr pH only regr out,Inliers,ProtBERT,high,10,GPR,80/20,-0.5510726025608197,0.19513880197726136
Rg norm w/0.5,expr pH only regr out,Inliers,ProtBERT,high,10,Linear,85/15,0.36921112258060196,0.13179255041747007
Rg norm w/0.5,expr pH only regr out,Inliers,ProtBERT,high,10,Ridge,85/15,0.34474073709137465,0.13432456210728563
Rg norm w/0.5,expr pH only regr out,Inliers,ProtBERT,high,10,Lasso,85/15,0.34189692235808633,0.134615729760429
Rg norm w/0.5,expr pH only regr out,Inliers,ProtBERT,high,10,Kernel Ridge,85/15,0.29516832691148187,0.1393129712394254
Rg norm w/0.5,expr pH only regr out,Inliers,ProtBERT,high,10,GPR,85/15,-0.37155211572063207,0.1943367816267453
Rg norm w/0.5,expr pH only regr out,Inliers,ProtBERT,high,10,Linear,90/10,0.5326776453420005,0.10526132879412824
Rg norm w/0.5,expr pH only regr out,Inliers,ProtBERT,high,10,Ridge,90/10,0.5030690256579178,0.1085446953040924
Rg norm w/0.5,expr pH only regr out,Inliers,ProtBERT,high,10,Lasso,90/10,0.5000870947637577,0.10886987997065427
Rg norm w/0.5,expr pH only regr out,Inliers,ProtBERT,high,10,Kernel Ridge,90/10,0.5738857663933435,0.10051331363389432
Rg norm w/0.5,expr pH only regr out,Inliers,ProtBERT,high,10,GPR,90/10,-0.17242246862293897,0.16672573336781915
Rg norm w/0.418,expr pH only regr out,All,ProtBERT,high,10,Linear,80/20,0.09068208981044346,0.4876284748254559
Rg norm w/0.418,expr pH only regr out,All,ProtBERT,high,10,Ridge,80/20,0.0870071213496667,0.4886128458046136
Rg norm w/0.418,expr pH only regr out,All,ProtBERT,high,10,Lasso,80/20,0.04091110209776516,0.5007957301934951
Rg norm w/0.418,expr pH only regr out,All,ProtBERT,high,10,Kernel Ridge,80/20,0.10986663850205691,0.4824571252056742
Rg norm w/0.418,expr pH only regr out,All,ProtBERT,high,10,GPR,80/20,0.8150796627657483,0.21989913646537934
Rg norm w/0.418,expr pH only regr out,All,ProtBERT,high,10,Linear,85/15,0.12374754790201725,0.47398308679624546
Rg norm w/0.418,expr pH only regr out,All,ProtBERT,high,10,Ridge,85/15,0.11866340707191558,0.4753561564904421
Rg norm w/0.418,expr pH only regr out,All,ProtBERT,high,10,Lasso,85/15,0.11605677740067677,0.4760585910961989
Rg norm w/0.418,expr pH only regr out,All,ProtBERT,high,10,Kernel Ridge,85/15,0.8160100922848789,0.21719269918948303
Rg norm w/0.418,expr pH only regr out,All,ProtBERT,high,10,GPR,85/15,0.8106388957713773,0.22034013466966107
Rg norm w/0.418,expr pH only regr out,All,ProtBERT,high,10,Linear,90/10,0.10831560389416661,0.5675891935762609
Rg norm w/0.418,expr pH only regr out,All,ProtBERT,high,10,Ridge,90/10,0.10282601489937382,0.5693336731887644
Rg norm w/0.418,expr pH only regr out,All,ProtBERT,high,10,Lasso,90/10,0.09862651595591598,0.5706645883027693
Rg norm w/0.418,expr pH only regr out,All,ProtBERT,high,10,Kernel Ridge,90/10,0.7429164018873804,0.3047654418333527
Rg norm w/0.418,expr pH only regr out,All,ProtBERT,high,10,GPR,90/10,0.8731099840599692,0.2141126175521021
Rg norm w/0.418,expr pH only regr out,Inliers,ProtBERT,high,10,Linear,80/20,0.3361002768158191,0.19014679233524165
Rg norm w/0.418,expr pH only regr out,Inliers,ProtBERT,high,10,Ridge,80/20,0.3148894708671386,0.1931603931843058
Rg norm w/0.418,expr pH only regr out,Inliers,ProtBERT,high,10,Lasso,80/20,0.32235886821307347,0.19210454471211597
Rg norm w/0.418,expr pH only regr out,Inliers,ProtBERT,high,10,Kernel Ridge,80/20,0.32136444754867066,0.19224544723966372
Rg norm w/0.418,expr pH only regr out,Inliers,ProtBERT,high,10,GPR,80/20,-0.538547664164281,0.28946311898185795
Rg norm w/0.418,expr pH only regr out,Inliers,ProtBERT,high,10,Linear,85/15,0.3856226868578585,0.19081400593136966
Rg norm w/0.418,expr pH only regr out,Inliers,ProtBERT,high,10,Ridge,85/15,0.35663851303302774,0.19526310624164803
Rg norm w/0.418,expr pH only regr out,Inliers,ProtBERT,high,10,Lasso,85/15,0.3692195442241921,0.19334448038858967
Rg norm w/0.418,expr pH only regr out,Inliers,ProtBERT,high,10,Kernel Ridge,85/15,0.27387021315357707,0.20744348041168184
Rg norm w/0.418,expr pH only regr out,Inliers,ProtBERT,high,10,GPR,85/15,-0.3601807901461711,0.28391672877214535
Rg norm w/0.418,expr pH only regr out,Inliers,ProtBERT,high,10,Linear,90/10,0.514582120686027,0.1601280679264637
Rg norm w/0.418,expr pH only regr out,Inliers,ProtBERT,high,10,Ridge,90/10,0.4858146421750179,0.16480463887580588
Rg norm w/0.418,expr pH only regr out,Inliers,ProtBERT,high,10,Lasso,90/10,0.4278044962495713,0.1738528440579328
Rg norm w/0.418,expr pH only regr out,Inliers,ProtBERT,high,10,Kernel Ridge,90/10,0.5698062085359465,0.15074455999662575
Rg norm w/0.418,expr pH only regr out,Inliers,ProtBERT,high,10,GPR,90/10,-0.2042015045403376,0.2522081764299268
Rg w/no norm,expr buffer only regr out,All,ProtBERT,high,10,Linear,80/20,0.10449736487470773,4.2099204557146175
Rg w/no norm,expr buffer only regr out,All,ProtBERT,high,10,Ridge,80/20,0.10606365720433286,4.206237132124859
Rg w/no norm,expr buffer only regr out,All,ProtBERT,high,10,Lasso,80/20,0.10558672265959013,4.207359042149385
Rg w/no norm,expr buffer only regr out,All,ProtBERT,high,10,Kernel Ridge,80/20,0.2108855641235864,3.9519409819385887
Rg w/no norm,expr buffer only regr out,All,ProtBERT,high,10,GPR,80/20,0.7167274702379471,2.3677872986830883
Rg w/no norm,expr buffer only regr out,All,ProtBERT,high,10,Linear,85/15,0.15828106172755319,4.150111752970611
Rg w/no norm,expr buffer only regr out,All,ProtBERT,high,10,Ridge,85/15,0.15117633289858579,4.16758995075025
Rg w/no norm,expr buffer only regr out,All,ProtBERT,high,10,Lasso,85/15,0.15250793946069574,4.16431967887039
Rg w/no norm,expr buffer only regr out,All,ProtBERT,high,10,Kernel Ridge,85/15,0.43240346277362773,3.40797272797546
Rg w/no norm,expr buffer only regr out,All,ProtBERT,high,10,GPR,85/15,0.7037974998824407,2.4619010979511904
Rg w/no norm,expr buffer only regr out,All,ProtBERT,high,10,Linear,90/10,0.12449740479825233,4.894247225496971
Rg w/no norm,expr buffer only regr out,All,ProtBERT,high,10,Ridge,90/10,0.11709078445394527,4.91490592304366
Rg w/no norm,expr buffer only regr out,All,ProtBERT,high,10,Lasso,90/10,0.1040960594216277,4.950942788774397
Rg w/no norm,expr buffer only regr out,All,ProtBERT,high,10,Kernel Ridge,90/10,0.8152866232008463,2.2480520289691976
Rg w/no norm,expr buffer only regr out,All,ProtBERT,high,10,GPR,90/10,0.828583341089727,2.165627199647488
Rg w/no norm,expr buffer only regr out,Inliers,ProtBERT,high,10,Linear,80/20,0.3395695870286993,1.662437133453469
Rg w/no norm,expr buffer only regr out,Inliers,ProtBERT,high,10,Ridge,80/20,0.31871890815757276,1.6884759019453461
Rg w/no norm,expr buffer only regr out,Inliers,ProtBERT,high,10,Lasso,80/20,0.3208522536967704,1.6858302048297096
Rg w/no norm,expr buffer only regr out,Inliers,ProtBERT,high,10,Kernel Ridge,80/20,0.32213487596747203,1.6842375431066094
Rg w/no norm,expr buffer only regr out,Inliers,ProtBERT,high,10,GPR,80/20,-0.5431816432431809,2.5412080541539583
Rg w/no norm,expr buffer only regr out,Inliers,ProtBERT,high,10,Linear,85/15,0.3440015267967549,1.6728874896108188
Rg w/no norm,expr buffer only regr out,Inliers,ProtBERT,high,10,Ridge,85/15,0.3231620625552307,1.6992515148764018
Rg w/no norm,expr buffer only regr out,Inliers,ProtBERT,high,10,Lasso,85/15,0.3270605383986047,1.6943507423409274
Rg w/no norm,expr buffer only regr out,Inliers,ProtBERT,high,10,Kernel Ridge,85/15,0.3980330221886813,1.602513338193638
Rg w/no norm,expr buffer only regr out,Inliers,ProtBERT,high,10,GPR,85/15,-0.3590763482393189,2.407893344838796
Rg w/no norm,expr buffer only regr out,Inliers,ProtBERT,high,10,Linear,90/10,0.399070740034972,1.5946909908358418
Rg w/no norm,expr buffer only regr out,Inliers,ProtBERT,high,10,Ridge,90/10,0.38675197793090355,1.6109532722732014
Rg w/no norm,expr buffer only regr out,Inliers,ProtBERT,high,10,Lasso,90/10,0.38935010051768015,1.6075371205426032
Rg w/no norm,expr buffer only regr out,Inliers,ProtBERT,high,10,Kernel Ridge,90/10,0.7085055392209685,1.1106571542751293
Rg w/no norm,expr buffer only regr out,Inliers,ProtBERT,high,10,GPR,90/10,-0.12842250621554974,2.1852480181151623
Rg norm w/0.427,expr buffer only regr out,All,ProtBERT,high,10,Linear,80/20,0.13062373262500127,0.4717898393071489
Rg norm w/0.427,expr buffer only regr out,All,ProtBERT,high,10,Ridge,80/20,0.12498330429120508,0.47331782815849366
Rg norm w/0.427,expr buffer only regr out,All,ProtBERT,high,10,Lasso,80/20,0.12055769903121993,0.4745132772988181
Rg norm w/0.427,expr buffer only regr out,All,ProtBERT,high,10,Kernel Ridge,80/20,0.12970370600107395,0.4720394115885256
Rg norm w/0.427,expr buffer only regr out,All,ProtBERT,high,10,GPR,80/20,0.7105643280558114,0.2722204333057427
Rg norm w/0.427,expr buffer only regr out,All,ProtBERT,high,10,Linear,85/15,0.1566268862840009,0.466534351860308
Rg norm w/0.427,expr buffer only regr out,All,ProtBERT,high,10,Ridge,85/15,0.15055680869456378,0.4682102544697075
Rg norm w/0.427,expr buffer only regr out,All,ProtBERT,high,10,Lasso,85/15,0.14937823871470846,0.46853495380316773
Rg norm w/0.427,expr buffer only regr out,All,ProtBERT,high,10,Kernel Ridge,85/15,0.7485430181649416,0.2547449600728708
Rg norm w/0.427,expr buffer only regr out,All,ProtBERT,high,10,GPR,85/15,0.7105920523748133,0.2732932957639178
Rg norm w/0.427,expr buffer only regr out,All,ProtBERT,high,10,Linear,90/10,0.1281288918166843,0.5553372163418298
Rg norm w/0.427,expr buffer only regr out,All,ProtBERT,high,10,Ridge,90/10,0.12242270090645757,0.5571515282185059
Rg norm w/0.427,expr buffer only regr out,All,ProtBERT,high,10,Lasso,90/10,0.12068783982939646,0.5577019659238762
Rg norm w/0.427,expr buffer only regr out,All,ProtBERT,high,10,Kernel Ridge,90/10,0.8059808981114127,0.26197079665307327
Rg norm w/0.427,expr buffer only regr out,All,ProtBERT,high,10,GPR,90/10,0.831742333278745,0.24395968666925963
Rg norm w/0.427,expr buffer only regr out,Inliers,ProtBERT,high,10,Linear,80/20,0.2655706368123806,0.17698107406640698
Rg norm w/0.427,expr buffer only regr out,Inliers,ProtBERT,high,10,Ridge,80/20,0.25379065441600324,0.17839478410154966
Rg norm w/0.427,expr buffer only regr out,Inliers,ProtBERT,high,10,Lasso,80/20,0.25546509230491166,0.1781945194258288
Rg norm w/0.427,expr buffer only regr out,Inliers,ProtBERT,high,10,Kernel Ridge,80/20,0.2539839816292411,0.1783716734284012
Rg norm w/0.427,expr buffer only regr out,Inliers,ProtBERT,high,10,GPR,80/20,-0.7814121164223942,0.27563477666068703
Rg norm w/0.427,expr buffer only regr out,Inliers,ProtBERT,high,10,Linear,85/15,0.31363435463905065,0.181377195525662
Rg norm w/0.427,expr buffer only regr out,Inliers,ProtBERT,high,10,Ridge,85/15,0.2938640089706682,0.18397088073297482
Rg norm w/0.427,expr buffer only regr out,Inliers,ProtBERT,high,10,Lasso,85/15,0.29354486268068514,0.18401244991527174
Rg norm w/0.427,expr buffer only regr out,Inliers,ProtBERT,high,10,Kernel Ridge,85/15,0.24028783722239788,0.19082244378132124
Rg norm w/0.427,expr buffer only regr out,Inliers,ProtBERT,high,10,GPR,85/15,-0.4732971801820034,0.2657358158287796
Rg norm w/0.427,expr buffer only regr out,Inliers,ProtBERT,high,10,Linear,90/10,0.4694846344323118,0.15129690326695389
Rg norm w/0.427,expr buffer only regr out,Inliers,ProtBERT,high,10,Ridge,90/10,0.4391401071649531,0.1555636941725159
Rg norm w/0.427,expr buffer only regr out,Inliers,ProtBERT,high,10,Lasso,90/10,0.46351488986705425,0.1521457732940886
Rg norm w/0.427,expr buffer only regr out,Inliers,ProtBERT,high,10,Kernel Ridge,90/10,0.585526289552865,0.13373021719627698
Rg norm w/0.427,expr buffer only regr out,Inliers,ProtBERT,high,10,GPR,90/10,-0.23175768440813416,0.23053862343685638
Rg norm w/0.5,expr buffer only regr out,All,ProtBERT,high,10,Linear,80/20,0.15073354783627024,0.34884371708446194
Rg norm w/0.5,expr buffer only regr out,All,ProtBERT,high,10,Ridge,80/20,0.143143865533375,0.3503990146003976
Rg norm w/0.5,expr buffer only regr out,All,ProtBERT,high,10,Lasso,80/20,0.12640946205623738,0.3538041166031425
Rg norm w/0.5,expr buffer only regr out,All,ProtBERT,high,10,Kernel Ridge,80/20,0.3716747034381147,0.3000552248053401
Rg norm w/0.5,expr buffer only regr out,All,ProtBERT,high,10,GPR,80/20,0.5014678555116614,0.2672732558000933
Rg norm w/0.5,expr buffer only regr out,All,ProtBERT,high,10,Linear,85/15,0.18856505883871322,0.34405158553242016
Rg norm w/0.5,expr buffer only regr out,All,ProtBERT,high,10,Ridge,85/15,0.18011771751881622,0.3458378016370504
Rg norm w/0.5,expr buffer only regr out,All,ProtBERT,high,10,Lasso,85/15,0.18429011958189134,0.3449566904656382
Rg norm w/0.5,expr buffer only regr out,All,ProtBERT,high,10,Kernel Ridge,85/15,0.3926695939824769,0.2976522867775694
Rg norm w/0.5,expr buffer only regr out,All,ProtBERT,high,10,GPR,85/15,0.5206613879779042,0.26443437974200895
Rg norm w/0.5,expr buffer only regr out,All,ProtBERT,high,10,Linear,90/10,0.13853088796228386,0.39903214128520553
Rg norm w/0.5,expr buffer only regr out,All,ProtBERT,high,10,Ridge,90/10,0.1330831249155936,0.40029185369027454
Rg norm w/0.5,expr buffer only regr out,All,ProtBERT,high,10,Lasso,90/10,0.13607064009394865,0.3996015279553007
Rg norm w/0.5,expr buffer only regr out,All,ProtBERT,high,10,Kernel Ridge,90/10,0.7045587248220997,0.2336811106182225
Rg norm w/0.5,expr buffer only regr out,All,ProtBERT,high,10,GPR,90/10,0.7434222294407121,0.21776974223142576
Rg norm w/0.5,expr buffer only regr out,Inliers,ProtBERT,high,10,Linear,80/20,0.24309867554532727,0.12678560751764367
Rg norm w/0.5,expr buffer only regr out,Inliers,ProtBERT,high,10,Ridge,80/20,0.23698043252972145,0.1272969977586459
Rg norm w/0.5,expr buffer only regr out,Inliers,ProtBERT,high,10,Lasso,80/20,0.22790171528602532,0.1280520740836478
Rg norm w/0.5,expr buffer only regr out,Inliers,ProtBERT,high,10,Kernel Ridge,80/20,0.22951664289904938,0.12791808655825868
Rg norm w/0.5,expr buffer only regr out,Inliers,ProtBERT,high,10,GPR,80/20,-0.7674313765595011,0.19374102973876678
Rg norm w/0.5,expr buffer only regr out,Inliers,ProtBERT,high,10,Linear,85/15,0.28941518690909085,0.13065676919857694
Rg norm w/0.5,expr buffer only regr out,Inliers,ProtBERT,high,10,Ridge,85/15,0.2754371515539369,0.13193559664118684
Rg norm w/0.5,expr buffer only regr out,Inliers,ProtBERT,high,10,Lasso,85/15,0.26077894238501786,0.13326347053058119
Rg norm w/0.5,expr buffer only regr out,Inliers,ProtBERT,high,10,Kernel Ridge,85/15,0.21428750481982195,0.13739020901646098
Rg norm w/0.5,expr buffer only regr out,Inliers,ProtBERT,high,10,GPR,85/15,-0.46006473591710795,0.1872880251447769
Rg norm w/0.5,expr buffer only regr out,Inliers,ProtBERT,high,10,Linear,90/10,0.4753162879613875,0.10472852991197557
Rg norm w/0.5,expr buffer only regr out,Inliers,ProtBERT,high,10,Ridge,90/10,0.4463066302338682,0.10758479028763682
Rg norm w/0.5,expr buffer only regr out,Inliers,ProtBERT,high,10,Lasso,90/10,0.46815130303110775,0.1054411820370754
Rg norm w/0.5,expr buffer only regr out,Inliers,ProtBERT,high,10,Kernel Ridge,90/10,0.5754374548530901,0.09420784190397932
Rg norm w/0.5,expr buffer only regr out,Inliers,ProtBERT,high,10,GPR,90/10,-0.23956431952006585,0.16097215177440702
Rg norm w/0.418,expr buffer only regr out,All,ProtBERT,high,10,Linear,80/20,0.1175610723185343,0.4816484442354184
Rg norm w/0.418,expr buffer only regr out,All,ProtBERT,high,10,Ridge,80/20,0.11372854019747758,0.48269323789888935
Rg norm w/0.418,expr buffer only regr out,All,ProtBERT,high,10,Lasso,80/20,0.0697574968664384,0.4945223473771014
Rg norm w/0.418,expr buffer only regr out,All,ProtBERT,high,10,Kernel Ridge,80/20,0.13045651959110394,0.4781162277303136
Rg norm w/0.418,expr buffer only regr out,All,ProtBERT,high,10,GPR,80/20,0.8212475701936477,0.2167773034499815
Rg norm w/0.418,expr buffer only regr out,All,ProtBERT,high,10,Linear,85/15,0.13191349778102668,0.4773255683562264
Rg norm w/0.418,expr buffer only regr out,All,ProtBERT,high,10,Ridge,85/15,0.12847657581238014,0.47826954694590895
Rg norm w/0.418,expr buffer only regr out,All,ProtBERT,high,10,Lasso,85/15,0.12857164027589907,0.47824346177335003
Rg norm w/0.418,expr buffer only regr out,All,ProtBERT,high,10,Kernel Ridge,85/15,0.8162946389280807,0.219580673015452
Rg norm w/0.418,expr buffer only regr out,All,ProtBERT,high,10,GPR,85/15,0.8120754646833331,0.22208792125829468
Rg norm w/0.418,expr buffer only regr out,All,ProtBERT,high,10,Linear,90/10,0.12030251315180007,0.5737056702384398
Rg norm w/0.418,expr buffer only regr out,All,ProtBERT,high,10,Ridge,90/10,0.115387803556253,0.5753060326493018
Rg norm w/0.418,expr buffer only regr out,All,ProtBERT,high,10,Lasso,90/10,0.07567394591949772,0.5880781777187497
Rg norm w/0.418,expr buffer only regr out,All,ProtBERT,high,10,Kernel Ridge,90/10,0.7351394386050474,0.3147973837006295
Rg norm w/0.418,expr buffer only regr out,All,ProtBERT,high,10,GPR,90/10,0.8714107674718552,0.2193434998376131
Rg norm w/0.418,expr buffer only regr out,Inliers,ProtBERT,high,10,Linear,80/20,0.2682805028319425,0.18462719125699859
Rg norm w/0.418,expr buffer only regr out,Inliers,ProtBERT,high,10,Ridge,80/20,0.255865276536557,0.18618690573041818
Rg norm w/0.418,expr buffer only regr out,Inliers,ProtBERT,high,10,Lasso,80/20,0.2586003829351572,0.1858444208425341
Rg norm w/0.418,expr buffer only regr out,Inliers,ProtBERT,high,10,Kernel Ridge,80/20,0.25729658904115393,0.1860077581192562
Rg norm w/0.418,expr buffer only regr out,Inliers,ProtBERT,high,10,GPR,80/20,-0.7817391956485455,0.2881014314710778
Rg norm w/0.418,expr buffer only regr out,Inliers,ProtBERT,high,10,Linear,85/15,0.3162567894700643,0.1890989111914355
Rg norm w/0.418,expr buffer only regr out,Inliers,ProtBERT,high,10,Ridge,85/15,0.29587425535569845,0.19189675311839788
Rg norm w/0.418,expr buffer only regr out,Inliers,ProtBERT,high,10,Lasso,85/15,0.29703041910103134,0.19173914262077427
Rg norm w/0.418,expr buffer only regr out,Inliers,ProtBERT,high,10,Kernel Ridge,85/15,0.2437309305591433,0.19887522504448274
Rg norm w/0.418,expr buffer only regr out,Inliers,ProtBERT,high,10,GPR,85/15,-0.47406789665563465,0.277652289351175
Rg norm w/0.418,expr buffer only regr out,Inliers,ProtBERT,high,10,Linear,90/10,0.4686914282460005,0.15848426388546683
Rg norm w/0.418,expr buffer only regr out,Inliers,ProtBERT,high,10,Ridge,90/10,0.43827467606139003,0.1629576441111194
Rg norm w/0.418,expr buffer only regr out,Inliers,ProtBERT,high,10,Lasso,90/10,0.4626877982791192,0.1593771612927123
Rg norm w/0.418,expr buffer only regr out,Inliers,ProtBERT,high,10,Kernel Ridge,90/10,0.5867696131700972,0.13976835720462605
Rg norm w/0.418,expr buffer only regr out,Inliers,ProtBERT,high,10,GPR,90/10,-0.23002543116020857,0.24114029123189193
Rg w/no norm,No regr out,All,ProtBERT,high,100,Linear,80/20,-10.173550247960264,14.15449925698488
Rg w/no norm,No regr out,All,ProtBERT,high,100,Ridge,80/20,0.26721345204281943,3.6248301449474325
Rg w/no norm,No regr out,All,ProtBERT,high,100,Lasso,80/20,0.08502644467685605,4.050449183017147
Rg w/no norm,No regr out,All,ProtBERT,high,100,Kernel Ridge,80/20,0.17630885134112062,3.8430949656078752
Rg w/no norm,No regr out,All,ProtBERT,high,100,GPR,80/20,0.8513430010326528,1.6326443787026355
Rg w/no norm,No regr out,All,ProtBERT,high,100,Linear,85/15,-4.779768162263444,9.869577082815171
Rg w/no norm,No regr out,All,ProtBERT,high,100,Ridge,85/15,0.3064550521492605,3.4188546723640534
Rg w/no norm,No regr out,All,ProtBERT,high,100,Lasso,85/15,0.13942265129031595,3.8083625824175558
Rg w/no norm,No regr out,All,ProtBERT,high,100,Kernel Ridge,85/15,0.45096660270146305,3.041884470037387
Rg w/no norm,No regr out,All,ProtBERT,high,100,GPR,85/15,0.8151894440365886,1.7648456176512466
Rg w/no norm,No regr out,All,ProtBERT,high,100,Linear,90/10,-6.140556147362438,13.06034097921756
Rg w/no norm,No regr out,All,ProtBERT,high,100,Ridge,90/10,0.2972055785112415,4.097346092029058
Rg w/no norm,No regr out,All,ProtBERT,high,100,Lasso,90/10,0.11891183480753775,4.5877334831556995
Rg w/no norm,No regr out,All,ProtBERT,high,100,Kernel Ridge,90/10,0.1835089382878673,4.4163574181019785
Rg w/no norm,No regr out,All,ProtBERT,high,100,GPR,90/10,0.8799818332767948,1.6932145460219037
Rg w/no norm,No regr out,Inliers,ProtBERT,high,100,Linear,80/20,-5.786011713188202,3.7125994694086053
Rg w/no norm,No regr out,Inliers,ProtBERT,high,100,Ridge,80/20,0.5176730850309039,0.989786541893155
Rg w/no norm,No regr out,Inliers,ProtBERT,high,100,Lasso,80/20,0.4922900426918252,1.0154969802101632
Rg w/no norm,No regr out,Inliers,ProtBERT,high,100,Kernel Ridge,80/20,0.5462224837907415,0.9600465308365244
Rg w/no norm,No regr out,Inliers,ProtBERT,high,100,GPR,80/20,0.5207954862550028,0.9865775890363221
Rg w/no norm,No regr out,Inliers,ProtBERT,high,100,Linear,85/15,-37.95919314386156,6.656775050904715
Rg w/no norm,No regr out,Inliers,ProtBERT,high,100,Ridge,85/15,0.46799406411977673,0.7778881278497652
Rg w/no norm,No regr out,Inliers,ProtBERT,high,100,Lasso,85/15,0.33417283383558527,0.8702412387451491
Rg w/no norm,No regr out,Inliers,ProtBERT,high,100,Kernel Ridge,85/15,0.5838662429226636,0.6879793107077019
Rg w/no norm,No regr out,Inliers,ProtBERT,high,100,GPR,85/15,0.5441890015355657,0.7200311817788887
Rg w/no norm,No regr out,Inliers,ProtBERT,high,100,Linear,90/10,-14.233583770585144,4.452341080954916
Rg w/no norm,No regr out,Inliers,ProtBERT,high,100,Ridge,90/10,0.37298208320137083,0.9032903275404383
Rg w/no norm,No regr out,Inliers,ProtBERT,high,100,Lasso,90/10,0.2203147295734762,1.0072726670896177
Rg w/no norm,No regr out,Inliers,ProtBERT,high,100,Kernel Ridge,90/10,0.5138968778756408,0.7953377377265212
Rg w/no norm,No regr out,Inliers,ProtBERT,high,100,GPR,90/10,0.6141640395670959,0.7085797477962641
Rg norm w/0.427,No regr out,All,ProtBERT,high,100,Linear,80/20,-14.055060374759368,1.8816422555581906
Rg norm w/0.427,No regr out,All,ProtBERT,high,100,Ridge,80/20,0.2792475400661143,0.41170758979936534
Rg norm w/0.427,No regr out,All,ProtBERT,high,100,Lasso,80/20,0.042830015111717024,0.4744498813202481
Rg norm w/0.427,No regr out,All,ProtBERT,high,100,Kernel Ridge,80/20,0.03204778907082839,0.47711466397787267
Rg norm w/0.427,No regr out,All,ProtBERT,high,100,GPR,80/20,0.8090439191349603,0.2119154169379785
Rg norm w/0.427,No regr out,All,ProtBERT,high,100,Linear,85/15,-8.395437986648751,1.4537864791622765
Rg norm w/0.427,No regr out,All,ProtBERT,high,100,Ridge,85/15,0.29144245553681436,0.39923597962842783
Rg norm w/0.427,No regr out,All,ProtBERT,high,100,Lasso,85/15,0.06344834674338029,0.4589950243129663
Rg norm w/0.427,No regr out,All,ProtBERT,high,100,Kernel Ridge,85/15,0.04750213175533491,0.4628860753228679
Rg norm w/0.427,No regr out,All,ProtBERT,high,100,GPR,85/15,0.7694688253016985,0.2277230237684117
Rg norm w/0.427,No regr out,All,ProtBERT,high,100,Linear,90/10,-10.785947891121179,1.9543233883482183
Rg norm w/0.427,No regr out,All,ProtBERT,high,100,Ridge,90/10,0.3000987341297807,0.47624733741717196
Rg norm w/0.427,No regr out,All,ProtBERT,high,100,Lasso,90/10,0.04816573364836718,0.5553858860729155
Rg norm w/0.427,No regr out,All,ProtBERT,high,100,Kernel Ridge,90/10,0.03469441553567065,0.5593022680936226
Rg norm w/0.427,No regr out,All,ProtBERT,high,100,GPR,90/10,0.8628013395871759,0.21085752602088015
Rg norm w/0.427,No regr out,Inliers,ProtBERT,high,100,Linear,80/20,-36.28725848254848,0.5900015497807857
Rg norm w/0.427,No regr out,Inliers,ProtBERT,high,100,Ridge,80/20,0.19930178749042193,0.086458432055269
Rg norm w/0.427,No regr out,Inliers,ProtBERT,high,100,Lasso,80/20,0.26866285271409973,0.082628856468567
Rg norm w/0.427,No regr out,Inliers,ProtBERT,high,100,Kernel Ridge,80/20,0.23396829589683876,0.08456609913459169
Rg norm w/0.427,No regr out,Inliers,ProtBERT,high,100,GPR,80/20,0.017631316887507187,0.09576574252113487
Rg norm w/0.427,No regr out,Inliers,ProtBERT,high,100,Linear,85/15,-23.08775279368218,0.4711263885230769
Rg norm w/0.427,No regr out,Inliers,ProtBERT,high,100,Ridge,85/15,0.34157084171041663,0.07789217219922422
Rg norm w/0.427,No regr out,Inliers,ProtBERT,high,100,Lasso,85/15,0.36455258831834403,0.07652072836523013
Rg norm w/0.427,No regr out,Inliers,ProtBERT,high,100,Kernel Ridge,85/15,0.33163144254921906,0.07847788553301246
Rg norm w/0.427,No regr out,Inliers,ProtBERT,high,100,GPR,85/15,0.11883426837952793,0.0901089828241252
Rg norm w/0.427,No regr out,Inliers,ProtBERT,high,100,Linear,90/10,-14.40045780235404,0.3276838996067481
Rg norm w/0.427,No regr out,Inliers,ProtBERT,high,100,Ridge,90/10,0.2779969317895923,0.07095088375431963
Rg norm w/0.427,No regr out,Inliers,ProtBERT,high,100,Lasso,90/10,0.29548989845168794,0.07008610098156096
Rg norm w/0.427,No regr out,Inliers,ProtBERT,high,100,Kernel Ridge,90/10,0.3247704555750094,0.06861420029823083
Rg norm w/0.427,No regr out,Inliers,ProtBERT,high,100,GPR,90/10,0.4117587471689296,0.06404216817591182
Rg norm w/0.5,No regr out,All,ProtBERT,high,100,Linear,80/20,-13.98970886484226,1.9644909523700431
Rg norm w/0.5,No regr out,All,ProtBERT,high,100,Ridge,80/20,0.278538581736107,0.4309828508804288
Rg norm w/0.5,No regr out,All,ProtBERT,high,100,Lasso,80/20,0.04494907115631008,0.4958687043913178
Rg norm w/0.5,No regr out,All,ProtBERT,high,100,Kernel Ridge,80/20,0.032156000931819584,0.4991787794815543
Rg norm w/0.5,No regr out,All,ProtBERT,high,100,GPR,80/20,0.8105174899107489,0.2208706445909909
Rg norm w/0.5,No regr out,All,ProtBERT,high,100,Linear,85/15,-8.327933170407537,1.5153694364536987
Rg norm w/0.5,No regr out,All,ProtBERT,high,100,Ridge,85/15,0.29130738756325825,0.4176906594584698
Rg norm w/0.5,No regr out,All,ProtBERT,high,100,Lasso,85/15,0.06597150697724541,0.4795190587606933
Rg norm w/0.5,No regr out,All,ProtBERT,high,100,Kernel Ridge,85/15,0.04756211067023708,0.48422158248036523
Rg norm w/0.5,No regr out,All,ProtBERT,high,100,GPR,85/15,0.771112928637146,0.23737580027176103
Rg norm w/0.5,No regr out,All,ProtBERT,high,100,Linear,90/10,-10.699356497677298,2.036850157295896
Rg norm w/0.5,No regr out,All,ProtBERT,high,100,Ridge,90/10,0.29968795446788765,0.498337870114065
Rg norm w/0.5,No regr out,All,ProtBERT,high,100,Lasso,90/10,0.050242357444884145,0.5803426546493256
Rg norm w/0.5,No regr out,All,ProtBERT,high,100,Kernel Ridge,90/10,0.03477037199617872,0.5850505818862677
Rg norm w/0.5,No regr out,All,ProtBERT,high,100,GPR,90/10,0.863743601337948,0.2198146059930644
Rg norm w/0.5,No regr out,Inliers,ProtBERT,high,100,Linear,80/20,-40.58512805320175,0.4473820183122439
Rg norm w/0.5,No regr out,Inliers,ProtBERT,high,100,Ridge,80/20,0.216321908391091,0.06141555146161445
Rg norm w/0.5,No regr out,Inliers,ProtBERT,high,100,Lasso,80/20,0.18219940410657576,0.06273836755461173
Rg norm w/0.5,No regr out,Inliers,ProtBERT,high,100,Kernel Ridge,80/20,0.22576420866072533,0.06104444152524995
Rg norm w/0.5,No regr out,Inliers,ProtBERT,high,100,GPR,80/20,0.03947045898958912,0.06799310369075863
Rg norm w/0.5,No regr out,Inliers,ProtBERT,high,100,Linear,85/15,-14.264956131795454,0.28573672190871335
Rg norm w/0.5,No regr out,Inliers,ProtBERT,high,100,Ridge,85/15,0.3425178664063998,0.05930075949596365
Rg norm w/0.5,No regr out,Inliers,ProtBERT,high,100,Lasso,85/15,0.2960086658341051,0.06136234305551194
Rg norm w/0.5,No regr out,Inliers,ProtBERT,high,100,Kernel Ridge,85/15,0.3274100023670734,0.059978207168735025
Rg norm w/0.5,No regr out,Inliers,ProtBERT,high,100,GPR,85/15,0.16280316904806147,0.06691632250622591
Rg norm w/0.5,No regr out,Inliers,ProtBERT,high,100,Linear,90/10,-10.887245889899722,0.20784231256885188
Rg norm w/0.5,No regr out,Inliers,ProtBERT,high,100,Ridge,90/10,0.367604884444507,0.04793884831109983
Rg norm w/0.5,No regr out,Inliers,ProtBERT,high,100,Lasso,90/10,0.19452847452194522,0.05410263767905598
Rg norm w/0.5,No regr out,Inliers,ProtBERT,high,100,Kernel Ridge,90/10,0.39371979234067533,0.04693858984801333
Rg norm w/0.5,No regr out,Inliers,ProtBERT,high,100,GPR,90/10,0.46862881045586946,0.04394326729118199
Rg norm w/0.418,No regr out,All,ProtBERT,high,100,Linear,80/20,-14.527548029506134,1.3273006920848054
Rg norm w/0.418,No regr out,All,ProtBERT,high,100,Ridge,80/20,0.2861993030232709,0.28458130334287907
Rg norm w/0.418,No regr out,All,ProtBERT,high,100,Lasso,80/20,0.03346425693081345,0.3311515863048829
Rg norm w/0.418,No regr out,All,ProtBERT,high,100,Kernel Ridge,80/20,0.03174246782343659,0.3314464121802953
Rg norm w/0.418,No regr out,All,ProtBERT,high,100,GPR,80/20,0.7959234265062632,0.15216489024040664
Rg norm w/0.418,No regr out,All,ProtBERT,high,100,Linear,85/15,-8.908124586440284,1.038472052195758
Rg norm w/0.418,No regr out,All,ProtBERT,high,100,Ridge,85/15,0.29370118399574374,0.27726389684740826
Rg norm w/0.418,No regr out,All,ProtBERT,high,100,Lasso,85/15,0.1256381859522342,0.30849254608628235
Rg norm w/0.418,No regr out,All,ProtBERT,high,100,Kernel Ridge,85/15,0.047435359972408664,0.3219929120205198
Rg norm w/0.418,No regr out,All,ProtBERT,high,100,GPR,85/15,0.7549060220772323,0.16332979011016768
Rg norm w/0.418,No regr out,All,ProtBERT,high,100,Linear,90/10,-11.450363003229855,1.3974233994730287
Rg norm w/0.418,No regr out,All,ProtBERT,high,100,Ridge,90/10,0.30441350388835964,0.3303030433684301
Rg norm w/0.418,No regr out,All,ProtBERT,high,100,Lasso,90/10,0.10988797505007708,0.37364514041437763
Rg norm w/0.418,No regr out,All,ProtBERT,high,100,Kernel Ridge,90/10,0.03443764887635681,0.3891590781372058
Rg norm w/0.418,No regr out,All,ProtBERT,high,100,GPR,90/10,0.8541066625522233,0.1512706711681675
Rg norm w/0.418,No regr out,Inliers,ProtBERT,high,100,Linear,80/20,-35.51539678194218,0.6109051687015604
Rg norm w/0.418,No regr out,Inliers,ProtBERT,high,100,Ridge,80/20,0.20120528181347352,0.09035524749184431
Rg norm w/0.418,No regr out,Inliers,ProtBERT,high,100,Lasso,80/20,0.26362195834796964,0.08675333964964736
Rg norm w/0.418,No regr out,Inliers,ProtBERT,high,100,Kernel Ridge,80/20,0.23842773875294188,0.08822493482722986
Rg norm w/0.418,No regr out,Inliers,ProtBERT,high,100,GPR,80/20,0.021036020734178207,0.10002743761593991
Rg norm w/0.418,No regr out,Inliers,ProtBERT,high,100,Linear,85/15,-24.28891018854121,0.5005110222533927
Rg norm w/0.418,No regr out,Inliers,ProtBERT,high,100,Ridge,85/15,0.3424167403851066,0.08070937110199541
Rg norm w/0.418,No regr out,Inliers,ProtBERT,high,100,Lasso,85/15,0.3616816537446327,0.0795183303108936
Rg norm w/0.418,No regr out,Inliers,ProtBERT,high,100,Kernel Ridge,85/15,0.3336896506366853,0.08124317144624094
Rg norm w/0.418,No regr out,Inliers,ProtBERT,high,100,GPR,85/15,0.11620788688726458,0.09356720351927353
Rg norm w/0.418,No regr out,Inliers,ProtBERT,high,100,Linear,90/10,-14.85050379684032,0.3475120377064281
Rg norm w/0.418,No regr out,Inliers,ProtBERT,high,100,Ridge,90/10,0.27062701316207816,0.0745457957587172
Rg norm w/0.418,No regr out,Inliers,ProtBERT,high,100,Lasso,90/10,0.28232701624740264,0.07394547732242338
Rg norm w/0.418,No regr out,Inliers,ProtBERT,high,100,Kernel Ridge,90/10,0.3199939328952579,0.07197881815298321
Rg norm w/0.418,No regr out,Inliers,ProtBERT,high,100,GPR,90/10,0.4081223188153519,0.0671528268884848
Rg w/no norm,pH regr out,All,ProtBERT,high,100,Linear,80/20,-10.175769270733566,14.155720081070237
Rg w/no norm,pH regr out,All,ProtBERT,high,100,Ridge,80/20,0.26720520739188025,3.6248032616162513
Rg w/no norm,pH regr out,All,ProtBERT,high,100,Lasso,80/20,0.0849961048162321,4.050463511024338
Rg w/no norm,pH regr out,All,ProtBERT,high,100,Kernel Ridge,80/20,0.8874478451136301,1.4205946011743225
Rg w/no norm,pH regr out,All,ProtBERT,high,100,GPR,80/20,0.8914440539355526,1.3951472937216207
Rg w/no norm,pH regr out,All,ProtBERT,high,100,Linear,85/15,-4.780146718798496,9.869789057820297
Rg w/no norm,pH regr out,All,ProtBERT,high,100,Ridge,85/15,0.3064384593285129,3.4188570389758346
Rg w/no norm,pH regr out,All,ProtBERT,high,100,Lasso,85/15,0.13938361381436504,3.8084060380132643
Rg w/no norm,pH regr out,All,ProtBERT,high,100,Kernel Ridge,85/15,0.8852931890259522,1.390378497065237
Rg w/no norm,pH regr out,All,ProtBERT,high,100,GPR,85/15,0.8905289886619138,1.3582759304457148
Rg w/no norm,pH regr out,All,ProtBERT,high,100,Linear,90/10,-6.141493245774025,13.061012067491616
Rg w/no norm,pH regr out,All,ProtBERT,high,100,Ridge,90/10,0.2971843654721158,4.097349617082643
Rg w/no norm,pH regr out,All,ProtBERT,high,100,Lasso,90/10,0.11887166241043123,4.587772777932424
Rg w/no norm,pH regr out,All,ProtBERT,high,100,Kernel Ridge,90/10,0.8806175011523856,1.6887005636992243
Rg w/no norm,pH regr out,All,ProtBERT,high,100,GPR,90/10,0.8961155187087054,1.5752796172032468
Rg w/no norm,pH regr out,Inliers,ProtBERT,high,100,Linear,80/20,-5.788578651335736,3.713219227192963
Rg w/no norm,pH regr out,Inliers,ProtBERT,high,100,Ridge,80/20,0.5176661612452024,0.9897716936147196
Rg w/no norm,pH regr out,Inliers,ProtBERT,high,100,Lasso,80/20,0.4922576743594095,1.0155068272681684
Rg w/no norm,pH regr out,Inliers,ProtBERT,high,100,Kernel Ridge,80/20,0.5495660695974168,0.956481803896103
Rg w/no norm,pH regr out,Inliers,ProtBERT,high,100,GPR,80/20,0.5557531910048796,0.9498900140050279
Rg w/no norm,pH regr out,Inliers,ProtBERT,high,100,Linear,85/15,-37.95434946903428,6.656304441456379
Rg w/no norm,pH regr out,Inliers,ProtBERT,high,100,Ridge,85/15,0.4680208859803915,0.7778618820530568
Rg w/no norm,pH regr out,Inliers,ProtBERT,high,100,Lasso,85/15,0.33417996099624303,0.8702291567068834
Rg w/no norm,pH regr out,Inliers,ProtBERT,high,100,Kernel Ridge,85/15,0.684882863552539,0.5986751198067404
Rg w/no norm,pH regr out,Inliers,ProtBERT,high,100,GPR,85/15,0.636713016977993,0.6428062897207445
Rg w/no norm,pH regr out,Inliers,ProtBERT,high,100,Linear,90/10,-14.230547947375483,4.451896529311506
Rg w/no norm,pH regr out,Inliers,ProtBERT,high,100,Ridge,90/10,0.37302022187429007,0.9032626755424664
Rg w/no norm,pH regr out,Inliers,ProtBERT,high,100,Lasso,90/10,0.2202870373149326,1.0072903539203386
Rg w/no norm,pH regr out,Inliers,ProtBERT,high,100,Kernel Ridge,90/10,0.6355767410019189,0.688636981500351
Rg w/no norm,pH regr out,Inliers,ProtBERT,high,100,GPR,90/10,0.6198552230857274,0.7033343230987416
Rg norm w/0.427,pH regr out,All,ProtBERT,high,100,Linear,80/20,-14.05888825731951,1.8818232624278701
Rg norm w/0.427,pH regr out,All,ProtBERT,high,100,Ridge,80/20,0.2792212666375473,0.4117023629473694
Rg norm w/0.427,pH regr out,All,ProtBERT,high,100,Lasso,80/20,0.04279835549014421,0.4744430569699222
Rg norm w/0.427,pH regr out,All,ProtBERT,high,100,Kernel Ridge,80/20,0.9171924589582987,0.13954597735570728
Rg norm w/0.427,pH regr out,All,ProtBERT,high,100,GPR,80/20,0.9194337305026052,0.13764454510779495
Rg norm w/0.427,pH regr out,All,ProtBERT,high,100,Linear,85/15,-8.396663378909357,1.4538415635986417
Rg norm w/0.427,pH regr out,All,ProtBERT,high,100,Ridge,85/15,0.29141314679377117,0.39923333003478095
Rg norm w/0.427,pH regr out,All,ProtBERT,high,100,Lasso,85/15,0.06341673179402374,0.4589902323667593
Rg norm w/0.427,pH regr out,All,ProtBERT,high,100,Kernel Ridge,85/15,0.8982708731510763,0.1512700340038272
Rg norm w/0.427,pH regr out,All,ProtBERT,high,100,GPR,85/15,0.9106611416528371,0.14175893612129029
Rg norm w/0.427,pH regr out,All,ProtBERT,high,100,Linear,90/10,-10.78792989721955,1.9544294764104073
Rg norm w/0.427,pH regr out,All,ProtBERT,high,100,Ridge,90/10,0.3000633461341149,0.476245187642734
Rg norm w/0.427,pH regr out,All,ProtBERT,high,100,Lasso,90/10,0.048135085494454555,0.5553782802258569
Rg norm w/0.427,pH regr out,All,ProtBERT,high,100,Kernel Ridge,90/10,0.9012533258023897,0.1788802818438377
Rg norm w/0.427,pH regr out,All,ProtBERT,high,100,GPR,90/10,0.9142889953862384,0.16665545148969257
Rg norm w/0.427,pH regr out,Inliers,ProtBERT,high,100,Linear,80/20,-36.312275542328884,0.5901846489725857
Rg norm w/0.427,pH regr out,Inliers,ProtBERT,high,100,Ridge,80/20,0.19927641152212328,0.08645763518182357
Rg norm w/0.427,pH regr out,Inliers,ProtBERT,high,100,Lasso,80/20,0.2686409526310941,0.08262802271676002
Rg norm w/0.427,pH regr out,Inliers,ProtBERT,high,100,Kernel Ridge,80/20,0.2478509483242386,0.08379420737613491
Rg norm w/0.427,pH regr out,Inliers,ProtBERT,high,100,GPR,80/20,0.21209423675700667,0.0857628450649246
Rg norm w/0.427,pH regr out,Inliers,ProtBERT,high,100,Linear,85/15,-23.073400693966185,0.4709708745460178
Rg norm w/0.427,pH regr out,Inliers,ProtBERT,high,100,Ridge,85/15,0.34153661314442385,0.07789169310902683
Rg norm w/0.427,pH regr out,Inliers,ProtBERT,high,100,Lasso,85/15,0.36454216614613855,0.07651889632524815
Rg norm w/0.427,pH regr out,Inliers,ProtBERT,high,100,Kernel Ridge,85/15,0.37731435407664227,0.07574600908096533
Rg norm w/0.427,pH regr out,Inliers,ProtBERT,high,100,GPR,85/15,0.3479818894559137,0.0775095397006569
Rg norm w/0.427,pH regr out,Inliers,ProtBERT,high,100,Linear,90/10,-14.392217393889807,0.3275959482023064
Rg norm w/0.427,pH regr out,Inliers,ProtBERT,high,100,Ridge,90/10,0.2779731670933031,0.0709519925383582
Rg norm w/0.427,pH regr out,Inliers,ProtBERT,high,100,Lasso,90/10,0.2955119891937229,0.07008494399761762
Rg norm w/0.427,pH regr out,Inliers,ProtBERT,high,100,Kernel Ridge,90/10,0.29216260151095674,0.07025135087357423
Rg norm w/0.427,pH regr out,Inliers,ProtBERT,high,100,GPR,90/10,0.5459440614895124,0.05626555504434806
Rg norm w/0.5,pH regr out,All,ProtBERT,high,100,Linear,80/20,-14.53176043202236,1.3274331015305105
Rg norm w/0.5,pH regr out,All,ProtBERT,high,100,Ridge,80/20,0.28616839405874384,0.28457725648106735
Rg norm w/0.5,pH regr out,All,ProtBERT,high,100,Lasso,80/20,0.033428634717404426,0.33114580988723374
Rg norm w/0.5,pH regr out,All,ProtBERT,high,100,Kernel Ridge,80/20,0.9137820951908366,0.09890107997939884
Rg norm w/0.5,pH regr out,All,ProtBERT,high,100,GPR,80/20,0.9158664289052949,0.09769829018507868
Rg norm w/0.5,pH regr out,All,ProtBERT,high,100,Linear,85/15,-8.909557623681623,1.0385141004537168
Rg norm w/0.5,pH regr out,All,ProtBERT,high,100,Ridge,85/15,0.2936683376120458,0.2772615208648205
Rg norm w/0.5,pH regr out,All,ProtBERT,high,100,Lasso,85/15,0.12560471704831266,0.30848863360026285
Rg norm w/0.5,pH regr out,All,ProtBERT,high,100,Kernel Ridge,85/15,0.8925149923389502,0.10815813991084645
Rg norm w/0.5,pH regr out,All,ProtBERT,high,100,GPR,85/15,0.9047415049445511,0.10182094463666304
Rg norm w/0.5,pH regr out,All,ProtBERT,high,100,Linear,90/10,-11.452612840757096,1.397501745190319
Rg norm w/0.5,pH regr out,All,ProtBERT,high,100,Ridge,90/10,0.30437390348979143,0.3303011221259085
Rg norm w/0.5,pH regr out,All,ProtBERT,high,100,Lasso,90/10,0.10984888569019546,0.3736405355587472
Rg norm w/0.5,pH regr out,All,ProtBERT,high,100,Kernel Ridge,90/10,0.8966264602407787,0.12732884801577607
Rg norm w/0.5,pH regr out,All,ProtBERT,high,100,GPR,90/10,0.9093495669597308,0.11923590642226474
Rg norm w/0.5,pH regr out,Inliers,ProtBERT,high,100,Linear,80/20,-40.61372078063143,0.4475271622161158
Rg norm w/0.5,pH regr out,Inliers,ProtBERT,high,100,Ridge,80/20,0.21629381001791048,0.06141546771545715
Rg norm w/0.5,pH regr out,Inliers,ProtBERT,high,100,Lasso,80/20,0.1820561685311718,0.06274265119221678
Rg norm w/0.5,pH regr out,Inliers,ProtBERT,high,100,Kernel Ridge,80/20,0.23893551376621713,0.060521802434672714
Rg norm w/0.5,pH regr out,Inliers,ProtBERT,high,100,GPR,80/20,0.1810447206444844,0.06278143216537496
Rg norm w/0.5,pH regr out,Inliers,ProtBERT,high,100,Linear,85/15,-14.252896492593454,0.2856160757489918
Rg norm w/0.5,pH regr out,Inliers,ProtBERT,high,100,Ridge,85/15,0.3424797792480049,0.05930086699196264
Rg norm w/0.5,pH regr out,Inliers,ProtBERT,high,100,Lasso,85/15,0.2959314923092049,0.06136404021227352
Rg norm w/0.5,pH regr out,Inliers,ProtBERT,high,100,Kernel Ridge,85/15,0.3572576475779964,0.058630681900247214
Rg norm w/0.5,pH regr out,Inliers,ProtBERT,high,100,GPR,85/15,0.3006735071893114,0.061157042732371006
Rg norm w/0.5,pH regr out,Inliers,ProtBERT,high,100,Linear,90/10,-10.883025359952187,0.20780711583221506
Rg norm w/0.5,pH regr out,Inliers,ProtBERT,high,100,Ridge,90/10,0.3675746834921272,0.047940385966486955
Rg norm w/0.5,pH regr out,Inliers,ProtBERT,high,100,Lasso,90/10,0.19447659729900513,0.05410482342401601
Rg norm w/0.5,pH regr out,Inliers,ProtBERT,high,100,Kernel Ridge,90/10,0.3743280375710145,0.04768373324242677
Rg norm w/0.5,pH regr out,Inliers,ProtBERT,high,100,GPR,90/10,0.5750089360930241,0.03929947982670138
Rg norm w/0.418,pH regr out,All,ProtBERT,high,100,Linear,80/20,-13.993491634584341,1.9646791651598403
Rg norm w/0.418,pH regr out,All,ProtBERT,high,100,Ridge,80/20,0.27851284546939115,0.4309774531696561
Rg norm w/0.418,pH regr out,All,ProtBERT,high,100,Lasso,80/20,0.044914990727646376,0.4958624970131152
Rg norm w/0.418,pH regr out,All,ProtBERT,high,100,Kernel Ridge,80/20,0.9173894134134897,0.14583376956180183
Rg norm w/0.418,pH regr out,All,ProtBERT,high,100,GPR,80/20,0.919653555925984,0.14382142224223665
Rg norm w/0.418,pH regr out,All,ProtBERT,high,100,Linear,85/15,-8.329134517726441,1.515426389973612
Rg norm w/0.418,pH regr out,All,ProtBERT,high,100,Ridge,85/15,0.29127848667613965,0.4176879787599048
Rg norm w/0.418,pH regr out,All,ProtBERT,high,100,Lasso,85/15,0.06593959191760124,0.4795143962008317
Rg norm w/0.418,pH regr out,All,ProtBERT,high,100,Kernel Ridge,85/15,0.8987324691746377,0.15788805642275794
Rg norm w/0.418,pH regr out,All,ProtBERT,high,100,GPR,85/15,0.9111425512439949,0.1478975869140036
Rg norm w/0.418,pH regr out,All,ProtBERT,high,100,Linear,90/10,-10.701307656439026,2.03696033968727
Rg norm w/0.418,pH regr out,All,ProtBERT,high,100,Ridge,90/10,0.2996530459448672,0.4983356951123366
Rg norm w/0.418,pH regr out,All,ProtBERT,high,100,Lasso,90/10,0.05020939256163692,0.5803357292384462
Rg norm w/0.418,pH regr out,All,ProtBERT,high,100,Kernel Ridge,90/10,0.9015670193871158,0.18682530164801328
Rg norm w/0.418,pH regr out,All,ProtBERT,high,100,GPR,90/10,0.9146813867324681,0.17393511478449059
Rg norm w/0.418,pH regr out,Inliers,ProtBERT,high,100,Linear,80/20,-35.53981020040282,0.6110936351031463
Rg norm w/0.418,pH regr out,Inliers,ProtBERT,high,100,Ridge,80/20,0.20118031516376578,0.09035433542644931
Rg norm w/0.418,pH regr out,Inliers,ProtBERT,high,100,Lasso,80/20,0.2635969662466515,0.08675258035319387
Rg norm w/0.418,pH regr out,Inliers,ProtBERT,high,100,Kernel Ridge,80/20,0.25249604016068583,0.08740401151139318
Rg norm w/0.418,pH regr out,Inliers,ProtBERT,high,100,GPR,80/20,0.21817849255496102,0.08938783598656709
Rg norm w/0.418,pH regr out,Inliers,ProtBERT,high,100,Linear,85/15,-24.27437695060533,0.5003509009368473
Rg norm w/0.418,pH regr out,Inliers,ProtBERT,high,100,Ridge,85/15,0.34238338715639227,0.08070879158335474
Rg norm w/0.418,pH regr out,Inliers,ProtBERT,high,100,Lasso,85/15,0.3616711638759158,0.07951639617629833
Rg norm w/0.418,pH regr out,Inliers,ProtBERT,high,100,Kernel Ridge,85/15,0.38154137476450445,0.07826899948704885
Rg norm w/0.418,pH regr out,Inliers,ProtBERT,high,100,GPR,85/15,0.3554295752067895,0.07990420671889867
Rg norm w/0.418,pH regr out,Inliers,ProtBERT,high,100,Linear,90/10,-14.841938075533156,0.3474175331891125
Rg norm w/0.418,pH regr out,Inliers,ProtBERT,high,100,Ridge,90/10,0.27060421004170043,0.07454683383293612
Rg norm w/0.418,pH regr out,Inliers,ProtBERT,high,100,Lasso,90/10,0.28232697980488164,0.07394535300957752
Rg norm w/0.418,pH regr out,Inliers,ProtBERT,high,100,Kernel Ridge,90/10,0.2857650453425947,0.07376802003909573
Rg norm w/0.418,pH regr out,Inliers,ProtBERT,high,100,GPR,90/10,0.5435977143179029,0.05896869027422104
Rg w/no norm,buffer regr out,All,ProtBERT,high,100,Linear,80/20,-8.296479280193216,13.259997322393861
Rg w/no norm,buffer regr out,All,ProtBERT,high,100,Ridge,80/20,0.3007426684670389,3.636659983818213
Rg w/no norm,buffer regr out,All,ProtBERT,high,100,Lasso,80/20,0.12435935368398898,4.069557039148471
Rg w/no norm,buffer regr out,All,ProtBERT,high,100,Kernel Ridge,80/20,0.8672296816415371,1.5846548414487633
Rg w/no norm,buffer regr out,All,ProtBERT,high,100,GPR,80/20,0.8650300620465112,1.597727490201153
Rg w/no norm,buffer regr out,All,ProtBERT,high,100,Linear,85/15,-2.938377317369562,8.586402605202135
Rg w/no norm,buffer regr out,All,ProtBERT,high,100,Ridge,85/15,0.3072258377543683,3.6012098411627953
Rg w/no norm,buffer regr out,All,ProtBERT,high,100,Lasso,85/15,0.13805110004701115,4.0169215235906615
Rg w/no norm,buffer regr out,All,ProtBERT,high,100,Kernel Ridge,85/15,0.8443383320112081,1.7070389367339416
Rg w/no norm,buffer regr out,All,ProtBERT,high,100,GPR,85/15,0.8516124533623105,1.6666765102451577
Rg w/no norm,buffer regr out,All,ProtBERT,high,100,Linear,90/10,-3.1329776019502953,10.481474803105865
Rg w/no norm,buffer regr out,All,ProtBERT,high,100,Ridge,90/10,0.31041034885137475,4.281404256058853
Rg w/no norm,buffer regr out,All,ProtBERT,high,100,Lasso,90/10,0.12901236334170563,4.811681407753096
Rg w/no norm,buffer regr out,All,ProtBERT,high,100,Kernel Ridge,90/10,0.8612552324012014,1.9204330689465676
Rg w/no norm,buffer regr out,All,ProtBERT,high,100,GPR,90/10,0.8686774974955677,1.8683594967766486
Rg w/no norm,buffer regr out,Inliers,ProtBERT,high,100,Linear,80/20,-4.654878168644315,3.3209859551333425
Rg w/no norm,buffer regr out,Inliers,ProtBERT,high,100,Ridge,80/20,0.08063497548103193,1.3390580401041297
Rg w/no norm,buffer regr out,Inliers,ProtBERT,high,100,Lasso,80/20,0.2099771942057741,1.2412956308197003
Rg w/no norm,buffer regr out,Inliers,ProtBERT,high,100,Kernel Ridge,80/20,0.2153486696828616,1.2370685622131639
Rg w/no norm,buffer regr out,Inliers,ProtBERT,high,100,GPR,80/20,0.2101849345103013,1.2411324177551255
Rg w/no norm,buffer regr out,Inliers,ProtBERT,high,100,Linear,85/15,-21.40023845088413,5.798174428589432
Rg w/no norm,buffer regr out,Inliers,ProtBERT,high,100,Ridge,85/15,0.3734040783895466,0.969747653584135
Rg w/no norm,buffer regr out,Inliers,ProtBERT,high,100,Lasso,85/15,0.23473878418350513,1.0716915520197814
Rg w/no norm,buffer regr out,Inliers,ProtBERT,high,100,Kernel Ridge,85/15,0.410722207048942,0.9404267912992583
Rg w/no norm,buffer regr out,Inliers,ProtBERT,high,100,GPR,85/15,0.28384357190141507,1.0367377267792242
Rg w/no norm,buffer regr out,Inliers,ProtBERT,high,100,Linear,90/10,-2.70557823585673,2.659015398397083
Rg w/no norm,buffer regr out,Inliers,ProtBERT,high,100,Ridge,90/10,0.36248456749307556,1.102905265206649
Rg w/no norm,buffer regr out,Inliers,ProtBERT,high,100,Lasso,90/10,0.20853392374680113,1.2288786847230788
Rg w/no norm,buffer regr out,Inliers,ProtBERT,high,100,Kernel Ridge,90/10,0.38813555522596843,1.080489292598675
Rg w/no norm,buffer regr out,Inliers,ProtBERT,high,100,GPR,90/10,0.2879906943327355,1.1655628419991935
Rg norm w/0.427,buffer regr out,All,ProtBERT,high,100,Linear,80/20,-12.437060715901824,1.7938763705337564
Rg norm w/0.427,buffer regr out,All,ProtBERT,high,100,Ridge,80/20,0.2953775950499362,0.41078879948029046
Rg norm w/0.427,buffer regr out,All,ProtBERT,high,100,Lasso,80/20,-0.0012921654476243383,0.4896894848965154
Rg norm w/0.427,buffer regr out,All,ProtBERT,high,100,Kernel Ridge,80/20,0.8023400087204461,0.2175703725606337
Rg norm w/0.427,buffer regr out,All,ProtBERT,high,100,GPR,80/20,0.9072282818479596,0.1490555561936451
Rg norm w/0.427,buffer regr out,All,ProtBERT,high,100,Linear,85/15,-7.1214640093986965,1.3754951437775043
Rg norm w/0.427,buffer regr out,All,ProtBERT,high,100,Ridge,85/15,0.2874852171577953,0.40741671153442227
Rg norm w/0.427,buffer regr out,All,ProtBERT,high,100,Lasso,85/15,0.0820049881852325,0.46244709973359405
Rg norm w/0.427,buffer regr out,All,ProtBERT,high,100,Kernel Ridge,85/15,0.8810068200003129,0.16649566670749977
Rg norm w/0.427,buffer regr out,All,ProtBERT,high,100,GPR,85/15,0.8932477865547531,0.15769950993742626
Rg norm w/0.427,buffer regr out,All,ProtBERT,high,100,Linear,90/10,-8.9675431906008,1.8310856044392023
Rg norm w/0.427,buffer regr out,All,ProtBERT,high,100,Ridge,90/10,0.3091127108859879,0.48207897014009965
Rg norm w/0.427,buffer regr out,All,ProtBERT,high,100,Lasso,90/10,0.06946638364093927,0.5594749146994339
Rg norm w/0.427,buffer regr out,All,ProtBERT,high,100,Kernel Ridge,90/10,0.8934442035512064,0.18932288986312867
Rg norm w/0.427,buffer regr out,All,ProtBERT,high,100,GPR,90/10,0.9064623145500891,0.17738132508470067
Rg norm w/0.427,buffer regr out,Inliers,ProtBERT,high,100,Linear,80/20,-21.172447727609484,0.5123962649439057
Rg norm w/0.427,buffer regr out,Inliers,ProtBERT,high,100,Ridge,80/20,-0.06525056504858306,0.11231170546674753
Rg norm w/0.427,buffer regr out,Inliers,ProtBERT,high,100,Lasso,80/20,-0.052067387952585475,0.11161457624352103
Rg norm w/0.427,buffer regr out,Inliers,ProtBERT,high,100,Kernel Ridge,80/20,0.14180913394117278,0.10080709030420969
Rg norm w/0.427,buffer regr out,Inliers,ProtBERT,high,100,GPR,80/20,0.09869244564746016,0.10330840134313071
Rg norm w/0.427,buffer regr out,Inliers,ProtBERT,high,100,Linear,85/15,-14.130916601513206,0.4172601280850352
Rg norm w/0.427,buffer regr out,Inliers,ProtBERT,high,100,Ridge,85/15,0.10463675084833302,0.1015018365884797
Rg norm w/0.427,buffer regr out,Inliers,ProtBERT,high,100,Lasso,85/15,-0.012153982322610668,0.10791891301273411
Rg norm w/0.427,buffer regr out,Inliers,ProtBERT,high,100,Kernel Ridge,85/15,0.314586473227209,0.08880769616340416
Rg norm w/0.427,buffer regr out,Inliers,ProtBERT,high,100,GPR,85/15,0.36744456412253446,0.08531464036060527
Rg norm w/0.427,buffer regr out,Inliers,ProtBERT,high,100,Linear,90/10,-19.05629075814773,0.45057880230461467
Rg norm w/0.427,buffer regr out,Inliers,ProtBERT,high,100,Ridge,90/10,0.18558638999223231,0.09079625985912547
Rg norm w/0.427,buffer regr out,Inliers,ProtBERT,high,100,Lasso,90/10,0.054020053315891436,0.0978557641873885
Rg norm w/0.427,buffer regr out,Inliers,ProtBERT,high,100,Kernel Ridge,90/10,0.33450997209454114,0.08207600775535612
Rg norm w/0.427,buffer regr out,Inliers,ProtBERT,high,100,GPR,90/10,0.46660986971078144,0.07347979490630874
Rg norm w/0.5,buffer regr out,All,ProtBERT,high,100,Linear,80/20,-13.135692343542994,1.2735419886802442
Rg norm w/0.5,buffer regr out,All,ProtBERT,high,100,Ridge,80/20,0.2979780740376129,0.28381154917157053
Rg norm w/0.5,buffer regr out,All,ProtBERT,high,100,Lasso,80/20,0.06076592553973148,0.32827789957267106
Rg norm w/0.5,buffer regr out,All,ProtBERT,high,100,Kernel Ridge,80/20,0.7993289363751686,0.15173895971481663
Rg norm w/0.5,buffer regr out,All,ProtBERT,high,100,GPR,80/20,0.904375509398538,0.10474644524799534
Rg norm w/0.5,buffer regr out,All,ProtBERT,high,100,Linear,85/15,-7.95108807223207,0.9980595665297967
Rg norm w/0.5,buffer regr out,All,ProtBERT,high,100,Ridge,85/15,0.28725613671147787,0.28163413395253173
Rg norm w/0.5,buffer regr out,All,ProtBERT,high,100,Lasso,85/15,0.1464273080586035,0.30820437750938623
Rg norm w/0.5,buffer regr out,All,ProtBERT,high,100,Kernel Ridge,85/15,0.8762843205870121,0.11733590271004841
Rg norm w/0.5,buffer regr out,All,ProtBERT,high,100,GPR,85/15,0.888417390371354,0.11143376487404169
Rg norm w/0.5,buffer regr out,All,ProtBERT,high,100,Linear,90/10,-10.076479615302192,1.3343937594752238
Rg norm w/0.5,buffer regr out,All,ProtBERT,high,100,Ridge,90/10,0.3110519840179997,0.33279466294384497
Rg norm w/0.5,buffer regr out,All,ProtBERT,high,100,Lasso,90/10,0.06157915738541464,0.3884024390383167
Rg norm w/0.5,buffer regr out,All,ProtBERT,high,100,Kernel Ridge,90/10,0.8898633189723252,0.13306048999080575
Rg norm w/0.5,buffer regr out,All,ProtBERT,high,100,GPR,90/10,0.9027330475008389,0.1250448415271704
Rg norm w/0.5,buffer regr out,Inliers,ProtBERT,high,100,Linear,80/20,-22.8959663430865,0.39076963416817534
Rg norm w/0.5,buffer regr out,Inliers,ProtBERT,high,100,Ridge,80/20,-0.0016726458844467107,0.08000578971532027
Rg norm w/0.5,buffer regr out,Inliers,ProtBERT,high,100,Lasso,80/20,0.019426632059136528,0.07915868230877786
Rg norm w/0.5,buffer regr out,Inliers,ProtBERT,high,100,Kernel Ridge,80/20,0.18188289171873184,0.07230465307498082
Rg norm w/0.5,buffer regr out,Inliers,ProtBERT,high,100,GPR,80/20,0.10343917013072279,0.07569172272994969
Rg norm w/0.5,buffer regr out,Inliers,ProtBERT,high,100,Linear,85/15,-10.315319184578511,0.26742864768621916
Rg norm w/0.5,buffer regr out,Inliers,ProtBERT,high,100,Ridge,85/15,0.10279428874066743,0.0753044322237628
Rg norm w/0.5,buffer regr out,Inliers,ProtBERT,high,100,Lasso,85/15,0.013386670852697957,0.07896743160148259
Rg norm w/0.5,buffer regr out,Inliers,ProtBERT,high,100,Kernel Ridge,85/15,0.2869206925942308,0.0671341416637875
Rg norm w/0.5,buffer regr out,Inliers,ProtBERT,high,100,GPR,85/15,0.35175461722831536,0.06400947125082249
Rg norm w/0.5,buffer regr out,Inliers,ProtBERT,high,100,Linear,90/10,-26.11459504538456,0.36462116259172445
Rg norm w/0.5,buffer regr out,Inliers,ProtBERT,high,100,Ridge,90/10,0.23910941168899924,0.061080335835294514
Rg norm w/0.5,buffer regr out,Inliers,ProtBERT,high,100,Lasso,90/10,0.13087891854422784,0.06528004608047586
Rg norm w/0.5,buffer regr out,Inliers,ProtBERT,high,100,Kernel Ridge,90/10,0.36939246643215196,0.05560577365037574
Rg norm w/0.5,buffer regr out,Inliers,ProtBERT,high,100,GPR,90/10,0.5041841494577721,0.04930608423973432
Rg norm w/0.418,buffer regr out,All,ProtBERT,high,100,Linear,80/20,-12.34783702638204,1.8714608285415535
Rg norm w/0.418,buffer regr out,All,ProtBERT,high,100,Ridge,80/20,0.2951615020366738,0.4300511389215264
Rg norm w/0.418,buffer regr out,All,ProtBERT,high,100,Lasso,80/20,0.001518874611616261,0.5118529651543405
Rg norm w/0.418,buffer regr out,All,ProtBERT,high,100,Kernel Ridge,80/20,0.802503801204502,0.22764319074939213
Rg norm w/0.418,buffer regr out,All,ProtBERT,high,100,GPR,80/20,0.9073337556217234,0.1559322963796931
Rg norm w/0.418,buffer regr out,All,ProtBERT,high,100,Linear,85/15,-7.019594249362635,1.4309888276756333
Rg norm w/0.418,buffer regr out,All,ProtBERT,high,100,Ridge,85/15,0.28761595464500955,0.42649813593991004
Rg norm w/0.418,buffer regr out,All,ProtBERT,high,100,Lasso,85/15,0.08422044599455403,0.4835657318127474
Rg norm w/0.418,buffer regr out,All,ProtBERT,high,100,Kernel Ridge,85/15,0.8813129282328519,0.17408516070171579
Rg norm w/0.418,buffer regr out,All,ProtBERT,high,100,GPR,85/15,0.8935432459185588,0.16487190472810612
Rg norm w/0.418,buffer regr out,All,ProtBERT,high,100,Linear,90/10,-8.831517701253901,1.9037935854493468
Rg norm w/0.418,buffer regr out,All,ProtBERT,high,100,Ridge,90/10,0.30895140906573637,0.50473552082837
Rg norm w/0.418,buffer regr out,All,ProtBERT,high,100,Lasso,90/10,0.07144405226352768,0.5850777930425887
Rg norm w/0.418,buffer regr out,All,ProtBERT,high,100,Kernel Ridge,90/10,0.8936236769192608,0.19803049080321508
Rg norm w/0.418,buffer regr out,All,ProtBERT,high,100,GPR,90/10,0.9066601203810631,0.18549969277529604
Rg norm w/0.418,buffer regr out,Inliers,ProtBERT,high,100,Linear,80/20,-20.857350016729512,0.5302378562745753
Rg norm w/0.418,buffer regr out,Inliers,ProtBERT,high,100,Ridge,80/20,-0.0697101456405882,0.11730189681160233
Rg norm w/0.418,buffer regr out,Inliers,ProtBERT,high,100,Lasso,80/20,-0.05863699182655746,0.11669318945593118
Rg norm w/0.418,buffer regr out,Inliers,ProtBERT,high,100,Kernel Ridge,80/20,0.1389093317563358,0.10524377532691245
Rg norm w/0.418,buffer regr out,Inliers,ProtBERT,high,100,GPR,80/20,0.09890238999727863,0.10766087280793671
Rg norm w/0.418,buffer regr out,Inliers,ProtBERT,high,100,Linear,85/15,-14.63734818511952,0.4413534451465451
Rg norm w/0.418,buffer regr out,Inliers,ProtBERT,high,100,Ridge,85/15,0.10647649068132914,0.10550133607627968
Rg norm w/0.418,buffer regr out,Inliers,ProtBERT,high,100,Lasso,85/15,-0.0193105088391754,0.11268295272512215
Rg norm w/0.418,buffer regr out,Inliers,ProtBERT,high,100,Kernel Ridge,85/15,0.23120545659743563,0.09786110468630947
Rg norm w/0.418,buffer regr out,Inliers,ProtBERT,high,100,GPR,85/15,0.36913111891168604,0.08864913871942823
Rg norm w/0.418,buffer regr out,Inliers,ProtBERT,high,100,Linear,90/10,-18.233117545619013,0.4630033574043543
Rg norm w/0.418,buffer regr out,Inliers,ProtBERT,high,100,Ridge,90/10,0.18213210093655496,0.09547746478564464
Rg norm w/0.418,buffer regr out,Inliers,ProtBERT,high,100,Lasso,90/10,0.053935926451733396,0.10268797096874199
Rg norm w/0.418,buffer regr out,Inliers,ProtBERT,high,100,Kernel Ridge,90/10,0.3322343660141118,0.08627229071969328
Rg norm w/0.418,buffer regr out,Inliers,ProtBERT,high,100,GPR,90/10,0.46172051677935644,0.07745745274226412
Rg w/no norm,expr pH only regr out,All,ProtBERT,high,100,Linear,80/20,-9.451841641192779,14.2630129549196
Rg w/no norm,expr pH only regr out,All,ProtBERT,high,100,Ridge,80/20,0.21802253921676784,3.901323680839783
Rg w/no norm,expr pH only regr out,All,ProtBERT,high,100,Lasso,80/20,0.08862898362995797,4.211748914893594
Rg w/no norm,expr pH only regr out,All,ProtBERT,high,100,Kernel Ridge,80/20,0.36772562747954596,3.508065194750001
Rg w/no norm,expr pH only regr out,All,ProtBERT,high,100,GPR,80/20,0.6888422705504467,2.460963446582163
Rg w/no norm,expr pH only regr out,All,ProtBERT,high,100,Linear,85/15,-4.5384025793273475,10.286260669593263
Rg w/no norm,expr pH only regr out,All,ProtBERT,high,100,Ridge,85/15,0.40226383992043857,3.3792477245429824
Rg w/no norm,expr pH only regr out,All,ProtBERT,high,100,Lasso,85/15,0.15032067950626615,4.028958459618901
Rg w/no norm,expr pH only regr out,All,ProtBERT,high,100,Kernel Ridge,85/15,0.715768697818123,2.330243030692146
Rg w/no norm,expr pH only regr out,All,ProtBERT,high,100,GPR,85/15,0.691891050268746,2.4261487372865305
Rg w/no norm,expr pH only regr out,All,ProtBERT,high,100,Linear,90/10,-5.979278382549,13.18302333622313
Rg w/no norm,expr pH only regr out,All,ProtBERT,high,100,Ridge,90/10,0.2489608756768339,4.324551176992068
Rg w/no norm,expr pH only regr out,All,ProtBERT,high,100,Lasso,90/10,0.11270059214094408,4.700508647736706
Rg w/no norm,expr pH only regr out,All,ProtBERT,high,100,Kernel Ridge,90/10,0.5692824220673307,3.2749604392272724
Rg w/no norm,expr pH only regr out,All,ProtBERT,high,100,GPR,90/10,0.8258428442014797,2.0824779993191656
Rg w/no norm,expr pH only regr out,Inliers,ProtBERT,high,100,Linear,80/20,-9.63553553952273,7.244148237137193
Rg w/no norm,expr pH only regr out,Inliers,ProtBERT,high,100,Ridge,80/20,0.4373186103923353,1.6662452439407671
Rg w/no norm,expr pH only regr out,Inliers,ProtBERT,high,100,Lasso,80/20,0.4738641394853117,1.6112265102419225
Rg w/no norm,expr pH only regr out,Inliers,ProtBERT,high,100,Kernel Ridge,80/20,0.3921409418565116,1.7318452928527917
Rg w/no norm,expr pH only regr out,Inliers,ProtBERT,high,100,GPR,80/20,-0.4211660059017375,2.648073605127956
Rg w/no norm,expr pH only regr out,Inliers,ProtBERT,high,100,Linear,85/15,-14.400708172751777,8.280701728516553
Rg w/no norm,expr pH only regr out,Inliers,ProtBERT,high,100,Ridge,85/15,0.3757721193711331,1.6671258166939493
Rg w/no norm,expr pH only regr out,Inliers,ProtBERT,high,100,Lasso,85/15,0.3986629246654594,1.63627308352463
Rg w/no norm,expr pH only regr out,Inliers,ProtBERT,high,100,Kernel Ridge,85/15,0.3811217948900668,1.659966754289923
Rg w/no norm,expr pH only regr out,Inliers,ProtBERT,high,100,GPR,85/15,-0.41424554350759446,2.5093382422457946
Rg w/no norm,expr pH only regr out,Inliers,ProtBERT,high,100,Linear,90/10,-7.114971774473144,5.904415225300454
Rg w/no norm,expr pH only regr out,Inliers,ProtBERT,high,100,Ridge,90/10,0.4847796316661166,1.4877497862172093
Rg w/no norm,expr pH only regr out,Inliers,ProtBERT,high,100,Lasso,90/10,0.4609368987241641,1.521784608916391
Rg w/no norm,expr pH only regr out,Inliers,ProtBERT,high,100,Kernel Ridge,90/10,0.6597188084017813,1.2090725382647112
Rg w/no norm,expr pH only regr out,Inliers,ProtBERT,high,100,GPR,90/10,-0.2444388234872612,2.3121721213422104
Rg norm w/0.427,expr pH only regr out,All,ProtBERT,high,100,Linear,80/20,-12.40234908194053,1.8546945345629018
Rg norm w/0.427,expr pH only regr out,All,ProtBERT,high,100,Ridge,80/20,0.22812501825160914,0.4450977631786369
Rg norm w/0.427,expr pH only regr out,All,ProtBERT,high,100,Lasso,80/20,0.1464502624199927,0.46805441483752086
Rg norm w/0.427,expr pH only regr out,All,ProtBERT,high,100,Kernel Ridge,80/20,0.5367585652653093,0.3448145858454624
Rg norm w/0.427,expr pH only regr out,All,ProtBERT,high,100,GPR,80/20,0.6951379159345534,0.27972651618897454
Rg norm w/0.427,expr pH only regr out,All,ProtBERT,high,100,Linear,85/15,-7.929521130240039,1.508101301812234
Rg norm w/0.427,expr pH only regr out,All,ProtBERT,high,100,Ridge,85/15,0.271314799060445,0.43081062422194794
Rg norm w/0.427,expr pH only regr out,All,ProtBERT,high,100,Lasso,85/15,0.08343669898076622,0.4831674424596434
Rg norm w/0.427,expr pH only regr out,All,ProtBERT,high,100,Kernel Ridge,85/15,0.5389140682554021,0.34269468276653064
Rg norm w/0.427,expr pH only regr out,All,ProtBERT,high,100,GPR,85/15,0.697139430915254,0.27773959458042513
Rg norm w/0.427,expr pH only regr out,All,ProtBERT,high,100,Linear,90/10,-10.306360312731252,1.9712200476018287
Rg norm w/0.427,expr pH only regr out,All,ProtBERT,high,100,Ridge,90/10,0.24793841278340245,0.5083939808470797
Rg norm w/0.427,expr pH only regr out,All,ProtBERT,high,100,Lasso,90/10,0.18881588097570445,0.5279993846915978
Rg norm w/0.427,expr pH only regr out,All,ProtBERT,high,100,Kernel Ridge,90/10,0.5432609337223464,0.39619389253397375
Rg norm w/0.427,expr pH only regr out,All,ProtBERT,high,100,GPR,90/10,0.8310038587882014,0.24099725211037518
Rg norm w/0.427,expr pH only regr out,Inliers,ProtBERT,high,100,Linear,80/20,-14.659115002007884,0.8830997755820797
Rg norm w/0.427,expr pH only regr out,Inliers,ProtBERT,high,100,Ridge,80/20,0.3593972178990129,0.17861608984098196
Rg norm w/0.427,expr pH only regr out,Inliers,ProtBERT,high,100,Lasso,80/20,0.3898852616894498,0.17431386228612267
Rg norm w/0.427,expr pH only regr out,Inliers,ProtBERT,high,100,Kernel Ridge,80/20,0.27394802660178974,0.1901559953576051
Rg norm w/0.427,expr pH only regr out,Inliers,ProtBERT,high,100,GPR,80/20,-0.5787201787248735,0.28040047668457413
Rg norm w/0.427,expr pH only regr out,Inliers,ProtBERT,high,100,Linear,85/15,-9.349626840726083,0.7502889427733407
Rg norm w/0.427,expr pH only regr out,Inliers,ProtBERT,high,100,Ridge,85/15,0.35549576762152446,0.18723157356035955
Rg norm w/0.427,expr pH only regr out,Inliers,ProtBERT,high,100,Lasso,85/15,0.3636071760361057,0.186049641441216
Rg norm w/0.427,expr pH only regr out,Inliers,ProtBERT,high,100,Kernel Ridge,85/15,0.3036965438546091,0.19461014483536962
Rg norm w/0.427,expr pH only regr out,Inliers,ProtBERT,high,100,GPR,85/15,-0.4082421693805116,0.27676098840811886
Rg norm w/0.427,expr pH only regr out,Inliers,ProtBERT,high,100,Linear,90/10,-8.854310787760094,0.6899156972656274
Rg norm w/0.427,expr pH only regr out,Inliers,ProtBERT,high,100,Ridge,90/10,0.5654470945919082,0.14487859571198483
Rg norm w/0.427,expr pH only regr out,Inliers,ProtBERT,high,100,Lasso,90/10,0.4849107102173005,0.15773357936823523
Rg norm w/0.427,expr pH only regr out,Inliers,ProtBERT,high,100,Kernel Ridge,90/10,0.557823830683456,0.14614385710223968
Rg norm w/0.427,expr pH only regr out,Inliers,ProtBERT,high,100,GPR,90/10,-0.27974972795596487,0.248625358152033
Rg norm w/0.5,expr pH only regr out,All,ProtBERT,high,100,Linear,80/20,-11.33471098175277,1.3391159640857981
Rg norm w/0.5,expr pH only regr out,All,ProtBERT,high,100,Ridge,80/20,0.23096379827923608,0.33436983484598426
Rg norm w/0.5,expr pH only regr out,All,ProtBERT,high,100,Lasso,80/20,0.1215162873800335,0.3573720270288523
Rg norm w/0.5,expr pH only regr out,All,ProtBERT,high,100,Kernel Ridge,80/20,0.35518538477474504,0.3061759928258498
Rg norm w/0.5,expr pH only regr out,All,ProtBERT,high,100,GPR,80/20,0.4798841286670297,0.27498167417493957
Rg norm w/0.5,expr pH only regr out,All,ProtBERT,high,100,Linear,85/15,-7.400738067166122,1.110713865070795
Rg norm w/0.5,expr pH only regr out,All,ProtBERT,high,100,Ridge,85/15,0.27313031299737756,0.3267170131998395
Rg norm w/0.5,expr pH only regr out,All,ProtBERT,high,100,Lasso,85/15,0.17635232268407963,0.3477876934894089
Rg norm w/0.5,expr pH only regr out,All,ProtBERT,high,100,Kernel Ridge,85/15,0.4974243072163621,0.27167158174440315
Rg norm w/0.5,expr pH only regr out,All,ProtBERT,high,100,GPR,85/15,0.49754947751643974,0.27163774870046986
Rg norm w/0.5,expr pH only regr out,All,ProtBERT,high,100,Linear,90/10,-10.139720631055106,1.4271466632425114
Rg norm w/0.5,expr pH only regr out,All,ProtBERT,high,100,Ridge,90/10,0.22213346270523082,0.3771238521250609
Rg norm w/0.5,expr pH only regr out,All,ProtBERT,high,100,Lasso,90/10,0.13335053858483414,0.3980642655194222
Rg norm w/0.5,expr pH only regr out,All,ProtBERT,high,100,Kernel Ridge,90/10,0.4922107189620052,0.30470053814810727
Rg norm w/0.5,expr pH only regr out,All,ProtBERT,high,100,GPR,90/10,0.7408116238854545,0.21769036977791154
Rg norm w/0.5,expr pH only regr out,Inliers,ProtBERT,high,100,Linear,80/20,-15.639271958027269,0.6391381349773051
Rg norm w/0.5,expr pH only regr out,Inliers,ProtBERT,high,100,Ridge,80/20,0.35151099372949957,0.12617661726415566
Rg norm w/0.5,expr pH only regr out,Inliers,ProtBERT,high,100,Lasso,80/20,0.3875943070399972,0.12261601023692485
Rg norm w/0.5,expr pH only regr out,Inliers,ProtBERT,high,100,Kernel Ridge,80/20,0.25245600937498247,0.13547087887560705
Rg norm w/0.5,expr pH only regr out,Inliers,ProtBERT,high,100,GPR,80/20,-0.5556586699315338,0.19542707319142422
Rg norm w/0.5,expr pH only regr out,Inliers,ProtBERT,high,100,Linear,85/15,-8.043325269397354,0.4990142238356585
Rg norm w/0.5,expr pH only regr out,Inliers,ProtBERT,high,100,Ridge,85/15,0.3576796799075074,0.13299174351904935
Rg norm w/0.5,expr pH only regr out,Inliers,ProtBERT,high,100,Lasso,85/15,0.38073884821720916,0.1305827369847153
Rg norm w/0.5,expr pH only regr out,Inliers,ProtBERT,high,100,Kernel Ridge,85/15,0.3033176905585705,0.1385052515552041
Rg norm w/0.5,expr pH only regr out,Inliers,ProtBERT,high,100,GPR,85/15,-0.37175389823011606,0.19435107649781064
Rg norm w/0.5,expr pH only regr out,Inliers,ProtBERT,high,100,Linear,90/10,-9.359752436069114,0.4956045201269236
Rg norm w/0.5,expr pH only regr out,Inliers,ProtBERT,high,100,Ridge,90/10,0.577680185271113,0.10006479252632383
Rg norm w/0.5,expr pH only regr out,Inliers,ProtBERT,high,100,Lasso,90/10,0.49429009693217185,0.10949928898221864
Rg norm w/0.5,expr pH only regr out,Inliers,ProtBERT,high,100,Kernel Ridge,90/10,0.5681283506738443,0.10119007496330179
Rg norm w/0.5,expr pH only regr out,Inliers,ProtBERT,high,100,GPR,90/10,-0.2523550536068697,0.17231548483081569
Rg norm w/0.418,expr pH only regr out,All,ProtBERT,high,100,Linear,80/20,-13.116918373378233,1.9213263428059082
Rg norm w/0.418,expr pH only regr out,All,ProtBERT,high,100,Ridge,80/20,0.23228775137815172,0.4480540634805187
Rg norm w/0.418,expr pH only regr out,All,ProtBERT,high,100,Lasso,80/20,0.13473975581079167,0.47566868416970026
Rg norm w/0.418,expr pH only regr out,All,ProtBERT,high,100,Kernel Ridge,80/20,0.1489092636764493,0.47175783017044975
Rg norm w/0.418,expr pH only regr out,All,ProtBERT,high,100,GPR,80/20,0.8140546305277496,0.22050775586108304
Rg norm w/0.418,expr pH only regr out,All,ProtBERT,high,100,Linear,85/15,-8.36357067894728,1.5494193248312185
Rg norm w/0.418,expr pH only regr out,All,ProtBERT,high,100,Ridge,85/15,0.2705644400446705,0.43245576149671294
Rg norm w/0.418,expr pH only regr out,All,ProtBERT,high,100,Lasso,85/15,0.06910746332187623,0.48853760164605664
Rg norm w/0.418,expr pH only regr out,All,ProtBERT,high,100,Kernel Ridge,85/15,0.805828168318813,0.22312145612556147
Rg norm w/0.418,expr pH only regr out,All,ProtBERT,high,100,GPR,85/15,0.8093596815578528,0.22108312729675084
Rg norm w/0.418,expr pH only regr out,All,ProtBERT,high,100,Linear,90/10,-10.53786161408797,2.0416965629988852
Rg norm w/0.418,expr pH only regr out,All,ProtBERT,high,100,Ridge,90/10,0.2639198518766185,0.515692823117953
Rg norm w/0.418,expr pH only regr out,All,ProtBERT,high,100,Lasso,90/10,0.18770101693714925,0.5417344942422537
Rg norm w/0.418,expr pH only regr out,All,ProtBERT,high,100,Kernel Ridge,90/10,0.8562412881470227,0.22790068007640354
Rg norm w/0.418,expr pH only regr out,All,ProtBERT,high,100,GPR,90/10,0.8738794342497445,0.21346245012535128
Rg norm w/0.418,expr pH only regr out,Inliers,ProtBERT,high,100,Linear,80/20,-14.5377169002684,0.9198803925329335
Rg norm w/0.418,expr pH only regr out,Inliers,ProtBERT,high,100,Ridge,80/20,0.3599885089338557,0.18669455229710674
Rg norm w/0.418,expr pH only regr out,Inliers,ProtBERT,high,100,Lasso,80/20,0.3880588369682869,0.18255452129800182
Rg norm w/0.418,expr pH only regr out,Inliers,ProtBERT,high,100,Kernel Ridge,80/20,0.27710011359486,0.19841606753922897
Rg norm w/0.418,expr pH only regr out,Inliers,ProtBERT,high,100,GPR,80/20,-0.5803854040143923,0.29337240745086995
Rg norm w/0.418,expr pH only regr out,Inliers,ProtBERT,high,100,Linear,85/15,-9.513394084792452,0.789340044702754
Rg norm w/0.418,expr pH only regr out,Inliers,ProtBERT,high,100,Ridge,85/15,0.3553814365458814,0.19545377733328534
Rg norm w/0.418,expr pH only regr out,Inliers,ProtBERT,high,100,Lasso,85/15,0.36018505718756044,0.1947241664312099
Rg norm w/0.418,expr pH only regr out,Inliers,ProtBERT,high,100,Kernel Ridge,85/15,0.3040912239122948,0.20308077903230237
Rg norm w/0.418,expr pH only regr out,Inliers,ProtBERT,high,100,GPR,85/15,-0.412040842110865,0.28927859086928404
Rg norm w/0.418,expr pH only regr out,Inliers,ProtBERT,high,100,Linear,90/10,-8.805503228211302,0.7196884331926623
Rg norm w/0.418,expr pH only regr out,Inliers,ProtBERT,high,100,Ridge,90/10,0.5640478922728991,0.15175009447838023
Rg norm w/0.418,expr pH only regr out,Inliers,ProtBERT,high,100,Lasso,90/10,0.48355108073735686,0.16516699436010834
Rg norm w/0.418,expr pH only regr out,Inliers,ProtBERT,high,100,Kernel Ridge,90/10,0.5567344980621416,0.15301765624861727
Rg norm w/0.418,expr pH only regr out,Inliers,ProtBERT,high,100,GPR,90/10,-0.28223554973786613,0.2602516466288693
Rg w/no norm,expr buffer only regr out,All,ProtBERT,high,100,Linear,80/20,-8.26867167660885,13.544070487019907
Rg w/no norm,expr buffer only regr out,All,ProtBERT,high,100,Ridge,80/20,0.2556026663781149,3.838334861532912
Rg w/no norm,expr buffer only regr out,All,ProtBERT,high,100,Lasso,80/20,0.12140348344189456,4.169991738808758
Rg w/no norm,expr buffer only regr out,All,ProtBERT,high,100,Kernel Ridge,80/20,0.39720127177260345,3.454034091444722
Rg w/no norm,expr buffer only regr out,All,ProtBERT,high,100,GPR,80/20,0.7114026394261064,2.389937993970883
Rg w/no norm,expr buffer only regr out,All,ProtBERT,high,100,Linear,85/15,-2.873317759437016,8.902619370919844
Rg w/no norm,expr buffer only regr out,All,ProtBERT,high,100,Ridge,85/15,0.3992594140580604,3.5060631078832305
Rg w/no norm,expr buffer only regr out,All,ProtBERT,high,100,Lasso,85/15,0.15357613779121426,4.16169444961412
Rg w/no norm,expr buffer only regr out,All,ProtBERT,high,100,Kernel Ridge,85/15,0.5646487113795661,2.9846688925654536
Rg w/no norm,expr buffer only regr out,All,ProtBERT,high,100,GPR,85/15,0.7041453304697132,2.4604551681438074
Rg w/no norm,expr buffer only regr out,All,ProtBERT,high,100,Linear,90/10,-3.0472611650565318,10.522957086626572
Rg w/no norm,expr buffer only regr out,All,ProtBERT,high,100,Ridge,90/10,0.25824555494999646,4.504921868841664
Rg w/no norm,expr buffer only regr out,All,ProtBERT,high,100,Lasso,90/10,0.11511734326785583,4.920395651658345
Rg w/no norm,expr buffer only regr out,All,ProtBERT,high,100,Kernel Ridge,90/10,0.5582504267545496,3.476524175015909
Rg w/no norm,expr buffer only regr out,All,ProtBERT,high,100,GPR,90/10,0.8285833409295205,2.1656272006594883
Rg w/no norm,expr buffer only regr out,Inliers,ProtBERT,high,100,Linear,80/20,-11.06231055242362,7.104719749975315
Rg w/no norm,expr buffer only regr out,Inliers,ProtBERT,high,100,Ridge,80/20,0.33598103273621827,1.6669475737497796
Rg w/no norm,expr buffer only regr out,Inliers,ProtBERT,high,100,Lasso,80/20,0.3542045490804966,1.643914361612539
Rg w/no norm,expr buffer only regr out,Inliers,ProtBERT,high,100,Kernel Ridge,80/20,0.31664451347277967,1.6910445210794118
Rg w/no norm,expr buffer only regr out,Inliers,ProtBERT,high,100,GPR,80/20,-0.5431816432672985,2.541208054173816
Rg w/no norm,expr buffer only regr out,Inliers,ProtBERT,high,100,Linear,85/15,-15.114675658610647,8.291366328184308
Rg w/no norm,expr buffer only regr out,Inliers,ProtBERT,high,100,Ridge,85/15,0.33457292268710626,1.6848667260269725
Rg w/no norm,expr buffer only regr out,Inliers,ProtBERT,high,100,Lasso,85/15,0.37828618177954076,1.6285855576820458
Rg w/no norm,expr buffer only regr out,Inliers,ProtBERT,high,100,Kernel Ridge,85/15,0.291680905574045,1.738320267677623
Rg w/no norm,expr buffer only regr out,Inliers,ProtBERT,high,100,GPR,85/15,-0.37723872495090816,2.4239292079721455
Rg w/no norm,expr buffer only regr out,Inliers,ProtBERT,high,100,Linear,90/10,-10.739515933048713,7.048390547167994
Rg w/no norm,expr buffer only regr out,Inliers,ProtBERT,high,100,Ridge,90/10,0.5384786987796699,1.3975287162510965
Rg w/no norm,expr buffer only regr out,Inliers,ProtBERT,high,100,Lasso,90/10,0.47990396274058345,1.4835652004932178
Rg w/no norm,expr buffer only regr out,Inliers,ProtBERT,high,100,Kernel Ridge,90/10,0.7625432688834584,1.0024370452845075
Rg w/no norm,expr buffer only regr out,Inliers,ProtBERT,high,100,GPR,90/10,-0.12903333719791887,2.1858393908484763
Rg norm w/0.427,expr buffer only regr out,All,ProtBERT,high,100,Linear,80/20,-11.413532181329545,1.7827579445349206
Rg norm w/0.427,expr buffer only regr out,All,ProtBERT,high,100,Ridge,80/20,0.24589640875445662,0.43940014688313733
Rg norm w/0.427,expr buffer only regr out,All,ProtBERT,high,100,Lasso,80/20,0.07563656575495836,0.48648121152220264
Rg norm w/0.427,expr buffer only regr out,All,ProtBERT,high,100,Kernel Ridge,80/20,0.15869734507528344,0.46410988979112083
Rg norm w/0.427,expr buffer only regr out,All,ProtBERT,high,100,GPR,80/20,0.7047178627242611,0.2749560506015288
Rg norm w/0.427,expr buffer only regr out,All,ProtBERT,high,100,Linear,85/15,-6.857214322750883,1.4239936450232569
Rg norm w/0.427,expr buffer only regr out,All,ProtBERT,high,100,Ridge,85/15,0.27049212003805956,0.43389909571361096
Rg norm w/0.427,expr buffer only regr out,All,ProtBERT,high,100,Lasso,85/15,0.09638732380024839,0.4829085655008706
Rg norm w/0.427,expr buffer only regr out,All,ProtBERT,high,100,Kernel Ridge,85/15,0.5349296620052815,0.3464440220845487
Rg norm w/0.427,expr buffer only regr out,All,ProtBERT,high,100,GPR,85/15,0.7025357758091547,0.2770710316583592
Rg norm w/0.427,expr buffer only regr out,All,ProtBERT,high,100,Linear,90/10,-8.671080851766302,1.849558800784847
Rg norm w/0.427,expr buffer only regr out,All,ProtBERT,high,100,Ridge,90/10,0.24824859824279066,0.5156651232634777
Rg norm w/0.427,expr buffer only regr out,All,ProtBERT,high,100,Lasso,90/10,0.08310614893665857,0.5694953284848332
Rg norm w/0.427,expr buffer only regr out,All,ProtBERT,high,100,Kernel Ridge,90/10,0.5407955060952947,0.40302659054868467
Rg norm w/0.427,expr buffer only regr out,All,ProtBERT,high,100,GPR,90/10,0.8319574489094475,0.2438036868647594
Rg norm w/0.427,expr buffer only regr out,Inliers,ProtBERT,high,100,Linear,80/20,-15.511625250599248,0.8391637635289593
Rg norm w/0.427,expr buffer only regr out,Inliers,ProtBERT,high,100,Ridge,80/20,0.292017608692714,0.17376529360554038
Rg norm w/0.427,expr buffer only regr out,Inliers,ProtBERT,high,100,Lasso,80/20,0.32125227617023344,0.17013983351546363
Rg norm w/0.427,expr buffer only regr out,Inliers,ProtBERT,high,100,Kernel Ridge,80/20,0.1826468780085012,0.1867053115543543
Rg norm w/0.427,expr buffer only regr out,Inliers,ProtBERT,high,100,GPR,80/20,-0.8179026011852115,0.2784435203797454
Rg norm w/0.427,expr buffer only regr out,Inliers,ProtBERT,high,100,Linear,85/15,-12.484070585155116,0.8039247926607205
Rg norm w/0.427,expr buffer only regr out,Inliers,ProtBERT,high,100,Ridge,85/15,0.26375658219886366,0.1878519147945928
Rg norm w/0.427,expr buffer only regr out,Inliers,ProtBERT,high,100,Lasso,85/15,0.3444775460173748,0.17725508379193303
Rg norm w/0.427,expr buffer only regr out,Inliers,ProtBERT,high,100,Kernel Ridge,85/15,0.29223475043876945,0.18418299528010162
Rg norm w/0.427,expr buffer only regr out,Inliers,ProtBERT,high,100,GPR,85/15,-0.517647014163207,0.26970580842075836
Rg norm w/0.427,expr buffer only regr out,Inliers,ProtBERT,high,100,Linear,90/10,-19.6616285174549,0.9441985517024709
Rg norm w/0.427,expr buffer only regr out,Inliers,ProtBERT,high,100,Ridge,90/10,0.6002386108214168,0.13133530236444751
Rg norm w/0.427,expr buffer only regr out,Inliers,ProtBERT,high,100,Lasso,90/10,0.5982170551787054,0.1316669587232253
Rg norm w/0.427,expr buffer only regr out,Inliers,ProtBERT,high,100,Kernel Ridge,90/10,0.5913136084479904,0.1327932939843228
Rg norm w/0.427,expr buffer only regr out,Inliers,ProtBERT,high,100,GPR,90/10,-0.3149610451699991,0.23819766459201752
Rg norm w/0.5,expr buffer only regr out,All,ProtBERT,high,100,Linear,80/20,-10.846310612652276,1.3028681843841377
Rg norm w/0.5,expr buffer only regr out,All,ProtBERT,high,100,Ridge,80/20,0.2412430173026875,0.32973137333062397
Rg norm w/0.5,expr buffer only regr out,All,ProtBERT,high,100,Lasso,80/20,0.13805454386748783,0.35143807651489517
Rg norm w/0.5,expr buffer only regr out,All,ProtBERT,high,100,Kernel Ridge,80/20,0.35747087206350936,0.30342777412902106
Rg norm w/0.5,expr buffer only regr out,All,ProtBERT,high,100,GPR,80/20,0.48784845690398315,0.2708994752614047
Rg norm w/0.5,expr buffer only regr out,All,ProtBERT,high,100,Linear,85/15,-6.785682406869118,1.0657247533542766
Rg norm w/0.5,expr buffer only regr out,All,ProtBERT,high,100,Ridge,85/15,0.26841549275222143,0.3266848248173771
Rg norm w/0.5,expr buffer only regr out,All,ProtBERT,high,100,Lasso,85/15,0.1852466593790466,0.3447543749117436
Rg norm w/0.5,expr buffer only regr out,All,ProtBERT,high,100,Kernel Ridge,85/15,0.49571898498693523,0.27122706243483335
Rg norm w/0.5,expr buffer only regr out,All,ProtBERT,high,100,GPR,85/15,0.5029405191483198,0.26927801182271244
Rg norm w/0.5,expr buffer only regr out,All,ProtBERT,high,100,Linear,90/10,-9.127579778888691,1.3681725095178612
Rg norm w/0.5,expr buffer only regr out,All,ProtBERT,high,100,Ridge,90/10,0.21392846240341523,0.38117030459903456
Rg norm w/0.5,expr buffer only regr out,All,ProtBERT,high,100,Lasso,90/10,0.13542743756950504,0.39975025359308125
Rg norm w/0.5,expr buffer only regr out,All,ProtBERT,high,100,Kernel Ridge,90/10,0.49028190304317354,0.3069396898680978
Rg norm w/0.5,expr buffer only regr out,All,ProtBERT,high,100,GPR,90/10,0.7435573230899291,0.2177124044842865
Rg norm w/0.5,expr buffer only regr out,Inliers,ProtBERT,high,100,Linear,80/20,-16.27268974902546,0.6056619766036637
Rg norm w/0.5,expr buffer only regr out,Inliers,ProtBERT,high,100,Ridge,80/20,0.28766570621190124,0.12299635743549583
Rg norm w/0.5,expr buffer only regr out,Inliers,ProtBERT,high,100,Lasso,80/20,0.21641660545837915,0.1290009579629432
Rg norm w/0.5,expr buffer only regr out,Inliers,ProtBERT,high,100,Kernel Ridge,80/20,0.16320190159922376,0.13330936683204522
Rg norm w/0.5,expr buffer only regr out,Inliers,ProtBERT,high,100,GPR,80/20,-0.8064575156094069,0.19586832054607886
Rg norm w/0.5,expr buffer only regr out,Inliers,ProtBERT,high,100,Linear,85/15,-11.539519819114473,0.5488635717168637
Rg norm w/0.5,expr buffer only regr out,Inliers,ProtBERT,high,100,Ridge,85/15,0.2546461141619456,0.13381512814918606
Rg norm w/0.5,expr buffer only regr out,Inliers,ProtBERT,high,100,Lasso,85/15,0.33971535430827204,0.1259475006126176
Rg norm w/0.5,expr buffer only regr out,Inliers,ProtBERT,high,100,Kernel Ridge,85/15,0.2773835119017589,0.13175827116831604
Rg norm w/0.5,expr buffer only regr out,Inliers,ProtBERT,high,100,GPR,85/15,-0.5068706058022125,0.1902663272506638
Rg norm w/0.5,expr buffer only regr out,Inliers,ProtBERT,high,100,Linear,90/10,-22.178122215482578,0.6960738849627796
Rg norm w/0.5,expr buffer only regr out,Inliers,ProtBERT,high,100,Ridge,90/10,0.5993183696170004,0.09151998330835329
Rg norm w/0.5,expr buffer only regr out,Inliers,ProtBERT,high,100,Lasso,90/10,0.5955015838906228,0.09195484756799183
Rg norm w/0.5,expr buffer only regr out,Inliers,ProtBERT,high,100,Kernel Ridge,90/10,0.5897188762422156,0.09260980810282009
Rg norm w/0.5,expr buffer only regr out,Inliers,ProtBERT,high,100,GPR,90/10,-0.3268879582782802,0.1665456686625722
Rg norm w/0.418,expr buffer only regr out,All,ProtBERT,high,100,Linear,80/20,-11.858731555639778,1.8385984838925604
Rg norm w/0.418,expr buffer only regr out,All,ProtBERT,high,100,Ridge,80/20,0.2524781371564373,0.44330209346373534
Rg norm w/0.418,expr buffer only regr out,All,ProtBERT,high,100,Lasso,80/20,0.06976421006043976,0.4945205629873136
Rg norm w/0.418,expr buffer only regr out,All,ProtBERT,high,100,Kernel Ridge,80/20,0.032799419385569184,0.5042502323420536
Rg norm w/0.418,expr buffer only regr out,All,ProtBERT,high,100,GPR,80/20,0.8195822613272103,0.21778474223608968
Rg norm w/0.418,expr buffer only regr out,All,ProtBERT,high,100,Linear,85/15,-7.124872157816915,1.4602979136340717
Rg norm w/0.418,expr buffer only regr out,All,ProtBERT,high,100,Ridge,85/15,0.2709075385713404,0.4374460511758662
Rg norm w/0.418,expr buffer only regr out,All,ProtBERT,high,100,Lasso,85/15,0.08597436549140247,0.4897927864070118
Rg norm w/0.418,expr buffer only regr out,All,ProtBERT,high,100,Kernel Ridge,85/15,0.5498275397961232,0.3437341315379522
Rg norm w/0.418,expr buffer only regr out,All,ProtBERT,high,100,GPR,85/15,0.8096236574815511,0.2235319908432699
Rg norm w/0.418,expr buffer only regr out,All,ProtBERT,high,100,Linear,90/10,-8.733617513744333,1.9083569235537448
Rg norm w/0.418,expr buffer only regr out,All,ProtBERT,high,100,Ridge,90/10,0.2681982419754997,0.523261992820889
Rg norm w/0.418,expr buffer only regr out,All,ProtBERT,high,100,Lasso,90/10,0.07568037981307452,0.5880761310172758
Rg norm w/0.418,expr buffer only regr out,All,ProtBERT,high,100,Kernel Ridge,90/10,0.8511097206674179,0.23602371344069983
Rg norm w/0.418,expr buffer only regr out,All,ProtBERT,high,100,GPR,90/10,0.8716431236578982,0.2191452372683643
Rg norm w/0.418,expr buffer only regr out,Inliers,ProtBERT,high,100,Linear,80/20,-15.41508590568046,0.874470028504713
Rg norm w/0.418,expr buffer only regr out,Inliers,ProtBERT,high,100,Ridge,80/20,0.2928016287365741,0.18150724924074557
Rg norm w/0.418,expr buffer only regr out,Inliers,ProtBERT,high,100,Lasso,80/20,0.31728703588516183,0.17833739726422876
Rg norm w/0.418,expr buffer only regr out,Inliers,ProtBERT,high,100,Kernel Ridge,80/20,0.1855753938806476,0.19478198726153795
Rg norm w/0.418,expr buffer only regr out,Inliers,ProtBERT,high,100,GPR,80/20,-0.8178232534898788,0.29100414596152
Rg norm w/0.418,expr buffer only regr out,Inliers,ProtBERT,high,100,Linear,85/15,-12.599556528639166,0.8433442497511644
Rg norm w/0.418,expr buffer only regr out,Inliers,ProtBERT,high,100,Ridge,85/15,0.2650723284771558,0.19604908273082616
Rg norm w/0.418,expr buffer only regr out,Inliers,ProtBERT,high,100,Lasso,85/15,0.34130442562209296,0.1856029555059714
Rg norm w/0.418,expr buffer only regr out,Inliers,ProtBERT,high,100,Kernel Ridge,85/15,0.29423448231256377,0.19212006844131468
Rg norm w/0.418,expr buffer only regr out,Inliers,ProtBERT,high,100,GPR,85/15,-0.5180217079774319,0.2817614060438144
Rg norm w/0.418,expr buffer only regr out,Inliers,ProtBERT,high,100,Linear,90/10,-19.370935403461672,0.9813371082304149
Rg norm w/0.418,expr buffer only regr out,Inliers,ProtBERT,high,100,Ridge,90/10,0.6002528522758832,0.13746920546115773
Rg norm w/0.418,expr buffer only regr out,Inliers,ProtBERT,high,100,Lasso,90/10,0.5938891240833423,0.13855909749405557
Rg norm w/0.418,expr buffer only regr out,Inliers,ProtBERT,high,100,Kernel Ridge,90/10,0.6092037499004166,0.1359214283154901
Rg norm w/0.418,expr buffer only regr out,Inliers,ProtBERT,high,100,GPR,90/10,-0.3125850716751315,0.2491015707406907
Rg w/no norm,No regr out,All,ProtBERT,high,190,Linear,80/20,0.16259603497034103,3.874952857097748
Rg w/no norm,No regr out,All,ProtBERT,high,190,Ridge,80/20,0.2850804466382787,3.5803666607110127
Rg w/no norm,No regr out,All,ProtBERT,high,190,Lasso,80/20,0.08502608917533006,4.050449969892744
Rg w/no norm,No regr out,All,ProtBERT,high,190,Kernel Ridge,80/20,0.18034355958021686,3.833671043988749
Rg w/no norm,No regr out,All,ProtBERT,high,190,GPR,80/20,0.8612603954795987,1.577244940226232
Rg w/no norm,No regr out,All,ProtBERT,high,190,Linear,85/15,0.030640471627265575,4.041901967427964
Rg w/no norm,No regr out,All,ProtBERT,high,190,Ridge,85/15,0.32674934669183386,3.3684625698689494
Rg w/no norm,No regr out,All,ProtBERT,high,190,Lasso,85/15,0.13942240320164967,3.808363131358059
Rg w/no norm,No regr out,All,ProtBERT,high,190,Kernel Ridge,85/15,0.479324475948133,2.9622855187811994
Rg w/no norm,No regr out,All,ProtBERT,high,190,GPR,85/15,0.8290832915258898,1.6972100484913408
Rg w/no norm,No regr out,All,ProtBERT,high,190,Linear,90/10,0.2111229718732246,4.341033639498006
Rg w/no norm,No regr out,All,ProtBERT,high,190,Ridge,90/10,0.31769033666703916,4.037190637948263
Rg w/no norm,No regr out,All,ProtBERT,high,190,Lasso,90/10,0.11891157393626028,4.587734162320313
Rg w/no norm,No regr out,All,ProtBERT,high,190,Kernel Ridge,90/10,0.48714832127129903,3.5001317098500686
Rg w/no norm,No regr out,All,ProtBERT,high,190,GPR,90/10,0.8871137572816936,1.6421355594644529
Rg w/no norm,No regr out,Inliers,ProtBERT,high,190,Linear,80/20,0.3971239187607468,1.106585111474727
Rg w/no norm,No regr out,Inliers,ProtBERT,high,190,Ridge,80/20,0.5174343441143333,0.9900314725667483
Rg w/no norm,No regr out,Inliers,ProtBERT,high,190,Lasso,80/20,0.4837371239827051,1.0240148248095426
Rg w/no norm,No regr out,Inliers,ProtBERT,high,190,Kernel Ridge,80/20,0.5658924539960984,0.9390083698756648
Rg w/no norm,No regr out,Inliers,ProtBERT,high,190,GPR,80/20,0.559847103294866,0.9455240458640807
Rg w/no norm,No regr out,Inliers,ProtBERT,high,190,Linear,85/15,0.3488526980471893,0.8605944223571296
Rg w/no norm,No regr out,Inliers,ProtBERT,high,190,Ridge,85/15,0.47849241856525226,0.770174645808308
Rg w/no norm,No regr out,Inliers,ProtBERT,high,190,Lasso,85/15,0.3413535411872518,0.8655358980710546
Rg w/no norm,No regr out,Inliers,ProtBERT,high,190,Kernel Ridge,85/15,0.5968998444828165,0.6771196032078534
Rg w/no norm,No regr out,Inliers,ProtBERT,high,190,GPR,85/15,0.6078674189890969,0.6678445224103088
Rg w/no norm,No regr out,Inliers,ProtBERT,high,190,Linear,90/10,0.3106624535767044,0.9471163882942412
Rg w/no norm,No regr out,Inliers,ProtBERT,high,190,Ridge,90/10,0.38991439934417693,0.8910103971532622
Rg w/no norm,No regr out,Inliers,ProtBERT,high,190,Lasso,90/10,0.22035332571583477,1.0072477356705811
Rg w/no norm,No regr out,Inliers,ProtBERT,high,190,Kernel Ridge,90/10,0.5583781929715631,0.7580758117585547
Rg w/no norm,No regr out,Inliers,ProtBERT,high,190,GPR,90/10,0.6207320752762016,0.7025228298686311
Rg norm w/0.427,No regr out,All,ProtBERT,high,190,Linear,80/20,-0.0324617423745277,0.49275698648225075
Rg norm w/0.427,No regr out,All,ProtBERT,high,190,Ridge,80/20,0.29886413526641387,0.40606625300607996
Rg norm w/0.427,No regr out,All,ProtBERT,high,190,Lasso,80/20,0.04283001511101103,0.4744498813204231
Rg norm w/0.427,No regr out,All,ProtBERT,high,190,Kernel Ridge,80/20,0.03255183705343767,0.47699042230710903
Rg norm w/0.427,No regr out,All,ProtBERT,high,190,GPR,80/20,0.8256127947601316,0.20251309705567358
Rg norm w/0.427,No regr out,All,ProtBERT,high,190,Linear,85/15,-0.145276897372836,0.5075716539418665
Rg norm w/0.427,No regr out,All,ProtBERT,high,190,Ridge,85/15,0.3127368272290859,0.3931910707509246
Rg norm w/0.427,No regr out,All,ProtBERT,high,190,Lasso,85/15,0.06344834674306277,0.45899502431304406
Rg norm w/0.427,No regr out,All,ProtBERT,high,190,Kernel Ridge,85/15,0.04808017630065875,0.4627455976445401
Rg norm w/0.427,No regr out,All,ProtBERT,high,190,GPR,85/15,0.7906136868010799,0.21702824337603993
Rg norm w/0.427,No regr out,All,ProtBERT,high,190,Linear,90/10,0.0686657009836491,0.5493725679809722
Rg norm w/0.427,No regr out,All,ProtBERT,high,190,Ridge,90/10,0.321149472209596,0.46903067962835854
Rg norm w/0.427,No regr out,All,ProtBERT,high,190,Lasso,90/10,0.04816573364843413,0.555385886072896
Rg norm w/0.427,No regr out,All,ProtBERT,high,190,Kernel Ridge,90/10,0.03529053609255861,0.559129543997215
Rg norm w/0.427,No regr out,All,ProtBERT,high,190,GPR,90/10,0.8747663085973403,0.2014534745300273
Rg norm w/0.427,No regr out,Inliers,ProtBERT,high,190,Linear,80/20,-0.2148975900426109,0.10649832101659158
Rg norm w/0.427,No regr out,Inliers,ProtBERT,high,190,Ridge,80/20,0.21605007762928152,0.08554942334194184
Rg norm w/0.427,No regr out,Inliers,ProtBERT,high,190,Lasso,80/20,0.2686627871310082,0.08262886017346273
Rg norm w/0.427,No regr out,Inliers,ProtBERT,high,190,Kernel Ridge,80/20,0.2385795319317201,0.08431118614554477
Rg norm w/0.427,No regr out,Inliers,ProtBERT,high,190,GPR,80/20,0.1338032937392325,0.08992515389544732
Rg norm w/0.427,No regr out,Inliers,ProtBERT,high,190,Linear,85/15,-0.04008732367196033,0.09789808337157793
Rg norm w/0.427,No regr out,Inliers,ProtBERT,high,190,Ridge,85/15,0.35159207981738727,0.07729714318989714
Rg norm w/0.427,No regr out,Inliers,ProtBERT,high,190,Lasso,85/15,0.36455390714091906,0.07652064895872494
Rg norm w/0.427,No regr out,Inliers,ProtBERT,high,190,Kernel Ridge,85/15,0.33866711248409564,0.07806373884125441
Rg norm w/0.427,No regr out,Inliers,ProtBERT,high,190,GPR,85/15,0.21219995054962737,0.0852015095795919
Rg norm w/0.427,No regr out,Inliers,ProtBERT,high,190,Linear,90/10,-0.24525018569982682,0.09317868891576792
Rg norm w/0.427,No regr out,Inliers,ProtBERT,high,190,Ridge,90/10,0.2960908881071317,0.07005620076553498
Rg norm w/0.427,No regr out,Inliers,ProtBERT,high,190,Lasso,90/10,0.2954902936823679,0.07008608132238135
Rg norm w/0.427,No regr out,Inliers,ProtBERT,high,190,Kernel Ridge,90/10,0.34708141623958544,0.06747110187926819
Rg norm w/0.427,No regr out,Inliers,ProtBERT,high,190,GPR,90/10,0.3938902182514097,0.06500757029133185
Rg norm w/0.5,No regr out,All,ProtBERT,high,190,Linear,80/20,-0.028930565210772974,0.5146908745037909
Rg norm w/0.5,No regr out,All,ProtBERT,high,190,Ridge,80/20,0.2981672436201649,0.4250795880460526
Rg norm w/0.5,No regr out,All,ProtBERT,high,190,Lasso,80/20,0.044949071155317544,0.4958687043915755
Rg norm w/0.5,No regr out,All,ProtBERT,high,190,Kernel Ridge,80/20,0.03266101587266723,0.49904852830692226
Rg norm w/0.5,No regr out,All,ProtBERT,high,190,GPR,80/20,0.826967243030927,0.21106566858091103
Rg norm w/0.5,No regr out,All,ProtBERT,high,190,Linear,85/15,-0.14247116244163682,0.5303327339307666
Rg norm w/0.5,No regr out,All,ProtBERT,high,190,Ridge,85/15,0.3126359067575797,0.41135732155574806
Rg norm w/0.5,No regr out,All,ProtBERT,high,190,Lasso,85/15,0.06597150697675891,0.47951905876081824
Rg norm w/0.5,No regr out,All,ProtBERT,high,190,Kernel Ridge,85/15,0.1919155745686888,0.44601984144426465
Rg norm w/0.5,No regr out,All,ProtBERT,high,190,GPR,85/15,0.7921124304783065,0.22622472639306002
Rg norm w/0.5,No regr out,All,ProtBERT,high,190,Linear,90/10,0.0709102435576946,0.5739934405666114
Rg norm w/0.5,No regr out,All,ProtBERT,high,190,Ridge,90/10,0.3207758982693121,0.4907774927138466
Rg norm w/0.5,No regr out,All,ProtBERT,high,190,Lasso,90/10,0.050242357444684416,0.5803426546493866
Rg norm w/0.5,No regr out,All,ProtBERT,high,190,Kernel Ridge,90/10,0.03536761759853668,0.5848695508935398
Rg norm w/0.5,No regr out,All,ProtBERT,high,190,GPR,90/10,0.8756103706077345,0.21002460686669644
Rg norm w/0.5,No regr out,Inliers,ProtBERT,high,190,Linear,80/20,-0.1426159342643052,0.07415827873432507
Rg norm w/0.5,No regr out,Inliers,ProtBERT,high,190,Ridge,80/20,0.22729126871617544,0.0609842114639028
Rg norm w/0.5,No regr out,Inliers,ProtBERT,high,190,Lasso,80/20,0.08208055683208082,0.06646787392329692
Rg norm w/0.5,No regr out,Inliers,ProtBERT,high,190,Kernel Ridge,80/20,0.22795523821148056,0.060958004720937244
Rg norm w/0.5,No regr out,Inliers,ProtBERT,high,190,GPR,80/20,0.14896549867689035,0.06400045865656229
Rg norm w/0.5,No regr out,Inliers,ProtBERT,high,190,Linear,85/15,0.06503508766745225,0.0707157145611134
Rg norm w/0.5,No regr out,Inliers,ProtBERT,high,190,Ridge,85/15,0.36967394277777366,0.0580631921172808
Rg norm w/0.5,No regr out,Inliers,ProtBERT,high,190,Lasso,85/15,0.2962183920114164,0.06135320214167456
Rg norm w/0.5,No regr out,Inliers,ProtBERT,high,190,Kernel Ridge,85/15,0.3318567944444113,0.059779607043551806
Rg norm w/0.5,No regr out,Inliers,ProtBERT,high,190,GPR,85/15,0.24003444967489318,0.06375514395394388
Rg norm w/0.5,No regr out,Inliers,ProtBERT,high,190,Linear,90/10,-0.10622890615521396,0.063403881278761
Rg norm w/0.5,No regr out,Inliers,ProtBERT,high,190,Ridge,90/10,0.3746595986999679,0.04767070632723305
Rg norm w/0.5,No regr out,Inliers,ProtBERT,high,190,Lasso,90/10,0.3927892047354704,0.04697459937032959
Rg norm w/0.5,No regr out,Inliers,ProtBERT,high,190,Kernel Ridge,90/10,0.41477134914159763,0.0461164780637795
Rg norm w/0.5,No regr out,Inliers,ProtBERT,high,190,GPR,90/10,0.4448354832418715,0.0449163226706939
Rg norm w/0.418,No regr out,All,ProtBERT,high,190,Linear,80/20,-0.058995404572275145,0.3466290189337085
Rg norm w/0.418,No regr out,All,ProtBERT,high,190,Ridge,80/20,0.30561770100520214,0.28068370523422004
Rg norm w/0.418,No regr out,All,ProtBERT,high,190,Lasso,80/20,0.0334642569308119,0.33115158630488317
Rg norm w/0.418,No regr out,All,ProtBERT,high,190,Kernel Ridge,80/20,0.032235279294754116,0.3313620537437901
Rg norm w/0.418,No regr out,All,ProtBERT,high,190,GPR,80/20,0.8137622233621836,0.1453622944262441
Rg norm w/0.418,No regr out,All,ProtBERT,high,190,Linear,85/15,-0.16534475967471907,0.35614454561629116
Rg norm w/0.418,No regr out,All,ProtBERT,high,190,Ridge,85/15,0.3146040617995527,0.2731302780812992
Rg norm w/0.418,No regr out,All,ProtBERT,high,190,Lasso,85/15,0.12563836520206872,0.3084925144647958
Rg norm w/0.418,No regr out,All,ProtBERT,high,190,Kernel Ridge,85/15,0.04800228111378424,0.3218970803309556
Rg norm w/0.418,No regr out,All,ProtBERT,high,190,GPR,85/15,0.7773313395816379,0.15567849766181505
Rg norm w/0.418,No regr out,All,ProtBERT,high,190,Linear,90/10,0.052653499833817285,0.3854707525192418
Rg norm w/0.418,No regr out,All,ProtBERT,high,190,Ridge,90/10,0.32506096933785233,0.3253638331321767
Rg norm w/0.418,No regr out,All,ProtBERT,high,190,Lasso,90/10,0.1098879747493905,0.3736451404774877
Rg norm w/0.418,No regr out,All,ProtBERT,high,190,Kernel Ridge,90/10,0.035021347609417,0.38904143374053046
Rg norm w/0.418,No regr out,All,ProtBERT,high,190,GPR,90/10,0.8669205031131484,0.1444749588116825
Rg norm w/0.418,No regr out,Inliers,ProtBERT,high,190,Linear,80/20,-0.2158926768473366,0.11147652158843606
Rg norm w/0.418,No regr out,Inliers,ProtBERT,high,190,Ridge,80/20,0.2184420438132192,0.08937506729223312
Rg norm w/0.418,No regr out,Inliers,ProtBERT,high,190,Lasso,80/20,0.26362012478208197,0.08675344765657873
Rg norm w/0.418,No regr out,Inliers,ProtBERT,high,190,Kernel Ridge,80/20,0.2432698311807645,0.08794401960495436
Rg norm w/0.418,No regr out,Inliers,ProtBERT,high,190,GPR,80/20,0.1370582031537071,0.09391317857505188
Rg norm w/0.418,No regr out,Inliers,ProtBERT,high,190,Linear,85/15,-0.05050376936826351,0.10201109196672228
Rg norm w/0.418,No regr out,Inliers,ProtBERT,high,190,Ridge,85/15,0.3503657448206108,0.08022007201125086
Rg norm w/0.418,No regr out,Inliers,ProtBERT,high,190,Lasso,85/15,0.3616835598934097,0.0795182115818283
Rg norm w/0.418,No regr out,Inliers,ProtBERT,high,190,Kernel Ridge,85/15,0.3410208845574103,0.08079498681866228
Rg norm w/0.418,No regr out,Inliers,ProtBERT,high,190,GPR,85/15,0.21129597993192528,0.08839050520198662
Rg norm w/0.418,No regr out,Inliers,ProtBERT,high,190,Linear,90/10,-0.2537970561440399,0.09773766080139991
Rg norm w/0.418,No regr out,Inliers,ProtBERT,high,190,Ridge,90/10,0.2898808512571369,0.07355529297624877
Rg norm w/0.418,No regr out,Inliers,ProtBERT,high,190,Lasso,90/10,0.2823274513275582,0.0739454549081655
Rg norm w/0.418,No regr out,Inliers,ProtBERT,high,190,Kernel Ridge,90/10,0.3422782965241936,0.07078959117919857
Rg norm w/0.418,No regr out,Inliers,ProtBERT,high,190,GPR,90/10,0.39112278770519415,0.06811036035430583
Rg w/no norm,pH regr out,All,ProtBERT,high,190,Linear,80/20,0.16256874411688205,3.874965461052244
Rg w/no norm,pH regr out,All,ProtBERT,high,190,Ridge,80/20,0.28507197548316465,3.580341177663885
Rg w/no norm,pH regr out,All,ProtBERT,high,190,Lasso,80/20,0.08499574929918086,4.05046429791099
Rg w/no norm,pH regr out,All,ProtBERT,high,190,Kernel Ridge,80/20,0.8860705376391876,1.4292601223552162
Rg w/no norm,pH regr out,All,ProtBERT,high,190,GPR,80/20,0.8934210672293739,1.3823847566680458
Rg w/no norm,pH regr out,All,ProtBERT,high,190,Linear,85/15,0.030638585135169927,4.041860348586457
Rg w/no norm,pH regr out,All,ProtBERT,high,190,Ridge,85/15,0.3267323231742215,3.3684671936243693
Rg w/no norm,pH regr out,All,ProtBERT,high,190,Lasso,85/15,0.13938336571337318,3.808406586962403
Rg w/no norm,pH regr out,All,ProtBERT,high,190,Kernel Ridge,85/15,0.8828476331842428,1.4051218044319222
Rg w/no norm,pH regr out,All,ProtBERT,high,190,GPR,85/15,0.8903088068115803,1.35964121187676
Rg w/no norm,pH regr out,All,ProtBERT,high,190,Linear,90/10,0.21110420916083905,4.341023483780625
Rg w/no norm,pH regr out,All,ProtBERT,high,190,Ridge,90/10,0.31766891704210887,4.037196551605393
Rg w/no norm,pH regr out,All,ProtBERT,high,190,Lasso,90/10,0.11887140152275033,4.5877734571145945
Rg w/no norm,pH regr out,All,ProtBERT,high,190,Kernel Ridge,90/10,0.8900933262765807,1.6202959556872167
Rg w/no norm,pH regr out,All,ProtBERT,high,190,GPR,90/10,0.8940585744182796,1.5907986807099495
Rg w/no norm,pH regr out,Inliers,ProtBERT,high,190,Linear,80/20,0.3971165274034638,1.1065673520368557
Rg w/no norm,pH regr out,Inliers,ProtBERT,high,190,Ridge,80/20,0.5174245261241248,0.9900195858812608
Rg w/no norm,pH regr out,Inliers,ProtBERT,high,190,Lasso,80/20,0.48370079373289954,1.0240281427498834
Rg w/no norm,pH regr out,Inliers,ProtBERT,high,190,Kernel Ridge,80/20,0.5765186406017612,0.9274239623946684
Rg w/no norm,pH regr out,Inliers,ProtBERT,high,190,GPR,80/20,0.5653550074947524,0.9395686203989433
Rg w/no norm,pH regr out,Inliers,ProtBERT,high,190,Linear,85/15,0.3489257546240463,0.8605388013517224
Rg w/no norm,pH regr out,Inliers,ProtBERT,high,190,Ridge,85/15,0.4785197326645967,0.7701479059412791
Rg w/no norm,pH regr out,Inliers,ProtBERT,high,190,Lasso,85/15,0.34135888903397804,0.8655249999612528
Rg w/no norm,pH regr out,Inliers,ProtBERT,high,190,Kernel Ridge,85/15,0.5612568931308233,0.7064157154114938
Rg w/no norm,pH regr out,Inliers,ProtBERT,high,190,GPR,85/15,0.6401745146226634,0.6397365428824316
Rg w/no norm,pH regr out,Inliers,ProtBERT,high,190,Linear,90/10,0.3107879396233616,0.9470299897316986
Rg w/no norm,pH regr out,Inliers,ProtBERT,high,190,Ridge,90/10,0.38994705649221206,0.8909863718827278
Rg w/no norm,pH regr out,Inliers,ProtBERT,high,190,Lasso,90/10,0.2203256355186196,1.0072654216174977
Rg w/no norm,pH regr out,Inliers,ProtBERT,high,190,Kernel Ridge,90/10,0.6419141824760835,0.6826229072602793
Rg w/no norm,pH regr out,Inliers,ProtBERT,high,190,GPR,90/10,0.6104521757147988,0.7119798281853618
Rg norm w/0.427,pH regr out,All,ProtBERT,high,190,Linear,80/20,-0.03253759946629353,0.4927598508867558
Rg norm w/0.427,pH regr out,All,ProtBERT,high,190,Ridge,80/20,0.29883833730674614,0.4060611671562949
Rg norm w/0.427,pH regr out,All,ProtBERT,high,190,Lasso,80/20,0.042798355489438444,0.4744430569700971
Rg norm w/0.427,pH regr out,All,ProtBERT,high,190,Kernel Ridge,80/20,0.9170264724579587,0.13968576627105309
Rg norm w/0.427,pH regr out,All,ProtBERT,high,190,GPR,80/20,0.9192385384422527,0.13781118351066093
Rg norm w/0.427,pH regr out,All,ProtBERT,high,190,Linear,85/15,-0.1453084385747474,0.5075647772545072
Rg norm w/0.427,pH regr out,All,ProtBERT,high,190,Ridge,85/15,0.31270772082618714,0.3931886553487829
Rg norm w/0.427,pH regr out,All,ProtBERT,high,190,Lasso,85/15,0.06341673179370655,0.458990232366837
Rg norm w/0.427,pH regr out,All,ProtBERT,high,190,Kernel Ridge,85/15,0.8982081502654532,0.15131666092019244
Rg norm w/0.427,pH regr out,All,ProtBERT,high,190,GPR,85/15,0.9105159593123424,0.14187407381123793
Rg norm w/0.427,pH regr out,All,ProtBERT,high,190,Linear,90/10,0.06861166763441784,0.5493721359890813
Rg norm w/0.427,pH regr out,All,ProtBERT,high,190,Ridge,90/10,0.32111442665642453,0.46902881180753686
Rg norm w/0.427,pH regr out,All,ProtBERT,high,190,Lasso,90/10,0.04813508549452128,0.5553782802258375
Rg norm w/0.427,pH regr out,All,ProtBERT,high,190,Kernel Ridge,90/10,0.9012416698036159,0.17889083899342031
Rg norm w/0.427,pH regr out,All,ProtBERT,high,190,GPR,90/10,0.9142070339114161,0.16673511490495296
Rg norm w/0.427,pH regr out,Inliers,ProtBERT,high,190,Linear,80/20,-0.21489992552788117,0.10649575426807761
Rg norm w/0.427,pH regr out,Inliers,ProtBERT,high,190,Ridge,80/20,0.21602742994100377,0.08554851494981083
Rg norm w/0.427,pH regr out,Inliers,ProtBERT,high,190,Lasso,80/20,0.26864088703845934,0.0826280264220465
Rg norm w/0.427,pH regr out,Inliers,ProtBERT,high,190,Kernel Ridge,80/20,0.26405076731894206,0.0828869138099588
Rg norm w/0.427,pH regr out,Inliers,ProtBERT,high,190,GPR,80/20,0.2136223310440083,0.08567963884660186
Rg norm w/0.427,pH regr out,Inliers,ProtBERT,high,190,Linear,85/15,-0.04006599357972407,0.09789393290191928
Rg norm w/0.427,pH regr out,Inliers,ProtBERT,high,190,Ridge,85/15,0.3515592246772008,0.07729661695072301
Rg norm w/0.427,pH regr out,Inliers,ProtBERT,high,190,Lasso,85/15,0.3645434863307069,0.07651881683994387
Rg norm w/0.427,pH regr out,Inliers,ProtBERT,high,190,Kernel Ridge,85/15,0.3874083070247958,0.07512956598318675
Rg norm w/0.427,pH regr out,Inliers,ProtBERT,high,190,GPR,85/15,0.34679971390567466,0.07757977424267704
Rg norm w/0.427,pH regr out,Inliers,ProtBERT,high,190,Linear,90/10,-0.24506196544054726,0.09317156932676189
Rg norm w/0.427,pH regr out,Inliers,ProtBERT,high,190,Ridge,90/10,0.2961009064919192,0.0700556440914129
Rg norm w/0.427,pH regr out,Inliers,ProtBERT,high,190,Lasso,90/10,0.29551238449435036,0.0700849243346668
Rg norm w/0.427,pH regr out,Inliers,ProtBERT,high,190,Kernel Ridge,90/10,0.31253355972433683,0.06923308411811481
Rg norm w/0.427,pH regr out,Inliers,ProtBERT,high,190,GPR,90/10,0.5332849823651767,0.05704450489761355
Rg norm w/0.5,pH regr out,All,ProtBERT,high,190,Linear,80/20,-0.05908426578802195,0.34663112736470975
Rg norm w/0.5,pH regr out,All,ProtBERT,high,190,Ridge,80/20,0.305587462816471,0.2806797481705387
Rg norm w/0.5,pH regr out,All,ProtBERT,high,190,Lasso,80/20,0.033428634717403205,0.3311458098872339
Rg norm w/0.5,pH regr out,All,ProtBERT,high,190,Kernel Ridge,80/20,0.913668884032433,0.09896599128013288
Rg norm w/0.5,pH regr out,All,ProtBERT,high,190,GPR,80/20,0.9156720393569978,0.09781109039661093
Rg norm w/0.5,pH regr out,All,ProtBERT,high,190,Linear,85/15,-0.16538440033994073,0.3561392699018345
Rg norm w/0.5,pH regr out,All,ProtBERT,high,190,Ridge,85/15,0.3145715915567311,0.27312805625701647
Rg norm w/0.5,pH regr out,All,ProtBERT,high,190,Lasso,85/15,0.12560489626415006,0.3084886019863848
Rg norm w/0.5,pH regr out,All,ProtBERT,high,190,Kernel Ridge,85/15,0.8925744532568672,0.10812821912421282
Rg norm w/0.5,pH regr out,All,ProtBERT,high,190,GPR,85/15,0.9046534192530131,0.10186801075853068
Rg norm w/0.5,pH regr out,All,ProtBERT,high,190,Linear,90/10,0.052590284856369185,0.38547039859288795
Rg norm w/0.5,pH regr out,All,ProtBERT,high,190,Ridge,90/10,0.3250218567762613,0.3253621063525836
Rg norm w/0.5,pH regr out,All,ProtBERT,high,190,Lasso,90/10,0.10984888538937032,0.3736405356218828
Rg norm w/0.5,pH regr out,All,ProtBERT,high,190,Kernel Ridge,90/10,0.8966112283607547,0.12733822849313303
Rg norm w/0.5,pH regr out,All,ProtBERT,high,190,GPR,90/10,0.9093302950067891,0.119248580309094
Rg norm w/0.5,pH regr out,Inliers,ProtBERT,high,190,Linear,80/20,-0.14262199511305806,0.0741570448735055
Rg norm w/0.5,pH regr out,Inliers,ProtBERT,high,190,Ridge,80/20,0.22726645959024205,0.060984014032197525
Rg norm w/0.5,pH regr out,Inliers,ProtBERT,high,190,Lasso,80/20,0.08203848077983988,0.06646811508286589
Rg norm w/0.5,pH regr out,Inliers,ProtBERT,high,190,Kernel Ridge,80/20,0.2507848584523533,0.06004880899213782
Rg norm w/0.5,pH regr out,Inliers,ProtBERT,high,190,GPR,80/20,0.1864330641400448,0.06257455505469285
Rg norm w/0.5,pH regr out,Inliers,ProtBERT,high,190,Linear,85/15,0.0650373841295967,0.07071370775221048
Rg norm w/0.5,pH regr out,Inliers,ProtBERT,high,190,Ridge,85/15,0.3696315921601919,0.058063566175688246
Rg norm w/0.5,pH regr out,Inliers,ProtBERT,high,190,Lasso,85/15,0.2961337080770341,0.061355227385479445
Rg norm w/0.5,pH regr out,Inliers,ProtBERT,high,190,Kernel Ridge,85/15,0.3629657458583814,0.05836975615844625
Rg norm w/0.5,pH regr out,Inliers,ProtBERT,high,190,GPR,85/15,0.30882629700386377,0.06079951142784055
Rg norm w/0.5,pH regr out,Inliers,ProtBERT,high,190,Linear,90/10,-0.10607814397202597,0.06340008033848414
Rg norm w/0.5,pH regr out,Inliers,ProtBERT,high,190,Ridge,90/10,0.3746600686416548,0.04767107918167217
Rg norm w/0.5,pH regr out,Inliers,ProtBERT,high,190,Lasso,90/10,0.3927747920372052,0.04697554192458556
Rg norm w/0.5,pH regr out,Inliers,ProtBERT,high,190,Kernel Ridge,90/10,0.39357507624137533,0.04694457633026022
Rg norm w/0.5,pH regr out,Inliers,ProtBERT,high,190,GPR,90/10,0.5547469620289578,0.04022539787764275
Rg norm w/0.418,pH regr out,All,ProtBERT,high,190,Linear,80/20,-0.029004934586663644,0.514693848242686
Rg norm w/0.418,pH regr out,All,ProtBERT,high,190,Ridge,80/20,0.2981419604258323,0.425074339104735
Rg norm w/0.418,pH regr out,All,ProtBERT,high,190,Lasso,80/20,0.04491499072665439,0.4958624970133727
Rg norm w/0.418,pH regr out,All,ProtBERT,high,190,Kernel Ridge,80/20,0.9172127442897309,0.1459896246725498
Rg norm w/0.418,pH regr out,All,ProtBERT,high,190,GPR,80/20,0.9194552394711166,0.14399880766692855
Rg norm w/0.418,pH regr out,All,ProtBERT,high,190,Linear,85/15,-0.14250178335650654,0.5303256239156122
Rg norm w/0.418,pH regr out,All,ProtBERT,high,190,Ridge,85/15,0.31260718818204514,0.41135488720678437
Rg norm w/0.418,pH regr out,All,ProtBERT,high,190,Lasso,85/15,0.06593959191711496,0.47951439620095654
Rg norm w/0.418,pH regr out,All,ProtBERT,high,190,Kernel Ridge,85/15,0.8986469499201815,0.15795470966934289
Rg norm w/0.418,pH regr out,All,ProtBERT,high,190,GPR,85/15,0.910987010878996,0.14802697385300934
Rg norm w/0.418,pH regr out,All,ProtBERT,high,190,Linear,90/10,0.07085726203317977,0.5739929953401987
Rg norm w/0.418,pH regr out,All,ProtBERT,high,190,Ridge,90/10,0.32074131536033257,0.49077561282363713
Rg norm w/0.418,pH regr out,All,ProtBERT,high,190,Lasso,90/10,0.05020939256143675,0.5803357292385074
Rg norm w/0.418,pH regr out,All,ProtBERT,high,190,Kernel Ridge,90/10,0.9015558966000189,0.1868358568467975
Rg norm w/0.418,pH regr out,All,ProtBERT,high,190,GPR,90/10,0.9145884627955667,0.1740298088760595
Rg norm w/0.418,pH regr out,Inliers,ProtBERT,high,190,Linear,80/20,-0.2158949478402883,0.11147375835987382
Rg norm w/0.418,pH regr out,Inliers,ProtBERT,high,190,Ridge,80/20,0.21841975149342419,0.08937404301836202
Rg norm w/0.418,pH regr out,Inliers,ProtBERT,high,190,Lasso,80/20,0.2635951350937942,0.08675268821338004
Rg norm w/0.418,pH regr out,Inliers,ProtBERT,high,190,Kernel Ridge,80/20,0.2690628752415878,0.08643002268788066
Rg norm w/0.418,pH regr out,Inliers,ProtBERT,high,190,GPR,80/20,0.2204657825419465,0.08925698408623219
Rg norm w/0.418,pH regr out,Inliers,ProtBERT,high,190,Linear,85/15,-0.05047973486792667,0.10200660563795429
Rg norm w/0.418,pH regr out,Inliers,ProtBERT,high,190,Ridge,85/15,0.35033453553033156,0.08021938853337439
Rg norm w/0.418,pH regr out,Inliers,ProtBERT,high,190,Lasso,85/15,0.36167307147701666,0.0795162773616141
Rg norm w/0.418,pH regr out,Inliers,ProtBERT,high,190,Kernel Ridge,85/15,0.39215196361423343,0.07759468348489619
Rg norm w/0.418,pH regr out,Inliers,ProtBERT,high,190,GPR,85/15,0.35349366581558295,0.08002410931214052
Rg norm w/0.418,pH regr out,Inliers,ProtBERT,high,190,Linear,90/10,-0.25360564252796447,0.0977300330722021
Rg norm w/0.418,pH regr out,Inliers,ProtBERT,high,190,Ridge,90/10,0.2898920829395174,0.07355458575259456
Rg norm w/0.418,pH regr out,Inliers,ProtBERT,high,190,Lasso,90/10,0.2823274149193771,0.07394533059358936
Rg norm w/0.418,pH regr out,Inliers,ProtBERT,high,190,Kernel Ridge,90/10,0.30610814128814157,0.07270988749144569
Rg norm w/0.418,pH regr out,Inliers,ProtBERT,high,190,GPR,90/10,0.5319506186600822,0.05971637194435745
Rg w/no norm,buffer regr out,All,ProtBERT,high,190,Linear,80/20,0.1968057552464093,3.897574968795152
Rg w/no norm,buffer regr out,All,ProtBERT,high,190,Ridge,80/20,0.31745336685472403,3.5929431692957565
Rg w/no norm,buffer regr out,All,ProtBERT,high,190,Lasso,80/20,0.12435935373490836,4.069557039030146
Rg w/no norm,buffer regr out,All,ProtBERT,high,190,Kernel Ridge,80/20,0.8666197261110953,1.5882906744373169
Rg w/no norm,buffer regr out,All,ProtBERT,high,190,GPR,80/20,0.8632410291626611,1.6082816080649909
Rg w/no norm,buffer regr out,All,ProtBERT,high,190,Linear,85/15,0.17135437073214466,3.9385558598006343
Rg w/no norm,buffer regr out,All,ProtBERT,high,190,Ridge,85/15,0.3254996681594915,3.5533965079039365
Rg w/no norm,buffer regr out,All,ProtBERT,high,190,Lasso,85/15,0.13805110057352732,4.0169215223638055
Rg w/no norm,buffer regr out,All,ProtBERT,high,190,Kernel Ridge,85/15,0.8432349823069208,1.713078108593259
Rg w/no norm,buffer regr out,All,ProtBERT,high,190,GPR,85/15,0.8482055922604365,1.6857007241173954
Rg w/no norm,buffer regr out,All,ProtBERT,high,190,Linear,90/10,0.3859179199277365,4.040211317620096
Rg w/no norm,buffer regr out,All,ProtBERT,high,190,Ridge,90/10,0.328603629725988,4.224549111969945
Rg w/no norm,buffer regr out,All,ProtBERT,high,190,Lasso,90/10,0.12901236330402122,4.811681407857188
Rg w/no norm,buffer regr out,All,ProtBERT,high,190,Kernel Ridge,90/10,0.8605615758549117,1.925227700673698
Rg w/no norm,buffer regr out,All,ProtBERT,high,190,GPR,90/10,0.8711100688459974,1.850974197119371
Rg w/no norm,buffer regr out,Inliers,ProtBERT,high,190,Linear,80/20,-0.20358048893569558,1.532120706165746
Rg w/no norm,buffer regr out,Inliers,ProtBERT,high,190,Ridge,80/20,0.21735550693896488,1.2354855758611736
Rg w/no norm,buffer regr out,Inliers,ProtBERT,high,190,Lasso,80/20,0.21138873867266916,1.2401862151728185
Rg w/no norm,buffer regr out,Inliers,ProtBERT,high,190,Kernel Ridge,80/20,0.2693326428400221,1.1937551695670972
Rg w/no norm,buffer regr out,Inliers,ProtBERT,high,190,GPR,80/20,0.21759579875413537,1.2352958985140643
Rg w/no norm,buffer regr out,Inliers,ProtBERT,high,190,Linear,85/15,-0.2684296036710132,1.3797428120827064
Rg w/no norm,buffer regr out,Inliers,ProtBERT,high,190,Ridge,85/15,0.39209693328435413,0.9551731869167204
Rg w/no norm,buffer regr out,Inliers,ProtBERT,high,190,Lasso,85/15,0.2347389284158664,1.0716914510264164
Rg w/no norm,buffer regr out,Inliers,ProtBERT,high,190,Kernel Ridge,85/15,0.415551848742329,0.9365650565801544
Rg w/no norm,buffer regr out,Inliers,ProtBERT,high,190,GPR,85/15,0.29131391750761937,1.0313163609715577
Rg w/no norm,buffer regr out,Inliers,ProtBERT,high,190,Linear,90/10,-0.31604350063908293,1.5846303924540268
Rg w/no norm,buffer regr out,Inliers,ProtBERT,high,190,Ridge,90/10,0.37634516937387175,1.0908499201155617
Rg w/no norm,buffer regr out,Inliers,ProtBERT,high,190,Lasso,90/10,0.20853407561893866,1.228878566820084
Rg w/no norm,buffer regr out,Inliers,ProtBERT,high,190,Kernel Ridge,90/10,0.3930165751426774,1.0761709751993498
Rg w/no norm,buffer regr out,Inliers,ProtBERT,high,190,GPR,90/10,0.29885873497453996,1.1566331165446309
Rg norm w/0.427,buffer regr out,All,ProtBERT,high,190,Linear,80/20,-0.015475036749725835,0.4931454100925527
Rg norm w/0.427,buffer regr out,All,ProtBERT,high,190,Ridge,80/20,0.3145144363863127,0.40517209401795173
Rg norm w/0.427,buffer regr out,All,ProtBERT,high,190,Lasso,80/20,-0.0012921654476256705,0.4896894848965157
Rg norm w/0.427,buffer regr out,All,ProtBERT,high,190,Kernel Ridge,80/20,0.8023786348176091,0.2175491130611727
Rg norm w/0.427,buffer regr out,All,ProtBERT,high,190,GPR,80/20,0.9076946544583178,0.14868042562723122
Rg norm w/0.427,buffer regr out,All,ProtBERT,high,190,Linear,85/15,-0.09951779813042139,0.506107800822379
Rg norm w/0.427,buffer regr out,All,ProtBERT,high,190,Ridge,85/15,0.30817140063581816,0.40145895985300817
Rg norm w/0.427,buffer regr out,All,ProtBERT,high,190,Lasso,85/15,0.08200498818498814,0.46244709973365555
Rg norm w/0.427,buffer regr out,All,ProtBERT,high,190,Kernel Ridge,85/15,0.8810828928124924,0.16644243752851434
Rg norm w/0.427,buffer regr out,All,ProtBERT,high,190,GPR,85/15,0.8938068103860045,0.15728605949270713
Rg norm w/0.427,buffer regr out,All,ProtBERT,high,190,Linear,90/10,0.15771446222904073,0.5322850360150974
Rg norm w/0.427,buffer regr out,All,ProtBERT,high,190,Ridge,90/10,0.3295474567737747,0.4748961037851517
Rg norm w/0.427,buffer regr out,All,ProtBERT,high,190,Lasso,90/10,0.0694663836412105,0.5594749146993524
Rg norm w/0.427,buffer regr out,All,ProtBERT,high,190,Kernel Ridge,90/10,0.8932877646149937,0.1894618152421032
Rg norm w/0.427,buffer regr out,All,ProtBERT,high,190,GPR,90/10,0.9064302896857134,0.1774116878561927
Rg norm w/0.427,buffer regr out,Inliers,ProtBERT,high,190,Linear,80/20,-1.0041727892850618,0.15405177837918443
Rg norm w/0.427,buffer regr out,Inliers,ProtBERT,high,190,Ridge,80/20,-0.0308827159376599,0.11048511309791587
Rg norm w/0.427,buffer regr out,Inliers,ProtBERT,high,190,Lasso,80/20,-0.47524069534579727,0.13216929625017224
Rg norm w/0.427,buffer regr out,Inliers,ProtBERT,high,190,Kernel Ridge,80/20,0.15322564087374568,0.10013432737357833
Rg norm w/0.427,buffer regr out,Inliers,ProtBERT,high,190,GPR,80/20,0.1059870044543193,0.102889498736598
Rg norm w/0.427,buffer regr out,Inliers,ProtBERT,high,190,Linear,85/15,-1.2728007559146093,0.16171672991320007
Rg norm w/0.427,buffer regr out,Inliers,ProtBERT,high,190,Ridge,85/15,0.10940144870211599,0.1012314040531522
Rg norm w/0.427,buffer regr out,Inliers,ProtBERT,high,190,Lasso,85/15,-0.012181220673265658,0.10792036512055067
Rg norm w/0.427,buffer regr out,Inliers,ProtBERT,high,190,Kernel Ridge,85/15,0.3217294532863767,0.08834373320026839
Rg norm w/0.427,buffer regr out,Inliers,ProtBERT,high,190,GPR,85/15,0.37310763134961433,0.08493188436846034
Rg norm w/0.427,buffer regr out,Inliers,ProtBERT,high,190,Linear,90/10,-2.0336341240861353,0.17523749978291356
Rg norm w/0.427,buffer regr out,Inliers,ProtBERT,high,190,Ridge,90/10,0.19026028611910106,0.09053534642364489
Rg norm w/0.427,buffer regr out,Inliers,ProtBERT,high,190,Lasso,90/10,0.05402266303510239,0.09785562920765413
Rg norm w/0.427,buffer regr out,Inliers,ProtBERT,high,190,Kernel Ridge,90/10,0.3407458184304697,0.08169056397457022
Rg norm w/0.427,buffer regr out,Inliers,ProtBERT,high,190,GPR,90/10,0.47136700157018296,0.0731513899210425
Rg norm w/0.5,buffer regr out,All,ProtBERT,high,190,Linear,80/20,-0.05249436059901824,0.34750784622777614
Rg norm w/0.5,buffer regr out,All,ProtBERT,high,190,Ridge,80/20,0.31707645114368177,0.2799244092038592
Rg norm w/0.5,buffer regr out,All,ProtBERT,high,190,Lasso,80/20,0.060765925539764676,0.32827789957266523
Rg norm w/0.5,buffer regr out,All,ProtBERT,high,190,Kernel Ridge,80/20,0.799354330154282,0.15172935856090597
Rg norm w/0.5,buffer regr out,All,ProtBERT,high,190,GPR,80/20,0.904861011948886,0.10448019870424338
Rg norm w/0.5,buffer regr out,All,ProtBERT,high,190,Linear,85/15,-0.14796679110805244,0.3574235870467714
Rg norm w/0.5,buffer regr out,All,ProtBERT,high,190,Ridge,85/15,0.3078155811123101,0.2775424745822917
Rg norm w/0.5,buffer regr out,All,ProtBERT,high,190,Lasso,85/15,0.1464276427076825,0.30820431709255114
Rg norm w/0.5,buffer regr out,All,ProtBERT,high,190,Kernel Ridge,85/15,0.8763979269264941,0.11728201639557133
Rg norm w/0.5,buffer regr out,All,ProtBERT,high,190,GPR,85/15,0.8889666643669932,0.111159155863187
Rg norm w/0.5,buffer regr out,All,ProtBERT,high,190,Linear,90/10,0.1166110018939287,0.3768418429417803
Rg norm w/0.5,buffer regr out,All,ProtBERT,high,190,Ridge,90/10,0.33137895597744493,0.32784845896854864
Rg norm w/0.5,buffer regr out,All,ProtBERT,high,190,Lasso,90/10,0.06157915738544739,0.3884024390383099
Rg norm w/0.5,buffer regr out,All,ProtBERT,high,190,Kernel Ridge,90/10,0.8898271349737747,0.13308234585729894
Rg norm w/0.5,buffer regr out,All,ProtBERT,high,190,GPR,90/10,0.9028141297636249,0.12499271162957512
Rg norm w/0.5,buffer regr out,Inliers,ProtBERT,high,190,Linear,80/20,-0.8048265009877418,0.10739306541136745
Rg norm w/0.5,buffer regr out,Inliers,ProtBERT,high,190,Ridge,80/20,0.02205136302416799,0.07905266807565038
Rg norm w/0.5,buffer regr out,Inliers,ProtBERT,high,190,Lasso,80/20,0.019426567353766466,0.07915868492051091
Rg norm w/0.5,buffer regr out,Inliers,ProtBERT,high,190,Kernel Ridge,80/20,0.18988769699963848,0.07195005383695954
Rg norm w/0.5,buffer regr out,Inliers,ProtBERT,high,190,GPR,80/20,0.11027511245370825,0.07540260998740385
Rg norm w/0.5,buffer regr out,Inliers,ProtBERT,high,190,Linear,85/15,-1.1082600165899992,0.11543476146736198
Rg norm w/0.5,buffer regr out,Inliers,ProtBERT,high,190,Ridge,85/15,0.09363313421514763,0.07568791364078144
Rg norm w/0.5,buffer regr out,Inliers,ProtBERT,high,190,Lasso,85/15,0.01338665022001817,0.07896743242719093
Rg norm w/0.5,buffer regr out,Inliers,ProtBERT,high,190,Kernel Ridge,85/15,0.2925576325073602,0.06686826522457269
Rg norm w/0.5,buffer regr out,Inliers,ProtBERT,high,190,GPR,85/15,0.35805398733276506,0.06369770372643724
Rg norm w/0.5,buffer regr out,Inliers,ProtBERT,high,190,Linear,90/10,-2.011070625512458,0.12150685533079768
Rg norm w/0.5,buffer regr out,Inliers,ProtBERT,high,190,Ridge,90/10,0.24299369837315532,0.06092423119666577
Rg norm w/0.5,buffer regr out,Inliers,ProtBERT,high,190,Lasso,90/10,0.13087898670369658,0.06528004352073277
Rg norm w/0.5,buffer regr out,Inliers,ProtBERT,high,190,Kernel Ridge,90/10,0.3018066901465637,0.05850973776821449
Rg norm w/0.5,buffer regr out,Inliers,ProtBERT,high,190,GPR,90/10,0.5089558579123905,0.04906825091283065
Rg norm w/0.418,buffer regr out,All,ProtBERT,high,190,Linear,80/20,-0.010831512904934115,0.5150088356521529
Rg norm w/0.418,buffer regr out,All,ProtBERT,high,190,Ridge,80/20,0.31429170017032115,0.42417492991460043
Rg norm w/0.418,buffer regr out,All,ProtBERT,high,190,Lasso,80/20,0.0015188746116153728,0.5118529651543409
Rg norm w/0.418,buffer regr out,All,ProtBERT,high,190,Kernel Ridge,80/20,0.8025419083161064,0.2276212276862461
Rg norm w/0.418,buffer regr out,All,ProtBERT,high,190,GPR,80/20,0.9078031130946309,0.15553689404422913
Rg norm w/0.418,buffer regr out,All,ProtBERT,high,190,Linear,85/15,-0.0934876383152321,0.5284050798432015
Rg norm w/0.418,buffer regr out,All,ProtBERT,high,190,Ridge,85/15,0.308303748393868,0.4202597097828861
Rg norm w/0.418,buffer regr out,All,ProtBERT,high,190,Lasso,85/15,0.08422044599415068,0.4835657318128539
Rg norm w/0.418,buffer regr out,All,ProtBERT,high,190,Kernel Ridge,85/15,0.8813797176198577,0.17403617188939807
Rg norm w/0.418,buffer regr out,All,ProtBERT,high,190,GPR,85/15,0.8941103773029876,0.164432153877324
Rg norm w/0.418,buffer regr out,All,ProtBERT,high,190,Linear,90/10,0.16281247986290848,0.5555471824277675
Rg norm w/0.418,buffer regr out,All,ProtBERT,high,190,Ridge,90/10,0.3293868643196989,0.4972165827416116
Rg norm w/0.418,buffer regr out,All,ProtBERT,high,190,Lasso,90/10,0.07144405226340411,0.5850777930426276
Rg norm w/0.418,buffer regr out,All,ProtBERT,high,190,Kernel Ridge,90/10,0.8934790367638243,0.1981650763491847
Rg norm w/0.418,buffer regr out,All,ProtBERT,high,190,GPR,90/10,0.906637381205531,0.18552228683274993
Rg norm w/0.418,buffer regr out,Inliers,ProtBERT,high,190,Linear,80/20,-1.0208105357424264,0.16122588745471383
Rg norm w/0.418,buffer regr out,Inliers,ProtBERT,high,190,Ridge,80/20,-0.03421990406918307,0.11533959531249278
Rg norm w/0.418,buffer regr out,Inliers,ProtBERT,high,190,Lasso,80/20,-0.47944106744716053,0.13794971654053478
Rg norm w/0.418,buffer regr out,Inliers,ProtBERT,high,190,Kernel Ridge,80/20,0.15067344344546074,0.10452238941597487
Rg norm w/0.418,buffer regr out,Inliers,ProtBERT,high,190,GPR,80/20,0.10625789705144373,0.10722056369649934
Rg norm w/0.418,buffer regr out,Inliers,ProtBERT,high,190,Linear,85/15,-1.2852403935239343,0.16872168880142713
Rg norm w/0.418,buffer regr out,Inliers,ProtBERT,high,190,Ridge,85/15,0.1113765794611109,0.10521165336564796
Rg norm w/0.418,buffer regr out,Inliers,ProtBERT,high,190,Lasso,85/15,-0.019338245825145872,0.11268448585177479
Rg norm w/0.418,buffer regr out,Inliers,ProtBERT,high,190,Kernel Ridge,85/15,0.3263916142075671,0.09160279187742426
Rg norm w/0.418,buffer regr out,Inliers,ProtBERT,high,190,GPR,85/15,0.3747717937688717,0.08825193754215746
Rg norm w/0.418,buffer regr out,Inliers,ProtBERT,high,190,Linear,90/10,-2.018074307789607,0.18341052815547307
Rg norm w/0.418,buffer regr out,Inliers,ProtBERT,high,190,Ridge,90/10,0.18685824015191832,0.09520120161039135
Rg norm w/0.418,buffer regr out,Inliers,ProtBERT,high,190,Lasso,90/10,0.05393792513999418,0.10268786249757379
Rg norm w/0.418,buffer regr out,Inliers,ProtBERT,high,190,Kernel Ridge,90/10,0.33831123469350766,0.08587884161409906
Rg norm w/0.418,buffer regr out,Inliers,ProtBERT,high,190,GPR,90/10,0.4665578125928589,0.0771086281897974
Rg w/no norm,expr pH only regr out,All,ProtBERT,high,190,Linear,80/20,0.014165296256740123,4.380431741881616
Rg w/no norm,expr pH only regr out,All,ProtBERT,high,190,Ridge,80/20,0.23566404874416336,3.8570654635338446
Rg w/no norm,expr pH only regr out,All,ProtBERT,high,190,Lasso,80/20,0.08862871255085614,4.211749541266942
Rg w/no norm,expr pH only regr out,All,ProtBERT,high,190,Kernel Ridge,80/20,0.3934572852480971,3.435939922282577
Rg w/no norm,expr pH only regr out,All,ProtBERT,high,190,GPR,80/20,0.688842270525996,2.460963446678853
Rg w/no norm,expr pH only regr out,All,ProtBERT,high,190,Linear,85/15,-0.13280976244421372,4.652043391488567
Rg w/no norm,expr pH only regr out,All,ProtBERT,high,190,Ridge,85/15,0.4724878102876927,3.1745452014156714
Rg w/no norm,expr pH only regr out,All,ProtBERT,high,190,Lasso,85/15,0.15032090095311534,4.02895793459717
Rg w/no norm,expr pH only regr out,All,ProtBERT,high,190,Kernel Ridge,85/15,0.740933439814782,2.2246973871030846
Rg w/no norm,expr pH only regr out,All,ProtBERT,high,190,GPR,85/15,0.6913542686187001,2.428261213086399
Rg w/no norm,expr pH only regr out,All,ProtBERT,high,190,Linear,90/10,-0.1654988082735831,5.387231979053145
Rg w/no norm,expr pH only regr out,All,ProtBERT,high,190,Ridge,90/10,0.46438099331107097,3.652058705498211
Rg w/no norm,expr pH only regr out,All,ProtBERT,high,190,Lasso,90/10,0.11270068286966994,4.700508407416941
Rg w/no norm,expr pH only regr out,All,ProtBERT,high,190,Kernel Ridge,90/10,0.5814121426117942,3.2285169671457057
Rg w/no norm,expr pH only regr out,All,ProtBERT,high,190,GPR,90/10,0.8256939653182497,2.0833679161494785
Rg w/no norm,expr pH only regr out,Inliers,ProtBERT,high,190,Linear,80/20,-1.2143800131656795,3.3054738333665474
Rg w/no norm,expr pH only regr out,Inliers,ProtBERT,high,190,Ridge,80/20,0.4442605384024756,1.6559349221812576
Rg w/no norm,expr pH only regr out,Inliers,ProtBERT,high,190,Lasso,80/20,0.4738616306386054,1.611230351754931
Rg w/no norm,expr pH only regr out,Inliers,ProtBERT,high,190,Kernel Ridge,80/20,0.4161918265427881,1.6972379446192456
Rg w/no norm,expr pH only regr out,Inliers,ProtBERT,high,190,GPR,80/20,-0.4205188303326206,2.6474705919383403
Rg w/no norm,expr pH only regr out,Inliers,ProtBERT,high,190,Linear,85/15,-1.5931907787341277,3.397926888603026
Rg w/no norm,expr pH only regr out,Inliers,ProtBERT,high,190,Ridge,85/15,0.380925840727275,1.6602295294603902
Rg w/no norm,expr pH only regr out,Inliers,ProtBERT,high,190,Lasso,85/15,0.3986622660733117,1.6362739795581138
Rg w/no norm,expr pH only regr out,Inliers,ProtBERT,high,190,Kernel Ridge,85/15,0.4241860030732374,1.6011716965874991
Rg w/no norm,expr pH only regr out,Inliers,ProtBERT,high,190,GPR,85/15,-0.41326698183940813,2.508469946375359
Rg w/no norm,expr pH only regr out,Inliers,ProtBERT,high,190,Linear,90/10,-1.035801251596265,2.957338745152017
Rg w/no norm,expr pH only regr out,Inliers,ProtBERT,high,190,Ridge,90/10,0.5010042596393989,1.4641372968161694
Rg w/no norm,expr pH only regr out,Inliers,ProtBERT,high,190,Lasso,90/10,0.46093814541051503,1.5217828492066336
Rg w/no norm,expr pH only regr out,Inliers,ProtBERT,high,190,Kernel Ridge,90/10,0.5674414678903819,1.3631882249087885
Rg w/no norm,expr pH only regr out,Inliers,ProtBERT,high,190,GPR,90/10,-0.25457730270112533,2.3215716822440844
Rg norm w/0.427,expr pH only regr out,All,ProtBERT,high,190,Linear,80/20,-0.10676501682512662,0.5329784396703373
Rg norm w/0.427,expr pH only regr out,All,ProtBERT,high,190,Ridge,80/20,0.24729090676593624,0.4395370719633294
Rg norm w/0.427,expr pH only regr out,All,ProtBERT,high,190,Lasso,80/20,0.1476191494667436,0.46773381830205074
Rg norm w/0.427,expr pH only regr out,All,ProtBERT,high,190,Kernel Ridge,80/20,0.5484912882892385,0.3404199444993602
Rg norm w/0.427,expr pH only regr out,All,ProtBERT,high,190,GPR,80/20,0.694495494792366,0.2800210881734505
Rg norm w/0.427,expr pH only regr out,All,ProtBERT,high,190,Linear,85/15,-0.26536014774236283,0.5677060288984204
Rg norm w/0.427,expr pH only regr out,All,ProtBERT,high,190,Ridge,85/15,0.29176583352650254,0.42472210738641303
Rg norm w/0.427,expr pH only regr out,All,ProtBERT,high,190,Lasso,85/15,0.08343669902495165,0.4831674424479972
Rg norm w/0.427,expr pH only regr out,All,ProtBERT,high,190,Kernel Ridge,85/15,0.5520874075504869,0.3377637722260286
Rg norm w/0.427,expr pH only regr out,All,ProtBERT,high,190,GPR,85/15,0.6963750631718769,0.2780898570914395
Rg norm w/0.427,expr pH only regr out,All,ProtBERT,high,190,Linear,90/10,-0.25793468225811766,0.6575105750214948
Rg norm w/0.427,expr pH only regr out,All,ProtBERT,high,190,Ridge,90/10,0.2697264867733299,0.5009754813203565
Rg norm w/0.427,expr pH only regr out,All,ProtBERT,high,190,Lasso,90/10,0.1900702764706237,0.527590984008554
Rg norm w/0.427,expr pH only regr out,All,ProtBERT,high,190,Kernel Ridge,90/10,0.556291141945539,0.39050153562090895
Rg norm w/0.427,expr pH only regr out,All,ProtBERT,high,190,GPR,90/10,0.8310034272799562,0.24099755978673462
Rg norm w/0.427,expr pH only regr out,Inliers,ProtBERT,high,190,Linear,80/20,-1.7428235550316207,0.3695941621812414
Rg norm w/0.427,expr pH only regr out,Inliers,ProtBERT,high,190,Ridge,80/20,0.37005158205659416,0.17712451022920178
Rg norm w/0.427,expr pH only regr out,Inliers,ProtBERT,high,190,Lasso,80/20,0.3947950162377575,0.1736110706828097
Rg norm w/0.427,expr pH only regr out,Inliers,ProtBERT,high,190,Kernel Ridge,80/20,0.28788116582409207,0.18832258362000448
Rg norm w/0.427,expr pH only regr out,Inliers,ProtBERT,high,190,GPR,80/20,-0.5765549581000498,0.280208125558556
Rg norm w/0.427,expr pH only regr out,Inliers,ProtBERT,high,190,Linear,85/15,-1.7715901338690219,0.38826719999108655
Rg norm w/0.427,expr pH only regr out,Inliers,ProtBERT,high,190,Ridge,85/15,0.34698849255251585,0.18846322464656617
Rg norm w/0.427,expr pH only regr out,Inliers,ProtBERT,high,190,Lasso,85/15,0.3633339255749569,0.18608957958353461
Rg norm w/0.427,expr pH only regr out,Inliers,ProtBERT,high,190,Kernel Ridge,85/15,0.34631678985085035,0.18856012854395265
Rg norm w/0.427,expr pH only regr out,Inliers,ProtBERT,high,190,GPR,85/15,-0.4082421693735978,0.2767609884074395
Rg norm w/0.427,expr pH only regr out,Inliers,ProtBERT,high,190,Linear,90/10,-1.1118639068592566,0.31938599075162744
Rg norm w/0.427,expr pH only regr out,Inliers,ProtBERT,high,190,Ridge,90/10,0.5755218556913264,0.14318929994388144
Rg norm w/0.427,expr pH only regr out,Inliers,ProtBERT,high,190,Lasso,90/10,0.48491543215543564,0.1577328563771681
Rg norm w/0.427,expr pH only regr out,Inliers,ProtBERT,high,190,Kernel Ridge,90/10,0.5968552859310092,0.13954471200317373
Rg norm w/0.427,expr pH only regr out,Inliers,ProtBERT,high,190,GPR,90/10,-0.2799835428538431,0.24864806949021614
Rg norm w/0.5,expr pH only regr out,All,ProtBERT,high,190,Linear,80/20,-0.2879376393865196,0.43271416906496535
Rg norm w/0.5,expr pH only regr out,All,ProtBERT,high,190,Ridge,80/20,0.24716351659925284,0.33082934662367136
Rg norm w/0.5,expr pH only regr out,All,ProtBERT,high,190,Lasso,80/20,0.12151650755245846,0.3573719822451702
Rg norm w/0.5,expr pH only regr out,All,ProtBERT,high,190,Kernel Ridge,80/20,0.37909293329261895,0.30044639673455686
Rg norm w/0.5,expr pH only regr out,All,ProtBERT,high,190,GPR,80/20,0.47971114581632435,0.27502739779359825
Rg norm w/0.5,expr pH only regr out,All,ProtBERT,high,190,Linear,85/15,-0.4760560866929784,0.4655806275234924
Rg norm w/0.5,expr pH only regr out,All,ProtBERT,high,190,Ridge,85/15,0.41185658225910515,0.2938901914680509
Rg norm w/0.5,expr pH only regr out,All,ProtBERT,high,190,Lasso,85/15,0.17635196262355035,0.34778776950771795
Rg norm w/0.5,expr pH only regr out,All,ProtBERT,high,190,Kernel Ridge,85/15,0.5095980114894328,0.2683611118907945
Rg norm w/0.5,expr pH only regr out,All,ProtBERT,high,190,GPR,85/15,0.49740432459978323,0.2716769825777209
Rg norm w/0.5,expr pH only regr out,All,ProtBERT,high,190,Linear,90/10,-0.5741022828262872,0.5364730762451669
Rg norm w/0.5,expr pH only regr out,All,ProtBERT,high,190,Ridge,90/10,0.24215355625094648,0.3722391649023828
Rg norm w/0.5,expr pH only regr out,All,ProtBERT,high,190,Lasso,90/10,0.13335063975993233,0.39806424228384996
Rg norm w/0.5,expr pH only regr out,All,ProtBERT,high,190,Kernel Ridge,90/10,0.5054033290905698,0.30071635673228414
Rg norm w/0.5,expr pH only regr out,All,ProtBERT,high,190,GPR,90/10,0.740810899543114,0.21769067396254385
Rg norm w/0.5,expr pH only regr out,Inliers,ProtBERT,high,190,Linear,80/20,-1.7480294862730115,0.2597396585054363
Rg norm w/0.5,expr pH only regr out,Inliers,ProtBERT,high,190,Ridge,80/20,0.36803194500070957,0.12455900604086317
Rg norm w/0.5,expr pH only regr out,Inliers,ProtBERT,high,190,Lasso,80/20,0.38759568392435706,0.12261587239679404
Rg norm w/0.5,expr pH only regr out,Inliers,ProtBERT,high,190,Kernel Ridge,80/20,0.2662478081002072,0.1342153773694291
Rg norm w/0.5,expr pH only regr out,Inliers,ProtBERT,high,190,GPR,80/20,-0.5556586583219858,0.195427072462209
Rg norm w/0.5,expr pH only regr out,Inliers,ProtBERT,high,190,Linear,85/15,-1.7253055465204894,0.27394062925852214
Rg norm w/0.5,expr pH only regr out,Inliers,ProtBERT,high,190,Ridge,85/15,0.34865957902365385,0.13392228917470156
Rg norm w/0.5,expr pH only regr out,Inliers,ProtBERT,high,190,Lasso,85/15,0.3807406368725059,0.1305825483989529
Rg norm w/0.5,expr pH only regr out,Inliers,ProtBERT,high,190,Kernel Ridge,85/15,0.3432145837312197,0.13448089767304267
Rg norm w/0.5,expr pH only regr out,Inliers,ProtBERT,high,190,GPR,85/15,-0.37167240887709596,0.19434530367707428
Rg norm w/0.5,expr pH only regr out,Inliers,ProtBERT,high,190,Linear,90/10,-1.0912466556958202,0.22267076426463223
Rg norm w/0.5,expr pH only regr out,Inliers,ProtBERT,high,190,Ridge,90/10,0.58629156298014,0.09903934487733013
Rg norm w/0.5,expr pH only regr out,Inliers,ProtBERT,high,190,Lasso,90/10,0.4942944939326579,0.1094988129489528
Rg norm w/0.5,expr pH only regr out,Inliers,ProtBERT,high,190,Kernel Ridge,90/10,0.6028187592824947,0.0970409264470553
Rg norm w/0.5,expr pH only regr out,Inliers,ProtBERT,high,190,GPR,90/10,-0.25250190793751015,0.17232558761010108
Rg norm w/0.418,expr pH only regr out,All,ProtBERT,high,190,Linear,80/20,-0.02328637398285327,0.5172848760895442
Rg norm w/0.418,expr pH only regr out,All,ProtBERT,high,190,Ridge,80/20,0.2528117313450021,0.4420243638560647
Rg norm w/0.418,expr pH only regr out,All,ProtBERT,high,190,Lasso,80/20,0.13616665836781716,0.47527630920377084
Rg norm w/0.418,expr pH only regr out,All,ProtBERT,high,190,Kernel Ridge,80/20,0.15166124495730204,0.4709945038630683
Rg norm w/0.418,expr pH only regr out,All,ProtBERT,high,190,GPR,80/20,0.8139578498199036,0.220565133252645
Rg norm w/0.418,expr pH only regr out,All,ProtBERT,high,190,Linear,85/15,-0.16031206647031193,0.5454257357314946
Rg norm w/0.418,expr pH only regr out,All,ProtBERT,high,190,Ridge,85/15,0.2926960510325445,0.4258447164379505
Rg norm w/0.418,expr pH only regr out,All,ProtBERT,high,190,Lasso,85/15,0.06910746332146178,0.48853760164616544
Rg norm w/0.418,expr pH only regr out,All,ProtBERT,high,190,Kernel Ridge,85/15,0.8046832009446818,0.22377832610228773
Rg norm w/0.418,expr pH only regr out,All,ProtBERT,high,190,GPR,85/15,0.8091648672458005,0.22119606027973876
Rg norm w/0.418,expr pH only regr out,All,ProtBERT,high,190,Linear,90/10,-0.0930421526219376,0.6284156471392711
Rg norm w/0.418,expr pH only regr out,All,ProtBERT,high,190,Ridge,90/10,0.28625985499504203,0.5078068994350664
Rg norm w/0.418,expr pH only regr out,All,ProtBERT,high,190,Lasso,90/10,0.1890567739973692,0.5412822179886514
Rg norm w/0.418,expr pH only regr out,All,ProtBERT,high,190,Kernel Ridge,90/10,0.8571790646111185,0.22715613537851692
Rg norm w/0.418,expr pH only regr out,All,ProtBERT,high,190,GPR,90/10,0.873925516550406,0.2134234487956883
Rg norm w/0.418,expr pH only regr out,Inliers,ProtBERT,high,190,Linear,80/20,-1.7396593173121717,0.3862656067304493
Rg norm w/0.418,expr pH only regr out,Inliers,ProtBERT,high,190,Ridge,80/20,0.3706666192821123,0.1851305723085007
Rg norm w/0.418,expr pH only regr out,Inliers,ProtBERT,high,190,Lasso,80/20,0.3935269532827169,0.18173706579517587
Rg norm w/0.418,expr pH only regr out,Inliers,ProtBERT,high,190,Kernel Ridge,80/20,0.2910247373492534,0.1964958130484095
Rg norm w/0.418,expr pH only regr out,Inliers,ProtBERT,high,190,GPR,80/20,-0.5803854040169916,0.2933724074511112
Rg norm w/0.418,expr pH only regr out,Inliers,ProtBERT,high,190,Linear,85/15,-1.7756770629695464,0.4055805616666143
Rg norm w/0.418,expr pH only regr out,Inliers,ProtBERT,high,190,Ridge,85/15,0.3470057703069024,0.19671946553424777
Rg norm w/0.418,expr pH only regr out,Inliers,ProtBERT,high,190,Lasso,85/15,0.35953550893139774,0.19482298458067768
Rg norm w/0.418,expr pH only regr out,Inliers,ProtBERT,high,190,Kernel Ridge,85/15,0.3469793895672987,0.19672343919308408
Rg norm w/0.418,expr pH only regr out,Inliers,ProtBERT,high,190,GPR,85/15,-0.41204291820652617,0.289278803529495
Rg norm w/0.418,expr pH only regr out,Inliers,ProtBERT,high,190,Linear,90/10,-1.1132807691785231,0.33410900403452465
Rg norm w/0.418,expr pH only regr out,Inliers,ProtBERT,high,190,Ridge,90/10,0.5742818734290857,0.14995834904132457
Rg norm w/0.418,expr pH only regr out,Inliers,ProtBERT,high,190,Lasso,90/10,0.48374840736112157,0.16513543755174317
Rg norm w/0.418,expr pH only regr out,Inliers,ProtBERT,high,190,Kernel Ridge,90/10,0.5962701081755226,0.14603435337044085
Rg norm w/0.418,expr pH only regr out,Inliers,ProtBERT,high,190,GPR,90/10,-0.28248470898704836,0.26027693096727555
Rg w/no norm,expr buffer only regr out,All,ProtBERT,high,190,Linear,80/20,0.04310466437466165,4.351837546893184
Rg w/no norm,expr buffer only regr out,All,ProtBERT,high,190,Ridge,80/20,0.2729355906146208,3.793384794655643
Rg w/no norm,expr buffer only regr out,All,ProtBERT,high,190,Lasso,80/20,0.1214034412663586,4.169991838895448
Rg w/no norm,expr buffer only regr out,All,ProtBERT,high,190,Kernel Ridge,80/20,0.4226256049609586,3.380408742133928
Rg w/no norm,expr buffer only regr out,All,ProtBERT,high,190,GPR,80/20,0.711402639406092,2.389937994053754
Rg w/no norm,expr buffer only regr out,All,ProtBERT,high,190,Linear,85/15,0.03292697849577042,4.448420935882318
Rg w/no norm,expr buffer only regr out,All,ProtBERT,high,190,Ridge,85/15,0.4658526975746289,3.306029783862564
Rg w/no norm,expr buffer only regr out,All,ProtBERT,high,190,Lasso,85/15,0.15357622893692546,4.161694225541627
Rg w/no norm,expr buffer only regr out,All,ProtBERT,high,190,Kernel Ridge,85/15,0.7340268964546218,2.3328945177983225
Rg w/no norm,expr buffer only regr out,All,ProtBERT,high,190,GPR,85/15,0.7037862420929415,2.4619478823317675
Rg w/no norm,expr buffer only regr out,All,ProtBERT,high,190,Linear,90/10,0.06140257510390501,5.067536244677567
Rg w/no norm,expr buffer only regr out,All,ProtBERT,high,190,Ridge,90/10,0.2787550522677553,4.442204793295093
Rg w/no norm,expr buffer only regr out,All,ProtBERT,high,190,Lasso,90/10,0.11511742313633455,4.920395429603747
Rg w/no norm,expr buffer only regr out,All,ProtBERT,high,190,Kernel Ridge,90/10,0.5705076296444134,3.4279534127271267
Rg w/no norm,expr buffer only regr out,All,ProtBERT,high,190,GPR,90/10,0.828583341248309,2.1656271986457485
Rg w/no norm,expr buffer only regr out,Inliers,ProtBERT,high,190,Linear,80/20,-1.9947876753085056,3.5400933759812103
Rg w/no norm,expr buffer only regr out,Inliers,ProtBERT,high,190,Ridge,80/20,0.3596109967169341,1.637018666786475
Rg w/no norm,expr buffer only regr out,Inliers,ProtBERT,high,190,Lasso,80/20,0.36222245006026754,1.633677443694381
Rg w/no norm,expr buffer only regr out,Inliers,ProtBERT,high,190,Kernel Ridge,80/20,0.3526710577386939,1.6458650053309287
Rg w/no norm,expr buffer only regr out,Inliers,ProtBERT,high,190,GPR,80/20,-0.541454626238131,2.5397856881897676
Rg w/no norm,expr buffer only regr out,Inliers,ProtBERT,high,190,Linear,85/15,-1.9854035081131478,3.5687558582172683
Rg w/no norm,expr buffer only regr out,Inliers,ProtBERT,high,190,Ridge,85/15,0.36419678245520737,1.6469358368592173
Rg w/no norm,expr buffer only regr out,Inliers,ProtBERT,high,190,Lasso,85/15,0.3797453554849137,1.626673274933155
Rg w/no norm,expr buffer only regr out,Inliers,ProtBERT,high,190,Kernel Ridge,85/15,0.3934404784555986,1.608614693508246
Rg w/no norm,expr buffer only regr out,Inliers,ProtBERT,high,190,GPR,85/15,-0.374641121116986,2.421642248057544
Rg w/no norm,expr buffer only regr out,Inliers,ProtBERT,high,190,Linear,90/10,-0.936704159538738,2.8628362513202466
Rg w/no norm,expr buffer only regr out,Inliers,ProtBERT,high,190,Ridge,90/10,0.5745952772503431,1.3417327447797414
Rg w/no norm,expr buffer only regr out,Inliers,ProtBERT,high,190,Lasso,90/10,0.4799008336441145,1.4835696633340352
Rg w/no norm,expr buffer only regr out,Inliers,ProtBERT,high,190,Kernel Ridge,90/10,0.7634608867389407,1.000498282567431
Rg w/no norm,expr buffer only regr out,Inliers,ProtBERT,high,190,GPR,90/10,-0.12903333723473764,2.185839390884117
Rg norm w/0.427,expr buffer only regr out,All,ProtBERT,high,190,Linear,80/20,-0.0766852630118684,0.5250359940094808
Rg norm w/0.427,expr buffer only regr out,All,ProtBERT,high,190,Ridge,80/20,0.26518266707080784,0.4337449078370569
Rg norm w/0.427,expr buffer only regr out,All,ProtBERT,high,190,Lasso,80/20,0.07563656575417232,0.48648121152240953
Rg norm w/0.427,expr buffer only regr out,All,ProtBERT,high,190,Kernel Ridge,80/20,0.16284245133891928,0.462965141060031
Rg norm w/0.427,expr buffer only regr out,All,ProtBERT,high,190,GPR,80/20,0.7045498766925915,0.2750342507407559
Rg norm w/0.427,expr buffer only regr out,All,ProtBERT,high,190,Linear,85/15,-0.16148735236442313,0.547496054556875
Rg norm w/0.427,expr buffer only regr out,All,ProtBERT,high,190,Ridge,85/15,0.2911428610284259,0.4277136496010671
Rg norm w/0.427,expr buffer only regr out,All,ProtBERT,high,190,Lasso,85/15,0.09638732380030657,0.482908565500855
Rg norm w/0.427,expr buffer only regr out,All,ProtBERT,high,190,Kernel Ridge,85/15,0.548738313527502,0.3412620398480791
Rg norm w/0.427,expr buffer only regr out,All,ProtBERT,high,190,GPR,85/15,0.7023678346961824,0.277149234426696
Rg norm w/0.427,expr buffer only regr out,All,ProtBERT,high,190,Linear,90/10,-0.10774318515959824,0.62596518507667
Rg norm w/0.427,expr buffer only regr out,All,ProtBERT,high,190,Ridge,90/10,0.26986966013008984,0.5081955216152266
Rg norm w/0.427,expr buffer only regr out,All,ProtBERT,high,190,Lasso,90/10,0.08310614893551771,0.5694953284851876
Rg norm w/0.427,expr buffer only regr out,All,ProtBERT,high,190,Kernel Ridge,90/10,0.5543347700303551,0.3970406855680916
Rg norm w/0.427,expr buffer only regr out,All,ProtBERT,high,190,GPR,90/10,0.8319594635923288,0.24380222536413537
Rg norm w/0.427,expr buffer only regr out,Inliers,ProtBERT,high,190,Linear,80/20,-2.454567824554329,0.38383862269454183
Rg norm w/0.427,expr buffer only regr out,Inliers,ProtBERT,high,190,Ridge,80/20,0.2942320330914503,0.17349332959326766
Rg norm w/0.427,expr buffer only regr out,Inliers,ProtBERT,high,190,Lasso,80/20,0.3300091687002873,0.16903873738952585
Rg norm w/0.427,expr buffer only regr out,Inliers,ProtBERT,high,190,Kernel Ridge,80/20,0.202891193389791,0.1843786428981806
Rg norm w/0.427,expr buffer only regr out,Inliers,ProtBERT,high,190,GPR,80/20,-0.817902601172579,0.27844352037877795
Rg norm w/0.427,expr buffer only regr out,Inliers,ProtBERT,high,190,Linear,85/15,-2.325000256193021,0.3992093966529103
Rg norm w/0.427,expr buffer only regr out,Inliers,ProtBERT,high,190,Ridge,85/15,0.28878486795343083,0.18463133409858695
Rg norm w/0.427,expr buffer only regr out,Inliers,ProtBERT,high,190,Lasso,85/15,0.34290435432749156,0.17746765402233305
Rg norm w/0.427,expr buffer only regr out,Inliers,ProtBERT,high,190,Kernel Ridge,85/15,0.2648739078600414,0.18770931830175341
Rg norm w/0.427,expr buffer only regr out,Inliers,ProtBERT,high,190,GPR,85/15,-0.5176470141414422,0.2697058084188244
Rg norm w/0.427,expr buffer only regr out,Inliers,ProtBERT,high,190,Linear,90/10,-1.3089618989706628,0.3156381132732416
Rg norm w/0.427,expr buffer only regr out,Inliers,ProtBERT,high,190,Ridge,90/10,0.6203125506022444,0.1279953453054484
Rg norm w/0.427,expr buffer only regr out,Inliers,ProtBERT,high,190,Lasso,90/10,0.644527282497566,0.12384662975486957
Rg norm w/0.427,expr buffer only regr out,Inliers,ProtBERT,high,190,Kernel Ridge,90/10,0.6979983225468243,0.11415258039604621
Rg norm w/0.427,expr buffer only regr out,Inliers,ProtBERT,high,190,GPR,90/10,-0.3153476125594974,0.23823267425387198
Rg norm w/0.5,expr buffer only regr out,All,ProtBERT,high,190,Linear,80/20,-0.2625750716164741,0.425341272649549
Rg norm w/0.5,expr buffer only regr out,All,ProtBERT,high,190,Ridge,80/20,0.25779319106880383,0.3261154603211702
Rg norm w/0.5,expr buffer only regr out,All,ProtBERT,high,190,Lasso,80/20,0.13805467693864082,0.3514380493865708
Rg norm w/0.5,expr buffer only regr out,All,ProtBERT,high,190,Kernel Ridge,80/20,0.3821430552479489,0.29754515797565423
Rg norm w/0.5,expr buffer only regr out,All,ProtBERT,high,190,GPR,80/20,0.48772755084958397,0.27093144963920385
Rg norm w/0.5,expr buffer only regr out,All,ProtBERT,high,190,Linear,85/15,-0.3857495241727382,0.44961322816063165
Rg norm w/0.5,expr buffer only regr out,All,ProtBERT,high,190,Ridge,85/15,0.2859868025857163,0.3227377973734836
Rg norm w/0.5,expr buffer only regr out,All,ProtBERT,high,190,Lasso,85/15,0.18524648773861685,0.34475441122567013
Rg norm w/0.5,expr buffer only regr out,All,ProtBERT,high,190,Kernel Ridge,85/15,0.5087412022454678,0.2677021638789242
Rg norm w/0.5,expr buffer only regr out,All,ProtBERT,high,190,GPR,85/15,0.5028309320993054,0.2693076941419394
Rg norm w/0.5,expr buffer only regr out,All,ProtBERT,high,190,Linear,90/10,-0.42680842852044054,0.5135359557287171
Rg norm w/0.5,expr buffer only regr out,All,ProtBERT,high,190,Ridge,90/10,0.2341888997325411,0.3762260405367931
Rg norm w/0.5,expr buffer only regr out,All,ProtBERT,high,190,Lasso,90/10,0.13542755283156394,0.39975022694636536
Rg norm w/0.5,expr buffer only regr out,All,ProtBERT,high,190,Kernel Ridge,90/10,0.5041766468965709,0.302727247732085
Rg norm w/0.5,expr buffer only regr out,All,ProtBERT,high,190,GPR,90/10,0.7435574556662354,0.21771234820755728
Rg norm w/0.5,expr buffer only regr out,Inliers,ProtBERT,high,190,Linear,80/20,-2.383470256466653,0.2680596862330491
Rg norm w/0.5,expr buffer only regr out,Inliers,ProtBERT,high,190,Ridge,80/20,0.2894857954923239,0.12283912259793857
Rg norm w/0.5,expr buffer only regr out,Inliers,ProtBERT,high,190,Lasso,80/20,0.25706274702094223,0.12561062924830713
Rg norm w/0.5,expr buffer only regr out,Inliers,ProtBERT,high,190,Kernel Ridge,80/20,0.18194672222113917,0.13180780202043962
Rg norm w/0.5,expr buffer only regr out,Inliers,ProtBERT,high,190,GPR,80/20,-0.8064575156007898,0.1958683205456117
Rg norm w/0.5,expr buffer only regr out,Inliers,ProtBERT,high,190,Linear,85/15,-2.2684923531374954,0.28021907231116244
Rg norm w/0.5,expr buffer only regr out,Inliers,ProtBERT,high,190,Ridge,85/15,0.27735852704836683,0.13176054895514192
Rg norm w/0.5,expr buffer only regr out,Inliers,ProtBERT,high,190,Lasso,85/15,0.33971419961340454,0.12594761074002242
Rg norm w/0.5,expr buffer only regr out,Inliers,ProtBERT,high,190,Kernel Ridge,85/15,0.248407012682331,0.13437402125875883
Rg norm w/0.5,expr buffer only regr out,Inliers,ProtBERT,high,190,GPR,85/15,-0.5068706057142796,0.19026632724511233
Rg norm w/0.5,expr buffer only regr out,Inliers,ProtBERT,high,190,Linear,90/10,-1.327380203938786,0.22057174758925643
Rg norm w/0.5,expr buffer only regr out,Inliers,ProtBERT,high,190,Ridge,90/10,0.6154229390536998,0.08966189308860395
Rg norm w/0.5,expr buffer only regr out,Inliers,ProtBERT,high,190,Lasso,90/10,0.6296322684087563,0.08798989246090558
Rg norm w/0.5,expr buffer only regr out,Inliers,ProtBERT,high,190,Kernel Ridge,90/10,0.595077123901901,0.09200308127923933
Rg norm w/0.5,expr buffer only regr out,Inliers,ProtBERT,high,190,GPR,90/10,-0.3273183509407529,0.1665726770552839
Rg norm w/0.418,expr buffer only regr out,All,ProtBERT,high,190,Linear,80/20,0.005970232006382803,0.5111960953057219
Rg norm w/0.418,expr buffer only regr out,All,ProtBERT,high,190,Ridge,80/20,0.2729477881980391,0.4371904158303123
Rg norm w/0.418,expr buffer only regr out,All,ProtBERT,high,190,Lasso,80/20,0.06976421005932532,0.4945205629876099
Rg norm w/0.418,expr buffer only regr out,All,ProtBERT,high,190,Kernel Ridge,80/20,0.03328598534561067,0.5041233807519936
Rg norm w/0.418,expr buffer only regr out,All,ProtBERT,high,190,GPR,80/20,0.8196032206518928,0.21777209172363465
Rg norm w/0.418,expr buffer only regr out,All,ProtBERT,high,190,Linear,85/15,-0.06042711590749783,0.5275621248995288
Rg norm w/0.418,expr buffer only regr out,All,ProtBERT,high,190,Ridge,85/15,0.292959858621741,0.4307797026397225
Rg norm w/0.418,expr buffer only regr out,All,ProtBERT,high,190,Lasso,85/15,0.0859743654902616,0.48979278640731744
Rg norm w/0.418,expr buffer only regr out,All,ProtBERT,high,190,Kernel Ridge,85/15,0.5638887958862087,0.3383232302604713
Rg norm w/0.418,expr buffer only regr out,All,ProtBERT,high,190,GPR,85/15,0.8096530515575943,0.2235147335257607
Rg norm w/0.418,expr buffer only regr out,All,ProtBERT,high,190,Linear,90/10,0.04455007016512913,0.5978970808884044
Rg norm w/0.418,expr buffer only regr out,All,ProtBERT,high,190,Ridge,90/10,0.29016777229109025,0.5153476776053364
Rg norm w/0.418,expr buffer only regr out,All,ProtBERT,high,190,Lasso,90/10,0.07568037981197628,0.5880761310176252
Rg norm w/0.418,expr buffer only regr out,All,ProtBERT,high,190,Kernel Ridge,90/10,0.8523566888801482,0.23503327642371274
Rg norm w/0.418,expr buffer only regr out,All,ProtBERT,high,190,GPR,90/10,0.8716044044758747,0.21917828763847208
Rg norm w/0.418,expr buffer only regr out,Inliers,ProtBERT,high,190,Linear,80/20,-2.45975697803619,0.4014635736100696
Rg norm w/0.418,expr buffer only regr out,Inliers,ProtBERT,high,190,Ridge,80/20,0.29505442322629394,0.18121792116402483
Rg norm w/0.418,expr buffer only regr out,Inliers,ProtBERT,high,190,Lasso,80/20,0.32634716646142037,0.17715010724927704
Rg norm w/0.418,expr buffer only regr out,Inliers,ProtBERT,high,190,Kernel Ridge,80/20,0.20596906820539962,0.19232779813088874
Rg norm w/0.418,expr buffer only regr out,Inliers,ProtBERT,high,190,GPR,80/20,-0.8178232534592902,0.29100414595907165
Rg norm w/0.418,expr buffer only regr out,Inliers,ProtBERT,high,190,Linear,85/15,-2.3291927523189884,0.4172650261638572
Rg norm w/0.418,expr buffer only regr out,Inliers,ProtBERT,high,190,Ridge,85/15,0.2903456827276627,0.19264863642039948
Rg norm w/0.418,expr buffer only regr out,Inliers,ProtBERT,high,190,Lasso,85/15,0.33975449744214525,0.18582119154434998
Rg norm w/0.418,expr buffer only regr out,Inliers,ProtBERT,high,190,Kernel Ridge,85/15,0.26721061333817875,0.19576367086644078
Rg norm w/0.418,expr buffer only regr out,Inliers,ProtBERT,high,190,GPR,85/15,-0.518021708055066,0.2817614060510193
Rg norm w/0.418,expr buffer only regr out,Inliers,ProtBERT,high,190,Linear,90/10,-1.304776195547226,0.33008600813893524
Rg norm w/0.418,expr buffer only regr out,Inliers,ProtBERT,high,190,Ridge,90/10,0.6207730428054187,0.13389437625457629
Rg norm w/0.418,expr buffer only regr out,Inliers,ProtBERT,high,190,Lasso,90/10,0.6462739063558169,0.12931422004879295
Rg norm w/0.418,expr buffer only regr out,Inliers,ProtBERT,high,190,Kernel Ridge,90/10,0.7008181191990785,0.11892697701091971
Rg norm w/0.418,expr buffer only regr out,Inliers,ProtBERT,high,190,GPR,90/10,-0.3129504090463977,0.2491362350772538
Rg w/no norm,No regr out,All,ProtBERT,high,20,Linear,80/20,0.11053063106917682,3.993598633926163
Rg w/no norm,No regr out,All,ProtBERT,high,20,Ridge,80/20,0.11623213678693656,3.980778557222235
Rg w/no norm,No regr out,All,ProtBERT,high,20,Lasso,80/20,0.0820092738501833,4.057121965449845
Rg w/no norm,No regr out,All,ProtBERT,high,20,Kernel Ridge,80/20,0.12982755290563852,3.950040792592717
Rg w/no norm,No regr out,All,ProtBERT,high,20,GPR,80/20,0.8522536222703478,1.6276361905944061
Rg w/no norm,No regr out,All,ProtBERT,high,20,Linear,85/15,0.16027093403967008,3.761949203095511
Rg w/no norm,No regr out,All,ProtBERT,high,20,Ridge,85/15,0.15563012201374227,3.772330196727146
Rg w/no norm,No regr out,All,ProtBERT,high,20,Lasso,85/15,0.13211456520871068,3.8244988447052886
Rg w/no norm,No regr out,All,ProtBERT,high,20,Kernel Ridge,85/15,0.26839008028882183,3.511422816570806
Rg w/no norm,No regr out,All,ProtBERT,high,20,GPR,85/15,0.8083413810071859,1.7972459405952879
Rg w/no norm,No regr out,All,ProtBERT,high,20,Linear,90/10,0.14507767585832165,4.519098685326729
Rg w/no norm,No regr out,All,ProtBERT,high,20,Ridge,90/10,0.1380793877758799,4.537557377771868
Rg w/no norm,No regr out,All,ProtBERT,high,20,Lasso,90/10,0.11319722262746024,4.602587129961617
Rg w/no norm,No regr out,All,ProtBERT,high,20,Kernel Ridge,90/10,0.1367492315988803,4.541057313297199
Rg w/no norm,No regr out,All,ProtBERT,high,20,GPR,90/10,0.8809490123156336,1.6863782715646227
Rg w/no norm,No regr out,Inliers,ProtBERT,high,20,Linear,80/20,0.39328722895907264,1.1101006684761416
Rg w/no norm,No regr out,Inliers,ProtBERT,high,20,Ridge,80/20,0.425874648942295,1.0798766678934337
Rg w/no norm,No regr out,Inliers,ProtBERT,high,20,Lasso,80/20,0.39385275760953486,1.1095831747577218
Rg w/no norm,No regr out,Inliers,ProtBERT,high,20,Kernel Ridge,80/20,0.5015455035004592,1.006198243463624
Rg w/no norm,No regr out,Inliers,ProtBERT,high,20,GPR,80/20,0.49097600567407684,1.0168102677551174
Rg w/no norm,No regr out,Inliers,ProtBERT,high,20,Linear,85/15,-0.28555630990781533,1.2092175912584169
Rg w/no norm,No regr out,Inliers,ProtBERT,high,20,Ridge,85/15,0.2304863431835339,0.9355501446100702
Rg w/no norm,No regr out,Inliers,ProtBERT,high,20,Lasso,85/15,0.04182983141897478,1.0439512703306513
Rg w/no norm,No regr out,Inliers,ProtBERT,high,20,Kernel Ridge,85/15,0.5314070901704406,0.7300569855822427
Rg w/no norm,No regr out,Inliers,ProtBERT,high,20,GPR,85/15,0.48664693812436566,0.7641295286698963
Rg w/no norm,No regr out,Inliers,ProtBERT,high,20,Linear,90/10,-0.5266728209373739,1.409484717728047
Rg w/no norm,No regr out,Inliers,ProtBERT,high,20,Ridge,90/10,0.11384704032341708,1.0738453245254127
Rg w/no norm,No regr out,Inliers,ProtBERT,high,20,Lasso,90/10,-0.10762904345248447,1.2005618863526932
Rg w/no norm,No regr out,Inliers,ProtBERT,high,20,Kernel Ridge,90/10,0.41967916791559323,0.8690033784812989
Rg w/no norm,No regr out,Inliers,ProtBERT,high,20,GPR,90/10,0.39169210245800845,0.8897113110144559
Rg norm w/0.427,No regr out,All,ProtBERT,high,20,Linear,80/20,0.13096364442427466,0.4520794638483436
Rg norm w/0.427,No regr out,All,ProtBERT,high,20,Ridge,80/20,0.12554729792815245,0.4534860882886058
Rg norm w/0.427,No regr out,All,ProtBERT,high,20,Lasso,80/20,0.04282502158846879,0.474451118913079
Rg norm w/0.427,No regr out,All,ProtBERT,high,20,Kernel Ridge,80/20,0.02384413839161914,0.47913223454171716
Rg norm w/0.427,No regr out,All,ProtBERT,high,20,GPR,80/20,0.809430717440218,0.21170068150127133
Rg norm w/0.427,No regr out,All,ProtBERT,high,20,Linear,85/15,0.13323355481781218,0.4415634880988655
Rg norm w/0.427,No regr out,All,ProtBERT,high,20,Ridge,85/15,0.13073110635570384,0.4422004494572463
Rg norm w/0.427,No regr out,All,ProtBERT,high,20,Lasso,85/15,0.11814803292021747,0.4453894793181791
Rg norm w/0.427,No regr out,All,ProtBERT,high,20,Kernel Ridge,85/15,0.03972160079123521,0.46477278535488037
Rg norm w/0.427,No regr out,All,ProtBERT,high,20,GPR,85/15,0.7564277207754768,0.2340755433906314
Rg norm w/0.427,No regr out,All,ProtBERT,high,20,Linear,90/10,0.13686798750164286,0.5288746894599546
Rg norm w/0.427,No regr out,All,ProtBERT,high,20,Ridge,90/10,0.1287994592255285,0.5313408905517678
Rg norm w/0.427,No regr out,All,ProtBERT,high,20,Lasso,90/10,0.0481621413799872,0.5553869340984727
Rg norm w/0.427,No regr out,All,ProtBERT,high,20,Kernel Ridge,90/10,0.02631433186052523,0.5617247504212792
Rg norm w/0.427,No regr out,All,ProtBERT,high,20,GPR,90/10,0.8533770901359597,0.21797921702107204
Rg norm w/0.427,No regr out,Inliers,ProtBERT,high,20,Linear,80/20,0.01872923230852952,0.09571221267986357
Rg norm w/0.427,No regr out,Inliers,ProtBERT,high,20,Ridge,80/20,0.20204239234492527,0.08631034161524426
Rg norm w/0.427,No regr out,Inliers,ProtBERT,high,20,Lasso,80/20,0.21067899166291137,0.08584198600799942
Rg norm w/0.427,No regr out,Inliers,ProtBERT,high,20,Kernel Ridge,80/20,0.04617370712365709,0.09436426698516412
Rg norm w/0.427,No regr out,Inliers,ProtBERT,high,20,GPR,80/20,-0.21804292016925153,0.10663609223794497
Rg norm w/0.427,No regr out,Inliers,ProtBERT,high,20,Linear,85/15,0.24470193482681457,0.08342543383468964
Rg norm w/0.427,No regr out,Inliers,ProtBERT,high,20,Ridge,85/15,0.29925480801080107,0.08035619259653826
Rg norm w/0.427,No regr out,Inliers,ProtBERT,high,20,Lasso,85/15,0.28874178994024624,0.0809567255429963
Rg norm w/0.427,No regr out,Inliers,ProtBERT,high,20,Kernel Ridge,85/15,0.28207942340750525,0.08133500321777008
Rg norm w/0.427,No regr out,Inliers,ProtBERT,high,20,GPR,85/15,-0.04255047962657921,0.09801393693655965
Rg norm w/0.427,No regr out,Inliers,ProtBERT,high,20,Linear,90/10,0.2366616573679533,0.0729536166197068
Rg norm w/0.427,No regr out,Inliers,ProtBERT,high,20,Ridge,90/10,0.2939249444956331,0.07016390020574657
Rg norm w/0.427,No regr out,Inliers,ProtBERT,high,20,Lasso,90/10,0.2830960936669582,0.07069989375805652
Rg norm w/0.427,No regr out,Inliers,ProtBERT,high,20,Kernel Ridge,90/10,0.33973876576212547,0.06784942749103462
Rg norm w/0.427,No regr out,Inliers,ProtBERT,high,20,GPR,90/10,0.17080314032908228,0.07603562359585846
Rg norm w/0.5,No regr out,All,ProtBERT,high,20,Linear,80/20,0.13046442369785283,0.4731481123159574
Rg norm w/0.5,No regr out,All,ProtBERT,high,20,Ridge,80/20,0.1250420040882303,0.47462109416746245
Rg norm w/0.5,No regr out,All,ProtBERT,high,20,Lasso,80/20,0.04494296598043557,0.4958702893124573
Rg norm w/0.5,No regr out,All,ProtBERT,high,20,Kernel Ridge,80/20,0.023975787105963264,0.5012838693675531
Rg norm w/0.5,No regr out,All,ProtBERT,high,20,GPR,80/20,0.8110408257013948,0.22056542001892462
Rg norm w/0.5,No regr out,All,ProtBERT,high,20,Linear,85/15,0.1335451026986041,0.46184770629769545
Rg norm w/0.5,No regr out,All,ProtBERT,high,20,Ridge,85/15,0.1308441802066589,0.4625669845083272
Rg norm w/0.5,No regr out,All,ProtBERT,high,20,Lasso,85/15,0.11948842372105895,0.46557895991187975
Rg norm w/0.5,No regr out,All,ProtBERT,high,20,Kernel Ridge,85/15,0.039812442877262044,0.4861875657843093
Rg norm w/0.5,No regr out,All,ProtBERT,high,20,GPR,85/15,0.758400986962835,0.24387842893336714
Rg norm w/0.5,No regr out,All,ProtBERT,high,20,Linear,90/10,0.13678259833042294,0.5532713565169849
Rg norm w/0.5,No regr out,All,ProtBERT,high,20,Ridge,90/10,0.12862142656300768,0.555880618272346
Rg norm w/0.5,No regr out,All,ProtBERT,high,20,Lasso,90/10,0.05023899421652733,0.5803436821868032
Rg norm w/0.5,No regr out,All,ProtBERT,high,20,Kernel Ridge,90/10,0.026415498459046227,0.5875771784221252
Rg norm w/0.5,No regr out,All,ProtBERT,high,20,GPR,90/10,0.854686902618286,0.22700241288952708
Rg norm w/0.5,No regr out,Inliers,ProtBERT,high,20,Linear,80/20,-0.07844011819017527,0.07204560962290311
Rg norm w/0.5,No regr out,Inliers,ProtBERT,high,20,Ridge,80/20,0.1513956959206041,0.06390901410786066
Rg norm w/0.5,No regr out,Inliers,ProtBERT,high,20,Lasso,80/20,0.22797993447302844,0.06095702974711335
Rg norm w/0.5,No regr out,Inliers,ProtBERT,high,20,Kernel Ridge,80/20,0.019599969726652455,0.06869279079125118
Rg norm w/0.5,No regr out,Inliers,ProtBERT,high,20,GPR,80/20,-0.21661539590803924,0.07652197261023021
Rg norm w/0.5,No regr out,Inliers,ProtBERT,high,20,Linear,85/15,0.210318095647113,0.06498967585099098
Rg norm w/0.5,No regr out,Inliers,ProtBERT,high,20,Ridge,85/15,0.27153629234656607,0.06241978058099959
Rg norm w/0.5,No regr out,Inliers,ProtBERT,high,20,Lasso,85/15,0.29451629601799023,0.061427348705173364
Rg norm w/0.5,No regr out,Inliers,ProtBERT,high,20,Kernel Ridge,85/15,0.2371042464859282,0.06387793622786372
Rg norm w/0.5,No regr out,Inliers,ProtBERT,high,20,GPR,85/15,-0.0036161540942463155,0.07326593549420357
Rg norm w/0.5,No regr out,Inliers,ProtBERT,high,20,Linear,90/10,0.2763699357539128,0.05128042829968886
Rg norm w/0.5,No regr out,Inliers,ProtBERT,high,20,Ridge,90/10,0.38225006798601113,0.04738050616442103
Rg norm w/0.5,No regr out,Inliers,ProtBERT,high,20,Lasso,90/10,0.39717535712634655,0.04680463271430819
Rg norm w/0.5,No regr out,Inliers,ProtBERT,high,20,Kernel Ridge,90/10,0.24086083029644456,0.05252354652506769
Rg norm w/0.5,No regr out,Inliers,ProtBERT,high,20,GPR,90/10,0.27797102633308135,0.051223665817858664
Rg norm w/0.418,No regr out,All,ProtBERT,high,20,Linear,80/20,0.13586024929994678,0.31311932482251964
Rg norm w/0.418,No regr out,All,ProtBERT,high,20,Ridge,80/20,0.1307617434080136,0.31404168307231306
Rg norm w/0.418,No regr out,All,ProtBERT,high,20,Lasso,80/20,0.03346425954562571,0.3311515858569433
Rg norm w/0.418,No regr out,All,ProtBERT,high,20,Kernel Ridge,80/20,0.02336148105035174,0.3328777786794991
Rg norm w/0.418,No regr out,All,ProtBERT,high,20,GPR,80/20,0.7951832875879974,0.15244057408176961
Rg norm w/0.418,No regr out,All,ProtBERT,high,20,Linear,85/15,0.13169841179395303,0.30742160200244
Rg norm w/0.418,No regr out,All,ProtBERT,high,20,Ridge,85/15,0.13097151162708054,0.3075502543439237
Rg norm w/0.418,No regr out,All,ProtBERT,high,20,Lasso,85/15,0.11475291388000175,0.3104068786055949
Rg norm w/0.418,No regr out,All,ProtBERT,high,20,Kernel Ridge,85/15,0.03942784735982452,0.3233434588767441
Rg norm w/0.418,No regr out,All,ProtBERT,high,20,GPR,85/15,0.7389002998008863,0.16857853302204479
Rg norm w/0.418,No regr out,All,ProtBERT,high,20,Linear,90/10,0.13851754818718376,0.367587066051253
Rg norm w/0.418,No regr out,All,ProtBERT,high,20,Ridge,90/10,0.1313113372601764,0.36912127810087814
Rg norm w/0.418,No regr out,All,ProtBERT,high,20,Lasso,90/10,0.1012547234856126,0.3754527715689467
Rg norm w/0.418,No regr out,All,ProtBERT,high,20,Kernel Ridge,90/10,0.02587472276107916,0.39088086489424906
Rg norm w/0.418,No regr out,All,ProtBERT,high,20,GPR,90/10,0.8417822604128808,0.15753047841574108
Rg norm w/0.418,No regr out,Inliers,ProtBERT,high,20,Linear,80/20,0.033913653532487986,0.09936736185476881
Rg norm w/0.418,No regr out,Inliers,ProtBERT,high,20,Ridge,80/20,0.21035498797895968,0.08983627496530854
Rg norm w/0.418,No regr out,Inliers,ProtBERT,high,20,Lasso,80/20,0.2114738609236012,0.08977260647688899
Rg norm w/0.418,No regr out,Inliers,ProtBERT,high,20,Kernel Ridge,80/20,0.05425233485680514,0.09831582467296256
Rg norm w/0.418,No regr out,Inliers,ProtBERT,high,20,GPR,80/20,-0.21005136819714387,0.11120842525819931
Rg norm w/0.418,No regr out,Inliers,ProtBERT,high,20,Linear,85/15,0.2475503373220903,0.08633508379025344
Rg norm w/0.418,No regr out,Inliers,ProtBERT,high,20,Ridge,85/15,0.30273852035097126,0.08310868783911712
Rg norm w/0.418,No regr out,Inliers,ProtBERT,high,20,Lasso,85/15,0.2925445119802479,0.08371401062449356
Rg norm w/0.418,No regr out,Inliers,ProtBERT,high,20,Kernel Ridge,85/15,0.2891643370835355,0.08391376227427257
Rg norm w/0.418,No regr out,Inliers,ProtBERT,high,20,GPR,85/15,-0.04377944364300057,0.10168407883906984
Rg norm w/0.418,No regr out,Inliers,ProtBERT,high,20,Linear,90/10,0.2302028286397858,0.07658372267167465
Rg norm w/0.418,No regr out,Inliers,ProtBERT,high,20,Ridge,90/10,0.2846714730435096,0.07382459790033159
Rg norm w/0.418,No regr out,Inliers,ProtBERT,high,20,Lasso,90/10,0.2651460000242396,0.07482536585767821
Rg norm w/0.418,No regr out,Inliers,ProtBERT,high,20,Kernel Ridge,90/10,0.337277227143007,0.07105821028943404
Rg norm w/0.418,No regr out,Inliers,ProtBERT,high,20,GPR,90/10,0.16202653271774892,0.07990306737854773
Rg w/no norm,pH regr out,All,ProtBERT,high,20,Linear,80/20,0.1105081514809122,3.9935970140207724
Rg w/no norm,pH regr out,All,ProtBERT,high,20,Ridge,80/20,0.11620873532844367,3.9807793431805782
Rg w/no norm,pH regr out,All,ProtBERT,high,20,Lasso,80/20,0.0819817105429318,4.057129960579382
Rg w/no norm,pH regr out,All,ProtBERT,high,20,Kernel Ridge,80/20,0.902701721821634,1.3208266718137829
Rg w/no norm,pH regr out,All,ProtBERT,high,20,GPR,80/20,0.900856128040587,1.3332948162711806
Rg w/no norm,pH regr out,All,ProtBERT,high,20,Linear,85/15,0.16023484747517025,3.761987637650884
Rg w/no norm,pH regr out,All,ProtBERT,high,20,Ridge,85/15,0.15559633549767704,3.772363154140805
Rg w/no norm,pH regr out,All,ProtBERT,high,20,Lasso,85/15,0.1320766505929598,3.824539280057773
Rg w/no norm,pH regr out,All,ProtBERT,high,20,Kernel Ridge,85/15,0.8981807238772845,1.3099461481504886
Rg w/no norm,pH regr out,All,ProtBERT,high,20,GPR,85/15,0.8960821774118773,1.323376623196562
Rg w/no norm,pH regr out,All,ProtBERT,high,20,Linear,90/10,0.1450380693147293,4.519139049731863
Rg w/no norm,pH regr out,All,ProtBERT,high,20,Ridge,90/10,0.1380426838563905,4.537589413558033
Rg w/no norm,pH regr out,All,ProtBERT,high,20,Lasso,90/10,0.11315853189682257,4.602622030990379
Rg w/no norm,pH regr out,All,ProtBERT,high,20,Kernel Ridge,90/10,0.8906029279900027,1.6165351970128543
Rg w/no norm,pH regr out,All,ProtBERT,high,20,GPR,90/10,0.9016141618522857,1.5330227883550693
Rg w/no norm,pH regr out,Inliers,ProtBERT,high,20,Linear,80/20,0.39327370498300185,1.1100884198307166
Rg w/no norm,pH regr out,Inliers,ProtBERT,high,20,Ridge,80/20,0.42585980623489306,1.0798666760124078
Rg w/no norm,pH regr out,Inliers,ProtBERT,high,20,Lasso,80/20,0.3938377442535874,1.1095723065060707
Rg w/no norm,pH regr out,Inliers,ProtBERT,high,20,Kernel Ridge,80/20,0.5287167491963745,0.9783678348838809
Rg w/no norm,pH regr out,Inliers,ProtBERT,high,20,GPR,80/20,0.5778142543194045,0.9260041789365793
Rg w/no norm,pH regr out,Inliers,ProtBERT,high,20,Linear,85/15,-0.28559384551643907,1.2092249279104577
Rg w/no norm,pH regr out,Inliers,ProtBERT,high,20,Ridge,85/15,0.23046277701078766,0.9355564882588606
Rg w/no norm,pH regr out,Inliers,ProtBERT,high,20,Lasso,85/15,0.04177978987983033,1.04396962407927
Rg w/no norm,pH regr out,Inliers,ProtBERT,high,20,Kernel Ridge,85/15,0.5714399727034145,0.6981697527327908
Rg w/no norm,pH regr out,Inliers,ProtBERT,high,20,GPR,85/15,0.6409519958877428,0.6390450241272176
Rg w/no norm,pH regr out,Inliers,ProtBERT,high,20,Linear,90/10,-0.5267057271968725,1.4094996268802502
Rg w/no norm,pH regr out,Inliers,ProtBERT,high,20,Ridge,90/10,0.1138260833166056,1.0738578083171308
Rg w/no norm,pH regr out,Inliers,ProtBERT,high,20,Lasso,90/10,-0.107683186231881,1.2005909894354174
Rg w/no norm,pH regr out,Inliers,ProtBERT,high,20,Kernel Ridge,90/10,0.4776471242847483,0.8244594358742845
Rg w/no norm,pH regr out,Inliers,ProtBERT,high,20,GPR,90/10,0.5592312938400383,0.757343102143341
Rg norm w/0.427,pH regr out,All,ProtBERT,high,20,Linear,80/20,0.1309227778741796,0.45207611410219023
Rg norm w/0.427,pH regr out,All,ProtBERT,high,20,Ridge,80/20,0.12550732333560655,0.4534824308098439
Rg norm w/0.427,pH regr out,All,ProtBERT,high,20,Lasso,80/20,0.04279336179351956,0.4744442945469864
Rg norm w/0.427,pH regr out,All,ProtBERT,high,20,Kernel Ridge,80/20,0.9163542604156296,0.14025045866964705
Rg norm w/0.427,pH regr out,All,ProtBERT,high,20,GPR,80/20,0.9206108499176306,0.1366353122933251
Rg norm w/0.427,pH regr out,All,ProtBERT,high,20,Linear,85/15,0.1331865572258486,0.44156339621234325
Rg norm w/0.427,pH regr out,All,ProtBERT,high,20,Ridge,85/15,0.13068723323181242,0.4421995282557487
Rg norm w/0.427,pH regr out,All,ProtBERT,high,20,Lasso,85/15,0.1181054310412335,0.4453880700916012
Rg norm w/0.427,pH regr out,All,ProtBERT,high,20,Kernel Ridge,85/15,0.8976047386983466,0.15176449299049447
Rg norm w/0.427,pH regr out,All,ProtBERT,high,20,GPR,85/15,0.9112275587082215,0.14130883884707635
Rg norm w/0.427,pH regr out,All,ProtBERT,high,20,Linear,90/10,0.13681498026436112,0.5288751714373053
Rg norm w/0.427,pH regr out,All,ProtBERT,high,20,Ridge,90/10,0.12875013096286858,0.5313401018534367
Rg norm w/0.427,pH regr out,All,ProtBERT,high,20,Lasso,90/10,0.0481314902792882,0.5553793290629873
Rg norm w/0.427,pH regr out,All,ProtBERT,high,20,Kernel Ridge,90/10,0.9012816941036723,0.17885458531137327
Rg norm w/0.427,pH regr out,All,ProtBERT,high,20,GPR,90/10,0.9144918463065703,0.1664581242168958
Rg norm w/0.427,pH regr out,Inliers,ProtBERT,high,20,Linear,80/20,0.018675767655962572,0.09571242124042907
Rg norm w/0.427,pH regr out,Inliers,ProtBERT,high,20,Ridge,80/20,0.20202137104532747,0.0863093153038685
Rg norm w/0.427,pH regr out,Inliers,ProtBERT,high,20,Lasso,80/20,0.21065205706631773,0.0858412991723442
Rg norm w/0.427,pH regr out,Inliers,ProtBERT,high,20,Kernel Ridge,80/20,0.1325415354845928,0.089988370077856
Rg norm w/0.427,pH regr out,Inliers,ProtBERT,high,20,GPR,80/20,0.1846024632326534,0.08724624385579367
Rg norm w/0.427,pH regr out,Inliers,ProtBERT,high,20,Linear,85/15,0.24465063256080255,0.08342558548772454
Rg norm w/0.427,pH regr out,Inliers,ProtBERT,high,20,Ridge,85/15,0.29921630697806556,0.08035581718244658
Rg norm w/0.427,pH regr out,Inliers,ProtBERT,high,20,Lasso,85/15,0.28867171975095274,0.08095811095615073
Rg norm w/0.427,pH regr out,Inliers,ProtBERT,high,20,Kernel Ridge,85/15,0.269763049019379,0.08202707604239148
Rg norm w/0.427,pH regr out,Inliers,ProtBERT,high,20,GPR,85/15,0.3668716732968158,0.07637851330658196
Rg norm w/0.427,pH regr out,Inliers,ProtBERT,high,20,Linear,90/10,0.23659987250455317,0.07295650846291166
Rg norm w/0.427,pH regr out,Inliers,ProtBERT,high,20,Ridge,90/10,0.2938651674358691,0.0701668119905835
Rg norm w/0.427,pH regr out,Inliers,ProtBERT,high,20,Lasso,90/10,0.2830238541476501,0.07070339706757914
Rg norm w/0.427,pH regr out,Inliers,ProtBERT,high,20,Kernel Ridge,90/10,0.27626089956062594,0.07103607310578473
Rg norm w/0.427,pH regr out,Inliers,ProtBERT,high,20,GPR,90/10,0.5255375881786255,0.057516020979366034
Rg norm w/0.5,pH regr out,All,ProtBERT,high,20,Linear,80/20,0.1358139264504653,0.3131164851986093
Rg norm w/0.5,pH regr out,All,ProtBERT,high,20,Ridge,80/20,0.13071687516795405,0.3140385229686244
Rg norm w/0.5,pH regr out,All,ProtBERT,high,20,Lasso,80/20,0.03342863733131285,0.3311458094394733
Rg norm w/0.5,pH regr out,All,ProtBERT,high,20,Kernel Ridge,80/20,0.9131901488070295,0.09924001186147731
Rg norm w/0.5,pH regr out,All,ProtBERT,high,20,GPR,80/20,0.9168249689300122,0.09714015397087478
Rg norm w/0.5,pH regr out,All,ProtBERT,high,20,Linear,85/15,0.13164734381823928,0.3074208594566697
Rg norm w/0.5,pH regr out,All,ProtBERT,high,20,Ridge,85/15,0.1309240450203102,0.30754886669682463
Rg norm w/0.5,pH regr out,All,ProtBERT,high,20,Lasso,85/15,0.11471011310294321,0.31040450479048154
Rg norm w/0.5,pH regr out,All,ProtBERT,high,20,Kernel Ridge,85/15,0.8923337584882726,0.10824928592605153
Rg norm w/0.5,pH regr out,All,ProtBERT,high,20,GPR,85/15,0.9051908510114652,0.10158050978590717
Rg norm w/0.5,pH regr out,All,ProtBERT,high,20,Linear,90/10,0.1384596184507474,0.3675868233356387
Rg norm w/0.5,pH regr out,All,ProtBERT,high,20,Ridge,90/10,0.13125751906614724,0.36912005795093217
Rg norm w/0.5,pH regr out,All,ProtBERT,high,20,Lasso,90/10,0.10120743240821783,0.37544977829172205
Rg norm w/0.5,pH regr out,All,ProtBERT,high,20,Kernel Ridge,90/10,0.8966608735011494,0.1273076522361405
Rg norm w/0.5,pH regr out,All,ProtBERT,high,20,GPR,90/10,0.9092297717316346,0.11931466598344911
Rg norm w/0.5,pH regr out,Inliers,ProtBERT,high,20,Linear,80/20,-0.07851964237834208,0.07204687606092762
Rg norm w/0.5,pH regr out,Inliers,ProtBERT,high,20,Ridge,80/20,0.15137086858393634,0.0639087161392649
Rg norm w/0.5,pH regr out,Inliers,ProtBERT,high,20,Lasso,80/20,0.2279603978322593,0.06095662513129414
Rg norm w/0.5,pH regr out,Inliers,ProtBERT,high,20,Kernel Ridge,80/20,0.13186667807004993,0.06463895671663428
Rg norm w/0.5,pH regr out,Inliers,ProtBERT,high,20,GPR,80/20,0.15849291437507818,0.0636399769523604
Rg norm w/0.5,pH regr out,Inliers,ProtBERT,high,20,Linear,85/15,0.21024458151054937,0.06499093625136917
Rg norm w/0.5,pH regr out,Inliers,ProtBERT,high,20,Ridge,85/15,0.27149393449605086,0.0624199005346798
Rg norm w/0.5,pH regr out,Inliers,ProtBERT,high,20,Lasso,85/15,0.2944853341676127,0.06142702881566088
Rg norm w/0.5,pH regr out,Inliers,ProtBERT,high,20,Kernel Ridge,85/15,0.24199193565467358,0.0636712534072454
Rg norm w/0.5,pH regr out,Inliers,ProtBERT,high,20,GPR,85/15,0.2753058962033603,0.06225637797698363
Rg norm w/0.5,pH regr out,Inliers,ProtBERT,high,20,Linear,90/10,0.27625844847739145,0.05128479883886349
Rg norm w/0.5,pH regr out,Inliers,ProtBERT,high,20,Ridge,90/10,0.3821752107972517,0.047383765206788594
Rg norm w/0.5,pH regr out,Inliers,ProtBERT,high,20,Lasso,90/10,0.39710646312428444,0.046807690868242026
Rg norm w/0.5,pH regr out,Inliers,ProtBERT,high,20,Kernel Ridge,90/10,0.33187310068903086,0.04927497145734519
Rg norm w/0.5,pH regr out,Inliers,ProtBERT,high,20,GPR,90/10,0.570768940421559,0.03949503227073722
Rg norm w/0.418,pH regr out,All,ProtBERT,high,20,Linear,80/20,0.13042417502589843,0.4731446976588987
Rg norm w/0.418,pH regr out,All,ProtBERT,high,20,Ridge,80/20,0.12500258545659026,0.47461737569298634
Rg norm w/0.418,pH regr out,All,ProtBERT,high,20,Lasso,80/20,0.04490888564822482,0.495864081832822
Rg norm w/0.418,pH regr out,All,ProtBERT,high,20,Kernel Ridge,80/20,0.9165031232102474,0.14661397356106637
Rg norm w/0.418,pH regr out,All,ProtBERT,high,20,GPR,80/20,0.9208768955820591,0.14272232373611657
Rg norm w/0.418,pH regr out,All,ProtBERT,high,20,Linear,85/15,0.13349855714372605,0.46184772996910944
Rg norm w/0.418,pH regr out,All,ProtBERT,high,20,Ridge,85/15,0.13080070952681644,0.462566151424306
Rg norm w/0.418,pH regr out,All,ProtBERT,high,20,Lasso,85/15,0.11944576102773685,0.46557775765051596
Rg norm w/0.418,pH regr out,All,ProtBERT,high,20,Kernel Ridge,85/15,0.8979755850880257,0.15847699392618936
Rg norm w/0.418,pH regr out,All,ProtBERT,high,20,GPR,85/15,0.9117406116303888,0.1473990298175326
Rg norm w/0.418,pH regr out,All,ProtBERT,high,20,Linear,90/10,0.1367301376606198,0.5532719641945796
Rg norm w/0.418,pH regr out,All,ProtBERT,high,20,Ridge,90/10,0.1285725991890726,0.5558799117926735
Rg norm w/0.418,pH regr out,All,ProtBERT,high,20,Lasso,90/10,0.0502060261058489,0.5803367577140008
Rg norm w/0.418,pH regr out,All,ProtBERT,high,20,Kernel Ridge,90/10,0.9015945466436162,0.18679917652425482
Rg norm w/0.418,pH regr out,All,ProtBERT,high,20,GPR,90/10,0.9149383011929737,0.1736730375215902
Rg norm w/0.418,pH regr out,Inliers,ProtBERT,high,20,Linear,80/20,0.03386342263059605,0.09936738915182086
Rg norm w/0.418,pH regr out,Inliers,ProtBERT,high,20,Ridge,80/20,0.21033446740454664,0.08983513150517304
Rg norm w/0.418,pH regr out,Inliers,ProtBERT,high,20,Lasso,80/20,0.2114455590612082,0.08977190840839328
Rg norm w/0.418,pH regr out,Inliers,ProtBERT,high,20,Kernel Ridge,80/20,0.1369518103637043,0.09391655198571605
Rg norm w/0.418,pH regr out,Inliers,ProtBERT,high,20,GPR,80/20,0.18650201908149344,0.09118068623410562
Rg norm w/0.418,pH regr out,Inliers,ProtBERT,high,20,Linear,85/15,0.2475018859452781,0.08633505396714973
Rg norm w/0.418,pH regr out,Inliers,ProtBERT,high,20,Ridge,85/15,0.302700689950289,0.08310823796887178
Rg norm w/0.418,pH regr out,Inliers,ProtBERT,high,20,Lasso,85/15,0.29247628709273177,0.08371532293724628
Rg norm w/0.418,pH regr out,Inliers,ProtBERT,high,20,Kernel Ridge,85/15,0.2752074038510788,0.08473080471673183
Rg norm w/0.418,pH regr out,Inliers,ProtBERT,high,20,GPR,85/15,0.3719495054611287,0.0788736134826791
Rg norm w/0.418,pH regr out,Inliers,ProtBERT,high,20,Linear,90/10,0.23014664337133883,0.07658638673556854
Rg norm w/0.418,pH regr out,Inliers,ProtBERT,high,20,Ridge,90/10,0.28461359154125476,0.07382745864533735
Rg norm w/0.418,pH regr out,Inliers,ProtBERT,high,20,Lasso,90/10,0.2650758814833325,0.0748288079303015
Rg norm w/0.418,pH regr out,Inliers,ProtBERT,high,20,Kernel Ridge,90/10,0.27342950981608827,0.07440231592716065
Rg norm w/0.418,pH regr out,Inliers,ProtBERT,high,20,GPR,90/10,0.5233501862677512,0.06026252025148184
Rg w/no norm,buffer regr out,All,ProtBERT,high,20,Linear,80/20,0.14926655876306538,4.01126113683889
Rg w/no norm,buffer regr out,All,ProtBERT,high,20,Ridge,80/20,0.14721457427784534,4.016095840542336
Rg w/no norm,buffer regr out,All,ProtBERT,high,20,Lasso,80/20,0.11623392697303536,4.0883949786528735
Rg w/no norm,buffer regr out,All,ProtBERT,high,20,Kernel Ridge,80/20,0.8701269994227404,1.5672692790095675
Rg w/no norm,buffer regr out,All,ProtBERT,high,20,GPR,80/20,0.8659938140468625,1.592012989245459
Rg w/no norm,buffer regr out,All,ProtBERT,high,20,Linear,85/15,0.15454543134043286,3.9783017885760352
Rg w/no norm,buffer regr out,All,ProtBERT,high,20,Ridge,85/15,0.1517778573296843,3.9848079033476096
Rg w/no norm,buffer regr out,All,ProtBERT,high,20,Lasso,85/15,0.13068337355983717,4.034052819913741
Rg w/no norm,buffer regr out,All,ProtBERT,high,20,Kernel Ridge,85/15,0.8460803546708162,1.697460255093453
Rg w/no norm,buffer regr out,All,ProtBERT,high,20,GPR,85/15,0.8512514740065779,1.6687025237958102
Rg w/no norm,buffer regr out,All,ProtBERT,high,20,Linear,90/10,0.1516716691497133,4.748679448830919
Rg w/no norm,buffer regr out,All,ProtBERT,high,20,Ridge,90/10,0.14533899109833626,4.766370680362998
Rg w/no norm,buffer regr out,All,ProtBERT,high,20,Lasso,90/10,0.12294103952176594,4.828422485765824
Rg w/no norm,buffer regr out,All,ProtBERT,high,20,Kernel Ridge,90/10,0.8557391551512932,1.9582363341456142
Rg w/no norm,buffer regr out,All,ProtBERT,high,20,GPR,90/10,0.8685380944420482,1.869350895547909
Rg w/no norm,buffer regr out,Inliers,ProtBERT,high,20,Linear,80/20,0.2260362122774736,1.2286147736080621
Rg w/no norm,buffer regr out,Inliers,ProtBERT,high,20,Ridge,80/20,0.24831486817215997,1.210802733084299
Rg w/no norm,buffer regr out,Inliers,ProtBERT,high,20,Lasso,80/20,0.2505379538250019,1.2090109514013196
Rg w/no norm,buffer regr out,Inliers,ProtBERT,high,20,Kernel Ridge,80/20,0.3080280989106621,1.1617151211344365
Rg w/no norm,buffer regr out,Inliers,ProtBERT,high,20,GPR,80/20,0.20861935088411565,1.2423619047073058
Rg w/no norm,buffer regr out,Inliers,ProtBERT,high,20,Linear,85/15,-0.06613862428629691,1.264945441203128
Rg w/no norm,buffer regr out,Inliers,ProtBERT,high,20,Ridge,85/15,0.10366515235220897,1.15984537797536
Rg w/no norm,buffer regr out,Inliers,ProtBERT,high,20,Lasso,85/15,0.03317477211187214,1.2045891376683968
Rg w/no norm,buffer regr out,Inliers,ProtBERT,high,20,Kernel Ridge,85/15,0.43161482817062147,0.9236051061549411
Rg w/no norm,buffer regr out,Inliers,ProtBERT,high,20,GPR,85/15,0.2818567243651483,1.0381748521276817
Rg w/no norm,buffer regr out,Inliers,ProtBERT,high,20,Linear,90/10,-0.09161061794767655,1.443200712268063
Rg w/no norm,buffer regr out,Inliers,ProtBERT,high,20,Ridge,90/10,0.09261297574968286,1.31579775514207
Rg w/no norm,buffer regr out,Inliers,ProtBERT,high,20,Lasso,90/10,0.040898456354643176,1.352773707894651
Rg w/no norm,buffer regr out,Inliers,ProtBERT,high,20,Kernel Ridge,90/10,0.3937766162525117,1.0754969943658923
Rg w/no norm,buffer regr out,Inliers,ProtBERT,high,20,GPR,90/10,0.28766850797986,1.1658265225197946
Rg norm w/0.427,buffer regr out,All,ProtBERT,high,20,Linear,80/20,0.14829814764407956,0.4516314378861705
Rg norm w/0.427,buffer regr out,All,ProtBERT,high,20,Ridge,80/20,0.14435321202035556,0.4526761688713369
Rg norm w/0.427,buffer regr out,All,ProtBERT,high,20,Lasso,80/20,-0.0012921637432563582,0.4896894844797484
Rg norm w/0.427,buffer regr out,All,ProtBERT,high,20,Kernel Ridge,80/20,0.8023337834768206,0.21757379869128854
Rg norm w/0.427,buffer regr out,All,ProtBERT,high,20,GPR,80/20,0.9071350080628038,0.14913046848050898
Rg norm w/0.427,buffer regr out,All,ProtBERT,high,20,Linear,85/15,0.1270938356237541,0.4509471843903863
Rg norm w/0.427,buffer regr out,All,ProtBERT,high,20,Ridge,85/15,0.12973729572155746,0.45026385507129535
Rg norm w/0.427,buffer regr out,All,ProtBERT,high,20,Lasso,85/15,0.12620440923785858,0.4511768666999282
Rg norm w/0.427,buffer regr out,All,ProtBERT,high,20,Kernel Ridge,85/15,0.8806598899832534,0.16673820289138386
Rg norm w/0.427,buffer regr out,All,ProtBERT,high,20,GPR,85/15,0.8932085503860032,0.1577284880538564
Rg norm w/0.427,buffer regr out,All,ProtBERT,high,20,Linear,90/10,0.1492639546693295,0.5349485347030158
Rg norm w/0.427,buffer regr out,All,ProtBERT,high,20,Ridge,90/10,0.14242970399689858,0.5370929479624935
Rg norm w/0.427,buffer regr out,All,ProtBERT,high,20,Lasso,90/10,0.06946631096584654,0.5594749365470544
Rg norm w/0.427,buffer regr out,All,ProtBERT,high,20,Kernel Ridge,90/10,0.8933694345182873,0.1893893011121603
Rg norm w/0.427,buffer regr out,All,ProtBERT,high,20,GPR,90/10,0.9064715132688844,0.17737260281923645
Rg norm w/0.427,buffer regr out,Inliers,ProtBERT,high,20,Linear,80/20,-0.2217241949084654,0.12027786840907577
Rg norm w/0.427,buffer regr out,Inliers,ProtBERT,high,20,Ridge,80/20,-0.02588694703185057,0.11021707657863093
Rg norm w/0.427,buffer regr out,Inliers,ProtBERT,high,20,Lasso,80/20,-0.05135560873884493,0.11157681327417482
Rg norm w/0.427,buffer regr out,Inliers,ProtBERT,high,20,Kernel Ridge,80/20,0.11820524692770984,0.10218399799626161
Rg norm w/0.427,buffer regr out,Inliers,ProtBERT,high,20,GPR,80/20,0.09710154103168256,0.1033995363559004
Rg norm w/0.427,buffer regr out,Inliers,ProtBERT,high,20,Linear,85/15,-0.12197538295886079,0.11362291643138987
Rg norm w/0.427,buffer regr out,Inliers,ProtBERT,high,20,Ridge,85/15,-0.01380198101718233,0.10800673457713543
Rg norm w/0.427,buffer regr out,Inliers,ProtBERT,high,20,Lasso,85/15,0.01364827630204457,0.10653447553426382
Rg norm w/0.427,buffer regr out,Inliers,ProtBERT,high,20,Kernel Ridge,85/15,0.20577600707278876,0.0955973315053495
Rg norm w/0.427,buffer regr out,Inliers,ProtBERT,high,20,GPR,85/15,0.3654078919789524,0.08545187600977838
Rg norm w/0.427,buffer regr out,Inliers,ProtBERT,high,20,Linear,90/10,-0.06236227135345751,0.10370071891146698
Rg norm w/0.427,buffer regr out,Inliers,ProtBERT,high,20,Ridge,90/10,0.020032946784595662,0.09959813017470265
Rg norm w/0.427,buffer regr out,Inliers,ProtBERT,high,20,Lasso,90/10,0.01354018495783793,0.09992752867228702
Rg norm w/0.427,buffer regr out,Inliers,ProtBERT,high,20,Kernel Ridge,90/10,0.3100779827041409,0.08356904709726146
Rg norm w/0.427,buffer regr out,Inliers,ProtBERT,high,20,GPR,90/10,0.46517646249611555,0.07357846171205128
Rg norm w/0.5,buffer regr out,All,ProtBERT,high,20,Linear,80/20,0.14933080766094142,0.31241730261500006
Rg norm w/0.5,buffer regr out,All,ProtBERT,high,20,Ridge,80/20,0.14691056615286968,0.31286141666105244
Rg norm w/0.5,buffer regr out,All,ProtBERT,high,20,Lasso,80/20,0.06076601224458433,0.32827788442027805
Rg norm w/0.5,buffer regr out,All,ProtBERT,high,20,Kernel Ridge,80/20,0.7992610395665734,0.1517646278893861
Rg norm w/0.5,buffer regr out,All,ProtBERT,high,20,GPR,80/20,0.9042239508545763,0.1048294205052334
Rg norm w/0.5,buffer regr out,All,ProtBERT,high,20,Linear,85/15,0.12418692594455494,0.3121937889817325
Rg norm w/0.5,buffer regr out,All,ProtBERT,high,20,Ridge,85/15,0.12917813378757292,0.31130293079515803
Rg norm w/0.5,buffer regr out,All,ProtBERT,high,20,Lasso,85/15,0.07341266545845415,0.32111583810571315
Rg norm w/0.5,buffer regr out,All,ProtBERT,high,20,Kernel Ridge,85/15,0.8760085541149756,0.11746660278286619
Rg norm w/0.5,buffer regr out,All,ProtBERT,high,20,GPR,85/15,0.888352201677484,0.11146631098917946
Rg norm w/0.5,buffer regr out,All,ProtBERT,high,20,Linear,90/10,0.1499395149279843,0.3696647504699899
Rg norm w/0.5,buffer regr out,All,ProtBERT,high,20,Ridge,90/10,0.14433354518690578,0.37088167798144045
Rg norm w/0.5,buffer regr out,All,ProtBERT,high,20,Lasso,90/10,0.061579229703863425,0.3884024240723968
Rg norm w/0.5,buffer regr out,All,ProtBERT,high,20,Kernel Ridge,90/10,0.8898052278857485,0.13309557643703482
Rg norm w/0.5,buffer regr out,All,ProtBERT,high,20,GPR,90/10,0.9027402091965395,0.12504023796159178
Rg norm w/0.5,buffer regr out,Inliers,ProtBERT,high,20,Linear,80/20,-0.22455201949079662,0.08846003946558262
Rg norm w/0.5,buffer regr out,Inliers,ProtBERT,high,20,Ridge,80/20,-0.016362190738749227,0.08059029763262897
Rg norm w/0.5,buffer regr out,Inliers,ProtBERT,high,20,Lasso,80/20,0.011550188318567911,0.07947596701675935
Rg norm w/0.5,buffer regr out,Inliers,ProtBERT,high,20,Kernel Ridge,80/20,0.17228392754255217,0.07272759118690814
Rg norm w/0.5,buffer regr out,Inliers,ProtBERT,high,20,GPR,80/20,0.10168519604630455,0.0757657257689274
Rg norm w/0.5,buffer regr out,Inliers,ProtBERT,high,20,Linear,85/15,-0.13824064275683545,0.08481869144873039
Rg norm w/0.5,buffer regr out,Inliers,ProtBERT,high,20,Ridge,85/15,-0.012071069886116836,0.07997974755651047
Rg norm w/0.5,buffer regr out,Inliers,ProtBERT,high,20,Lasso,85/15,0.013632306991623322,0.07895760076811277
Rg norm w/0.5,buffer regr out,Inliers,ProtBERT,high,20,Kernel Ridge,85/15,0.1855400049648961,0.07174793439019762
Rg norm w/0.5,buffer regr out,Inliers,ProtBERT,high,20,GPR,85/15,0.3496351225136686,0.06411402812554726
Rg norm w/0.5,buffer regr out,Inliers,ProtBERT,high,20,Linear,90/10,-0.04595227954577963,0.07161372191859357
Rg norm w/0.5,buffer regr out,Inliers,ProtBERT,high,20,Ridge,90/10,0.08611055513018728,0.0669402208484377
Rg norm w/0.5,buffer regr out,Inliers,ProtBERT,high,20,Lasso,90/10,0.14082517814839002,0.06490543738811323
Rg norm w/0.5,buffer regr out,Inliers,ProtBERT,high,20,Kernel Ridge,90/10,0.35456003803402847,0.05625592053853911
Rg norm w/0.5,buffer regr out,Inliers,ProtBERT,high,20,GPR,90/10,0.503452838608544,0.049342433206793844
Rg norm w/0.418,buffer regr out,All,ProtBERT,high,20,Linear,80/20,0.14824938448397806,0.47274998277481467
Rg norm w/0.418,buffer regr out,All,ProtBERT,high,20,Ridge,80/20,0.1441471062633759,0.4738870658650865
Rg norm w/0.418,buffer regr out,All,ProtBERT,high,20,Lasso,80/20,0.0015188762884984497,0.5118529647245292
Rg norm w/0.418,buffer regr out,All,ProtBERT,high,20,Kernel Ridge,80/20,0.8024969799525898,0.22764712195959239
Rg norm w/0.418,buffer regr out,All,ProtBERT,high,20,GPR,80/20,0.907246078091554,0.15600604775651353
Rg norm w/0.418,buffer regr out,All,ProtBERT,high,20,Linear,85/15,0.1275379611689348,0.4719905625881108
Rg norm w/0.418,buffer regr out,All,ProtBERT,high,20,Ridge,85/15,0.12991685758801252,0.47134664741718124
Rg norm w/0.418,buffer regr out,All,ProtBERT,high,20,Lasso,85/15,0.08421564821035288,0.4835669985155142
Rg norm w/0.418,buffer regr out,All,ProtBERT,high,20,Kernel Ridge,85/15,0.8809380295857112,0.17435988664142407
Rg norm w/0.418,buffer regr out,All,ProtBERT,high,20,GPR,85/15,0.8935057780812874,0.16490091580545355
Rg norm w/0.418,buffer regr out,All,ProtBERT,high,20,Linear,90/10,0.14924858044124012,0.5600295170895244
Rg norm w/0.418,buffer regr out,All,ProtBERT,high,20,Ridge,90/10,0.14228556382084434,0.5623166413482388
Rg norm w/0.418,buffer regr out,All,ProtBERT,high,20,Lasso,90/10,0.07143757256128136,0.585079834450694
Rg norm w/0.418,buffer regr out,All,ProtBERT,high,20,Kernel Ridge,90/10,0.8935474243329307,0.19810145411335525
Rg norm w/0.418,buffer regr out,All,ProtBERT,high,20,GPR,90/10,0.9066658450360408,0.18549400422059312
Rg norm w/0.418,buffer regr out,Inliers,ProtBERT,high,20,Linear,80/20,-0.21746728992961817,0.1251412902185441
Rg norm w/0.418,buffer regr out,Inliers,ProtBERT,high,20,Ridge,80/20,-0.02450919534322793,0.11479683321337317
Rg norm w/0.418,buffer regr out,Inliers,ProtBERT,high,20,Lasso,80/20,0.08559972357779577,0.10845264586857166
Rg norm w/0.418,buffer regr out,Inliers,ProtBERT,high,20,Kernel Ridge,80/20,0.11360476807801334,0.10677895911965722
Rg norm w/0.418,buffer regr out,Inliers,ProtBERT,high,20,GPR,80/20,0.09735915765456471,0.1077530241265557
Rg norm w/0.418,buffer regr out,Inliers,ProtBERT,high,20,Linear,85/15,-0.1186277643658209,0.11804504578396319
Rg norm w/0.418,buffer regr out,Inliers,ProtBERT,high,20,Ridge,85/15,-0.012921124136439532,0.1123292300175618
Rg norm w/0.418,buffer regr out,Inliers,ProtBERT,high,20,Lasso,85/15,0.012987973235846662,0.11088331214781111
Rg norm w/0.418,buffer regr out,Inliers,ProtBERT,high,20,Kernel Ridge,85/15,0.2095113332697166,0.09923223926152827
Rg norm w/0.418,buffer regr out,Inliers,ProtBERT,high,20,GPR,85/15,0.36713080382340624,0.08878956874701505
Rg norm w/0.418,buffer regr out,Inliers,ProtBERT,high,20,Linear,90/10,-0.061636503135740206,0.10877954019347888
Rg norm w/0.418,buffer regr out,Inliers,ProtBERT,high,20,Ridge,90/10,0.015267277215286423,0.1047655463660083
Rg norm w/0.418,buffer regr out,Inliers,ProtBERT,high,20,Lasso,90/10,0.016987761172324256,0.10467398535830706
Rg norm w/0.418,buffer regr out,Inliers,ProtBERT,high,20,Kernel Ridge,90/10,0.3067881067993259,0.0879006931783001
Rg norm w/0.418,buffer regr out,Inliers,ProtBERT,high,20,GPR,90/10,0.46020624651229547,0.07756632661444607
Rg w/no norm,expr pH only regr out,All,ProtBERT,high,20,Linear,80/20,0.07349997864474656,4.246563112982172
Rg w/no norm,expr pH only regr out,All,ProtBERT,high,20,Ridge,80/20,0.08816912833324186,4.212811353109784
Rg w/no norm,expr pH only regr out,All,ProtBERT,high,20,Lasso,80/20,0.08762797829742452,4.214061269590704
Rg w/no norm,expr pH only regr out,All,ProtBERT,high,20,Kernel Ridge,80/20,0.4497881402480408,3.272501391119823
Rg w/no norm,expr pH only regr out,All,ProtBERT,high,20,GPR,80/20,0.6924464320906973,2.4466691780825096
Rg w/no norm,expr pH only regr out,All,ProtBERT,high,20,Linear,85/15,0.13827249931735552,4.057422581007959
Rg w/no norm,expr pH only regr out,All,ProtBERT,high,20,Ridge,85/15,0.1424956346948053,4.047468105727651
Rg w/no norm,expr pH only regr out,All,ProtBERT,high,20,Lasso,85/15,0.1338137732114808,4.067905938515987
Rg w/no norm,expr pH only regr out,All,ProtBERT,high,20,Kernel Ridge,85/15,0.49516426075154896,3.105562770309976
Rg w/no norm,expr pH only regr out,All,ProtBERT,high,20,GPR,85/15,0.6893854447297241,2.435993733440272
Rg w/no norm,expr pH only regr out,All,ProtBERT,high,20,Linear,90/10,0.10411339238241712,4.7231994192273365
Rg w/no norm,expr pH only regr out,All,ProtBERT,high,20,Ridge,90/10,0.1082149155548735,4.7123752060699555
Rg w/no norm,expr pH only regr out,All,ProtBERT,high,20,Lasso,90/10,0.1025975956860189,4.727193442706858
Rg w/no norm,expr pH only regr out,All,ProtBERT,high,20,Kernel Ridge,90/10,0.4740294627034405,3.6190157143437345
Rg w/no norm,expr pH only regr out,All,ProtBERT,high,20,GPR,90/10,0.8258428445271908,2.0824779973718255
Rg w/no norm,expr pH only regr out,Inliers,ProtBERT,high,20,Linear,80/20,0.22687050438144596,1.9531417714746602
Rg w/no norm,expr pH only regr out,Inliers,ProtBERT,high,20,Ridge,80/20,0.2986681388564222,1.8602419407376154
Rg w/no norm,expr pH only regr out,Inliers,ProtBERT,high,20,Lasso,80/20,0.2874903136150202,1.875007604956645
Rg w/no norm,expr pH only regr out,Inliers,ProtBERT,high,20,Kernel Ridge,80/20,0.4767165946274996,1.6068529273979555
Rg w/no norm,expr pH only regr out,Inliers,ProtBERT,high,20,GPR,80/20,-0.41453201752738233,2.6418857852642015
Rg w/no norm,expr pH only regr out,Inliers,ProtBERT,high,20,Linear,85/15,-0.010033508982826067,2.1206289550210498
Rg w/no norm,expr pH only regr out,Inliers,ProtBERT,high,20,Ridge,85/15,0.28419783921485664,1.7852263909377095
Rg w/no norm,expr pH only regr out,Inliers,ProtBERT,high,20,Lasso,85/15,0.35845314604191925,1.690094489114006
Rg w/no norm,expr pH only regr out,Inliers,ProtBERT,high,20,Kernel Ridge,85/15,0.4741033449363653,1.530195780636825
Rg w/no norm,expr pH only regr out,Inliers,ProtBERT,high,20,GPR,85/15,-0.41320598741985126,2.508415814947541
Rg w/no norm,expr pH only regr out,Inliers,ProtBERT,high,20,Linear,90/10,-0.0418669886103038,2.1156290585331288
Rg w/no norm,expr pH only regr out,Inliers,ProtBERT,high,20,Ridge,90/10,0.34383636581951826,1.6789565739592065
Rg w/no norm,expr pH only regr out,Inliers,ProtBERT,high,20,Lasso,90/10,0.4455796222856797,1.543309312737455
Rg w/no norm,expr pH only regr out,Inliers,ProtBERT,high,20,Kernel Ridge,90/10,0.6748644731963646,1.181858812543507
Rg w/no norm,expr pH only regr out,Inliers,ProtBERT,high,20,GPR,90/10,-0.22582474683658726,2.294814455619969
Rg norm w/0.427,expr pH only regr out,All,ProtBERT,high,20,Linear,80/20,0.10593903275355776,0.47903307106886384
Rg norm w/0.427,expr pH only regr out,All,ProtBERT,high,20,Ridge,80/20,0.10638483786032671,0.4789136261847297
Rg norm w/0.427,expr pH only regr out,All,ProtBERT,high,20,Lasso,80/20,0.1085358757732392,0.47833687788855744
Rg norm w/0.427,expr pH only regr out,All,ProtBERT,high,20,Kernel Ridge,80/20,0.2016820261114115,0.4526576694808762
Rg norm w/0.427,expr pH only regr out,All,ProtBERT,high,20,GPR,80/20,0.6978226202576048,0.27849211596245654
Rg norm w/0.427,expr pH only regr out,All,ProtBERT,high,20,Linear,85/15,0.13226506141752237,0.47012134754432977
Rg norm w/0.427,expr pH only regr out,All,ProtBERT,high,20,Ridge,85/15,0.13608348318920305,0.46908583502755086
Rg norm w/0.427,expr pH only regr out,All,ProtBERT,high,20,Lasso,85/15,0.14206647305736553,0.467458703379743
Rg norm w/0.427,expr pH only regr out,All,ProtBERT,high,20,Kernel Ridge,85/15,0.4452415924291092,0.37589658190435665
Rg norm w/0.427,expr pH only regr out,All,ProtBERT,high,20,GPR,85/15,0.7009471995429731,0.27598810659977113
Rg norm w/0.427,expr pH only regr out,All,ProtBERT,high,20,Linear,90/10,0.10208904441659761,0.5555080180962905
Rg norm w/0.427,expr pH only regr out,All,ProtBERT,high,20,Ridge,90/10,0.10518165901575804,0.5545505434028529
Rg norm w/0.427,expr pH only regr out,All,ProtBERT,high,20,Lasso,90/10,0.1117885979093085,0.5524994736016315
Rg norm w/0.427,expr pH only regr out,All,ProtBERT,high,20,Kernel Ridge,90/10,0.8150681232858626,0.2521039121295079
Rg norm w/0.427,expr pH only regr out,All,ProtBERT,high,20,GPR,90/10,0.8309279054734007,0.24105140270753297
Rg norm w/0.427,expr pH only regr out,Inliers,ProtBERT,high,20,Linear,80/20,0.2742596391251809,0.1901151846780915
Rg norm w/0.427,expr pH only regr out,Inliers,ProtBERT,high,20,Ridge,80/20,0.29784263666169464,0.1870007700234711
Rg norm w/0.427,expr pH only regr out,Inliers,ProtBERT,high,20,Lasso,80/20,0.2925860741785028,0.1876994370273644
Rg norm w/0.427,expr pH only regr out,Inliers,ProtBERT,high,20,Kernel Ridge,80/20,0.2650631873720738,0.19131594546635222
Rg norm w/0.427,expr pH only regr out,Inliers,ProtBERT,high,20,GPR,80/20,-0.5747922388951303,0.2800514337850846
Rg norm w/0.427,expr pH only regr out,Inliers,ProtBERT,high,20,Linear,85/15,0.28863145798719536,0.19670415264117336
Rg norm w/0.427,expr pH only regr out,Inliers,ProtBERT,high,20,Ridge,85/15,0.33454004291329875,0.19025109466408455
Rg norm w/0.427,expr pH only regr out,Inliers,ProtBERT,high,20,Lasso,85/15,0.33148740277729727,0.1906869613232898
Rg norm w/0.427,expr pH only regr out,Inliers,ProtBERT,high,20,Kernel Ridge,85/15,0.2277300047323978,0.20495134903805032
Rg norm w/0.427,expr pH only regr out,Inliers,ProtBERT,high,20,GPR,85/15,-0.4082421693390743,0.27676098840404706
Rg norm w/0.427,expr pH only regr out,Inliers,ProtBERT,high,20,Linear,90/10,0.487752135486641,0.15729791899702703
Rg norm w/0.427,expr pH only regr out,Inliers,ProtBERT,high,20,Ridge,90/10,0.5079375700087484,0.15416756120179373
Rg norm w/0.427,expr pH only regr out,Inliers,ProtBERT,high,20,Lasso,90/10,0.4708589940208773,0.15987060119050725
Rg norm w/0.427,expr pH only regr out,Inliers,ProtBERT,high,20,Kernel Ridge,90/10,0.5855449000183546,0.14148866303995972
Rg norm w/0.427,expr pH only regr out,Inliers,ProtBERT,high,20,GPR,90/10,-0.26691635611584075,0.24737560553399537
Rg norm w/0.5,expr pH only regr out,All,ProtBERT,high,20,Linear,80/20,0.1271264937134351,0.356229067840094
Rg norm w/0.5,expr pH only regr out,All,ProtBERT,high,20,Ridge,80/20,0.12833381984060654,0.3559826212015062
Rg norm w/0.5,expr pH only regr out,All,ProtBERT,high,20,Lasso,80/20,0.12388140049137875,0.35689063226033196
Rg norm w/0.5,expr pH only regr out,All,ProtBERT,high,20,Kernel Ridge,80/20,0.4151337905490803,0.29159626972190544
Rg norm w/0.5,expr pH only regr out,All,ProtBERT,high,20,GPR,80/20,0.484148801801186,0.2738520020939221
Rg norm w/0.5,expr pH only regr out,All,ProtBERT,high,20,Linear,85/15,0.1486517859339067,0.35358764861686504
Rg norm w/0.5,expr pH only regr out,All,ProtBERT,high,20,Ridge,85/15,0.15891727091145713,0.35144941839277394
Rg norm w/0.5,expr pH only regr out,All,ProtBERT,high,20,Lasso,85/15,0.16753206033020396,0.349644925627757
Rg norm w/0.5,expr pH only regr out,All,ProtBERT,high,20,Kernel Ridge,85/15,0.4330438076457621,0.2885481026041738
Rg norm w/0.5,expr pH only regr out,All,ProtBERT,high,20,GPR,85/15,0.5026278475342084,0.27026151330220116
Rg norm w/0.5,expr pH only regr out,All,ProtBERT,high,20,Linear,90/10,0.09311400619427279,0.40720003251575215
Rg norm w/0.5,expr pH only regr out,All,ProtBERT,high,20,Ridge,90/10,0.10477420222299483,0.4045737967036892
Rg norm w/0.5,expr pH only regr out,All,ProtBERT,high,20,Lasso,90/10,0.1229163694710389,0.40045337619712584
Rg norm w/0.5,expr pH only regr out,All,ProtBERT,high,20,Kernel Ridge,90/10,0.3987410534806721,0.3315600775195176
Rg norm w/0.5,expr pH only regr out,All,ProtBERT,high,20,GPR,90/10,0.7408303750193495,0.21768249516724647
Rg norm w/0.5,expr pH only regr out,Inliers,ProtBERT,high,20,Linear,80/20,0.2750981488911467,0.1334034850823882
Rg norm w/0.5,expr pH only regr out,Inliers,ProtBERT,high,20,Ridge,80/20,0.29767915431992276,0.1313092589856801
Rg norm w/0.5,expr pH only regr out,Inliers,ProtBERT,high,20,Lasso,80/20,0.2905280323168663,0.131976069854512
Rg norm w/0.5,expr pH only regr out,Inliers,ProtBERT,high,20,Kernel Ridge,80/20,0.2385394032397361,0.13672605666761842
Rg norm w/0.5,expr pH only regr out,Inliers,ProtBERT,high,20,GPR,80/20,-0.5556586699258572,0.19542707319106767
Rg norm w/0.5,expr pH only regr out,Inliers,ProtBERT,high,20,Linear,85/15,0.3023204711653149,0.1386043431574176
Rg norm w/0.5,expr pH only regr out,Inliers,ProtBERT,high,20,Ridge,85/15,0.33264352901594874,0.13555882223946947
Rg norm w/0.5,expr pH only regr out,Inliers,ProtBERT,high,20,Lasso,85/15,0.33195982755880094,0.13562824393727285
Rg norm w/0.5,expr pH only regr out,Inliers,ProtBERT,high,20,Kernel Ridge,85/15,0.1993337249574504,0.14848227633020195
Rg norm w/0.5,expr pH only regr out,Inliers,ProtBERT,high,20,GPR,85/15,-0.371756244338064,0.19435124269686824
Rg norm w/0.5,expr pH only regr out,Inliers,ProtBERT,high,20,Linear,90/10,0.5258795670691987,0.10602417606566722
Rg norm w/0.5,expr pH only regr out,Inliers,ProtBERT,high,20,Ridge,90/10,0.5270907178433576,0.10588866896004846
Rg norm w/0.5,expr pH only regr out,Inliers,ProtBERT,high,20,Lasso,90/10,0.5321652361337141,0.10531902140881824
Rg norm w/0.5,expr pH only regr out,Inliers,ProtBERT,high,20,Kernel Ridge,90/10,0.5807955347406801,0.09969503266763166
Rg norm w/0.5,expr pH only regr out,Inliers,ProtBERT,high,20,GPR,90/10,-0.2404115139338623,0.17149184172187487
Rg norm w/0.418,expr pH only regr out,All,ProtBERT,high,20,Linear,80/20,0.09698226547955946,0.4859362806854171
Rg norm w/0.418,expr pH only regr out,All,ProtBERT,high,20,Ridge,80/20,0.09661253755717925,0.48603575039576535
Rg norm w/0.418,expr pH only regr out,All,ProtBERT,high,20,Lasso,80/20,0.09087950401364586,0.4875755395367575
Rg norm w/0.418,expr pH only regr out,All,ProtBERT,high,20,Kernel Ridge,80/20,0.12481142611806695,0.47838990330701314
Rg norm w/0.418,expr pH only regr out,All,ProtBERT,high,20,GPR,80/20,0.8145740235104529,0.22019957321779013
Rg norm w/0.418,expr pH only regr out,All,ProtBERT,high,20,Linear,85/15,0.12116419735870221,0.47468126647274705
Rg norm w/0.418,expr pH only regr out,All,ProtBERT,high,20,Ridge,85/15,0.12191223065392143,0.47447920769208124
Rg norm w/0.418,expr pH only regr out,All,ProtBERT,high,20,Lasso,85/15,0.121611689880461,0.4745604001157063
Rg norm w/0.418,expr pH only regr out,All,ProtBERT,high,20,Kernel Ridge,85/15,0.8198745279079622,0.21489968942415777
Rg norm w/0.418,expr pH only regr out,All,ProtBERT,high,20,GPR,85/15,0.810075315382476,0.22066778146975885
Rg norm w/0.418,expr pH only regr out,All,ProtBERT,high,20,Linear,90/10,0.10786994661566951,0.5677310143026559
Rg norm w/0.418,expr pH only regr out,All,ProtBERT,high,20,Ridge,90/10,0.10640125478988716,0.5681981429482172
Rg norm w/0.418,expr pH only regr out,All,ProtBERT,high,20,Lasso,90/10,0.10317154270198614,0.5692240291505548
Rg norm w/0.418,expr pH only regr out,All,ProtBERT,high,20,Kernel Ridge,90/10,0.8571956486716779,0.2271429465541314
Rg norm w/0.418,expr pH only regr out,All,ProtBERT,high,20,GPR,90/10,0.8736137432453892,0.213687176419028
Rg norm w/0.418,expr pH only regr out,Inliers,ProtBERT,high,20,Linear,80/20,0.2741053882878651,0.19882662749929558
Rg norm w/0.418,expr pH only regr out,Inliers,ProtBERT,high,20,Ridge,80/20,0.2979525491293429,0.1955334185135491
Rg norm w/0.418,expr pH only regr out,Inliers,ProtBERT,high,20,Lasso,80/20,0.29254843190669555,0.19628454993848302
Rg norm w/0.418,expr pH only regr out,Inliers,ProtBERT,high,20,Kernel Ridge,80/20,0.26882358266118167,0.19954867460011771
Rg norm w/0.418,expr pH only regr out,Inliers,ProtBERT,high,20,GPR,80/20,-0.5737699827690712,0.2927577417748864
Rg norm w/0.418,expr pH only regr out,Inliers,ProtBERT,high,20,Linear,85/15,0.2863307782377025,0.20565588786534314
Rg norm w/0.418,expr pH only regr out,Inliers,ProtBERT,high,20,Ridge,85/15,0.33462258951924284,0.1985759689092393
Rg norm w/0.418,expr pH only regr out,Inliers,ProtBERT,high,20,Lasso,85/15,0.3300849284543448,0.1992519306953593
Rg norm w/0.418,expr pH only regr out,Inliers,ProtBERT,high,20,Kernel Ridge,85/15,0.23170154265287135,0.2133819327917012
Rg norm w/0.418,expr pH only regr out,Inliers,ProtBERT,high,20,GPR,85/15,-0.4120429182090104,0.28927880352974944
Rg norm w/0.418,expr pH only regr out,Inliers,ProtBERT,high,20,Linear,90/10,0.482286263236011,0.16536912311621496
Rg norm w/0.418,expr pH only regr out,Inliers,ProtBERT,high,20,Ridge,90/10,0.5055463472933475,0.1616115419923284
Rg norm w/0.418,expr pH only regr out,Inliers,ProtBERT,high,20,Lasso,90/10,0.4757017591554965,0.1664174179964732
Rg norm w/0.418,expr pH only regr out,Inliers,ProtBERT,high,20,Kernel Ridge,90/10,0.5863719404372723,0.14781366167782348
Rg norm w/0.418,expr pH only regr out,Inliers,ProtBERT,high,20,GPR,90/10,-0.2692351042803831,0.2589289539930038
Rg w/no norm,expr buffer only regr out,All,ProtBERT,high,20,Linear,80/20,0.11714415205994899,4.180087329959987
Rg w/no norm,expr buffer only regr out,All,ProtBERT,high,20,Ridge,80/20,0.12357669637582258,4.164831297895047
Rg w/no norm,expr buffer only regr out,All,ProtBERT,high,20,Lasso,80/20,0.12203436523077327,4.168494325474864
Rg w/no norm,expr buffer only regr out,All,ProtBERT,high,20,Kernel Ridge,80/20,0.4721164190666809,3.232284153877578
Rg w/no norm,expr buffer only regr out,All,ProtBERT,high,20,GPR,80/20,0.7114026394251944,2.3899379939746583
Rg w/no norm,expr buffer only regr out,All,ProtBERT,high,20,Linear,85/15,0.1547045573328628,4.158919419410936
Rg w/no norm,expr buffer only regr out,All,ProtBERT,high,20,Ridge,85/15,0.15547394939130477,4.157026254092384
Rg w/no norm,expr buffer only regr out,All,ProtBERT,high,20,Lasso,85/15,0.14422191670554674,4.184627666196789
Rg w/no norm,expr buffer only regr out,All,ProtBERT,high,20,Kernel Ridge,85/15,0.49072111705936194,3.228152749231728
Rg w/no norm,expr buffer only regr out,All,ProtBERT,high,20,GPR,85/15,0.7037862418018916,2.461947883541282
Rg w/no norm,expr buffer only regr out,All,ProtBERT,high,20,Linear,90/10,0.11174735502955424,4.929756168513539
Rg w/no norm,expr buffer only regr out,All,ProtBERT,high,20,Ridge,90/10,0.11397059791875608,4.923582861803572
Rg w/no norm,expr buffer only regr out,All,ProtBERT,high,20,Lasso,90/10,0.10661816852792272,4.94396903980295
Rg w/no norm,expr buffer only regr out,All,ProtBERT,high,20,Kernel Ridge,90/10,0.46988186192999704,3.8084084174545745
Rg w/no norm,expr buffer only regr out,All,ProtBERT,high,20,GPR,90/10,0.8285833407404782,2.1656272018536407
Rg w/no norm,expr buffer only regr out,Inliers,ProtBERT,high,20,Linear,80/20,0.2245082900774834,1.801441977837789
Rg w/no norm,expr buffer only regr out,Inliers,ProtBERT,high,20,Ridge,80/20,0.2752070013249963,1.741561011710903
Rg w/no norm,expr buffer only regr out,Inliers,ProtBERT,high,20,Lasso,80/20,0.2751045853585946,1.7416840519127055
Rg w/no norm,expr buffer only regr out,Inliers,ProtBERT,high,20,Kernel Ridge,80/20,0.3846817705105531,1.6046546897353762
Rg w/no norm,expr buffer only regr out,Inliers,ProtBERT,high,20,GPR,80/20,-0.5404508499869591,2.5389586149566985
Rg w/no norm,expr buffer only regr out,Inliers,ProtBERT,high,20,Linear,85/15,0.09505678777002902,1.9648345331272188
Rg w/no norm,expr buffer only regr out,Inliers,ProtBERT,high,20,Ridge,85/15,0.2843322936047925,1.7473142928959828
Rg w/no norm,expr buffer only regr out,Inliers,ProtBERT,high,20,Lasso,85/15,0.3231118554946356,1.6993145379702483
Rg w/no norm,expr buffer only regr out,Inliers,ProtBERT,high,20,Kernel Ridge,85/15,0.4518230889120223,1.529240139151219
Rg w/no norm,expr buffer only regr out,Inliers,ProtBERT,high,20,GPR,85/15,-0.37528655721203297,2.4222106989296854
Rg w/no norm,expr buffer only regr out,Inliers,ProtBERT,high,20,Linear,90/10,0.12516443203680228,1.9241019562210144
Rg w/no norm,expr buffer only regr out,Inliers,ProtBERT,high,20,Ridge,90/10,0.36379422864147937,1.6408303011292187
Rg w/no norm,expr buffer only regr out,Inliers,ProtBERT,high,20,Lasso,90/10,0.4224103114156774,1.5634161035278833
Rg w/no norm,expr buffer only regr out,Inliers,ProtBERT,high,20,Kernel Ridge,90/10,0.7787223110999497,0.9676842637416128
Rg w/no norm,expr buffer only regr out,Inliers,ProtBERT,high,20,GPR,90/10,-0.12903333742581546,2.185839391069083
Rg norm w/0.427,expr buffer only regr out,All,ProtBERT,high,20,Linear,80/20,0.12432835643258422,0.47349493364284573
Rg norm w/0.427,expr buffer only regr out,All,ProtBERT,high,20,Ridge,80/20,0.12532033770400497,0.4732266645910958
Rg norm w/0.427,expr buffer only regr out,All,ProtBERT,high,20,Lasso,80/20,0.12986420060569248,0.471995884302268
Rg norm w/0.427,expr buffer only regr out,All,ProtBERT,high,20,Kernel Ridge,80/20,0.1397700024884727,0.4693015458370202
Rg norm w/0.427,expr buffer only regr out,All,ProtBERT,high,20,GPR,80/20,0.7069229880027001,0.2739274601933164
Rg norm w/0.427,expr buffer only regr out,All,ProtBERT,high,20,Linear,85/15,0.136567548313263,0.47204992721838407
Rg norm w/0.427,expr buffer only regr out,All,ProtBERT,high,20,Ridge,85/15,0.14162839246262682,0.47066447892486024
Rg norm w/0.427,expr buffer only regr out,All,ProtBERT,high,20,Lasso,85/15,0.1531111816019931,0.4675057435203273
Rg norm w/0.427,expr buffer only regr out,All,ProtBERT,high,20,Kernel Ridge,85/15,0.4432733751182625,0.37904846920213087
Rg norm w/0.427,expr buffer only regr out,All,ProtBERT,high,20,GPR,85/15,0.7053385261982966,0.27576264099459113
Rg norm w/0.427,expr buffer only regr out,All,ProtBERT,high,20,Linear,90/10,0.10712695003277617,0.5619859953923946
Rg norm w/0.427,expr buffer only regr out,All,ProtBERT,high,20,Ridge,90/10,0.11019624887815394,0.5610192354024289
Rg norm w/0.427,expr buffer only regr out,All,ProtBERT,high,20,Lasso,90/10,0.12164462236483697,0.5573984646435385
Rg norm w/0.427,expr buffer only regr out,All,ProtBERT,high,20,Kernel Ridge,90/10,0.8142306785254796,0.25634073973624155
Rg norm w/0.427,expr buffer only regr out,All,ProtBERT,high,20,GPR,90/10,0.8319059336108124,0.24384105435659598
Rg norm w/0.427,expr buffer only regr out,Inliers,ProtBERT,high,20,Linear,80/20,0.23155054436478018,0.1810337151520591
Rg norm w/0.427,expr buffer only regr out,Inliers,ProtBERT,high,20,Ridge,80/20,0.26098118005220183,0.17753319115339172
Rg norm w/0.427,expr buffer only regr out,Inliers,ProtBERT,high,20,Lasso,80/20,0.2429446965554961,0.1796865678870515
Rg norm w/0.427,expr buffer only regr out,Inliers,ProtBERT,high,20,Kernel Ridge,80/20,0.18251381886474793,0.18672050806932727
Rg norm w/0.427,expr buffer only regr out,Inliers,ProtBERT,high,20,GPR,80/20,-0.8179026011986106,0.2784435203807715
Rg norm w/0.427,expr buffer only regr out,Inliers,ProtBERT,high,20,Linear,85/15,0.23538461817342726,0.191437242033856
Rg norm w/0.427,expr buffer only regr out,Inliers,ProtBERT,high,20,Ridge,85/15,0.27771481533609343,0.18606267783495165
Rg norm w/0.427,expr buffer only regr out,Inliers,ProtBERT,high,20,Lasso,85/15,0.2620626401327686,0.1880678946114769
Rg norm w/0.427,expr buffer only regr out,Inliers,ProtBERT,high,20,Kernel Ridge,85/15,0.17508019514540984,0.19884321611581837
Rg norm w/0.427,expr buffer only regr out,Inliers,ProtBERT,high,20,GPR,85/15,-0.5176470013187973,0.26970580727944815
Rg norm w/0.427,expr buffer only regr out,Inliers,ProtBERT,high,20,Linear,90/10,0.47689545514220644,0.1502364462615553
Rg norm w/0.427,expr buffer only regr out,Inliers,ProtBERT,high,20,Ridge,90/10,0.48226416378388703,0.14946350717243773
Rg norm w/0.427,expr buffer only regr out,Inliers,ProtBERT,high,20,Lasso,90/10,0.47252765577633693,0.15086236183223958
Rg norm w/0.427,expr buffer only regr out,Inliers,ProtBERT,high,20,Kernel Ridge,90/10,0.6139906784699829,0.12905652042270568
Rg norm w/0.427,expr buffer only regr out,Inliers,ProtBERT,high,20,GPR,90/10,-0.30403081716832503,0.2372056246689451
Rg norm w/0.5,expr buffer only regr out,All,ProtBERT,high,20,Linear,80/20,0.13867811032190114,0.35131093120499995
Rg norm w/0.5,expr buffer only regr out,All,ProtBERT,high,20,Ridge,80/20,0.14153599051585708,0.35072761921984474
Rg norm w/0.5,expr buffer only regr out,All,ProtBERT,high,20,Lasso,80/20,0.13682539141309702,0.3516885663115588
Rg norm w/0.5,expr buffer only regr out,All,ProtBERT,high,20,Kernel Ridge,80/20,0.4222702658612889,0.28772081448036
Rg norm w/0.5,expr buffer only regr out,All,ProtBERT,high,20,GPR,80/20,0.49122015525525753,0.2700062830018486
Rg norm w/0.5,expr buffer only regr out,All,ProtBERT,high,20,Linear,85/15,0.1527322964813692,0.3515661371737927
Rg norm w/0.5,expr buffer only regr out,All,ProtBERT,high,20,Ridge,85/15,0.16355789369921847,0.3493129244192805
Rg norm w/0.5,expr buffer only regr out,All,ProtBERT,high,20,Lasso,85/15,0.17525838342192845,0.3468611550638284
Rg norm w/0.5,expr buffer only regr out,All,ProtBERT,high,20,Kernel Ridge,85/15,0.43252321011529316,0.2877204711613543
Rg norm w/0.5,expr buffer only regr out,All,ProtBERT,high,20,GPR,85/15,0.5068432898202146,0.2682187810783521
Rg norm w/0.5,expr buffer only regr out,All,ProtBERT,high,20,Linear,90/10,0.09044501814357997,0.4100176025874575
Rg norm w/0.5,expr buffer only regr out,All,ProtBERT,high,20,Ridge,90/10,0.10231419329836533,0.40733356930945913
Rg norm w/0.5,expr buffer only regr out,All,ProtBERT,high,20,Lasso,90/10,0.12497111329002797,0.40216032078132136
Rg norm w/0.5,expr buffer only regr out,All,ProtBERT,high,20,Kernel Ridge,90/10,0.39992662679547486,0.33303524846975296
Rg norm w/0.5,expr buffer only regr out,All,ProtBERT,high,20,GPR,90/10,0.7435446093951668,0.2177178011966908
Rg norm w/0.5,expr buffer only regr out,Inliers,ProtBERT,high,20,Linear,80/20,0.227170908351494,0.12811266171340946
Rg norm w/0.5,expr buffer only regr out,Inliers,ProtBERT,high,20,Ridge,80/20,0.2574888011351182,0.12557460695976025
Rg norm w/0.5,expr buffer only regr out,Inliers,ProtBERT,high,20,Lasso,80/20,0.24068495956614022,0.12698760271268586
Rg norm w/0.5,expr buffer only regr out,Inliers,ProtBERT,high,20,Kernel Ridge,80/20,0.16147845015959117,0.13344657677796876
Rg norm w/0.5,expr buffer only regr out,Inliers,ProtBERT,high,20,GPR,80/20,-0.8064575155905718,0.19586832054505773
Rg norm w/0.5,expr buffer only regr out,Inliers,ProtBERT,high,20,Linear,85/15,0.2304952076106559,0.13596578010686228
Rg norm w/0.5,expr buffer only regr out,Inliers,ProtBERT,high,20,Ridge,85/15,0.26627857966125335,0.1327668200422655
Rg norm w/0.5,expr buffer only regr out,Inliers,ProtBERT,high,20,Lasso,85/15,0.24615571810466308,0.1345751203331059
Rg norm w/0.5,expr buffer only regr out,Inliers,ProtBERT,high,20,Kernel Ridge,85/15,0.1378577949930624,0.1439174340746732
Rg norm w/0.5,expr buffer only regr out,Inliers,ProtBERT,high,20,GPR,85/15,-0.5068706057986563,0.19026632725043927
Rg norm w/0.5,expr buffer only regr out,Inliers,ProtBERT,high,20,Linear,90/10,0.49948215809292695,0.10228830870358628
Rg norm w/0.5,expr buffer only regr out,Inliers,ProtBERT,high,20,Ridge,90/10,0.4941172615654338,0.10283504596348036
Rg norm w/0.5,expr buffer only regr out,Inliers,ProtBERT,high,20,Lasso,90/10,0.47792544467098885,0.10446780740708832
Rg norm w/0.5,expr buffer only regr out,Inliers,ProtBERT,high,20,Kernel Ridge,90/10,0.5995222665553543,0.09149669422099746
Rg norm w/0.5,expr buffer only regr out,Inliers,ProtBERT,high,20,GPR,90/10,-0.3135720533818558,0.16570788191493324
Rg norm w/0.418,expr buffer only regr out,All,ProtBERT,high,20,Linear,80/20,0.11731242670117259,0.48171629671562693
Rg norm w/0.418,expr buffer only regr out,All,ProtBERT,high,20,Ridge,80/20,0.11722450997843326,0.4817402858737847
Rg norm w/0.418,expr buffer only regr out,All,ProtBERT,high,20,Lasso,80/20,0.0697707979323896,0.4945188119022937
Rg norm w/0.418,expr buffer only regr out,All,ProtBERT,high,20,Kernel Ridge,80/20,0.1424249865416204,0.47481441148921005
Rg norm w/0.418,expr buffer only regr out,All,ProtBERT,high,20,GPR,80/20,0.8202148480449398,0.21740260489773006
Rg norm w/0.418,expr buffer only regr out,All,ProtBERT,high,20,Linear,85/15,0.12337423624511923,0.4796675199113702
Rg norm w/0.418,expr buffer only regr out,All,ProtBERT,high,20,Ridge,85/15,0.12639675393285876,0.47883988314974657
Rg norm w/0.418,expr buffer only regr out,All,ProtBERT,high,20,Lasso,85/15,0.13287789488654855,0.4770603532438965
Rg norm w/0.418,expr buffer only regr out,All,ProtBERT,high,20,Kernel Ridge,85/15,0.8195948699113207,0.21759937228475662
Rg norm w/0.418,expr buffer only regr out,All,ProtBERT,high,20,GPR,85/15,0.8105942895721171,0.22296142472289032
Rg norm w/0.418,expr buffer only regr out,All,ProtBERT,high,20,Linear,90/10,0.11654159733576297,0.5749307263240263
Rg norm w/0.418,expr buffer only regr out,All,ProtBERT,high,20,Ridge,90/10,0.11527703473253992,0.5753420506795713
Rg norm w/0.418,expr buffer only regr out,All,ProtBERT,high,20,Lasso,90/10,0.07568861272869232,0.5880735120141525
Rg norm w/0.418,expr buffer only regr out,All,ProtBERT,high,20,Kernel Ridge,90/10,0.8519950190258252,0.23532097133090113
Rg norm w/0.418,expr buffer only regr out,All,ProtBERT,high,20,GPR,90/10,0.8716169724527325,0.2191675602648115
Rg norm w/0.418,expr buffer only regr out,Inliers,ProtBERT,high,20,Linear,80/20,0.23209434632313253,0.18913734209705102
Rg norm w/0.418,expr buffer only regr out,Inliers,ProtBERT,high,20,Ridge,80/20,0.26148002279678206,0.18548315435767285
Rg norm w/0.418,expr buffer only regr out,Inliers,ProtBERT,high,20,Lasso,80/20,0.23731562680853102,0.18849323724983374
Rg norm w/0.418,expr buffer only regr out,Inliers,ProtBERT,high,20,Kernel Ridge,80/20,0.18567367267552493,0.19477023447535596
Rg norm w/0.418,expr buffer only regr out,Inliers,ProtBERT,high,20,GPR,80/20,-0.8178232534750831,0.29100414596033575
Rg norm w/0.418,expr buffer only regr out,Inliers,ProtBERT,high,20,Linear,85/15,0.23557624971538516,0.19994456377967318
Rg norm w/0.418,expr buffer only regr out,Inliers,ProtBERT,high,20,Ridge,85/15,0.2790008832435026,0.1941824074631899
Rg norm w/0.418,expr buffer only regr out,Inliers,ProtBERT,high,20,Lasso,85/15,0.26347515021508106,0.19626199850840417
Rg norm w/0.418,expr buffer only regr out,Inliers,ProtBERT,high,20,Kernel Ridge,85/15,0.18017895758925906,0.20706278233308367
Rg norm w/0.418,expr buffer only regr out,Inliers,ProtBERT,high,20,GPR,85/15,-0.5179728706661582,0.28175687363821844
Rg norm w/0.418,expr buffer only regr out,Inliers,ProtBERT,high,20,Linear,90/10,0.4735653403886685,0.1577556684277457
Rg norm w/0.418,expr buffer only regr out,Inliers,ProtBERT,high,20,Ridge,90/10,0.4807339352200042,0.15667788718882805
Rg norm w/0.418,expr buffer only regr out,Inliers,ProtBERT,high,20,Lasso,90/10,0.38536760098024536,0.17045920571631956
Rg norm w/0.418,expr buffer only regr out,Inliers,ProtBERT,high,20,Kernel Ridge,90/10,0.6157766131730239,0.13477353933269823
Rg norm w/0.418,expr buffer only regr out,Inliers,ProtBERT,high,20,GPR,90/10,-0.3019202415817388,0.24808752436377787
Rg w/no norm,No regr out,All,ProtBERT,high,50,Linear,80/20,-0.04261474853900471,4.323752725600527
Rg w/no norm,No regr out,All,ProtBERT,high,50,Ridge,80/20,0.13460917114443227,3.939173058483762
Rg w/no norm,No regr out,All,ProtBERT,high,50,Lasso,80/20,0.08201691462843885,4.057105080947139
Rg w/no norm,No regr out,All,ProtBERT,high,50,Kernel Ridge,80/20,0.14609356296208287,3.912947855642059
Rg w/no norm,No regr out,All,ProtBERT,high,50,GPR,80/20,0.8449491800447142,1.6673852310791082
Rg w/no norm,No regr out,All,ProtBERT,high,50,Linear,85/15,0.16610768307801338,3.7488522157165187
Rg w/no norm,No regr out,All,ProtBERT,high,50,Ridge,85/15,0.18444105733840366,3.7074133648091467
Rg w/no norm,No regr out,All,ProtBERT,high,50,Lasso,85/15,0.13212753783683928,3.8244702614472326
Rg w/no norm,No regr out,All,ProtBERT,high,50,Kernel Ridge,85/15,0.16986265558566482,3.740402252028318
Rg w/no norm,No regr out,All,ProtBERT,high,50,GPR,85/15,0.8055127871633692,1.8104596930182149
Rg w/no norm,No regr out,All,ProtBERT,high,50,Linear,90/10,0.1645877984306532,4.4672360718724775
Rg w/no norm,No regr out,All,ProtBERT,high,50,Ridge,90/10,0.16623218602846468,4.462837353515435
Rg w/no norm,No regr out,All,ProtBERT,high,50,Lasso,90/10,0.11322291297011267,4.602520461870446
Rg w/no norm,No regr out,All,ProtBERT,high,50,Kernel Ridge,90/10,0.1514584574896376,4.502202771750422
Rg w/no norm,No regr out,All,ProtBERT,high,50,GPR,90/10,0.8698397797607433,1.7633057910188796
Rg w/no norm,No regr out,Inliers,ProtBERT,high,50,Linear,80/20,0.3244159850372804,1.1714141840592658
Rg w/no norm,No regr out,Inliers,ProtBERT,high,50,Ridge,80/20,0.42177782645303397,1.0837226910465927
Rg w/no norm,No regr out,Inliers,ProtBERT,high,50,Lasso,80/20,0.4400507636812204,1.0664613585575484
Rg w/no norm,No regr out,Inliers,ProtBERT,high,50,Kernel Ridge,80/20,0.5134926082169354,0.9940666808944036
Rg w/no norm,No regr out,Inliers,ProtBERT,high,50,GPR,80/20,0.4903242446272703,1.0174610281609135
Rg w/no norm,No regr out,Inliers,ProtBERT,high,50,Linear,85/15,0.12694287194643228,0.9965067288018217
Rg w/no norm,No regr out,Inliers,ProtBERT,high,50,Ridge,85/15,0.3072732932985437,0.8876461423403013
Rg w/no norm,No regr out,Inliers,ProtBERT,high,50,Lasso,85/15,0.20536140147960202,0.9507005224874173
Rg w/no norm,No regr out,Inliers,ProtBERT,high,50,Kernel Ridge,85/15,0.5170836892118846,0.7411307647330034
Rg w/no norm,No regr out,Inliers,ProtBERT,high,50,GPR,85/15,0.45292542481360165,0.7888277319737339
Rg w/no norm,No regr out,Inliers,ProtBERT,high,50,Linear,90/10,-0.07253172208423009,1.1813877341931827
Rg w/no norm,No regr out,Inliers,ProtBERT,high,50,Ridge,90/10,0.15896098118606228,1.0461536070101358
Rg w/no norm,No regr out,Inliers,ProtBERT,high,50,Lasso,90/10,0.056276438023517006,1.1081786619311205
Rg w/no norm,No regr out,Inliers,ProtBERT,high,50,Kernel Ridge,90/10,0.4289256020525718,0.862052527861603
Rg w/no norm,No regr out,Inliers,ProtBERT,high,50,GPR,90/10,0.4318819245994596,0.8598183074542491
Rg norm w/0.427,No regr out,All,ProtBERT,high,50,Linear,80/20,0.10090575422929915,0.45983117929901257
Rg norm w/0.427,No regr out,All,ProtBERT,high,50,Ridge,80/20,0.15710695814545483,0.4452275612646756
Rg norm w/0.427,No regr out,All,ProtBERT,high,50,Lasso,80/20,0.042830024573023984,0.47444987897535845
Rg norm w/0.427,No regr out,All,ProtBERT,high,50,Kernel Ridge,80/20,0.028678417872320727,0.47794434330217234
Rg norm w/0.427,No regr out,All,ProtBERT,high,50,GPR,80/20,0.8107020730687166,0.21099333442346857
Rg norm w/0.427,No regr out,All,ProtBERT,high,50,Linear,85/15,0.1623470299105798,0.4340843980122253
Rg norm w/0.427,No regr out,All,ProtBERT,high,50,Ridge,85/15,0.1750658341596032,0.4307762543234449
Rg norm w/0.427,No regr out,All,ProtBERT,high,50,Lasso,85/15,0.06344834945698608,0.45899502364801015
Rg norm w/0.427,No regr out,All,ProtBERT,high,50,Kernel Ridge,85/15,0.044034123111612145,0.4637279850085161
Rg norm w/0.427,No regr out,All,ProtBERT,high,50,GPR,85/15,0.7688244076832076,0.22804108556211766
Rg norm w/0.427,No regr out,All,ProtBERT,high,50,Linear,90/10,0.1845921137772858,0.5140455748255657
Rg norm w/0.427,No regr out,All,ProtBERT,high,50,Ridge,90/10,0.17557863345461977,0.516878884298886
Rg norm w/0.427,No regr out,All,ProtBERT,high,50,Lasso,90/10,0.04816573455890405,0.5553858858072708
Rg norm w/0.427,No regr out,All,ProtBERT,high,50,Kernel Ridge,90/10,0.03099292943504317,0.5603735706924536
Rg norm w/0.427,No regr out,All,ProtBERT,high,50,GPR,90/10,0.8604876726243282,0.2126280043350383
Rg norm w/0.427,No regr out,Inliers,ProtBERT,high,50,Linear,80/20,-0.5778441872724163,0.12136822008011121
Rg norm w/0.427,No regr out,Inliers,ProtBERT,high,50,Ridge,80/20,0.17984870926803342,0.08750238935398563
Rg norm w/0.427,No regr out,Inliers,ProtBERT,high,50,Lasso,80/20,0.2573045827145576,0.08326803149843442
Rg norm w/0.427,No regr out,Inliers,ProtBERT,high,50,Kernel Ridge,80/20,0.160216160833344,0.08854349941086674
Rg norm w/0.427,No regr out,Inliers,ProtBERT,high,50,GPR,80/20,-0.0666457725994134,0.09978908351296496
Rg norm w/0.427,No regr out,Inliers,ProtBERT,high,50,Linear,85/15,-1.2244632738187242,0.14316996132238774
Rg norm w/0.427,No regr out,Inliers,ProtBERT,high,50,Ridge,85/15,0.18740773263431143,0.08653177857943976
Rg norm w/0.427,No regr out,Inliers,ProtBERT,high,50,Lasso,85/15,0.35470102190621067,0.07711161099227463
Rg norm w/0.427,No regr out,Inliers,ProtBERT,high,50,Kernel Ridge,85/15,0.2410832999189334,0.08362504077147745
Rg norm w/0.427,No regr out,Inliers,ProtBERT,high,50,GPR,85/15,-0.029736153814236888,0.09740971398945825
Rg norm w/0.427,No regr out,Inliers,ProtBERT,high,50,Linear,90/10,-5.449480447943458,0.21205604293895106
Rg norm w/0.427,No regr out,Inliers,ProtBERT,high,50,Ridge,90/10,0.2099458605472806,0.07421927611385089
Rg norm w/0.427,No regr out,Inliers,ProtBERT,high,50,Lasso,90/10,0.28800451301879226,0.07045744790265175
Rg norm w/0.427,No regr out,Inliers,ProtBERT,high,50,Kernel Ridge,90/10,0.20211346359855142,0.07458626436720875
Rg norm w/0.427,No regr out,Inliers,ProtBERT,high,50,GPR,90/10,0.11870637129310513,0.07838782293839339
Rg norm w/0.5,No regr out,All,ProtBERT,high,50,Linear,80/20,0.0984559324080222,0.48177794406368496
Rg norm w/0.5,No regr out,All,ProtBERT,high,50,Ridge,80/20,0.1561046312497203,0.4661199978382776
Rg norm w/0.5,No regr out,All,ProtBERT,high,50,Lasso,80/20,0.04494908187863156,0.495868701607768
Rg norm w/0.5,No regr out,All,ProtBERT,high,50,Kernel Ridge,80/20,0.028773911730724744,0.5000501982423539
Rg norm w/0.5,No regr out,All,ProtBERT,high,50,GPR,80/20,0.8120522717661474,0.21997431518540594
Rg norm w/0.5,No regr out,All,ProtBERT,high,50,Linear,85/15,0.16198114180240708,0.45420583238932416
Rg norm w/0.5,No regr out,All,ProtBERT,high,50,Ridge,85/15,0.1747239683140681,0.4507393009522609
Rg norm w/0.5,No regr out,All,ProtBERT,high,50,Lasso,85/15,0.06597151045247318,0.47951905786862314
Rg norm w/0.5,No regr out,All,ProtBERT,high,50,Kernel Ridge,85/15,0.04408205695385792,0.48510540947635367
Rg norm w/0.5,No regr out,All,ProtBERT,high,50,GPR,85/15,0.7703692880626942,0.23776109755013808
Rg norm w/0.5,No regr out,All,ProtBERT,high,50,Linear,90/10,0.1839177804936547,0.5379538888569112
Rg norm w/0.5,No regr out,All,ProtBERT,high,50,Ridge,90/10,0.17497911040565473,0.5408920098790729
Rg norm w/0.5,No regr out,All,ProtBERT,high,50,Lasso,90/10,0.050242359589307894,0.5803426539941581
Rg norm w/0.5,No regr out,All,ProtBERT,high,50,Kernel Ridge,90/10,0.03105577513636515,0.5861752573723584
Rg norm w/0.5,No regr out,All,ProtBERT,high,50,GPR,90/10,0.8612494478119167,0.2218173198761057
Rg norm w/0.5,No regr out,Inliers,ProtBERT,high,50,Linear,80/20,-0.53076157132028,0.08583477605554561
Rg norm w/0.5,No regr out,Inliers,ProtBERT,high,50,Ridge,80/20,0.17646787000190567,0.06295783379987338
Rg norm w/0.5,No regr out,Inliers,ProtBERT,high,50,Lasso,80/20,0.14627826548695722,0.06410142319190142
Rg norm w/0.5,No regr out,Inliers,ProtBERT,high,50,Kernel Ridge,80/20,0.1547859219416332,0.06378122614273529
Rg norm w/0.5,No regr out,Inliers,ProtBERT,high,50,GPR,80/20,-0.042373450851953764,0.07083064124609238
Rg norm w/0.5,No regr out,Inliers,ProtBERT,high,50,Linear,85/15,-0.9660558165183875,0.10254540375828637
Rg norm w/0.5,No regr out,Inliers,ProtBERT,high,50,Ridge,85/15,0.29153030666672997,0.06155720835538732
Rg norm w/0.5,No regr out,Inliers,ProtBERT,high,50,Lasso,85/15,0.265370609289025,0.06268338304138614
Rg norm w/0.5,No regr out,Inliers,ProtBERT,high,50,Kernel Ridge,85/15,0.24818432459608408,0.06341236722720282
Rg norm w/0.5,No regr out,Inliers,ProtBERT,high,50,GPR,85/15,0.03840206688461245,0.07171583152749202
Rg norm w/0.5,No regr out,Inliers,ProtBERT,high,50,Linear,90/10,-5.642704383524581,0.15536951343753305
Rg norm w/0.5,No regr out,Inliers,ProtBERT,high,50,Ridge,90/10,0.3049633877147825,0.05025707214349717
Rg norm w/0.5,No regr out,Inliers,ProtBERT,high,50,Lasso,90/10,0.03717872305999581,0.05915155721925418
Rg norm w/0.5,No regr out,Inliers,ProtBERT,high,50,Kernel Ridge,90/10,0.280422430427376,0.05113663560681508
Rg norm w/0.5,No regr out,Inliers,ProtBERT,high,50,GPR,90/10,0.21177541046832726,0.053520274515548055
Rg norm w/0.418,No regr out,All,ProtBERT,high,50,Linear,80/20,0.12096225991889964,0.3158069190734438
Rg norm w/0.418,No regr out,All,ProtBERT,high,50,Ridge,80/20,0.16665411900979432,0.30748966744505296
Rg norm w/0.418,No regr out,All,ProtBERT,high,50,Lasso,80/20,0.03346425692426047,0.3311515863060055
Rg norm w/0.418,No regr out,All,ProtBERT,high,50,Kernel Ridge,80/20,0.02849395143564204,0.3320019500844536
Rg norm w/0.418,No regr out,All,ProtBERT,high,50,GPR,80/20,0.7988985917889938,0.1510516369468839
Rg norm w/0.418,No regr out,All,ProtBERT,high,50,Linear,85/15,0.1666960644968607,0.30116243516680513
Rg norm w/0.418,No regr out,All,ProtBERT,high,50,Ridge,85/15,0.17925135661964398,0.29888503483138296
Rg norm w/0.418,No regr out,All,ProtBERT,high,50,Lasso,85/15,0.12421546870408218,0.3087434257943673
Rg norm w/0.418,No regr out,All,ProtBERT,high,50,Kernel Ridge,85/15,0.04408829983652496,0.3225581149159526
Rg norm w/0.418,No regr out,All,ProtBERT,high,50,GPR,85/15,0.7551601220214896,0.16324510248694507
Rg norm w/0.418,No regr out,All,ProtBERT,high,50,Linear,90/10,0.19109350701320116,0.3561936434595831
Rg norm w/0.418,No regr out,All,ProtBERT,high,50,Ridge,90/10,0.18163143694484696,0.3582708492181195
Rg norm w/0.418,No regr out,All,ProtBERT,high,50,Lasso,90/10,0.10988674784464336,0.37364539798824237
Rg norm w/0.418,No regr out,All,ProtBERT,high,50,Kernel Ridge,90/10,0.03086381865131249,0.38987860905151955
Rg norm w/0.418,No regr out,All,ProtBERT,high,50,GPR,90/10,0.8531660873437159,0.15175750922222137
Rg norm w/0.418,No regr out,Inliers,ProtBERT,high,50,Linear,80/20,-0.570613479282706,0.12669820081377325
Rg norm w/0.418,No regr out,Inliers,ProtBERT,high,50,Ridge,80/20,0.1835902427517333,0.0913460728263339
Rg norm w/0.418,No regr out,Inliers,ProtBERT,high,50,Lasso,80/20,0.25125751241915695,0.0874786407922253
Rg norm w/0.418,No regr out,Inliers,ProtBERT,high,50,Kernel Ridge,80/20,0.1647464659816671,0.09239425084719015
Rg norm w/0.418,No regr out,Inliers,ProtBERT,high,50,GPR,80/20,-0.0628532619195159,0.10422512925888107
Rg norm w/0.418,No regr out,Inliers,ProtBERT,high,50,Linear,85/15,-1.243908456358739,0.14909090691155075
Rg norm w/0.418,No regr out,Inliers,ProtBERT,high,50,Ridge,85/15,0.1842691202176392,0.08989220642436108
Rg norm w/0.418,No regr out,Inliers,ProtBERT,high,50,Lasso,85/15,0.35249677302198656,0.08008838894510414
Rg norm w/0.418,No regr out,Inliers,ProtBERT,high,50,Kernel Ridge,85/15,0.24194696656315295,0.08665594923236915
Rg norm w/0.418,No regr out,Inliers,ProtBERT,high,50,GPR,85/15,-0.034930198584744554,0.10125211849181139
Rg norm w/0.418,No regr out,Inliers,ProtBERT,high,50,Linear,90/10,-5.3595225775445,0.2201205425076563
Rg norm w/0.418,No regr out,Inliers,ProtBERT,high,50,Ridge,90/10,0.20217148545575192,0.07796561244522428
Rg norm w/0.418,No regr out,Inliers,ProtBERT,high,50,Lasso,90/10,0.2760158156104794,0.07426990309636615
Rg norm w/0.418,No regr out,Inliers,ProtBERT,high,50,Kernel Ridge,90/10,0.19679230103745204,0.078228003961306
Rg norm w/0.418,No regr out,Inliers,ProtBERT,high,50,GPR,90/10,0.11236995942113881,0.0822364423038916
Rg w/no norm,pH regr out,All,ProtBERT,high,50,Linear,80/20,-0.04262122772238963,4.3237097701443306
Rg w/no norm,pH regr out,All,ProtBERT,high,50,Ridge,80/20,0.1345926091162336,3.939159377875444
Rg w/no norm,pH regr out,All,ProtBERT,high,50,Lasso,80/20,0.08198949411660272,4.057112761010898
Rg w/no norm,pH regr out,All,ProtBERT,high,50,Kernel Ridge,80/20,0.8924796364379488,1.388476759313507
Rg w/no norm,pH regr out,All,ProtBERT,high,50,GPR,80/20,0.8983422895044586,1.3500921587669126
Rg w/no norm,pH regr out,All,ProtBERT,high,50,Linear,85/15,0.16608273833251497,3.7488660363799506
Rg w/no norm,pH regr out,All,ProtBERT,high,50,Ridge,85/15,0.18441502000553145,3.7074307624891767
Rg w/no norm,pH regr out,All,ProtBERT,high,50,Lasso,85/15,0.132089766086381,3.824510382972966
Rg w/no norm,pH regr out,All,ProtBERT,high,50,Kernel Ridge,85/15,0.890037757614146,1.3613200261385148
Rg w/no norm,pH regr out,All,ProtBERT,high,50,GPR,85/15,0.8928098747256903,1.3440512492552594
Rg w/no norm,pH regr out,All,ProtBERT,high,50,Linear,90/10,0.16455396574076397,4.467262952741092
Rg w/no norm,pH regr out,All,ProtBERT,high,50,Ridge,90/10,0.16620076285221141,4.462857937756907
Rg w/no norm,pH regr out,All,ProtBERT,high,50,Lasso,90/10,0.11318432955541557,4.602555086818525
Rg w/no norm,pH regr out,All,ProtBERT,high,50,Kernel Ridge,90/10,0.8844998275554347,1.6610152972578847
Rg w/no norm,pH regr out,All,ProtBERT,high,50,GPR,90/10,0.8982603901989311,1.558932638238914
Rg w/no norm,pH regr out,Inliers,ProtBERT,high,50,Linear,80/20,0.3243981236427238,1.1714036882489274
Rg w/no norm,pH regr out,Inliers,ProtBERT,high,50,Ridge,80/20,0.4217643286299131,1.0837113040594026
Rg w/no norm,pH regr out,Inliers,ProtBERT,high,50,Lasso,80/20,0.43999605327192626,1.066489803149482
Rg w/no norm,pH regr out,Inliers,ProtBERT,high,50,Kernel Ridge,80/20,0.573786246590267,0.9304111224402145
Rg w/no norm,pH regr out,Inliers,ProtBERT,high,50,GPR,80/20,0.5623168764287145,0.9428466539516487
Rg w/no norm,pH regr out,Inliers,ProtBERT,high,50,Linear,85/15,0.12703735668459337,0.9964443037304125
Rg w/no norm,pH regr out,Inliers,ProtBERT,high,50,Ridge,85/15,0.30728886554341805,0.8876285924598162
Rg w/no norm,pH regr out,Inliers,ProtBERT,high,50,Lasso,85/15,0.20536381326729025,0.9506909689002832
Rg w/no norm,pH regr out,Inliers,ProtBERT,high,50,Kernel Ridge,85/15,0.6430716766050704,0.6371558943460077
Rg w/no norm,pH regr out,Inliers,ProtBERT,high,50,GPR,85/15,0.6277536654842466,0.6506844290382484
Rg w/no norm,pH regr out,Inliers,ProtBERT,high,50,Linear,90/10,-0.07239954270624827,1.181314699061443
Rg w/no norm,pH regr out,Inliers,ProtBERT,high,50,Ridge,90/10,0.15897936050804973,1.0461419675700636
Rg w/no norm,pH regr out,Inliers,ProtBERT,high,50,Lasso,90/10,0.05627989538019307,1.1081764111228423
Rg w/no norm,pH regr out,Inliers,ProtBERT,high,50,Kernel Ridge,90/10,0.5779413088632659,0.7410947245108875
Rg w/no norm,pH regr out,Inliers,ProtBERT,high,50,GPR,90/10,0.5727270305763518,0.7456585590962679
Rg norm w/0.427,pH regr out,All,ProtBERT,high,50,Linear,80/20,0.10087905065261382,0.4598237891189879
Rg norm w/0.427,pH regr out,All,ProtBERT,high,50,Ridge,80/20,0.15707020961849016,0.4452234994226272
Rg norm w/0.427,pH regr out,All,ProtBERT,high,50,Lasso,80/20,0.0427983649449567,0.47444305462675335
Rg norm w/0.427,pH regr out,All,ProtBERT,high,50,Kernel Ridge,80/20,0.9170974647405714,0.13962599580109122
Rg norm w/0.427,pH regr out,All,ProtBERT,high,50,GPR,80/20,0.9196266414032175,0.13747965571090548
Rg norm w/0.427,pH regr out,All,ProtBERT,high,50,Linear,85/15,0.1623015531167501,0.4340843226538667
Rg norm w/0.427,pH regr out,All,ProtBERT,high,50,Ridge,85/15,0.17502525846109795,0.43077508022601485
Rg norm w/0.427,pH regr out,All,ProtBERT,high,50,Lasso,85/15,0.06341673450447805,0.4589902317026047
Rg norm w/0.427,pH regr out,All,ProtBERT,high,50,Kernel Ridge,85/15,0.8976398180909462,0.1517384944129684
Rg norm w/0.427,pH regr out,All,ProtBERT,high,50,GPR,85/15,0.9105121580309617,0.14187708718403466
Rg norm w/0.427,pH regr out,All,ProtBERT,high,50,Linear,90/10,0.18453524010122369,0.5140481857169356
Rg norm w/0.427,pH regr out,All,ProtBERT,high,50,Ridge,90/10,0.1755307595498431,0.5168784914426862
Rg norm w/0.427,pH regr out,All,ProtBERT,high,50,Lasso,90/10,0.048135086401005944,0.5553782799613871
Rg norm w/0.427,pH regr out,All,ProtBERT,high,50,Kernel Ridge,90/10,0.9012643222952474,0.17887032145517714
Rg norm w/0.427,pH regr out,All,ProtBERT,high,50,GPR,90/10,0.9141955531554997,0.16674627072114467
Rg norm w/0.427,pH regr out,Inliers,ProtBERT,high,50,Linear,80/20,-0.5775572496655235,0.12135414240714885
Rg norm w/0.427,pH regr out,Inliers,ProtBERT,high,50,Ridge,80/20,0.17982701534747414,0.0875013535597476
Rg norm w/0.427,pH regr out,Inliers,ProtBERT,high,50,Lasso,80/20,0.2572847244258921,0.08326705777668483
Rg norm w/0.427,pH regr out,Inliers,ProtBERT,high,50,Kernel Ridge,80/20,0.21814477676132293,0.08543291247145217
Rg norm w/0.427,pH regr out,Inliers,ProtBERT,high,50,GPR,80/20,0.19908431990744424,0.08646800504669333
Rg norm w/0.427,pH regr out,Inliers,ProtBERT,high,50,Linear,85/15,-1.2238329826370569,0.1431450754863262
Rg norm w/0.427,pH regr out,Inliers,ProtBERT,high,50,Ridge,85/15,0.1873731760603905,0.08653083712688116
Rg norm w/0.427,pH regr out,Inliers,ProtBERT,high,50,Lasso,85/15,0.35468210641345255,0.07711026259498188
Rg norm w/0.427,pH regr out,Inliers,ProtBERT,high,50,Kernel Ridge,85/15,0.27179101823024887,0.08191309657433901
Rg norm w/0.427,pH regr out,Inliers,ProtBERT,high,50,GPR,85/15,0.37015191355866905,0.0761803976803344
Rg norm w/0.427,pH regr out,Inliers,ProtBERT,high,50,Linear,90/10,-5.447420340879818,0.21202199658852755
Rg norm w/0.427,pH regr out,Inliers,ProtBERT,high,50,Ridge,90/10,0.2099089481062798,0.07422094831657457
Rg norm w/0.427,pH regr out,Inliers,ProtBERT,high,50,Lasso,90/10,0.2880034577911632,0.07045744164567169
Rg norm w/0.427,pH regr out,Inliers,ProtBERT,high,50,Kernel Ridge,90/10,0.20283372190508864,0.07455253010277796
Rg norm w/0.427,pH regr out,Inliers,ProtBERT,high,50,GPR,90/10,0.5336559394608045,0.05702183017152814
Rg norm w/0.5,pH regr out,All,ProtBERT,high,50,Linear,80/20,0.12093011318003188,0.3158013652903492
Rg norm w/0.5,pH regr out,All,ProtBERT,high,50,Ridge,80/20,0.16661213732328328,0.30748638254514365
Rg norm w/0.5,pH regr out,All,ProtBERT,high,50,Lasso,80/20,0.03342863471085622,0.3311458098883554
Rg norm w/0.5,pH regr out,All,ProtBERT,high,50,Kernel Ridge,80/20,0.9134120360942488,0.09911310123066071
Rg norm w/0.5,pH regr out,All,ProtBERT,high,50,GPR,80/20,0.9159225024243779,0.09766572767782306
Rg norm w/0.5,pH regr out,All,ProtBERT,high,50,Linear,85/15,0.16664473224197962,0.30116212741949505
Rg norm w/0.5,pH regr out,All,ProtBERT,high,50,Ridge,85/15,0.17920669853211757,0.29888365506365144
Rg norm w/0.5,pH regr out,All,ProtBERT,high,50,Lasso,85/15,0.12418128574124387,0.3087396263861607
Rg norm w/0.5,pH regr out,All,ProtBERT,high,50,Kernel Ridge,85/15,0.8916482953294993,0.1085933267778638
Rg norm w/0.5,pH regr out,All,ProtBERT,high,50,GPR,85/15,0.9044990030840847,0.10195046628119875
Rg norm w/0.5,pH regr out,All,ProtBERT,high,50,Linear,90/10,0.1910298943103571,0.3561954377364838
Rg norm w/0.5,pH regr out,All,ProtBERT,high,50,Ridge,90/10,0.181578596395235,0.35827013330409163
Rg norm w/0.5,pH regr out,All,ProtBERT,high,50,Lasso,90/10,0.10984765913577998,0.37364079298149455
Rg norm w/0.5,pH regr out,All,ProtBERT,high,50,Kernel Ridge,90/10,0.896639558836352,0.1273207807583066
Rg norm w/0.5,pH regr out,All,ProtBERT,high,50,GPR,90/10,0.9091508278205658,0.11936653937553489
Rg norm w/0.5,pH regr out,Inliers,ProtBERT,high,50,Linear,80/20,-0.5304540649860237,0.08582449856760609
Rg norm w/0.5,pH regr out,Inliers,ProtBERT,high,50,Ridge,80/20,0.17644952150066973,0.06295732066292835
Rg norm w/0.5,pH regr out,Inliers,ProtBERT,high,50,Lasso,80/20,0.1461771628466887,0.06410398209815972
Rg norm w/0.5,pH regr out,Inliers,ProtBERT,high,50,Kernel Ridge,80/20,0.2097109679677328,0.061672861945195376
Rg norm w/0.5,pH regr out,Inliers,ProtBERT,high,50,GPR,80/20,0.18134347683862373,0.06276997973744199
Rg norm w/0.5,pH regr out,Inliers,ProtBERT,high,50,Linear,85/15,-0.965462760340748,0.10252715256375376
Rg norm w/0.5,pH regr out,Inliers,ProtBERT,high,50,Ridge,85/15,0.29148963727421284,0.06155730380695641
Rg norm w/0.5,pH regr out,Inliers,ProtBERT,high,50,Lasso,85/15,0.2653152944667382,0.06268404096047382
Rg norm w/0.5,pH regr out,Inliers,ProtBERT,high,50,Kernel Ridge,85/15,0.28566701822345963,0.06180972872920935
Rg norm w/0.5,pH regr out,Inliers,ProtBERT,high,50,GPR,85/15,0.30121270209924755,0.061133461525920044
Rg norm w/0.5,pH regr out,Inliers,ProtBERT,high,50,Linear,90/10,-5.640404544534461,0.15534388844675515
Rg norm w/0.5,pH regr out,Inliers,ProtBERT,high,50,Ridge,90/10,0.3049211501323126,0.050259011169235146
Rg norm w/0.5,pH regr out,Inliers,ProtBERT,high,50,Lasso,90/10,0.037083405414953696,0.059154969999583355
Rg norm w/0.5,pH regr out,Inliers,ProtBERT,high,50,Kernel Ridge,90/10,0.2935672183694108,0.0506678323558652
Rg norm w/0.5,pH regr out,Inliers,ProtBERT,high,50,GPR,90/10,0.5770222485784311,0.03920628249953554
Rg norm w/0.418,pH regr out,All,ProtBERT,high,50,Linear,80/20,0.09842985528712522,0.48177028487373064
Rg norm w/0.418,pH regr out,All,ProtBERT,high,50,Ridge,80/20,0.1560684899345841,0.4661158273759051
Rg norm w/0.418,pH regr out,All,ProtBERT,high,50,Lasso,80/20,0.044915001444384206,0.495862494231149
Rg norm w/0.418,pH regr out,All,ProtBERT,high,50,Kernel Ridge,80/20,0.9173487392128576,0.14586966654726333
Rg norm w/0.418,pH regr out,All,ProtBERT,high,50,GPR,80/20,0.9198740940871217,0.1436239031885303
Rg norm w/0.418,pH regr out,All,ProtBERT,high,50,Linear,85/15,0.16193633606241786,0.4542057981540536
Rg norm w/0.418,pH regr out,All,ProtBERT,high,50,Ridge,85/15,0.1746838644913825,0.45073816907271347
Rg norm w/0.418,pH regr out,All,ProtBERT,high,50,Lasso,85/15,0.06593959538944705,0.4795143953096688
Rg norm w/0.418,pH regr out,All,ProtBERT,high,50,Kernel Ridge,85/15,0.8981519230739318,0.15833997966553745
Rg norm w/0.418,pH regr out,All,ProtBERT,high,50,GPR,85/15,0.9110175376081655,0.14800158898009919
Rg norm w/0.418,pH regr out,All,ProtBERT,high,50,Linear,90/10,0.18386167355104777,0.5379566255209696
Rg norm w/0.418,pH regr out,All,ProtBERT,high,50,Ridge,90/10,0.17493180235795514,0.5408916759035772
Rg norm w/0.418,pH regr out,All,ProtBERT,high,50,Lasso,90/10,0.050209394702613985,0.5803357285843623
Rg norm w/0.418,pH regr out,All,ProtBERT,high,50,Kernel Ridge,90/10,0.9015776959844514,0.18681516930925707
Rg norm w/0.418,pH regr out,All,ProtBERT,high,50,GPR,90/10,0.9146130389867935,0.17400476953295627
Rg norm w/0.418,pH regr out,Inliers,ProtBERT,high,50,Linear,80/20,-0.570332159800375,0.12668359500754783
Rg norm w/0.418,pH regr out,Inliers,ProtBERT,high,50,Ridge,80/20,0.1835682773593087,0.0913449520650124
Rg norm w/0.418,pH regr out,Inliers,ProtBERT,high,50,Lasso,80/20,0.2512407732408385,0.08747736854238566
Rg norm w/0.418,pH regr out,Inliers,ProtBERT,high,50,Kernel Ridge,80/20,0.22300031820496957,0.08911176326861218
Rg norm w/0.418,pH regr out,Inliers,ProtBERT,high,50,GPR,80/20,0.20194084520116495,0.09031131348354939
Rg norm w/0.418,pH regr out,Inliers,ProtBERT,high,50,Linear,85/15,-1.243276844212982,0.1490650718072425
Rg norm w/0.418,pH regr out,Inliers,ProtBERT,high,50,Ridge,85/15,0.18423547596643874,0.08989113505664822
Rg norm w/0.418,pH regr out,Inliers,ProtBERT,high,50,Lasso,85/15,0.3524908202041386,0.08008615103200702
Rg norm w/0.418,pH regr out,Inliers,ProtBERT,high,50,Kernel Ridge,85/15,0.27136549045464153,0.08495507450942405
Rg norm w/0.418,pH regr out,Inliers,ProtBERT,high,50,GPR,85/15,0.3754603057963598,0.07865285290904903
Rg norm w/0.418,pH regr out,Inliers,ProtBERT,high,50,Linear,90/10,-5.35750642458319,0.22008527186308022
Rg norm w/0.418,pH regr out,Inliers,ProtBERT,high,50,Ridge,90/10,0.20213548449139862,0.07796723841957688
Rg norm w/0.418,pH regr out,Inliers,ProtBERT,high,50,Lasso,90/10,0.2760155727754203,0.0742697888080447
Rg norm w/0.418,pH regr out,Inliers,ProtBERT,high,50,Kernel Ridge,90/10,0.1957039617591566,0.0782808515554861
Rg norm w/0.418,pH regr out,Inliers,ProtBERT,high,50,GPR,90/10,0.5310629925096755,0.05977296929146703
Rg w/no norm,buffer regr out,All,ProtBERT,high,50,Linear,80/20,0.0465043216888541,4.246621439570554
Rg w/no norm,buffer regr out,All,ProtBERT,high,50,Ridge,80/20,0.19172806732873826,3.9098755358356696
Rg w/no norm,buffer regr out,All,ProtBERT,high,50,Lasso,80/20,0.1243589753414227,4.069557918325615
Rg w/no norm,buffer regr out,All,ProtBERT,high,50,Kernel Ridge,80/20,0.8677445075509511,1.5815795541118314
Rg w/no norm,buffer regr out,All,ProtBERT,high,50,GPR,80/20,0.8658965083410727,1.5925908873296228
Rg w/no norm,buffer regr out,All,ProtBERT,high,50,Linear,85/15,0.20351393236191984,3.861372320219416
Rg w/no norm,buffer regr out,All,ProtBERT,high,50,Ridge,85/15,0.204026325308568,3.860130077366022
Rg w/no norm,buffer regr out,All,ProtBERT,high,50,Lasso,85/15,0.1380509528756272,4.0169218665204305
Rg w/no norm,buffer regr out,All,ProtBERT,high,50,Kernel Ridge,85/15,0.8449498240806157,1.7036827221162258
Rg w/no norm,buffer regr out,All,ProtBERT,high,50,GPR,85/15,0.8514270022131403,1.6677176709390402
Rg w/no norm,buffer regr out,All,ProtBERT,high,50,Linear,90/10,0.212545864394315,4.575130674913517
Rg w/no norm,buffer regr out,All,ProtBERT,high,50,Ridge,90/10,0.1986236571112494,4.615397682242439
Rg w/no norm,buffer regr out,All,ProtBERT,high,50,Lasso,90/10,0.12901189282482362,4.811682707413925
Rg w/no norm,buffer regr out,All,ProtBERT,high,50,Kernel Ridge,90/10,0.8615460146323489,1.9184195850565433
Rg w/no norm,buffer regr out,All,ProtBERT,high,50,GPR,90/10,0.8686927307081657,1.8682511301894655
Rg w/no norm,buffer regr out,Inliers,ProtBERT,high,50,Linear,80/20,0.026437060886422836,1.3779625962036528
Rg w/no norm,buffer regr out,Inliers,ProtBERT,high,50,Ridge,80/20,0.22050809999408638,1.2329947172565157
Rg w/no norm,buffer regr out,Inliers,ProtBERT,high,50,Lasso,80/20,0.281509306829166,1.1837663379376644
Rg w/no norm,buffer regr out,Inliers,ProtBERT,high,50,Kernel Ridge,80/20,0.29537262886374027,1.1722902884448332
Rg w/no norm,buffer regr out,Inliers,ProtBERT,high,50,GPR,80/20,0.20981088634519018,1.2414262766416044
Rg w/no norm,buffer regr out,Inliers,ProtBERT,high,50,Linear,85/15,-0.1251428256315652,1.2994775566685441
Rg w/no norm,buffer regr out,Inliers,ProtBERT,high,50,Ridge,85/15,0.2638988339319195,1.051075004719467
Rg w/no norm,buffer regr out,Inliers,ProtBERT,high,50,Lasso,85/15,0.23421318884743825,1.072059517484342
Rg w/no norm,buffer regr out,Inliers,ProtBERT,high,50,Kernel Ridge,85/15,0.3571736018564343,0.9822268620243852
Rg w/no norm,buffer regr out,Inliers,ProtBERT,high,50,GPR,85/15,0.28049832616564674,1.0391562639424385
Rg w/no norm,buffer regr out,Inliers,ProtBERT,high,50,Linear,90/10,-0.13028943371224577,1.4685464667179693
Rg w/no norm,buffer regr out,Inliers,ProtBERT,high,50,Ridge,90/10,0.2258822617464532,1.215336016443396
Rg w/no norm,buffer regr out,Inliers,ProtBERT,high,50,Lasso,90/10,0.20807766793240157,1.2292328390457166
Rg w/no norm,buffer regr out,Inliers,ProtBERT,high,50,Kernel Ridge,90/10,0.33006567171916434,1.13059998391514
Rg w/no norm,buffer regr out,Inliers,ProtBERT,high,50,GPR,90/10,0.28659466947502776,1.1667049323376437
Rg norm w/0.427,buffer regr out,All,ProtBERT,high,50,Linear,80/20,0.11572636732006014,0.4601863231371936
Rg norm w/0.427,buffer regr out,All,ProtBERT,high,50,Ridge,80/20,0.1891940959267432,0.440655120122277
Rg norm w/0.427,buffer regr out,All,ProtBERT,high,50,Lasso,80/20,-0.0012921654523108117,0.4896894848976614
Rg norm w/0.427,buffer regr out,All,ProtBERT,high,50,Kernel Ridge,80/20,0.801313922761197,0.218134363598713
Rg norm w/0.427,buffer regr out,All,ProtBERT,high,50,GPR,80/20,0.9072165117569,0.1490650113479854
Rg norm w/0.427,buffer regr out,All,ProtBERT,high,50,Linear,85/15,0.16716708231754562,0.4404745703040778
Rg norm w/0.427,buffer regr out,All,ProtBERT,high,50,Ridge,85/15,0.1845846130721044,0.43584427988905006
Rg norm w/0.427,buffer regr out,All,ProtBERT,high,50,Lasso,85/15,0.0820049873973131,0.4624470999320543
Rg norm w/0.427,buffer regr out,All,ProtBERT,high,50,Kernel Ridge,85/15,0.8799727216330547,0.1672175587136304
Rg norm w/0.427,buffer regr out,All,ProtBERT,high,50,GPR,85/15,0.8932059724386966,0.15773039182648302
Rg norm w/0.427,buffer regr out,All,ProtBERT,high,50,Linear,90/10,0.20234415005277917,0.5179911771420399
Rg norm w/0.427,buffer regr out,All,ProtBERT,high,50,Ridge,90/10,0.19789677958319363,0.5194332128824943
Rg norm w/0.427,buffer regr out,All,ProtBERT,high,50,Lasso,90/10,0.06946638253637827,0.5594749150314875
Rg norm w/0.427,buffer regr out,All,ProtBERT,high,50,Kernel Ridge,90/10,0.8934292600519543,0.18933616482035134
Rg norm w/0.427,buffer regr out,All,ProtBERT,high,50,GPR,90/10,0.9064180320385384,0.17742330795553862
Rg norm w/0.427,buffer regr out,Inliers,ProtBERT,high,50,Linear,80/20,-0.5105566635885554,0.13374194844608678
Rg norm w/0.427,buffer regr out,Inliers,ProtBERT,high,50,Ridge,80/20,-0.02146557204831323,0.10997931294629411
Rg norm w/0.427,buffer regr out,Inliers,ProtBERT,high,50,Lasso,80/20,-0.057883041008379044,0.11192264447394645
Rg norm w/0.427,buffer regr out,Inliers,ProtBERT,high,50,Kernel Ridge,80/20,-0.0272406654701276,0.11028977157740746
Rg norm w/0.427,buffer regr out,Inliers,ProtBERT,high,50,GPR,80/20,0.09857824880782617,0.10331494579026106
Rg norm w/0.427,buffer regr out,Inliers,ProtBERT,high,50,Linear,85/15,-0.6088512593461557,0.13606054795772954
Rg norm w/0.427,buffer regr out,Inliers,ProtBERT,high,50,Ridge,85/15,0.01573864314479201,0.10642152685449087
Rg norm w/0.427,buffer regr out,Inliers,ProtBERT,high,50,Lasso,85/15,-0.0176008423267644,0.10820890372141805
Rg norm w/0.427,buffer regr out,Inliers,ProtBERT,high,50,Kernel Ridge,85/15,0.01763179172768481,0.10631913091393769
Rg norm w/0.427,buffer regr out,Inliers,ProtBERT,high,50,GPR,85/15,0.36736455156662007,0.08532003595614845
Rg norm w/0.427,buffer regr out,Inliers,ProtBERT,high,50,Linear,90/10,-2.211566501432946,0.1803033963025502
Rg norm w/0.427,buffer regr out,Inliers,ProtBERT,high,50,Ridge,90/10,0.08366136967009241,0.09631045743424706
Rg norm w/0.427,buffer regr out,Inliers,ProtBERT,high,50,Lasso,90/10,0.028253864332074774,0.09917948729694928
Rg norm w/0.427,buffer regr out,Inliers,ProtBERT,high,50,Kernel Ridge,90/10,0.2713018142215984,0.08588538996305281
Rg norm w/0.427,buffer regr out,Inliers,ProtBERT,high,50,GPR,90/10,0.4666132486555211,0.07347956216431972
Rg norm w/0.5,buffer regr out,All,ProtBERT,high,50,Linear,80/20,0.12381823224719879,0.31706757563998944
Rg norm w/0.5,buffer regr out,All,ProtBERT,high,50,Ridge,80/20,0.1932250283751078,0.3042502434432628
Rg norm w/0.5,buffer regr out,All,ProtBERT,high,50,Lasso,80/20,0.06076592548427373,0.32827789958236275
Rg norm w/0.5,buffer regr out,All,ProtBERT,high,50,Kernel Ridge,80/20,0.7984097566458908,0.15208608505610458
Rg norm w/0.5,buffer regr out,All,ProtBERT,high,50,GPR,80/20,0.9043539450028321,0.10475825533162784
Rg norm w/0.5,buffer regr out,All,ProtBERT,high,50,Linear,85/15,0.16332954332228589,0.30513762642264475
Rg norm w/0.5,buffer regr out,All,ProtBERT,high,50,Ridge,85/15,0.18532926027513053,0.30109920283363
Rg norm w/0.5,buffer regr out,All,ProtBERT,high,50,Lasso,85/15,0.14637189521928118,0.3082143814625594
Rg norm w/0.5,buffer regr out,All,ProtBERT,high,50,Kernel Ridge,85/15,0.8753645522650224,0.11777126386195926
Rg norm w/0.5,buffer regr out,All,ProtBERT,high,50,GPR,85/15,0.8883595781957372,0.11146262866462142
Rg norm w/0.5,buffer regr out,All,ProtBERT,high,50,Linear,90/10,0.20137992616869838,0.3583053040054042
Rg norm w/0.5,buffer regr out,All,ProtBERT,high,50,Ridge,90/10,0.20051784022178165,0.35849864165308604
Rg norm w/0.5,buffer regr out,All,ProtBERT,high,50,Lasso,90/10,0.06157915733758057,0.3884024390482157
Rg norm w/0.5,buffer regr out,All,ProtBERT,high,50,Kernel Ridge,90/10,0.8898538263976518,0.13306622404512192
Rg norm w/0.5,buffer regr out,All,ProtBERT,high,50,GPR,90/10,0.9026837056128038,0.12507655407769314
Rg norm w/0.5,buffer regr out,Inliers,ProtBERT,high,50,Linear,80/20,-0.4727122381681257,0.0970102128020172
Rg norm w/0.5,buffer regr out,Inliers,ProtBERT,high,50,Ridge,80/20,0.010815211289645243,0.07950550931368788
Rg norm w/0.5,buffer regr out,Inliers,ProtBERT,high,50,Lasso,80/20,0.011254194849232402,0.07948786575258077
Rg norm w/0.5,buffer regr out,Inliers,ProtBERT,high,50,Kernel Ridge,80/20,0.16210564333707667,0.07317338434257653
Rg norm w/0.5,buffer regr out,Inliers,ProtBERT,high,50,GPR,80/20,0.10336697511188364,0.07569477018371028
Rg norm w/0.5,buffer regr out,Inliers,ProtBERT,high,50,Linear,85/15,-0.6283356673963105,0.10144870126014419
Rg norm w/0.5,buffer regr out,Inliers,ProtBERT,high,50,Ridge,85/15,0.017119516873444263,0.07881790361465224
Rg norm w/0.5,buffer regr out,Inliers,ProtBERT,high,50,Lasso,85/15,-0.11535176895320509,0.0839615512468692
Rg norm w/0.5,buffer regr out,Inliers,ProtBERT,high,50,Kernel Ridge,85/15,0.21825649465795827,0.07029212369340723
Rg norm w/0.5,buffer regr out,Inliers,ProtBERT,high,50,GPR,85/15,0.35176100390896226,0.06400915593113873
Rg norm w/0.5,buffer regr out,Inliers,ProtBERT,high,50,Linear,90/10,-2.868614056082716,0.13772665914249274
Rg norm w/0.5,buffer regr out,Inliers,ProtBERT,high,50,Ridge,90/10,0.13166877604873906,0.06525037607499928
Rg norm w/0.5,buffer regr out,Inliers,ProtBERT,high,50,Lasso,90/10,0.10521124403414162,0.06623698703276822
Rg norm w/0.5,buffer regr out,Inliers,ProtBERT,high,50,Kernel Ridge,90/10,0.30843189182962083,0.05823147472905168
Rg norm w/0.5,buffer regr out,Inliers,ProtBERT,high,50,GPR,90/10,0.5042859015784831,0.04930102464345943
Rg norm w/0.418,buffer regr out,All,ProtBERT,high,50,Linear,80/20,0.11472245669196679,0.4819644632126913
Rg norm w/0.418,buffer regr out,All,ProtBERT,high,50,Ridge,80/20,0.1888261025447281,0.46135186145694
Rg norm w/0.418,buffer regr out,All,ProtBERT,high,50,Lasso,80/20,0.0015188746069796366,0.511852965155529
Rg norm w/0.418,buffer regr out,All,ProtBERT,high,50,Kernel Ridge,80/20,0.8014742867333866,0.2282357523573078
Rg norm w/0.418,buffer regr out,All,ProtBERT,high,50,GPR,80/20,0.9073235537124991,0.15594087967429887
Rg norm w/0.418,buffer regr out,All,ProtBERT,high,50,Linear,85/15,0.16773411137164218,0.46098956274694153
Rg norm w/0.418,buffer regr out,All,ProtBERT,high,50,Ridge,85/15,0.18462108270830035,0.45628877416135866
Rg norm w/0.418,buffer regr out,All,ProtBERT,high,50,Lasso,85/15,0.08422044605088852,0.4835657317978741
Rg norm w/0.418,buffer regr out,All,ProtBERT,high,50,Kernel Ridge,85/15,0.8802786581502804,0.17484202713083177
Rg norm w/0.418,buffer regr out,All,ProtBERT,high,50,GPR,85/15,0.8935034324415958,0.16490273184765963
Rg norm w/0.418,buffer regr out,All,ProtBERT,high,50,Linear,90/10,0.20251530129759288,0.5422140362883199
Rg norm w/0.418,buffer regr out,All,ProtBERT,high,50,Ridge,90/10,0.1976710879918706,0.5438583460722705
Rg norm w/0.418,buffer regr out,All,ProtBERT,high,50,Lasso,90/10,0.07144405017396138,0.5850777937009006
Rg norm w/0.418,buffer regr out,All,ProtBERT,high,50,Kernel Ridge,90/10,0.8936082506682808,0.19804484906086747
Rg norm w/0.418,buffer regr out,All,ProtBERT,high,50,GPR,90/10,0.906614224569718,0.18554529285878202
Rg norm w/0.418,buffer regr out,Inliers,ProtBERT,high,50,Linear,80/20,-0.5075612822260789,0.1392545727072317
Rg norm w/0.418,buffer regr out,Inliers,ProtBERT,high,50,Ridge,80/20,-0.02250287308987109,0.11468437335806886
Rg norm w/0.418,buffer regr out,Inliers,ProtBERT,high,50,Lasso,80/20,-0.06361669965892247,0.11696732319668046
Rg norm w/0.418,buffer regr out,Inliers,ProtBERT,high,50,Kernel Ridge,80/20,-0.029193072715353097,0.11505894951824513
Rg norm w/0.418,buffer regr out,Inliers,ProtBERT,high,50,GPR,80/20,0.09879232552771855,0.1076674477199692
Rg norm w/0.418,buffer regr out,Inliers,ProtBERT,high,50,Linear,85/15,-0.5982395292032672,0.14109963870547715
Rg norm w/0.418,buffer regr out,Inliers,ProtBERT,high,50,Ridge,85/15,0.0175719235078593,0.11062552647700288
Rg norm w/0.418,buffer regr out,Inliers,ProtBERT,high,50,Lasso,85/15,-0.020625239862477995,0.11275559988813601
Rg norm w/0.418,buffer regr out,Inliers,ProtBERT,high,50,Kernel Ridge,85/15,0.019924096345085407,0.11049301484422311
Rg norm w/0.418,buffer regr out,Inliers,ProtBERT,high,50,GPR,85/15,0.369047944656671,0.08865498231330443
Rg norm w/0.418,buffer regr out,Inliers,ProtBERT,high,50,Linear,90/10,-2.1118618161044527,0.1862384931668813
Rg norm w/0.418,buffer regr out,Inliers,ProtBERT,high,50,Ridge,90/10,0.0814005464359776,0.10118645680297965
Rg norm w/0.418,buffer regr out,Inliers,ProtBERT,high,50,Lasso,90/10,0.03128014840435811,0.1039102517829215
Rg norm w/0.418,buffer regr out,Inliers,ProtBERT,high,50,Kernel Ridge,90/10,0.269197160189277,0.09025253527588688
Rg norm w/0.418,buffer regr out,Inliers,ProtBERT,high,50,GPR,90/10,0.4617127223472641,0.07745801354263708
Rg w/no norm,expr pH only regr out,All,ProtBERT,high,50,Linear,80/20,-0.16405037230608954,4.759932052036371
Rg w/no norm,expr pH only regr out,All,ProtBERT,high,50,Ridge,80/20,0.08355708442538434,4.2234521224899115
Rg w/no norm,expr pH only regr out,All,ProtBERT,high,50,Lasso,80/20,0.0855442573659857,4.218870667293286
Rg w/no norm,expr pH only regr out,All,ProtBERT,high,50,Kernel Ridge,80/20,0.514200265399057,3.0749885486041477
Rg w/no norm,expr pH only regr out,All,ProtBERT,high,50,GPR,80/20,0.688842270569459,2.4609634465069776
Rg w/no norm,expr pH only regr out,All,ProtBERT,high,50,Linear,85/15,0.07573398761413674,4.202074588020047
Rg w/no norm,expr pH only regr out,All,ProtBERT,high,50,Ridge,85/15,0.16649304270675735,3.9904316830241755
Rg w/no norm,expr pH only regr out,All,ProtBERT,high,50,Lasso,85/15,0.13544573904437196,4.064071997728895
Rg w/no norm,expr pH only regr out,All,ProtBERT,high,50,Kernel Ridge,85/15,0.5400229991955585,2.9643762420902395
Rg w/no norm,expr pH only regr out,All,ProtBERT,high,50,GPR,85/15,0.6893737280637104,2.4360396769663426
Rg w/no norm,expr pH only regr out,All,ProtBERT,high,50,Linear,90/10,0.03603042229112974,4.899383375180163
Rg w/no norm,expr pH only regr out,All,ProtBERT,high,50,Ridge,90/10,0.12158881216009054,4.676906519104504
Rg w/no norm,expr pH only regr out,All,ProtBERT,high,50,Lasso,90/10,0.10084278228357069,4.731813048736231
Rg w/no norm,expr pH only regr out,All,ProtBERT,high,50,Kernel Ridge,90/10,0.5278272714316854,3.4289425597822816
Rg w/no norm,expr pH only regr out,All,ProtBERT,high,50,GPR,90/10,0.8258428445311308,2.0824779973482697
Rg w/no norm,expr pH only regr out,Inliers,ProtBERT,high,50,Linear,80/20,0.24983506312490955,1.9239156512880375
Rg w/no norm,expr pH only regr out,Inliers,ProtBERT,high,50,Ridge,80/20,0.3775104635542005,1.7525631465405802
Rg w/no norm,expr pH only regr out,Inliers,ProtBERT,high,50,Lasso,80/20,0.40242700994990865,1.7171298061566713
Rg w/no norm,expr pH only regr out,Inliers,ProtBERT,high,50,Kernel Ridge,80/20,0.4578444037754711,1.6355718212544699
Rg w/no norm,expr pH only regr out,Inliers,ProtBERT,high,50,GPR,80/20,-0.4211660059127462,2.648073605138212
Rg w/no norm,expr pH only regr out,Inliers,ProtBERT,high,50,Linear,85/15,-0.02942971925691773,2.1408939104240376
Rg w/no norm,expr pH only regr out,Inliers,ProtBERT,high,50,Ridge,85/15,0.3266987935278397,1.7314162618140676
Rg w/no norm,expr pH only regr out,Inliers,ProtBERT,high,50,Lasso,85/15,0.3239633262419477,1.7349298688666013
Rg w/no norm,expr pH only regr out,Inliers,ProtBERT,high,50,Kernel Ridge,85/15,0.4439382559927463,1.5734694115193888
Rg w/no norm,expr pH only regr out,Inliers,ProtBERT,high,50,GPR,85/15,-0.41321324682590466,2.50842225759841
Rg w/no norm,expr pH only regr out,Inliers,ProtBERT,high,50,Linear,90/10,-0.5409262373034167,2.572908309793185
Rg w/no norm,expr pH only regr out,Inliers,ProtBERT,high,50,Ridge,90/10,0.4303081122049154,1.564420154318725
Rg w/no norm,expr pH only regr out,Inliers,ProtBERT,high,50,Lasso,90/10,0.395639755382618,1.6113182604087544
Rg w/no norm,expr pH only regr out,Inliers,ProtBERT,high,50,Kernel Ridge,90/10,0.6360791813129245,1.2503650765158445
Rg w/no norm,expr pH only regr out,Inliers,ProtBERT,high,50,GPR,90/10,-0.24284025319440072,2.3106865692376513
Rg norm w/0.427,expr pH only regr out,All,ProtBERT,high,50,Linear,80/20,-0.04610389145780536,0.5181665074924825
Rg norm w/0.427,expr pH only regr out,All,ProtBERT,high,50,Ridge,80/20,0.10805687136588094,0.4784653713949923
Rg norm w/0.427,expr pH only regr out,All,ProtBERT,high,50,Lasso,80/20,0.10588414050637074,0.4790477763289719
Rg norm w/0.427,expr pH only regr out,All,ProtBERT,high,50,Kernel Ridge,80/20,0.48994997459699063,0.361816456664153
Rg norm w/0.427,expr pH only regr out,All,ProtBERT,high,50,GPR,80/20,0.6958004128892847,0.2794224135091735
Rg norm w/0.427,expr pH only regr out,All,ProtBERT,high,50,Linear,85/15,0.06754792261097886,0.4873373423814476
Rg norm w/0.427,expr pH only regr out,All,ProtBERT,high,50,Ridge,85/15,0.1640610777514082,0.46142774412056003
Rg norm w/0.427,expr pH only regr out,All,ProtBERT,high,50,Lasso,85/15,0.14674657084116438,0.4661819470047454
Rg norm w/0.427,expr pH only regr out,All,ProtBERT,high,50,Kernel Ridge,85/15,0.5020534846827159,0.35612935974801796
Rg norm w/0.427,expr pH only regr out,All,ProtBERT,high,50,GPR,85/15,0.6980330015018743,0.2773295655306173
Rg norm w/0.427,expr pH only regr out,All,ProtBERT,high,50,Linear,90/10,0.046769109472382775,0.5723645803286972
Rg norm w/0.427,expr pH only regr out,All,ProtBERT,high,50,Ridge,90/10,0.1315429786634713,0.5463209588633217
Rg norm w/0.427,expr pH only regr out,All,ProtBERT,high,50,Lasso,90/10,0.1158488131088774,0.5512352271331957
Rg norm w/0.427,expr pH only regr out,All,ProtBERT,high,50,Kernel Ridge,90/10,0.49848604216771253,0.4151597185590812
Rg norm w/0.427,expr pH only regr out,All,ProtBERT,high,50,GPR,90/10,0.8309965487268622,0.24100246431709274
Rg norm w/0.427,expr pH only regr out,Inliers,ProtBERT,high,50,Linear,80/20,0.05211167458070631,0.21727249662742906
Rg norm w/0.427,expr pH only regr out,Inliers,ProtBERT,high,50,Ridge,80/20,0.3343522667766069,0.182074194077669
Rg norm w/0.427,expr pH only regr out,Inliers,ProtBERT,high,50,Lasso,80/20,0.33250876086965286,0.18232614624280463
Rg norm w/0.427,expr pH only regr out,Inliers,ProtBERT,high,50,Kernel Ridge,80/20,0.3551771019442247,0.17920346104724064
Rg norm w/0.427,expr pH only regr out,Inliers,ProtBERT,high,50,GPR,80/20,-0.5787201787248824,0.2804004766845749
Rg norm w/0.427,expr pH only regr out,Inliers,ProtBERT,high,50,Linear,85/15,-0.3317985979398066,0.26914448001038843
Rg norm w/0.427,expr pH only regr out,Inliers,ProtBERT,high,50,Ridge,85/15,0.32896004823748937,0.19104707340137558
Rg norm w/0.427,expr pH only regr out,Inliers,ProtBERT,high,50,Lasso,85/15,0.3117198538825814,0.19348567707666767
Rg norm w/0.427,expr pH only regr out,Inliers,ProtBERT,high,50,Kernel Ridge,85/15,0.2566534717188128,0.20107675095161448
Rg norm w/0.427,expr pH only regr out,Inliers,ProtBERT,high,50,GPR,85/15,-0.4082421693735543,0.27676098840743524
Rg norm w/0.427,expr pH only regr out,Inliers,ProtBERT,high,50,Linear,90/10,-2.25284029727322,0.39638231481429653
Rg norm w/0.427,expr pH only regr out,Inliers,ProtBERT,high,50,Ridge,90/10,0.49452445296286185,0.15625465857649573
Rg norm w/0.427,expr pH only regr out,Inliers,ProtBERT,high,50,Lasso,90/10,0.40781160769630076,0.1691269605224756
Rg norm w/0.427,expr pH only regr out,Inliers,ProtBERT,high,50,Kernel Ridge,90/10,0.572121867383107,0.1437616155736132
Rg norm w/0.427,expr pH only regr out,Inliers,ProtBERT,high,50,GPR,90/10,-0.2787817628220097,0.2485313139036785
Rg norm w/0.5,expr pH only regr out,All,ProtBERT,high,50,Linear,80/20,-0.08606071528883241,0.39735689276072594
Rg norm w/0.5,expr pH only regr out,All,ProtBERT,high,50,Ridge,80/20,0.12318028041701334,0.3570334058220822
Rg norm w/0.5,expr pH only regr out,All,ProtBERT,high,50,Lasso,80/20,0.11652564778623742,0.3583856992848187
Rg norm w/0.5,expr pH only regr out,All,ProtBERT,high,50,Kernel Ridge,80/20,0.46123709195541984,0.27986754793277874
Rg norm w/0.5,expr pH only regr out,All,ProtBERT,high,50,GPR,80/20,0.48041187168479726,0.2748421317218218
Rg norm w/0.5,expr pH only regr out,All,ProtBERT,high,50,Linear,85/15,0.03576370487078184,0.37630085819989245
Rg norm w/0.5,expr pH only regr out,All,ProtBERT,high,50,Ridge,85/15,0.18016798926352318,0.3469811700122384
Rg norm w/0.5,expr pH only regr out,All,ProtBERT,high,50,Lasso,85/15,0.16861588570764308,0.34941724270456265
Rg norm w/0.5,expr pH only regr out,All,ProtBERT,high,50,Kernel Ridge,85/15,0.4714605423835958,0.2786006842299966
Rg norm w/0.5,expr pH only regr out,All,ProtBERT,high,50,GPR,85/15,0.4981301454727297,0.2714807412668027
Rg norm w/0.5,expr pH only regr out,All,ProtBERT,high,50,Linear,90/10,-0.02642065781979208,0.4332056864809161
Rg norm w/0.5,expr pH only regr out,All,ProtBERT,high,50,Ridge,90/10,0.11933218452576255,0.40127076439738235
Rg norm w/0.5,expr pH only regr out,All,ProtBERT,high,50,Lasso,90/10,0.12350849115114793,0.4003181797627198
Rg norm w/0.5,expr pH only regr out,All,ProtBERT,high,50,Kernel Ridge,90/10,0.4519647173980835,0.3165451883311938
Rg norm w/0.5,expr pH only regr out,All,ProtBERT,high,50,GPR,90/10,0.7408148474565389,0.21768901604713506
Rg norm w/0.5,expr pH only regr out,Inliers,ProtBERT,high,50,Linear,80/20,0.061730603845708054,0.15177189144788175
Rg norm w/0.5,expr pH only regr out,Inliers,ProtBERT,high,50,Ridge,80/20,0.3357429743068179,0.12770139729273708
Rg norm w/0.5,expr pH only regr out,Inliers,ProtBERT,high,50,Lasso,80/20,0.2321820668912593,0.13729562443628182
Rg norm w/0.5,expr pH only regr out,Inliers,ProtBERT,high,50,Kernel Ridge,80/20,0.3358593569096465,0.12769020970158193
Rg norm w/0.5,expr pH only regr out,Inliers,ProtBERT,high,50,GPR,80/20,-0.5556586699235349,0.1954270731909218
Rg norm w/0.5,expr pH only regr out,Inliers,ProtBERT,high,50,Linear,85/15,-0.28981017384796304,0.1884567720547682
Rg norm w/0.5,expr pH only regr out,Inliers,ProtBERT,high,50,Ridge,85/15,0.3340677348096023,0.13541409690691855
Rg norm w/0.5,expr pH only regr out,Inliers,ProtBERT,high,50,Lasso,85/15,0.32215752286365595,0.13661967228309305
Rg norm w/0.5,expr pH only regr out,Inliers,ProtBERT,high,50,Kernel Ridge,85/15,0.23746784550169597,0.14490318446896167
Rg norm w/0.5,expr pH only regr out,Inliers,ProtBERT,high,50,GPR,85/15,-0.3717562443210525,0.19435124269566315
Rg norm w/0.5,expr pH only regr out,Inliers,ProtBERT,high,50,Linear,90/10,-2.383899993702358,0.28324961603288684
Rg norm w/0.5,expr pH only regr out,Inliers,ProtBERT,high,50,Ridge,90/10,0.5084688230567397,0.10795334525761446
Rg norm w/0.5,expr pH only regr out,Inliers,ProtBERT,high,50,Lasso,90/10,0.44823841765878203,0.11437636740673494
Rg norm w/0.5,expr pH only regr out,Inliers,ProtBERT,high,50,Kernel Ridge,90/10,0.5688014133663077,0.1011111929377776
Rg norm w/0.5,expr pH only regr out,Inliers,ProtBERT,high,50,GPR,90/10,-0.25160504445144927,0.17226387903971924
Rg norm w/0.418,expr pH only regr out,All,ProtBERT,high,50,Linear,80/20,-0.00782483823785629,0.513361995301709
Rg norm w/0.418,expr pH only regr out,All,ProtBERT,high,50,Ridge,80/20,0.10754971844300121,0.48308460879245624
Rg norm w/0.418,expr pH only regr out,All,ProtBERT,high,50,Lasso,80/20,0.09127000641239447,0.4874708120177042
Rg norm w/0.418,expr pH only regr out,All,ProtBERT,high,50,Kernel Ridge,80/20,0.13817379871480961,0.474723829353251
Rg norm w/0.418,expr pH only regr out,All,ProtBERT,high,50,GPR,80/20,0.8141681526002794,0.2204404341542867
Rg norm w/0.418,expr pH only regr out,All,ProtBERT,high,50,Linear,85/15,0.092194142298891,0.4824415589708493
Rg norm w/0.418,expr pH only regr out,All,ProtBERT,high,50,Ridge,85/15,0.1566352556691808,0.46500320131987344
Rg norm w/0.418,expr pH only regr out,All,ProtBERT,high,50,Lasso,85/15,0.12606865117087418,0.4733549041239091
Rg norm w/0.418,expr pH only regr out,All,ProtBERT,high,50,Kernel Ridge,85/15,0.8101121374024884,0.22064638923379568
Rg norm w/0.418,expr pH only regr out,All,ProtBERT,high,50,GPR,85/15,0.8095262632662743,0.2209865148539035
Rg norm w/0.418,expr pH only regr out,All,ProtBERT,high,50,Linear,90/10,0.0924932478431949,0.5726027999736741
Rg norm w/0.418,expr pH only regr out,All,ProtBERT,high,50,Ridge,90/10,0.14158471185670007,0.5569000497509965
Rg norm w/0.418,expr pH only regr out,All,ProtBERT,high,50,Lasso,90/10,0.1071888281654979,0.5679476969981319
Rg norm w/0.418,expr pH only regr out,All,ProtBERT,high,50,Kernel Ridge,90/10,0.8566305181110114,0.22759194783680897
Rg norm w/0.418,expr pH only regr out,All,ProtBERT,high,50,GPR,90/10,0.873824685938744,0.2135087765929125
Rg norm w/0.418,expr pH only regr out,Inliers,ProtBERT,high,50,Linear,80/20,0.05253111507948549,0.2271539211322177
Rg norm w/0.418,expr pH only regr out,Inliers,ProtBERT,high,50,Ridge,80/20,0.3344525070504427,0.190382614067729
Rg norm w/0.418,expr pH only regr out,Inliers,ProtBERT,high,50,Lasso,80/20,0.33912319153925585,0.1897134035914058
Rg norm w/0.418,expr pH only regr out,Inliers,ProtBERT,high,50,Kernel Ridge,80/20,0.35780597502246125,0.18701260940025005
Rg norm w/0.418,expr pH only regr out,Inliers,ProtBERT,high,50,GPR,80/20,-0.5803854040157495,0.2933724074509959
Rg norm w/0.418,expr pH only regr out,Inliers,ProtBERT,high,50,Linear,85/15,-0.3344422911555458,0.2812176421488868
Rg norm w/0.418,expr pH only regr out,Inliers,ProtBERT,high,50,Ridge,85/15,0.3284176363764275,0.19949972682189224
Rg norm w/0.418,expr pH only regr out,Inliers,ProtBERT,high,50,Lasso,85/15,0.3087203733598509,0.2024042105727849
Rg norm w/0.418,expr pH only regr out,Inliers,ProtBERT,high,50,Kernel Ridge,85/15,0.25941547339355864,0.20949804808675032
Rg norm w/0.418,expr pH only regr out,Inliers,ProtBERT,high,50,GPR,85/15,-0.4120429182074741,0.28927880352959207
Rg norm w/0.418,expr pH only regr out,Inliers,ProtBERT,high,50,Linear,90/10,-2.2297273142816234,0.4130403760932138
Rg norm w/0.418,expr pH only regr out,Inliers,ProtBERT,high,50,Ridge,90/10,0.49296774170382274,0.16365428260583592
Rg norm w/0.418,expr pH only regr out,Inliers,ProtBERT,high,50,Lasso,90/10,0.40262417362324343,0.17763698829979743
Rg norm w/0.418,expr pH only regr out,Inliers,ProtBERT,high,50,Kernel Ridge,90/10,0.5727341468469852,0.15023069351336493
Rg norm w/0.418,expr pH only regr out,Inliers,ProtBERT,high,50,GPR,90/10,-0.2812362168865157,0.26015021100964947
Rg w/no norm,expr buffer only regr out,All,ProtBERT,high,50,Linear,80/20,-0.06352223809076896,4.5878978924912825
Rg w/no norm,expr buffer only regr out,All,ProtBERT,high,50,Ridge,80/20,0.1414860434627805,4.122058357218898
Rg w/no norm,expr buffer only regr out,All,ProtBERT,high,50,Lasso,80/20,0.12166252065438243,4.16937697273282
Rg w/no norm,expr buffer only regr out,All,ProtBERT,high,50,Kernel Ridge,80/20,0.5284408378984689,3.0549812545105
Rg w/no norm,expr buffer only regr out,All,ProtBERT,high,50,GPR,80/20,0.711402639407891,2.389937994046306
Rg w/no norm,expr buffer only regr out,All,ProtBERT,high,50,Linear,85/15,0.12528900471609938,4.2306639996806625
Rg w/no norm,expr buffer only regr out,All,ProtBERT,high,50,Ridge,85/15,0.19295408418658233,4.063734856302255
Rg w/no norm,expr buffer only regr out,All,ProtBERT,high,50,Lasso,85/15,0.14363219045167896,4.186069254762491
Rg w/no norm,expr buffer only regr out,All,ProtBERT,high,50,Kernel Ridge,85/15,0.5338767805029032,3.0883506978119843
Rg w/no norm,expr buffer only regr out,All,ProtBERT,high,50,GPR,85/15,0.7037866672456099,2.461946115526447
Rg w/no norm,expr buffer only regr out,All,ProtBERT,high,50,Linear,90/10,0.08348252627294683,5.007576112805919
Rg w/no norm,expr buffer only regr out,All,ProtBERT,high,50,Ridge,90/10,0.1494444270613814,4.824013690383394
Rg w/no norm,expr buffer only regr out,All,ProtBERT,high,50,Lasso,90/10,0.10798511567203128,4.940185253727871
Rg w/no norm,expr buffer only regr out,All,ProtBERT,high,50,Kernel Ridge,90/10,0.5217342343535902,3.617360833125725
Rg w/no norm,expr buffer only regr out,All,ProtBERT,high,50,GPR,90/10,0.8285833340420719,2.1656272441664797
Rg w/no norm,expr buffer only regr out,Inliers,ProtBERT,high,50,Linear,80/20,0.2193802228673396,1.8073883302580265
Rg w/no norm,expr buffer only regr out,Inliers,ProtBERT,high,50,Ridge,80/20,0.3326002432376268,1.6711857386619202
Rg w/no norm,expr buffer only regr out,Inliers,ProtBERT,high,50,Lasso,80/20,0.34079789011318473,1.6608904701363398
Rg w/no norm,expr buffer only regr out,Inliers,ProtBERT,high,50,Kernel Ridge,80/20,0.3703063713544211,1.623290878782512
Rg w/no norm,expr buffer only regr out,Inliers,ProtBERT,high,50,GPR,80/20,-0.5431816432568242,2.5412080541651916
Rg w/no norm,expr buffer only regr out,Inliers,ProtBERT,high,50,Linear,85/15,0.1779491593025132,1.8726846815538192
Rg w/no norm,expr buffer only regr out,Inliers,ProtBERT,high,50,Ridge,85/15,0.32384467641968606,1.6983944225176393
Rg w/no norm,expr buffer only regr out,Inliers,ProtBERT,high,50,Lasso,85/15,0.3382046174825203,1.6802626953344764
Rg w/no norm,expr buffer only regr out,Inliers,ProtBERT,high,50,Kernel Ridge,85/15,0.4430626440903116,1.541411140160221
Rg w/no norm,expr buffer only regr out,Inliers,ProtBERT,high,50,GPR,85/15,-0.3772387251711804,2.4239292081659842
Rg w/no norm,expr buffer only regr out,Inliers,ProtBERT,high,50,Linear,90/10,0.07149728259733668,1.9822410006183122
Rg w/no norm,expr buffer only regr out,Inliers,ProtBERT,high,50,Ridge,90/10,0.4678969032100818,1.5005924551316776
Rg w/no norm,expr buffer only regr out,Inliers,ProtBERT,high,50,Lasso,90/10,0.4566163707644362,1.5164152395781803
Rg w/no norm,expr buffer only regr out,Inliers,ProtBERT,high,50,Kernel Ridge,90/10,0.7497377258704887,1.0291118016062726
Rg w/no norm,expr buffer only regr out,Inliers,ProtBERT,high,50,GPR,90/10,-0.1259865940249043,2.1828881094481707
Rg norm w/0.427,expr buffer only regr out,All,ProtBERT,high,50,Linear,80/20,-0.016327692109243674,0.5101073400996606
Rg norm w/0.427,expr buffer only regr out,All,ProtBERT,high,50,Ridge,80/20,0.14038668249740005,0.46913329968852935
Rg norm w/0.427,expr buffer only regr out,All,ProtBERT,high,50,Lasso,80/20,0.07563655749952924,0.48648121369456854
Rg norm w/0.427,expr buffer only regr out,All,ProtBERT,high,50,Kernel Ridge,80/20,0.13496813725729329,0.47060956037848034
Rg norm w/0.427,expr buffer only regr out,All,ProtBERT,high,50,GPR,80/20,0.7052451370641436,0.27471045151213674
Rg norm w/0.427,expr buffer only regr out,All,ProtBERT,high,50,Linear,85/15,0.0783045070326851,0.4877165389913577
Rg norm w/0.427,expr buffer only regr out,All,ProtBERT,high,50,Ridge,85/15,0.1752449858141002,0.46135606433301757
Rg norm w/0.427,expr buffer only regr out,All,ProtBERT,high,50,Lasso,85/15,0.160707040386183,0.4654044605473309
Rg norm w/0.427,expr buffer only regr out,All,ProtBERT,high,50,Kernel Ridge,85/15,0.4984980098579185,0.3597576864812256
Rg norm w/0.427,expr buffer only regr out,All,ProtBERT,high,50,GPR,85/15,0.7031705230968134,0.2767752582638901
Rg norm w/0.427,expr buffer only regr out,All,ProtBERT,high,50,Linear,90/10,0.05612175703509614,0.5778147494224843
Rg norm w/0.427,expr buffer only regr out,All,ProtBERT,high,50,Ridge,90/10,0.1444883166374341,0.5501024868610508
Rg norm w/0.427,expr buffer only regr out,All,ProtBERT,high,50,Lasso,90/10,0.08310613300176406,0.5694953334335238
Rg norm w/0.427,expr buffer only regr out,All,ProtBERT,high,50,Kernel Ridge,90/10,0.49839587560120624,0.4212221351631297
Rg norm w/0.427,expr buffer only regr out,All,ProtBERT,high,50,GPR,90/10,0.8319431735700162,0.24381404229691006
Rg norm w/0.427,expr buffer only regr out,Inliers,ProtBERT,high,50,Linear,80/20,0.03257127488491529,0.2031240277634291
Rg norm w/0.427,expr buffer only regr out,Inliers,ProtBERT,high,50,Ridge,80/20,0.280965921688739,0.17511628988403669
Rg norm w/0.427,expr buffer only regr out,Inliers,ProtBERT,high,50,Lasso,80/20,0.2414529446540763,0.17986351391942684
Rg norm w/0.427,expr buffer only regr out,Inliers,ProtBERT,high,50,Kernel Ridge,80/20,0.19157869139762995,0.18568237676832858
Rg norm w/0.427,expr buffer only regr out,Inliers,ProtBERT,high,50,GPR,80/20,-0.8179026011772808,0.278443520379138
Rg norm w/0.427,expr buffer only regr out,Inliers,ProtBERT,high,50,Linear,85/15,-0.13838456015446865,0.23358739967731798
Rg norm w/0.427,expr buffer only regr out,Inliers,ProtBERT,high,50,Ridge,85/15,0.27262668867616946,0.18671688552646484
Rg norm w/0.427,expr buffer only regr out,Inliers,ProtBERT,high,50,Lasso,85/15,0.2882201537453496,0.18470461941297506
Rg norm w/0.427,expr buffer only regr out,Inliers,ProtBERT,high,50,Kernel Ridge,85/15,0.21096549550993515,0.19447013305468025
Rg norm w/0.427,expr buffer only regr out,Inliers,ProtBERT,high,50,GPR,85/15,-0.5176470141426759,0.26970580841893405
Rg norm w/0.427,expr buffer only regr out,Inliers,ProtBERT,high,50,Linear,90/10,-1.767730979220532,0.34557553805109087
Rg norm w/0.427,expr buffer only regr out,Inliers,ProtBERT,high,50,Ridge,90/10,0.5122171292696496,0.14507558420926897
Rg norm w/0.427,expr buffer only regr out,Inliers,ProtBERT,high,50,Lasso,90/10,0.5155009042422523,0.1445864320780546
Rg norm w/0.427,expr buffer only regr out,Inliers,ProtBERT,high,50,Kernel Ridge,90/10,0.6056112977398624,0.1304497611453913
Rg norm w/0.427,expr buffer only regr out,Inliers,ProtBERT,high,50,GPR,90/10,-0.3135227614400944,0.2380673605197052
Rg norm w/0.5,expr buffer only regr out,All,ProtBERT,high,50,Linear,80/20,-0.06796761228832837,0.39119019615222694
Rg norm w/0.5,expr buffer only regr out,All,ProtBERT,high,50,Ridge,80/20,0.14502968701303465,0.35001321239918454
Rg norm w/0.5,expr buffer only regr out,All,ProtBERT,high,50,Lasso,80/20,0.13111236499283596,0.35285049372686905
Rg norm w/0.5,expr buffer only regr out,All,ProtBERT,high,50,Kernel Ridge,80/20,0.4667400734328506,0.2764256855110566
Rg norm w/0.5,expr buffer only regr out,All,ProtBERT,high,50,GPR,80/20,0.4883250716134374,0.2707733946810012
Rg norm w/0.5,expr buffer only regr out,All,ProtBERT,high,50,Linear,85/15,0.035766795902712034,0.375048776023146
Rg norm w/0.5,expr buffer only regr out,All,ProtBERT,high,50,Ridge,85/15,0.1848657132206658,0.3448349621890504
Rg norm w/0.5,expr buffer only regr out,All,ProtBERT,high,50,Lasso,85/15,0.1768811311200308,0.3465197479644368
Rg norm w/0.5,expr buffer only regr out,All,ProtBERT,high,50,Kernel Ridge,85/15,0.46928020061412334,0.27824627319728407
Rg norm w/0.5,expr buffer only regr out,All,ProtBERT,high,50,GPR,85/15,0.5034602110550643,0.2691372055346186
Rg norm w/0.5,expr buffer only regr out,All,ProtBERT,high,50,Linear,90/10,-0.032169559126469016,0.43678080743572806
Rg norm w/0.5,expr buffer only regr out,All,ProtBERT,high,50,Ridge,90/10,0.12136774953520124,0.40298751696438684
Rg norm w/0.5,expr buffer only regr out,All,ProtBERT,high,50,Lasso,90/10,0.08341153032047144,0.41159985995195975
Rg norm w/0.5,expr buffer only regr out,All,ProtBERT,high,50,Kernel Ridge,90/10,0.4516607704709036,0.3183557382074156
Rg norm w/0.5,expr buffer only regr out,All,ProtBERT,high,50,GPR,90/10,0.7435564143278357,0.21771279024029158
Rg norm w/0.5,expr buffer only regr out,Inliers,ProtBERT,high,50,Linear,80/20,0.0184281996160236,0.144381436988899
Rg norm w/0.5,expr buffer only regr out,Inliers,ProtBERT,high,50,Ridge,80/20,0.2790047741348405,0.12374182528460444
Rg norm w/0.5,expr buffer only regr out,Inliers,ProtBERT,high,50,Lasso,80/20,0.1813184897840835,0.131858403886552
Rg norm w/0.5,expr buffer only regr out,Inliers,ProtBERT,high,50,Kernel Ridge,80/20,0.17322282934575706,0.13250875132355366
Rg norm w/0.5,expr buffer only regr out,Inliers,ProtBERT,high,50,GPR,80/20,-0.8064575155169098,0.1958683205410643
Rg norm w/0.5,expr buffer only regr out,Inliers,ProtBERT,high,50,Linear,85/15,-0.16536380819853846,0.16732264359819424
Rg norm w/0.5,expr buffer only regr out,Inliers,ProtBERT,high,50,Ridge,85/15,0.2651964087527934,0.1328646933276697
Rg norm w/0.5,expr buffer only regr out,Inliers,ProtBERT,high,50,Lasso,85/15,0.28586412677698914,0.13098283290071025
Rg norm w/0.5,expr buffer only regr out,Inliers,ProtBERT,high,50,Kernel Ridge,85/15,0.17920518461922552,0.1404239730938153
Rg norm w/0.5,expr buffer only regr out,Inliers,ProtBERT,high,50,GPR,85/15,-0.5068706057518497,0.19026632724748427
Rg norm w/0.5,expr buffer only regr out,Inliers,ProtBERT,high,50,Linear,90/10,-2.053635639667692,0.252653212082468
Rg norm w/0.5,expr buffer only regr out,Inliers,ProtBERT,high,50,Ridge,90/10,0.5163806225102388,0.10054675593096547
Rg norm w/0.5,expr buffer only regr out,Inliers,ProtBERT,high,50,Lasso,90/10,0.5061870975599907,0.10160087137012137
Rg norm w/0.5,expr buffer only regr out,Inliers,ProtBERT,high,50,Kernel Ridge,90/10,0.5908924730198586,0.09247725946592568
Rg norm w/0.5,expr buffer only regr out,Inliers,ProtBERT,high,50,GPR,90/10,-0.3250917939979765,0.1664329068114592
Rg norm w/0.418,expr buffer only regr out,All,ProtBERT,high,50,Linear,80/20,0.023338712471216327,0.5067104017237067
Rg norm w/0.418,expr buffer only regr out,All,ProtBERT,high,50,Ridge,80/20,0.1437882065107967,0.4744368737151983
Rg norm w/0.418,expr buffer only regr out,All,ProtBERT,high,50,Lasso,80/20,0.06976420929226024,0.49452056319149873
Rg norm w/0.418,expr buffer only regr out,All,ProtBERT,high,50,Kernel Ridge,80/20,0.03018190346389471,0.5049320925740685
Rg norm w/0.418,expr buffer only regr out,All,ProtBERT,high,50,GPR,80/20,0.8197585803549732,0.2176782976572712
Rg norm w/0.418,expr buffer only regr out,All,ProtBERT,high,50,Linear,85/15,0.1055373630275589,0.48452288969448726
Rg norm w/0.418,expr buffer only regr out,All,ProtBERT,high,50,Ridge,85/15,0.17035634448416548,0.4666368102927321
Rg norm w/0.418,expr buffer only regr out,All,ProtBERT,high,50,Lasso,85/15,0.08597435676829679,0.48979278874420784
Rg norm w/0.418,expr buffer only regr out,All,ProtBERT,high,50,Kernel Ridge,85/15,0.8101412901935175,0.22322789258117298
Rg norm w/0.418,expr buffer only regr out,All,ProtBERT,high,50,GPR,85/15,0.80987602216505,0.22338378364822883
Rg norm w/0.418,expr buffer only regr out,All,ProtBERT,high,50,Linear,90/10,0.10705165281013351,0.5780103771923182
Rg norm w/0.418,expr buffer only regr out,All,ProtBERT,high,50,Ridge,90/10,0.1595492065363917,0.5607620469805609
Rg norm w/0.418,expr buffer only regr out,All,ProtBERT,high,50,Lasso,90/10,0.07568037187429999,0.588076133542703
Rg norm w/0.418,expr buffer only regr out,All,ProtBERT,high,50,Kernel Ridge,90/10,0.8516539497899946,0.23559195733906207
Rg norm w/0.418,expr buffer only regr out,All,ProtBERT,high,50,GPR,90/10,0.8716150256048489,0.21916922202762948
Rg norm w/0.418,expr buffer only regr out,Inliers,ProtBERT,high,50,Linear,80/20,0.035689900903328575,0.21194916342001685
Rg norm w/0.418,expr buffer only regr out,Inliers,ProtBERT,high,50,Ridge,80/20,0.28143358655207384,0.1829602757483912
Rg norm w/0.418,expr buffer only regr out,Inliers,ProtBERT,high,50,Lasso,80/20,0.247674476960401,0.18720879463734172
Rg norm w/0.418,expr buffer only regr out,Inliers,ProtBERT,high,50,Kernel Ridge,80/20,0.19435399340666304,0.19372937551918815
Rg norm w/0.418,expr buffer only regr out,Inliers,ProtBERT,high,50,GPR,80/20,-0.8178232458139976,0.2910041453471277
Rg norm w/0.418,expr buffer only regr out,Inliers,ProtBERT,high,50,Linear,85/15,-0.1330738099259945,0.24342860787921408
Rg norm w/0.418,expr buffer only regr out,Inliers,ProtBERT,high,50,Ridge,85/15,0.27362089392035027,0.19490554126728266
Rg norm w/0.418,expr buffer only regr out,Inliers,ProtBERT,high,50,Lasso,85/15,0.2855811890190485,0.193294259038577
Rg norm w/0.418,expr buffer only regr out,Inliers,ProtBERT,high,50,Kernel Ridge,85/15,0.2152993189721778,0.2025790497168604
Rg norm w/0.418,expr buffer only regr out,Inliers,ProtBERT,high,50,GPR,85/15,-0.518021708115288,0.2817614060566082
Rg norm w/0.418,expr buffer only regr out,Inliers,ProtBERT,high,50,Linear,90/10,-1.7269911028138667,0.3590497231802604
Rg norm w/0.418,expr buffer only regr out,Inliers,ProtBERT,high,50,Ridge,90/10,0.5117024143104985,0.15193401835620743
Rg norm w/0.418,expr buffer only regr out,Inliers,ProtBERT,high,50,Lasso,90/10,0.5152544347326211,0.15138040333496414
Rg norm w/0.418,expr buffer only regr out,Inliers,ProtBERT,high,50,Kernel Ridge,90/10,0.6074129777640354,0.136232493354555
Rg norm w/0.418,expr buffer only regr out,Inliers,ProtBERT,high,50,GPR,90/10,-0.3111856676239091,0.2489687463176925
Rg w/no norm,No regr out,All,ProtBERT,low,10,Linear,80/20,0.25188566354409436,3.6625444611343743
Rg w/no norm,No regr out,All,ProtBERT,low,10,Ridge,80/20,0.24171968028063107,3.6873453015909887
Rg w/no norm,No regr out,All,ProtBERT,low,10,Lasso,80/20,0.1669409459383474,3.8648870932991777
Rg w/no norm,No regr out,All,ProtBERT,low,10,Kernel Ridge,80/20,0.2345592389405411,3.704714195841848
Rg w/no norm,No regr out,All,ProtBERT,low,10,GPR,80/20,0.7977229232899866,1.904461734858924
Rg w/no norm,No regr out,All,ProtBERT,low,10,Linear,85/15,0.22139195573026638,3.622453149480324
Rg w/no norm,No regr out,All,ProtBERT,low,10,Ridge,85/15,0.22239326296802708,3.6201231225203885
Rg w/no norm,No regr out,All,ProtBERT,low,10,Lasso,85/15,0.16224868415597704,3.757516474865567
Rg w/no norm,No regr out,All,ProtBERT,low,10,Kernel Ridge,85/15,0.5718045497820687,2.686360903860539
Rg w/no norm,No regr out,All,ProtBERT,low,10,GPR,85/15,0.7713850731417353,1.9628884777830284
Rg w/no norm,No regr out,All,ProtBERT,low,10,Linear,90/10,0.2380538113987396,4.266292689051831
Rg w/no norm,No regr out,All,ProtBERT,low,10,Ridge,90/10,0.22759342147739592,4.2954777957176296
Rg w/no norm,No regr out,All,ProtBERT,low,10,Lasso,90/10,0.21751699644706446,4.323405322672795
Rg w/no norm,No regr out,All,ProtBERT,low,10,Kernel Ridge,90/10,0.580222406358851,3.1666358432133235
Rg w/no norm,No regr out,All,ProtBERT,low,10,GPR,90/10,0.8586995268680218,1.8372163616550463
Rg w/no norm,No regr out,Inliers,ProtBERT,low,10,Linear,80/20,0.41803173985708686,1.0872275418574742
Rg w/no norm,No regr out,Inliers,ProtBERT,low,10,Ridge,80/20,0.45885892464810374,1.0483976673103852
Rg w/no norm,No regr out,Inliers,ProtBERT,low,10,Lasso,80/20,0.4273812186503171,1.0784588780550135
Rg w/no norm,No regr out,Inliers,ProtBERT,low,10,Kernel Ridge,80/20,0.580574128290005,0.9229929922817031
Rg w/no norm,No regr out,Inliers,ProtBERT,low,10,GPR,80/20,0.023373568930988964,1.4084292396510802
Rg w/no norm,No regr out,Inliers,ProtBERT,low,10,Linear,85/15,0.3096609724344299,0.8861150597370363
Rg w/no norm,No regr out,Inliers,ProtBERT,low,10,Ridge,85/15,0.3664674738619105,0.8488742558670433
Rg w/no norm,No regr out,Inliers,ProtBERT,low,10,Lasso,85/15,0.3097872210986087,0.8860340300159034
Rg w/no norm,No regr out,Inliers,ProtBERT,low,10,Kernel Ridge,85/15,0.35116884085196176,0.8590624838481337
Rg w/no norm,No regr out,Inliers,ProtBERT,low,10,GPR,85/15,-0.24642636129794981,1.190672209137808
Rg w/no norm,No regr out,Inliers,ProtBERT,low,10,Linear,90/10,0.3631839271272935,0.9103206458195013
Rg w/no norm,No regr out,Inliers,ProtBERT,low,10,Ridge,90/10,0.39588764428652745,0.8866378019333794
Rg w/no norm,No regr out,Inliers,ProtBERT,low,10,Lasso,90/10,0.3780092552369452,0.8996619348069408
Rg w/no norm,No regr out,Inliers,ProtBERT,low,10,Kernel Ridge,90/10,0.3880037481211529,0.8924045288084573
Rg w/no norm,No regr out,Inliers,ProtBERT,low,10,GPR,90/10,0.1349209961086324,1.0609997221335161
Rg norm w/0.427,No regr out,All,ProtBERT,low,10,Linear,80/20,0.20013400246645097,0.43371498179320644
Rg norm w/0.427,No regr out,All,ProtBERT,low,10,Ridge,80/20,0.1898296297861004,0.4364997352193651
Rg norm w/0.427,No regr out,All,ProtBERT,low,10,Lasso,80/20,-0.010103950816635399,0.4873924994520305
Rg norm w/0.427,No regr out,All,ProtBERT,low,10,Kernel Ridge,80/20,0.026346158100679862,0.4785178001578772
Rg norm w/0.427,No regr out,All,ProtBERT,low,10,GPR,80/20,0.6916220469741217,0.2693006906838871
Rg norm w/0.427,No regr out,All,ProtBERT,low,10,Linear,85/15,0.17790941848380482,0.4300331610615706
Rg norm w/0.427,No regr out,All,ProtBERT,low,10,Ridge,85/15,0.17717908873511945,0.4302241353263854
Rg norm w/0.427,No regr out,All,ProtBERT,low,10,Lasso,85/15,0.11463740931558919,0.44627513916394657
Rg norm w/0.427,No regr out,All,ProtBERT,low,10,Kernel Ridge,85/15,0.04724869422001676,0.4629476528378766
Rg norm w/0.427,No regr out,All,ProtBERT,low,10,GPR,85/15,0.6582009835953805,0.27728572651462374
Rg norm w/0.427,No regr out,All,ProtBERT,low,10,Linear,90/10,0.20385072635308588,0.507938839942244
Rg norm w/0.427,No regr out,All,ProtBERT,low,10,Ridge,90/10,0.19273969131722724,0.5114709486377579
Rg norm w/0.427,No regr out,All,ProtBERT,low,10,Lasso,90/10,-0.013416981370879544,0.5730707731259678
Rg norm w/0.427,No regr out,All,ProtBERT,low,10,Kernel Ridge,90/10,0.03638756205207061,0.5588115445767287
Rg norm w/0.427,No regr out,All,ProtBERT,low,10,GPR,90/10,0.7728697526410037,0.2713011646362342
Rg norm w/0.427,No regr out,Inliers,ProtBERT,low,10,Linear,80/20,0.07350729281528401,0.09300235124092475
Rg norm w/0.427,No regr out,Inliers,ProtBERT,low,10,Ridge,80/20,0.1247639269564631,0.09039315194369026
Rg norm w/0.427,No regr out,Inliers,ProtBERT,low,10,Lasso,80/20,0.13549615024578343,0.08983723804929863
Rg norm w/0.427,No regr out,Inliers,ProtBERT,low,10,Kernel Ridge,80/20,0.24856169273539064,0.08375670643551886
Rg norm w/0.427,No regr out,Inliers,ProtBERT,low,10,GPR,80/20,-1.7809986636992097,0.16112885309734845
Rg norm w/0.427,No regr out,Inliers,ProtBERT,low,10,Linear,85/15,0.20851797198465016,0.08540038265391514
Rg norm w/0.427,No regr out,Inliers,ProtBERT,low,10,Ridge,85/15,0.19552879780542298,0.08609829253381344
Rg norm w/0.427,No regr out,Inliers,ProtBERT,low,10,Lasso,85/15,0.1155188112219574,0.0902783448230804
Rg norm w/0.427,No regr out,Inliers,ProtBERT,low,10,Kernel Ridge,85/15,0.25836250011204487,0.0826675617184617
Rg norm w/0.427,No regr out,Inliers,ProtBERT,low,10,GPR,85/15,-1.323348163507175,0.1463175550305114
Rg norm w/0.427,No regr out,Inliers,ProtBERT,low,10,Linear,90/10,0.04872859871716906,0.08144051437616066
Rg norm w/0.427,No regr out,Inliers,ProtBERT,low,10,Ridge,90/10,0.05880191187920969,0.08100816710675454
Rg norm w/0.427,No regr out,Inliers,ProtBERT,low,10,Lasso,90/10,0.05720082557520034,0.08107703993823302
Rg norm w/0.427,No regr out,Inliers,ProtBERT,low,10,Kernel Ridge,90/10,0.0867413438198622,0.07979674685009829
Rg norm w/0.427,No regr out,Inliers,ProtBERT,low,10,GPR,90/10,-0.9069441725764122,0.1153074259181923
Rg norm w/0.5,No regr out,All,ProtBERT,low,10,Linear,80/20,0.20051188629912664,0.4536902431858194
Rg norm w/0.5,No regr out,All,ProtBERT,low,10,Ridge,80/20,0.1901822900137573,0.4566117353750664
Rg norm w/0.5,No regr out,All,ProtBERT,low,10,Lasso,80/20,-0.009767667354325882,0.5098755235589676
Rg norm w/0.5,No regr out,All,ProtBERT,low,10,Kernel Ridge,80/20,0.02682623692754793,0.5005513417944527
Rg norm w/0.5,No regr out,All,ProtBERT,low,10,GPR,80/20,0.6949053836471687,0.280266187713722
Rg norm w/0.5,No regr out,All,ProtBERT,low,10,Linear,85/15,0.17805817526358247,0.44982786098888244
Rg norm w/0.5,No regr out,All,ProtBERT,low,10,Ridge,85/15,0.17736196428777462,0.4500183299462749
Rg norm w/0.5,No regr out,All,ProtBERT,low,10,Lasso,85/15,0.11958470435138913,0.46555350456160466
Rg norm w/0.5,No regr out,All,ProtBERT,low,10,Kernel Ridge,85/15,0.04764577501534295,0.48420031444192096
Rg norm w/0.5,No regr out,All,ProtBERT,low,10,GPR,85/15,0.6613983571951707,0.28871566027359147
Rg norm w/0.5,No regr out,All,ProtBERT,low,10,Linear,90/10,0.20397251987477183,0.531302823363938
Rg norm w/0.5,No regr out,All,ProtBERT,low,10,Ridge,90/10,0.1928538530571926,0.5350004933088578
Rg norm w/0.5,No regr out,All,ProtBERT,low,10,Lasso,90/10,-0.01303977207060214,0.5993649488270579
Rg norm w/0.5,No regr out,All,ProtBERT,low,10,Kernel Ridge,90/10,0.03681100914594693,0.5844318132573318
Rg norm w/0.5,No regr out,All,ProtBERT,low,10,GPR,90/10,0.7755576473583365,0.28211780729055674
Rg norm w/0.5,No regr out,Inliers,ProtBERT,low,10,Linear,80/20,0.15383059913056418,0.0638172610682064
Rg norm w/0.5,No regr out,Inliers,ProtBERT,low,10,Ridge,80/20,0.19049295929195054,0.06241943281807627
Rg norm w/0.5,No regr out,Inliers,ProtBERT,low,10,Lasso,80/20,0.1883855797843944,0.06250062787148285
Rg norm w/0.5,No regr out,Inliers,ProtBERT,low,10,Kernel Ridge,80/20,0.3246334631213068,0.05701370602248208
Rg norm w/0.5,No regr out,Inliers,ProtBERT,low,10,GPR,80/20,-1.678102549623837,0.11353325894619389
Rg norm w/0.5,No regr out,Inliers,ProtBERT,low,10,Linear,85/15,0.3358989575348319,0.05959850402672686
Rg norm w/0.5,No regr out,Inliers,ProtBERT,low,10,Ridge,85/15,0.312380064980868,0.060644651853871724
Rg norm w/0.5,No regr out,Inliers,ProtBERT,low,10,Lasso,85/15,0.2797652159906173,0.06206622389046024
Rg norm w/0.5,No regr out,Inliers,ProtBERT,low,10,Kernel Ridge,85/15,0.3866500537211891,0.05727596875735949
Rg norm w/0.5,No regr out,Inliers,ProtBERT,low,10,GPR,85/15,-1.0187318027088077,0.1039100587010436
Rg norm w/0.5,No regr out,Inliers,ProtBERT,low,10,Linear,90/10,0.1616244549645105,0.055196640262052
Rg norm w/0.5,No regr out,Inliers,ProtBERT,low,10,Ridge,90/10,0.16293567884786364,0.05515345944985204
Rg norm w/0.5,No regr out,Inliers,ProtBERT,low,10,Lasso,90/10,0.12519958241930407,0.056382955051093954
Rg norm w/0.5,No regr out,Inliers,ProtBERT,low,10,Kernel Ridge,90/10,0.21161237822191514,0.05352580915602973
Rg norm w/0.5,No regr out,Inliers,ProtBERT,low,10,GPR,90/10,-0.7172851304838856,0.0789977182781323
Rg norm w/0.418,No regr out,All,ProtBERT,low,10,Linear,80/20,0.19891849775606507,0.3014784210101391
Rg norm w/0.418,No regr out,All,ProtBERT,low,10,Ridge,80/20,0.1888586716431243,0.30336546896319005
Rg norm w/0.418,No regr out,All,ProtBERT,low,10,Lasso,80/20,-0.012948999481558365,0.3390093451200575
Rg norm w/0.418,No regr out,All,ProtBERT,low,10,Kernel Ridge,80/20,0.023138097581743122,0.33291584554859643
Rg norm w/0.418,No regr out,All,ProtBERT,low,10,GPR,80/20,0.6631843368254231,0.19548526169232192
Rg norm w/0.418,No regr out,All,ProtBERT,low,10,Linear,85/15,0.1787033188276822,0.2989848053040044
Rg norm w/0.418,No regr out,All,ProtBERT,low,10,Ridge,85/15,0.17767899269070897,0.299171195024957
Rg norm w/0.418,No regr out,All,ProtBERT,low,10,Lasso,85/15,0.09141043612177735,0.31447270457922527
Rg norm w/0.418,No regr out,All,ProtBERT,low,10,Kernel Ridge,85/15,0.04465795745874157,0.3224619893678794
Rg norm w/0.418,No regr out,All,ProtBERT,low,10,GPR,85/15,0.6284504125770197,0.20109787219901668
Rg norm w/0.418,No regr out,All,ProtBERT,low,10,Linear,90/10,0.20450475802077872,0.3532285490289006
Rg norm w/0.418,No regr out,All,ProtBERT,low,10,Ridge,90/10,0.19348191276942706,0.35566739978244555
Rg norm w/0.418,No regr out,All,ProtBERT,low,10,Lasso,90/10,0.07660604110486313,0.3805664671355376
Rg norm w/0.418,No regr out,All,ProtBERT,low,10,Kernel Ridge,90/10,0.03350549545441239,0.389346879814162
Rg norm w/0.418,No regr out,All,ProtBERT,low,10,GPR,90/10,0.7490564654552987,0.1983923900939477
Rg norm w/0.418,No regr out,Inliers,ProtBERT,low,10,Linear,80/20,0.06940967674587417,0.09752479669691172
Rg norm w/0.418,No regr out,Inliers,ProtBERT,low,10,Ridge,80/20,0.12212496269509565,0.09472227876663028
Rg norm w/0.418,No regr out,Inliers,ProtBERT,low,10,Lasso,80/20,0.13074988926211717,0.09425581758146799
Rg norm w/0.418,No regr out,Inliers,ProtBERT,low,10,Kernel Ridge,80/20,0.24368683536529911,0.08791978502349546
Rg norm w/0.418,No regr out,Inliers,ProtBERT,low,10,GPR,80/20,-1.7724564835718208,0.16833257101392024
Rg norm w/0.418,No regr out,Inliers,ProtBERT,low,10,Linear,85/15,0.19391549885471127,0.08935911817588106
Rg norm w/0.418,No regr out,Inliers,ProtBERT,low,10,Ridge,85/15,0.18261902723352252,0.08998307926390996
Rg norm w/0.418,No regr out,Inliers,ProtBERT,low,10,Lasso,85/15,0.12272076400783927,0.09322180637531136
Rg norm w/0.418,No regr out,Inliers,ProtBERT,low,10,Kernel Ridge,85/15,0.24339532973988698,0.0865731256775881
Rg norm w/0.418,No regr out,Inliers,ProtBERT,low,10,GPR,85/15,-1.353733698310216,0.15269585619844472
Rg norm w/0.418,No regr out,Inliers,ProtBERT,low,10,Linear,90/10,0.04068293519109578,0.08549277278002719
Rg norm w/0.418,No regr out,Inliers,ProtBERT,low,10,Ridge,90/10,0.05186730029698383,0.08499294548619413
Rg norm w/0.418,No regr out,Inliers,ProtBERT,low,10,Lasso,90/10,0.05395935674363739,0.08489912516310977
Rg norm w/0.418,No regr out,Inliers,ProtBERT,low,10,Kernel Ridge,90/10,0.07689004455841264,0.0838638961727824
Rg norm w/0.418,No regr out,Inliers,ProtBERT,low,10,GPR,90/10,-0.9162721229074051,0.12083059348341493
Rg w/no norm,pH regr out,All,ProtBERT,low,10,Linear,80/20,0.2518817026365606,3.6625063901775636
Rg w/no norm,pH regr out,All,ProtBERT,low,10,Ridge,80/20,0.24171485513378765,3.687308943239003
Rg w/no norm,pH regr out,All,ProtBERT,low,10,Lasso,80/20,0.16693878936443673,3.8648416903662883
Rg w/no norm,pH regr out,All,ProtBERT,low,10,Kernel Ridge,80/20,0.8810840337262862,1.4602033393257652
Rg w/no norm,pH regr out,All,ProtBERT,low,10,GPR,80/20,0.8865634079249342,1.42616521015212
Rg w/no norm,pH regr out,All,ProtBERT,low,10,Linear,85/15,0.22138677918082206,3.62242436653519
Rg w/no norm,pH regr out,All,ProtBERT,low,10,Ridge,85/15,0.2223875532991959,3.6200956145265666
Rg w/no norm,pH regr out,All,ProtBERT,low,10,Lasso,85/15,0.16224792006778133,3.7574758415876297
Rg w/no norm,pH regr out,All,ProtBERT,low,10,Kernel Ridge,85/15,0.8745103111765851,1.4542613460406673
Rg w/no norm,pH regr out,All,ProtBERT,low,10,GPR,85/15,0.8848556332663696,1.3930278125430853
Rg w/no norm,pH regr out,All,ProtBERT,low,10,Linear,90/10,0.23803783329791184,4.266276705751944
Rg w/no norm,pH regr out,All,ProtBERT,low,10,Ridge,90/10,0.2275783425516399,4.295458592989078
Rg w/no norm,pH regr out,All,ProtBERT,low,10,Lasso,90/10,0.21751130304614363,4.323359523576978
Rg w/no norm,pH regr out,All,ProtBERT,low,10,Kernel Ridge,90/10,0.8853732085762988,1.6547233062071578
Rg w/no norm,pH regr out,All,ProtBERT,low,10,GPR,90/10,0.8954627907808882,1.5802207734632507
Rg w/no norm,pH regr out,Inliers,ProtBERT,low,10,Linear,80/20,0.4180176860408207,1.0872165556952622
Rg w/no norm,pH regr out,Inliers,ProtBERT,low,10,Ridge,80/20,0.45884323976131514,1.0483896084872744
Rg w/no norm,pH regr out,Inliers,ProtBERT,low,10,Lasso,80/20,0.4273677430235019,1.078447648647263
Rg w/no norm,pH regr out,Inliers,ProtBERT,low,10,Kernel Ridge,80/20,0.5885029285230815,0.9142069908271854
Rg w/no norm,pH regr out,Inliers,ProtBERT,low,10,GPR,80/20,0.5369688340348914,0.9697644855044488
Rg w/no norm,pH regr out,Inliers,ProtBERT,low,10,Linear,85/15,0.3096737222420183,0.8860993171149307
Rg w/no norm,pH regr out,Inliers,ProtBERT,low,10,Ridge,85/15,0.366481436860022,0.8488576591936113
Rg w/no norm,pH regr out,Inliers,ProtBERT,low,10,Lasso,85/15,0.3097999713036249,0.8860182870816716
Rg w/no norm,pH regr out,Inliers,ProtBERT,low,10,Kernel Ridge,85/15,0.446707079469461,0.7932914176712798
Rg w/no norm,pH regr out,Inliers,ProtBERT,low,10,GPR,85/15,0.684976743022788,0.5985859347335831
Rg w/no norm,pH regr out,Inliers,ProtBERT,low,10,Linear,90/10,0.3631983192912378,0.9103101776059022
Rg w/no norm,pH regr out,Inliers,ProtBERT,low,10,Ridge,90/10,0.39589805447618764,0.8866299858111347
Rg w/no norm,pH regr out,Inliers,ProtBERT,low,10,Lasso,90/10,0.37802350431748855,0.8996514503251541
Rg w/no norm,pH regr out,Inliers,ProtBERT,low,10,Kernel Ridge,90/10,0.6115210827909651,0.711002331952357
Rg w/no norm,pH regr out,Inliers,ProtBERT,low,10,GPR,90/10,0.7645985374546721,0.5534671843981169
Rg norm w/0.427,pH regr out,All,ProtBERT,low,10,Linear,80/20,0.20011466010637613,0.43370681465827304
Rg norm w/0.427,pH regr out,All,ProtBERT,low,10,Ridge,80/20,0.18980979061667647,0.4364915823510283
Rg norm w/0.427,pH regr out,All,ProtBERT,low,10,Lasso,80/20,-0.010106864476395527,0.48737813161272325
Rg norm w/0.427,pH regr out,All,ProtBERT,low,10,Kernel Ridge,80/20,0.9152876326358104,0.14114184389671489
Rg norm w/0.427,pH regr out,All,ProtBERT,low,10,GPR,80/20,0.915643916433759,0.1408447235404197
Rg norm w/0.427,pH regr out,All,ProtBERT,low,10,Linear,85/15,0.1778885287098515,0.4300268769816965
Rg norm w/0.427,pH regr out,All,ProtBERT,low,10,Ridge,85/15,0.1771583910020601,0.430217793400601
Rg norm w/0.427,pH regr out,All,ProtBERT,low,10,Lasso,85/15,0.11460936384350406,0.44627001592208654
Rg norm w/0.427,pH regr out,All,ProtBERT,low,10,Kernel Ridge,85/15,0.8964506045970877,0.15261739269165964
Rg norm w/0.427,pH regr out,All,ProtBERT,low,10,GPR,85/15,0.9091121547722227,0.14298258672325903
Rg norm w/0.427,pH regr out,All,ProtBERT,low,10,Linear,90/10,0.20381847783327145,0.5079339933835085
Rg norm w/0.427,pH regr out,All,ProtBERT,low,10,Ridge,90/10,0.19270882005543022,0.5114654895218786
Rg norm w/0.427,pH regr out,All,ProtBERT,low,10,Lasso,90/10,-0.0134210268136854,0.5730548430537802
Rg norm w/0.427,pH regr out,All,ProtBERT,low,10,Kernel Ridge,90/10,0.9011351510456943,0.17898728703257274
Rg norm w/0.427,pH regr out,All,ProtBERT,low,10,GPR,90/10,0.9139079623426737,0.1670254787461859
Rg norm w/0.427,pH regr out,Inliers,ProtBERT,low,10,Linear,80/20,0.07350901078116834,0.09299993414908735
Rg norm w/0.427,pH regr out,Inliers,ProtBERT,low,10,Ridge,80/20,0.1247562633244318,0.09039128220213885
Rg norm w/0.427,pH regr out,Inliers,ProtBERT,low,10,Lasso,80/20,0.13548982416633726,0.0898353151934545
Rg norm w/0.427,pH regr out,Inliers,ProtBERT,low,10,Kernel Ridge,80/20,0.1481398281430516,0.0891756324056987
Rg norm w/0.427,pH regr out,Inliers,ProtBERT,low,10,GPR,80/20,0.1685675835744147,0.0880999207292008
Rg norm w/0.427,pH regr out,Inliers,ProtBERT,low,10,Linear,85/15,0.208489430119576,0.08539917746637027
Rg norm w/0.427,pH regr out,Inliers,ProtBERT,low,10,Ridge,85/15,0.19550090511383178,0.08609701769587341
Rg norm w/0.427,pH regr out,Inliers,ProtBERT,low,10,Lasso,85/15,0.1154913856600448,0.09027684268446451
Rg norm w/0.427,pH regr out,Inliers,ProtBERT,low,10,Kernel Ridge,85/15,0.2877298610645138,0.0810116909122214
Rg norm w/0.427,pH regr out,Inliers,ProtBERT,low,10,GPR,85/15,0.3644812893174614,0.0765225614906886
Rg norm w/0.427,pH regr out,Inliers,ProtBERT,low,10,Linear,90/10,0.048694449528794204,0.08144190857422315
Rg norm w/0.427,pH regr out,Inliers,ProtBERT,low,10,Ridge,90/10,0.058763062729610294,0.08100977172196182
Rg norm w/0.427,pH regr out,Inliers,ProtBERT,low,10,Lasso,90/10,0.05716344516302929,0.08107857992462554
Rg norm w/0.427,pH regr out,Inliers,ProtBERT,low,10,Kernel Ridge,90/10,0.063226456084992,0.08081746724593601
Rg norm w/0.427,pH regr out,Inliers,ProtBERT,low,10,GPR,90/10,0.5700990463356724,0.05474848824669426
Rg norm w/0.5,pH regr out,All,ProtBERT,low,10,Linear,80/20,0.19889504480467934,0.30147201980957233
Rg norm w/0.5,pH regr out,All,ProtBERT,low,10,Ridge,80/20,0.1888347964073066,0.30335905158658005
Rg norm w/0.5,pH regr out,All,ProtBERT,low,10,Lasso,80/20,-0.01295257409691386,0.33899778287501037
Rg norm w/0.5,pH regr out,All,ProtBERT,low,10,Kernel Ridge,80/20,0.9123056954843787,0.0997442790716606
Rg norm w/0.5,pH regr out,All,ProtBERT,low,10,GPR,80/20,0.912842462764982,0.09943854858702521
Rg norm w/0.5,pH regr out,All,ProtBERT,low,10,Linear,85/15,0.1786784237728849,0.2989798225721382
Rg norm w/0.5,pH regr out,All,ProtBERT,low,10,Ridge,85/15,0.17765444595658209,0.2991661401801616
Rg norm w/0.5,pH regr out,All,ProtBERT,low,10,Lasso,85/15,0.09137302989035967,0.3144691708691105
Rg norm w/0.5,pH regr out,All,ProtBERT,low,10,Kernel Ridge,85/15,0.8914503439996324,0.10869247789157431
Rg norm w/0.5,pH regr out,All,ProtBERT,low,10,GPR,85/15,0.9044372483997491,0.10198342353608802
Rg norm w/0.5,pH regr out,All,ProtBERT,low,10,Linear,90/10,0.20446829817085888,0.35322453448074415
Rg norm w/0.5,pH regr out,All,ProtBERT,low,10,Ridge,90/10,0.19344692100644711,0.35566292243756276
Rg norm w/0.5,pH regr out,All,ProtBERT,low,10,Lasso,90/10,0.07656595910104547,0.38056168035264976
Rg norm w/0.5,pH regr out,All,ProtBERT,low,10,Kernel Ridge,90/10,0.8966574439429937,0.12730976472435948
Rg norm w/0.5,pH regr out,All,ProtBERT,low,10,GPR,90/10,0.9097917647106262,0.11894473127242752
Rg norm w/0.5,pH regr out,Inliers,ProtBERT,low,10,Linear,80/20,0.1538404765406961,0.06381565754577584
Rg norm w/0.5,pH regr out,Inliers,ProtBERT,low,10,Ridge,80/20,0.1904927181392605,0.06241823802359819
Rg norm w/0.5,pH regr out,Inliers,ProtBERT,low,10,Lasso,80/20,0.1883886561745871,0.06249930376268687
Rg norm w/0.5,pH regr out,Inliers,ProtBERT,low,10,Kernel Ridge,80/20,0.18683233860776272,0.06255919830454967
Rg norm w/0.5,pH regr out,Inliers,ProtBERT,low,10,GPR,80/20,0.21769550005865634,0.06136052111887021
Rg norm w/0.5,pH regr out,Inliers,ProtBERT,low,10,Linear,85/15,0.33587510426716527,0.05959795619381813
Rg norm w/0.5,pH regr out,Inliers,ProtBERT,low,10,Ridge,85/15,0.3123563448243122,0.060644051285197856
Rg norm w/0.5,pH regr out,Inliers,ProtBERT,low,10,Lasso,85/15,0.27975230151111286,0.06206509519800187
Rg norm w/0.5,pH regr out,Inliers,ProtBERT,low,10,Kernel Ridge,85/15,0.38463297551929865,0.057368513431763496
Rg norm w/0.5,pH regr out,Inliers,ProtBERT,low,10,GPR,85/15,0.3776816569358402,0.057691627052224186
Rg norm w/0.5,pH regr out,Inliers,ProtBERT,low,10,Linear,90/10,0.1615939689684891,0.05519809628213588
Rg norm w/0.5,pH regr out,Inliers,ProtBERT,low,10,Ridge,90/10,0.16290094857033577,0.05515505572614944
Rg norm w/0.5,pH regr out,Inliers,ProtBERT,low,10,Lasso,90/10,0.12516789678849105,0.056384438340053904
Rg norm w/0.5,pH regr out,Inliers,ProtBERT,low,10,Kernel Ridge,90/10,0.1890828195546005,0.05428566391757323
Rg norm w/0.5,pH regr out,Inliers,ProtBERT,low,10,GPR,90/10,0.6481188092837327,0.035759787491251006
Rg norm w/0.418,pH regr out,All,ProtBERT,low,10,Linear,80/20,0.20049301466452862,0.4536818236940996
Rg norm w/0.418,pH regr out,All,ProtBERT,low,10,Ridge,80/20,0.19016291306225375,0.4566033353838193
Rg norm w/0.418,pH regr out,All,ProtBERT,low,10,Lasso,80/20,-0.00977050554824288,0.5098607604359422
Rg norm w/0.418,pH regr out,All,ProtBERT,low,10,Kernel Ridge,80/20,0.9154200370001873,0.147561816970609
Rg norm w/0.418,pH regr out,All,ProtBERT,low,10,GPR,80/20,0.9157684577493606,0.14725756845275922
Rg norm w/0.418,pH regr out,All,ProtBERT,low,10,Linear,85/15,0.17803774826265195,0.44982139166297647
Rg norm w/0.418,pH regr out,All,ProtBERT,low,10,Ridge,85/15,0.17734171104437146,0.4500118056241623
Rg norm w/0.418,pH regr out,All,ProtBERT,low,10,Lasso,85/15,0.11955783366194261,0.46554812847846694
Rg norm w/0.418,pH regr out,All,ProtBERT,low,10,Kernel Ridge,85/15,0.8967963643906064,0.15939021872446996
Rg norm w/0.418,pH regr out,All,ProtBERT,low,10,GPR,85/15,0.9094381806146102,0.14930925816567503
Rg norm w/0.418,pH regr out,All,ProtBERT,low,10,Linear,90/10,0.2039407564037441,0.5312978628212951
Rg norm w/0.418,pH regr out,All,ProtBERT,low,10,Ridge,90/10,0.1928234559900206,0.5349948983889906
Rg norm w/0.418,pH regr out,All,ProtBERT,low,10,Lasso,90/10,-0.013043744238100174,0.5993485702442662
Rg norm w/0.418,pH regr out,All,ProtBERT,low,10,Kernel Ridge,90/10,0.9014437327155415,0.18694226377688047
Rg norm w/0.418,pH regr out,All,ProtBERT,low,10,GPR,90/10,0.9141978728789151,0.17442727715585182
Rg norm w/0.418,pH regr out,Inliers,ProtBERT,low,10,Linear,80/20,0.06941017124133098,0.09752226231268994
Rg norm w/0.418,pH regr out,Inliers,ProtBERT,low,10,Ridge,80/20,0.12211626042572021,0.09472031184971173
Rg norm w/0.418,pH regr out,Inliers,ProtBERT,low,10,Lasso,80/20,0.13074296348824888,0.0942537686730443
Rg norm w/0.418,pH regr out,Inliers,ProtBERT,low,10,Kernel Ridge,80/20,0.1448587720333857,0.09348534589940004
Rg norm w/0.418,pH regr out,Inliers,ProtBERT,low,10,GPR,80/20,0.1649600886539192,0.09238005860792176
Rg norm w/0.418,pH regr out,Inliers,ProtBERT,low,10,Linear,85/15,0.1938865815143045,0.0893578132239079
Rg norm w/0.418,pH regr out,Inliers,ProtBERT,low,10,Ridge,85/15,0.1825908509542714,0.0899817021062157
Rg norm w/0.418,pH regr out,Inliers,ProtBERT,low,10,Lasso,85/15,0.12269264690548198,0.0932202668073674
Rg norm w/0.418,pH regr out,Inliers,ProtBERT,low,10,Kernel Ridge,85/15,0.2769933310839021,0.08462634974269666
Rg norm w/0.418,pH regr out,Inliers,ProtBERT,low,10,GPR,85/15,0.364294057656552,0.0793528615395012
Rg norm w/0.418,pH regr out,Inliers,ProtBERT,low,10,Linear,90/10,0.040648843204199814,0.08549414597899116
Rg norm w/0.418,pH regr out,Inliers,ProtBERT,low,10,Ridge,90/10,0.05182847096051413,0.08499454080086166
Rg norm w/0.418,pH regr out,Inliers,ProtBERT,low,10,Lasso,90/10,0.05392238151532247,0.08490063936764633
Rg norm w/0.418,pH regr out,Inliers,ProtBERT,low,10,Kernel Ridge,90/10,0.1814836456093808,0.07896983984662637
Rg norm w/0.418,pH regr out,Inliers,ProtBERT,low,10,GPR,90/10,0.5619109685904186,0.05777351170269316
Rg w/no norm,buffer regr out,All,ProtBERT,low,10,Linear,80/20,0.249278120427615,3.7681112829240875
Rg w/no norm,buffer regr out,All,ProtBERT,low,10,Ridge,80/20,0.23820152103668057,3.795807976837596
Rg w/no norm,buffer regr out,All,ProtBERT,low,10,Lasso,80/20,0.12046594839198121,4.078594343177247
Rg w/no norm,buffer regr out,All,ProtBERT,low,10,Kernel Ridge,80/20,0.7685648889765041,2.0921788465384363
Rg w/no norm,buffer regr out,All,ProtBERT,low,10,GPR,80/20,0.8668607914100378,1.5868547240068045
Rg w/no norm,buffer regr out,All,ProtBERT,low,10,Linear,85/15,0.21326161788074371,3.837671143260505
Rg w/no norm,buffer regr out,All,ProtBERT,low,10,Ridge,85/15,0.21003903676749436,3.8455229071263606
Rg w/no norm,buffer regr out,All,ProtBERT,low,10,Lasso,85/15,0.2015956307771538,3.866019496284402
Rg w/no norm,buffer regr out,All,ProtBERT,low,10,Kernel Ridge,85/15,0.8375869947848209,1.7436647526185134
Rg w/no norm,buffer regr out,All,ProtBERT,low,10,GPR,85/15,0.8526933964743523,1.6605948831510136
Rg w/no norm,buffer regr out,All,ProtBERT,low,10,Linear,90/10,0.23333764873209728,4.514326196682271
Rg w/no norm,buffer regr out,All,ProtBERT,low,10,Ridge,90/10,0.22229551430678307,4.546719589874295
Rg w/no norm,buffer regr out,All,ProtBERT,low,10,Lasso,90/10,0.20289438123398074,4.603082980249637
Rg w/no norm,buffer regr out,All,ProtBERT,low,10,Kernel Ridge,90/10,0.857765361420639,1.9444355630910723
Rg w/no norm,buffer regr out,All,ProtBERT,low,10,GPR,90/10,0.8743256807562927,1.827738834458448
Rg w/no norm,buffer regr out,Inliers,ProtBERT,low,10,Linear,80/20,0.09268568424127566,1.3302531445315477
Rg w/no norm,buffer regr out,Inliers,ProtBERT,low,10,Ridge,80/20,0.13176406377810013,1.3012905957288068
Rg w/no norm,buffer regr out,Inliers,ProtBERT,low,10,Lasso,80/20,0.1348774680776843,1.2989553535971403
Rg w/no norm,buffer regr out,Inliers,ProtBERT,low,10,Kernel Ridge,80/20,0.27815642234501425,1.186525185171311
Rg w/no norm,buffer regr out,Inliers,ProtBERT,low,10,GPR,80/20,0.2851316099072736,1.1807785618653328
Rg w/no norm,buffer regr out,Inliers,ProtBERT,low,10,Linear,85/15,0.07033811369401322,1.1812109621012747
Rg w/no norm,buffer regr out,Inliers,ProtBERT,low,10,Ridge,85/15,0.11024440287827941,1.1555808065299513
Rg w/no norm,buffer regr out,Inliers,ProtBERT,low,10,Lasso,85/15,0.11927988966805347,1.1496983606425732
Rg w/no norm,buffer regr out,Inliers,ProtBERT,low,10,Kernel Ridge,85/15,0.27628494886750854,1.0421944543958706
Rg w/no norm,buffer regr out,Inliers,ProtBERT,low,10,GPR,85/15,0.39523010478986675,0.9527084949983778
Rg w/no norm,buffer regr out,Inliers,ProtBERT,low,10,Linear,90/10,0.09924761347599687,1.3109785007737877
Rg w/no norm,buffer regr out,Inliers,ProtBERT,low,10,Ridge,90/10,0.12335507896346676,1.2933162054036142
Rg w/no norm,buffer regr out,Inliers,ProtBERT,low,10,Lasso,90/10,0.13227352123173164,1.2867206889714828
Rg w/no norm,buffer regr out,Inliers,ProtBERT,low,10,Kernel Ridge,90/10,0.30773448011069027,1.1492888923424405
Rg w/no norm,buffer regr out,Inliers,ProtBERT,low,10,GPR,90/10,0.4333383986635241,1.039811822883344
Rg norm w/0.427,buffer regr out,All,ProtBERT,low,10,Linear,80/20,0.21880793729716697,0.4325330328837925
Rg norm w/0.427,buffer regr out,All,ProtBERT,low,10,Ridge,80/20,0.20780692177501914,0.43556792516378096
Rg norm w/0.427,buffer regr out,All,ProtBERT,low,10,Lasso,80/20,-0.002850052792611857,0.49007028511206563
Rg norm w/0.427,buffer regr out,All,ProtBERT,low,10,Kernel Ridge,80/20,0.8015417786005054,0.21800924802081928
Rg norm w/0.427,buffer regr out,All,ProtBERT,low,10,GPR,80/20,0.9041373188484143,0.1515183230985218
Rg norm w/0.427,buffer regr out,All,ProtBERT,low,10,Linear,85/15,0.1885869608866212,0.43477332499145455
Rg norm w/0.427,buffer regr out,All,ProtBERT,low,10,Ridge,85/15,0.186103522584802,0.43543815767906596
Rg norm w/0.427,buffer regr out,All,ProtBERT,low,10,Lasso,85/15,0.01665346833038517,0.478624796363663
Rg norm w/0.427,buffer regr out,All,ProtBERT,low,10,Kernel Ridge,85/15,0.8793208983966296,0.16767099193616058
Rg norm w/0.427,buffer regr out,All,ProtBERT,low,10,GPR,85/15,0.8910927032995696,0.1592833527135799
Rg norm w/0.427,buffer regr out,All,ProtBERT,low,10,Linear,90/10,0.22139176658038495,0.5117691247430823
Rg norm w/0.427,buffer regr out,All,ProtBERT,low,10,Ridge,90/10,0.2092802284061981,0.5157341436341637
Rg norm w/0.427,buffer regr out,All,ProtBERT,low,10,Lasso,90/10,0.0032546104346509175,0.5790375163855079
Rg norm w/0.427,buffer regr out,All,ProtBERT,low,10,Kernel Ridge,90/10,0.8929983148033565,0.18971859249748657
Rg norm w/0.427,buffer regr out,All,ProtBERT,low,10,GPR,90/10,0.9053890841351616,0.17839603949647215
Rg norm w/0.427,buffer regr out,Inliers,ProtBERT,low,10,Linear,80/20,0.02460275774504772,0.10747065534722071
Rg norm w/0.427,buffer regr out,Inliers,ProtBERT,low,10,Ridge,80/20,0.06797148198991743,0.10505427646045559
Rg norm w/0.427,buffer regr out,Inliers,ProtBERT,low,10,Lasso,80/20,0.08728793449773675,0.10395994266935762
Rg norm w/0.427,buffer regr out,Inliers,ProtBERT,low,10,Kernel Ridge,80/20,0.09587695992742329,0.10346963184276914
Rg norm w/0.427,buffer regr out,Inliers,ProtBERT,low,10,GPR,80/20,0.08724852509589409,0.10396218705457316
Rg norm w/0.427,buffer regr out,Inliers,ProtBERT,low,10,Linear,85/15,0.1705105383111778,0.09769665733485411
Rg norm w/0.427,buffer regr out,Inliers,ProtBERT,low,10,Ridge,85/15,0.16800765722743027,0.097843940061234
Rg norm w/0.427,buffer regr out,Inliers,ProtBERT,low,10,Lasso,85/15,0.17588525545070688,0.09737962783691001
Rg norm w/0.427,buffer regr out,Inliers,ProtBERT,low,10,Kernel Ridge,85/15,0.2627931126472819,0.09210197862752806
Rg norm w/0.427,buffer regr out,Inliers,ProtBERT,low,10,GPR,85/15,0.34386941863404075,0.08688992219251268
Rg norm w/0.427,buffer regr out,Inliers,ProtBERT,low,10,Linear,90/10,-0.03744867418856623,0.10247755563760717
Rg norm w/0.427,buffer regr out,Inliers,ProtBERT,low,10,Ridge,90/10,-0.029354002341774876,0.10207698323767403
Rg norm w/0.427,buffer regr out,Inliers,ProtBERT,low,10,Lasso,90/10,0.0069690442192653634,0.10025980169051318
Rg norm w/0.427,buffer regr out,Inliers,ProtBERT,low,10,Kernel Ridge,90/10,0.07067777813179943,0.09699036837606595
Rg norm w/0.427,buffer regr out,Inliers,ProtBERT,low,10,GPR,90/10,0.4152243856322835,0.07693785509752603
Rg norm w/0.5,buffer regr out,All,ProtBERT,low,10,Linear,80/20,0.21807038979393278,0.2995287786996956
Rg norm w/0.5,buffer regr out,All,ProtBERT,low,10,Ridge,80/20,0.207322198401227,0.30158037309175495
Rg norm w/0.5,buffer regr out,All,ProtBERT,low,10,Lasso,80/20,-0.004102188485042069,0.339424887593166
Rg norm w/0.5,buffer regr out,All,ProtBERT,low,10,Kernel Ridge,80/20,0.79855847309683,0.1520299764981383
Rg norm w/0.5,buffer regr out,All,ProtBERT,low,10,GPR,80/20,0.9011128234350649,0.10651841967658085
Rg norm w/0.5,buffer regr out,All,ProtBERT,low,10,Linear,85/15,0.18999775703677835,0.30023523399314445
Rg norm w/0.5,buffer regr out,All,ProtBERT,low,10,Ridge,85/15,0.1875246712608758,0.3006932213651814
Rg norm w/0.5,buffer regr out,All,ProtBERT,low,10,Lasso,85/15,0.10195904948942802,0.31613065929747414
Rg norm w/0.5,buffer regr out,All,ProtBERT,low,10,Kernel Ridge,85/15,0.8749054768138338,0.11798796064729286
Rg norm w/0.5,buffer regr out,All,ProtBERT,low,10,GPR,85/15,0.8865714410608541,0.11235172736580656
Rg norm w/0.5,buffer regr out,All,ProtBERT,low,10,Linear,90/10,0.2231204569064279,0.35339464862832304
Rg norm w/0.5,buffer regr out,All,ProtBERT,low,10,Ridge,90/10,0.21106273345175497,0.3561265573892076
Rg norm w/0.5,buffer regr out,All,ProtBERT,low,10,Lasso,90/10,-0.009192556303704302,0.40278208456523795
Rg norm w/0.5,buffer regr out,All,ProtBERT,low,10,Kernel Ridge,90/10,0.8894618977439579,0.13330275589045928
Rg norm w/0.5,buffer regr out,All,ProtBERT,low,10,GPR,90/10,0.9018018429062423,0.12564198659106382
Rg norm w/0.5,buffer regr out,Inliers,ProtBERT,low,10,Linear,80/20,0.1701137354484873,0.07282287115574333
Rg norm w/0.5,buffer regr out,Inliers,ProtBERT,low,10,Ridge,80/20,0.19941247778882976,0.07152583192852131
Rg norm w/0.5,buffer regr out,Inliers,ProtBERT,low,10,Lasso,80/20,0.2371102757477621,0.06982153493165533
Rg norm w/0.5,buffer regr out,Inliers,ProtBERT,low,10,Kernel Ridge,80/20,0.27741284193475224,0.06795221673360366
Rg norm w/0.5,buffer regr out,Inliers,ProtBERT,low,10,GPR,80/20,0.09035769001273597,0.07624192192183822
Rg norm w/0.5,buffer regr out,Inliers,ProtBERT,low,10,Linear,85/15,0.30092832097157396,0.06647148447761499
Rg norm w/0.5,buffer regr out,Inliers,ProtBERT,low,10,Ridge,85/15,0.2877994759222996,0.06709276158762262
Rg norm w/0.5,buffer regr out,Inliers,ProtBERT,low,10,Lasso,85/15,0.2984563358608021,0.06658890556712954
Rg norm w/0.5,buffer regr out,Inliers,ProtBERT,low,10,Kernel Ridge,85/15,0.3481532008092608,0.06418703168948449
Rg norm w/0.5,buffer regr out,Inliers,ProtBERT,low,10,GPR,85/15,0.3268627492340852,0.06522683953914132
Rg norm w/0.5,buffer regr out,Inliers,ProtBERT,low,10,Linear,90/10,0.0783013775993695,0.06722561428299688
Rg norm w/0.5,buffer regr out,Inliers,ProtBERT,low,10,Ridge,90/10,0.07744453355232706,0.06725685469338528
Rg norm w/0.5,buffer regr out,Inliers,ProtBERT,low,10,Lasso,90/10,0.13268792395271167,0.06521207311750145
Rg norm w/0.5,buffer regr out,Inliers,ProtBERT,low,10,Kernel Ridge,90/10,0.13449928321801696,0.06514394064560418
Rg norm w/0.5,buffer regr out,Inliers,ProtBERT,low,10,GPR,90/10,0.4404253594425298,0.052380461726680594
Rg norm w/0.418,buffer regr out,All,ProtBERT,low,10,Linear,80/20,0.21904026067989602,0.4526782375310784
Rg norm w/0.418,buffer regr out,All,ProtBERT,low,10,Ridge,80/20,0.20801395181980187,0.4558627007684705
Rg norm w/0.418,buffer regr out,All,ProtBERT,low,10,Lasso,80/20,-0.0027055619824478683,0.5129346121073015
Rg norm w/0.418,buffer regr out,All,ProtBERT,low,10,Kernel Ridge,80/20,0.8016963716707135,0.2281080562881731
Rg norm w/0.418,buffer regr out,All,ProtBERT,low,10,GPR,80/20,0.9042752032349187,0.15848476496963443
Rg norm w/0.418,buffer regr out,All,ProtBERT,low,10,Linear,85/15,0.18858900797803613,0.4551771880302074
Rg norm w/0.418,buffer regr out,All,ProtBERT,low,10,Ridge,85/15,0.1861010109046859,0.4558744997082825
Rg norm w/0.418,buffer regr out,All,ProtBERT,low,10,Lasso,85/15,0.02002932258081147,0.5002263738503272
Rg norm w/0.418,buffer regr out,All,ProtBERT,low,10,Kernel Ridge,85/15,0.8795734948822882,0.17535618424406435
Rg norm w/0.418,buffer regr out,All,ProtBERT,low,10,GPR,85/15,0.8913669680815313,0.16654860351704512
Rg norm w/0.418,buffer regr out,All,ProtBERT,low,10,Linear,90/10,0.22131285205046314,0.5357856527034107
Rg norm w/0.418,buffer regr out,All,ProtBERT,low,10,Ridge,90/10,0.2091989165809789,0.5399371430925431
Rg norm w/0.418,buffer regr out,All,ProtBERT,low,10,Lasso,90/10,0.007101691986557412,0.6050091763379691
Rg norm w/0.418,buffer regr out,All,ProtBERT,low,10,Kernel Ridge,90/10,0.8931819574099591,0.19844121806632187
Rg norm w/0.418,buffer regr out,All,ProtBERT,low,10,GPR,90/10,0.9055941686341676,0.18655589933902608
Rg norm w/0.418,buffer regr out,Inliers,ProtBERT,low,10,Linear,80/20,0.00913406255053062,0.11289622673190859
Rg norm w/0.418,buffer regr out,Inliers,ProtBERT,low,10,Ridge,80/20,0.054069056336646826,0.11030664958378752
Rg norm w/0.418,buffer regr out,Inliers,ProtBERT,low,10,Lasso,80/20,0.0706507186075569,0.10933556691659234
Rg norm w/0.418,buffer regr out,Inliers,ProtBERT,low,10,Kernel Ridge,80/20,0.09665678280204137,0.10779493907973414
Rg norm w/0.418,buffer regr out,Inliers,ProtBERT,low,10,GPR,80/20,0.08783713647546876,0.1083198801795659
Rg norm w/0.418,buffer regr out,Inliers,ProtBERT,low,10,Linear,85/15,0.1550541937775639,0.10259339346860892
Rg norm w/0.418,buffer regr out,Inliers,ProtBERT,low,10,Ridge,85/15,0.15403641451641947,0.10265516429601639
Rg norm w/0.418,buffer regr out,Inliers,ProtBERT,low,10,Lasso,85/15,0.16102305581109744,0.10223038136100396
Rg norm w/0.418,buffer regr out,Inliers,ProtBERT,low,10,Kernel Ridge,85/15,0.2530589149770901,0.09646019640959816
Rg norm w/0.418,buffer regr out,Inliers,ProtBERT,low,10,GPR,85/15,0.3459197559311973,0.0902652280499508
Rg norm w/0.418,buffer regr out,Inliers,ProtBERT,low,10,Linear,90/10,-0.046887053596638584,0.10802125331729036
Rg norm w/0.418,buffer regr out,Inliers,ProtBERT,low,10,Ridge,90/10,-0.037774322424759754,0.10755008493930777
Rg norm w/0.418,buffer regr out,Inliers,ProtBERT,low,10,Lasso,90/10,-0.004003093429078897,0.10578566555516866
Rg norm w/0.418,buffer regr out,Inliers,ProtBERT,low,10,Kernel Ridge,90/10,0.06701091813926374,0.10197590731805672
Rg norm w/0.418,buffer regr out,Inliers,ProtBERT,low,10,GPR,90/10,0.41196849717978523,0.08095796704935021
Rg w/no norm,expr pH only regr out,All,ProtBERT,low,10,Linear,80/20,0.2753876320013976,3.755499750145349
Rg w/no norm,expr pH only regr out,All,ProtBERT,low,10,Ridge,80/20,0.2655151654769794,3.7809965638695897
Rg w/no norm,expr pH only regr out,All,ProtBERT,low,10,Lasso,80/20,0.26726150097121437,3.77649897748182
Rg w/no norm,expr pH only regr out,All,ProtBERT,low,10,Kernel Ridge,80/20,0.3847877499537353,3.4604083669634162
Rg w/no norm,expr pH only regr out,All,ProtBERT,low,10,GPR,80/20,0.6888422705607045,2.460963446541598
Rg w/no norm,expr pH only regr out,All,ProtBERT,low,10,Linear,85/15,0.26639975480776457,3.743647933175204
Rg w/no norm,expr pH only regr out,All,ProtBERT,low,10,Ridge,85/15,0.2675513383987065,3.7407084462028384
Rg w/no norm,expr pH only regr out,All,ProtBERT,low,10,Lasso,85/15,0.24118087050202253,3.8074516825513074
Rg w/no norm,expr pH only regr out,All,ProtBERT,low,10,Kernel Ridge,85/15,0.5934878219562443,2.78677589680282
Rg w/no norm,expr pH only regr out,All,ProtBERT,low,10,GPR,85/15,0.6893737286035366,2.4360396748495896
Rg w/no norm,expr pH only regr out,All,ProtBERT,low,10,Linear,90/10,0.24229003056095666,4.343714383061862
Rg w/no norm,expr pH only regr out,All,ProtBERT,low,10,Ridge,90/10,0.2362475124779485,4.3609999232908505
Rg w/no norm,expr pH only regr out,All,ProtBERT,low,10,Lasso,90/10,0.2019412897451094,4.457867759048383
Rg w/no norm,expr pH only regr out,All,ProtBERT,low,10,Kernel Ridge,90/10,0.5828361077727271,3.223020854356383
Rg w/no norm,expr pH only regr out,All,ProtBERT,low,10,GPR,90/10,0.8258428445573237,2.082477997191669
Rg w/no norm,expr pH only regr out,Inliers,ProtBERT,low,10,Linear,80/20,0.43220822682555027,1.6737947254933105
Rg w/no norm,expr pH only regr out,Inliers,ProtBERT,low,10,Ridge,80/20,0.44084427061108244,1.6610168447591966
Rg w/no norm,expr pH only regr out,Inliers,ProtBERT,low,10,Lasso,80/20,0.4377405108319915,1.6656204485952921
Rg w/no norm,expr pH only regr out,Inliers,ProtBERT,low,10,Kernel Ridge,80/20,0.4420267746432507,1.6592595537534087
Rg w/no norm,expr pH only regr out,Inliers,ProtBERT,low,10,GPR,80/20,-0.4211660059189781,2.648073605144018
Rg w/no norm,expr pH only regr out,Inliers,ProtBERT,low,10,Linear,85/15,0.35705831301799085,1.6919307693759993
Rg w/no norm,expr pH only regr out,Inliers,ProtBERT,low,10,Ridge,85/15,0.3579761978035181,1.690722609898654
Rg w/no norm,expr pH only regr out,Inliers,ProtBERT,low,10,Lasso,85/15,0.35701860194492285,1.691983019331426
Rg w/no norm,expr pH only regr out,Inliers,ProtBERT,low,10,Kernel Ridge,85/15,0.3475750904355067,1.7043628639367965
Rg w/no norm,expr pH only regr out,Inliers,ProtBERT,low,10,GPR,85/15,-0.41424554350994747,2.509338242247882
Rg w/no norm,expr pH only regr out,Inliers,ProtBERT,low,10,Linear,90/10,0.36978617119660306,1.6454221866977468
Rg w/no norm,expr pH only regr out,Inliers,ProtBERT,low,10,Ridge,90/10,0.37713254695140996,1.6358037659836782
Rg w/no norm,expr pH only regr out,Inliers,ProtBERT,low,10,Lasso,90/10,0.37916092785846833,1.633138079384654
Rg w/no norm,expr pH only regr out,Inliers,ProtBERT,low,10,Kernel Ridge,90/10,0.36791049970305123,1.647868958241402
Rg w/no norm,expr pH only regr out,Inliers,ProtBERT,low,10,GPR,90/10,-0.25312284892674586,2.3202255723233667
Rg norm w/0.427,expr pH only regr out,All,ProtBERT,low,10,Linear,80/20,0.22777210180245755,0.4451995052836673
Rg norm w/0.427,expr pH only regr out,All,ProtBERT,low,10,Ridge,80/20,0.21581880052865865,0.44863189126081454
Rg norm w/0.427,expr pH only regr out,All,ProtBERT,low,10,Lasso,80/20,0.12528136571896709,0.4738229787559814
Rg norm w/0.427,expr pH only regr out,All,ProtBERT,low,10,Kernel Ridge,80/20,0.18762179855486938,0.4566264456311544
Rg norm w/0.427,expr pH only regr out,All,ProtBERT,low,10,GPR,80/20,0.6926101277000436,0.2808838095302084
Rg norm w/0.427,expr pH only regr out,All,ProtBERT,low,10,Linear,85/15,0.23038889569632448,0.4427433969090493
Rg norm w/0.427,expr pH only regr out,All,ProtBERT,low,10,Ridge,85/15,0.22793400686247944,0.443448961358181
Rg norm w/0.427,expr pH only regr out,All,ProtBERT,low,10,Lasso,85/15,0.16155021497140432,0.4621202068292328
Rg norm w/0.427,expr pH only regr out,All,ProtBERT,low,10,Kernel Ridge,85/15,0.5261569683228844,0.347403091873263
Rg norm w/0.427,expr pH only regr out,All,ProtBERT,low,10,GPR,85/15,0.6943967070320102,0.2789943735432946
Rg norm w/0.427,expr pH only regr out,All,ProtBERT,low,10,Linear,90/10,0.21762093958975715,0.5185400507293729
Rg norm w/0.427,expr pH only regr out,All,ProtBERT,low,10,Ridge,90/10,0.20988577300929756,0.5210970775485526
Rg norm w/0.427,expr pH only regr out,All,ProtBERT,low,10,Lasso,90/10,0.1490283114717823,0.5407932376843614
Rg norm w/0.427,expr pH only regr out,All,ProtBERT,low,10,Kernel Ridge,90/10,0.709924614922417,0.3157396588001565
Rg norm w/0.427,expr pH only regr out,All,ProtBERT,low,10,GPR,90/10,0.8309550221489939,0.24103207138376273
Rg norm w/0.427,expr pH only regr out,Inliers,ProtBERT,low,10,Linear,80/20,0.2976861337683624,0.18702160903513718
Rg norm w/0.427,expr pH only regr out,Inliers,ProtBERT,low,10,Ridge,80/20,0.2957847101212654,0.18727460627905634
Rg norm w/0.427,expr pH only regr out,Inliers,ProtBERT,low,10,Lasso,80/20,0.2975542681641331,0.18703916568691364
Rg norm w/0.427,expr pH only regr out,Inliers,ProtBERT,low,10,Kernel Ridge,80/20,0.305630330696239,0.18596085688542277
Rg norm w/0.427,expr pH only regr out,Inliers,ProtBERT,low,10,GPR,80/20,-0.57104331496124,0.2797178922929857
Rg norm w/0.427,expr pH only regr out,Inliers,ProtBERT,low,10,Linear,85/15,0.3034210320311159,0.19464864248509858
Rg norm w/0.427,expr pH only regr out,Inliers,ProtBERT,low,10,Ridge,85/15,0.28871583651666377,0.19669248632591776
Rg norm w/0.427,expr pH only regr out,Inliers,ProtBERT,low,10,Lasso,85/15,0.29283125001950905,0.19612264010045558
Rg norm w/0.427,expr pH only regr out,Inliers,ProtBERT,low,10,Kernel Ridge,85/15,0.2959628937470197,0.19568790106900244
Rg norm w/0.427,expr pH only regr out,Inliers,ProtBERT,low,10,GPR,85/15,-0.3988674065517417,0.27583824189107115
Rg norm w/0.427,expr pH only regr out,Inliers,ProtBERT,low,10,Linear,90/10,0.30350430337312684,0.18341806924109036
Rg norm w/0.427,expr pH only regr out,Inliers,ProtBERT,low,10,Ridge,90/10,0.298183483325242,0.18411733970178315
Rg norm w/0.427,expr pH only regr out,Inliers,ProtBERT,low,10,Lasso,90/10,0.30272643497207186,0.18352046420716475
Rg norm w/0.427,expr pH only regr out,Inliers,ProtBERT,low,10,Kernel Ridge,90/10,0.3076866736584901,0.1828665386461763
Rg norm w/0.427,expr pH only regr out,Inliers,ProtBERT,low,10,GPR,90/10,-0.27996275915850233,0.24864605077414342
Rg norm w/0.5,expr pH only regr out,All,ProtBERT,low,10,Linear,80/20,0.25750225265420557,0.32854984657245206
Rg norm w/0.5,expr pH only regr out,All,ProtBERT,low,10,Ridge,80/20,0.24403282093914203,0.3315165154048976
Rg norm w/0.5,expr pH only regr out,All,ProtBERT,low,10,Lasso,80/20,0.22440417180702288,0.335792839339448
Rg norm w/0.5,expr pH only regr out,All,ProtBERT,low,10,Kernel Ridge,80/20,0.16880299778034735,0.34762074231964507
Rg norm w/0.5,expr pH only regr out,All,ProtBERT,low,10,GPR,80/20,0.47949501972525566,0.27508451455131283
Rg norm w/0.5,expr pH only regr out,All,ProtBERT,low,10,Linear,85/15,0.2768381726555118,0.32588263414088026
Rg norm w/0.5,expr pH only regr out,All,ProtBERT,low,10,Ridge,85/15,0.27149669867090354,0.327083949705
Rg norm w/0.5,expr pH only regr out,All,ProtBERT,low,10,Lasso,85/15,0.2628260519746435,0.3290246688511199
Rg norm w/0.5,expr pH only regr out,All,ProtBERT,low,10,Kernel Ridge,85/15,0.5120637646370632,0.26768559859160695
Rg norm w/0.5,expr pH only regr out,All,ProtBERT,low,10,GPR,85/15,0.4972074940629101,0.27173017552631556
Rg norm w/0.5,expr pH only regr out,All,ProtBERT,low,10,Linear,90/10,0.23673633167187347,0.37356721256244607
Rg norm w/0.5,expr pH only regr out,All,ProtBERT,low,10,Ridge,90/10,0.23024147761472424,0.37515324698675023
Rg norm w/0.5,expr pH only regr out,All,ProtBERT,low,10,Lasso,90/10,0.2210145827361284,0.3773949813469565
Rg norm w/0.5,expr pH only regr out,All,ProtBERT,low,10,Kernel Ridge,90/10,0.5171786185055058,0.2971150861739328
Rg norm w/0.5,expr pH only regr out,All,ProtBERT,low,10,GPR,90/10,0.7408092571796576,0.21769136366485137
Rg norm w/0.5,expr pH only regr out,Inliers,ProtBERT,low,10,Linear,80/20,0.2969468703698621,0.13137769680296235
Rg norm w/0.5,expr pH only regr out,Inliers,ProtBERT,low,10,Ridge,80/20,0.2928308703870063,0.13176170864501338
Rg norm w/0.5,expr pH only regr out,Inliers,ProtBERT,low,10,Lasso,80/20,0.2968603303454772,0.13138578230799508
Rg norm w/0.5,expr pH only regr out,Inliers,ProtBERT,low,10,Kernel Ridge,80/20,0.3054099115388983,0.13058456958037595
Rg norm w/0.5,expr pH only regr out,Inliers,ProtBERT,low,10,GPR,80/20,-0.5462078229135563,0.19483254526451474
Rg norm w/0.5,expr pH only regr out,Inliers,ProtBERT,low,10,Linear,85/15,0.31858184675075296,0.13697953846069852
Rg norm w/0.5,expr pH only regr out,Inliers,ProtBERT,low,10,Ridge,85/15,0.30238474284407657,0.13859795875123743
Rg norm w/0.5,expr pH only regr out,Inliers,ProtBERT,low,10,Lasso,85/15,0.3145161679537367,0.13738757467457446
Rg norm w/0.5,expr pH only regr out,Inliers,ProtBERT,low,10,Kernel Ridge,85/15,0.31331836009498604,0.1375075571470554
Rg norm w/0.5,expr pH only regr out,Inliers,ProtBERT,low,10,GPR,85/15,-0.36051837820608723,0.19355351173262367
Rg norm w/0.5,expr pH only regr out,Inliers,ProtBERT,low,10,Linear,90/10,0.3116747964299751,0.12774896962090662
Rg norm w/0.5,expr pH only regr out,Inliers,ProtBERT,low,10,Ridge,90/10,0.305000992192182,0.12836678442410843
Rg norm w/0.5,expr pH only regr out,Inliers,ProtBERT,low,10,Lasso,90/10,0.31032657490400983,0.12787401927315772
Rg norm w/0.5,expr pH only regr out,Inliers,ProtBERT,low,10,Kernel Ridge,90/10,0.3185821320546154,0.127106373713555
Rg norm w/0.5,expr pH only regr out,Inliers,ProtBERT,low,10,GPR,90/10,-0.25236304595886594,0.17231603467640774
Rg norm w/0.418,expr pH only regr out,All,ProtBERT,low,10,Linear,80/20,0.20554969807010537,0.4557897483042161
Rg norm w/0.418,expr pH only regr out,All,ProtBERT,low,10,Ridge,80/20,0.1945659625481404,0.45892971122588305
Rg norm w/0.418,expr pH only regr out,All,ProtBERT,low,10,Lasso,80/20,0.10447119894910173,0.4839170949862253
Rg norm w/0.418,expr pH only regr out,All,ProtBERT,low,10,Kernel Ridge,80/20,0.19508954451161475,0.45878052062104785
Rg norm w/0.418,expr pH only regr out,All,ProtBERT,low,10,GPR,80/20,0.8107143140775563,0.22247953703032405
Rg norm w/0.418,expr pH only regr out,All,ProtBERT,low,10,Linear,85/15,0.1998430034649693,0.4529349413603891
Rg norm w/0.418,expr pH only regr out,All,ProtBERT,low,10,Ridge,85/15,0.19834240184071428,0.45335945589142845
Rg norm w/0.418,expr pH only regr out,All,ProtBERT,low,10,Lasso,85/15,0.13894519076121725,0.46985474833728785
Rg norm w/0.418,expr pH only regr out,All,ProtBERT,low,10,Kernel Ridge,85/15,0.7938836245862924,0.22988173707569978
Rg norm w/0.418,expr pH only regr out,All,ProtBERT,low,10,GPR,85/15,0.8058556552552211,0.22310566304609658
Rg norm w/0.418,expr pH only regr out,All,ProtBERT,low,10,Linear,90/10,0.20585132345617962,0.5356479449866953
Rg norm w/0.418,expr pH only regr out,All,ProtBERT,low,10,Ridge,90/10,0.19707397991503073,0.5385999402686843
Rg norm w/0.418,expr pH only regr out,All,ProtBERT,low,10,Lasso,90/10,0.12761570405891853,0.5614129864505403
Rg norm w/0.418,expr pH only regr out,All,ProtBERT,low,10,Kernel Ridge,90/10,0.7506989159910233,0.3001170150265264
Rg norm w/0.418,expr pH only regr out,All,ProtBERT,low,10,GPR,90/10,0.8735713219600488,0.2137230352394108
Rg norm w/0.418,expr pH only regr out,Inliers,ProtBERT,low,10,Linear,80/20,0.2985610292890094,0.19544866356072288
Rg norm w/0.418,expr pH only regr out,Inliers,ProtBERT,low,10,Ridge,80/20,0.29694086997089664,0.19567425363068736
Rg norm w/0.418,expr pH only regr out,Inliers,ProtBERT,low,10,Lasso,80/20,0.29869127547253627,0.19543051684704418
Rg norm w/0.418,expr pH only regr out,Inliers,ProtBERT,low,10,Kernel Ridge,80/20,0.3064383168841288,0.19434810289000848
Rg norm w/0.418,expr pH only regr out,Inliers,ProtBERT,low,10,GPR,80/20,-0.572925944682799,0.2926792259096554
Rg norm w/0.418,expr pH only regr out,Inliers,ProtBERT,low,10,Linear,85/15,0.30208835460736405,0.20337280870213817
Rg norm w/0.418,expr pH only regr out,Inliers,ProtBERT,low,10,Ridge,85/15,0.28760141143005125,0.20547272905379232
Rg norm w/0.418,expr pH only regr out,Inliers,ProtBERT,low,10,Lasso,85/15,0.2920432131713464,0.20483116672152724
Rg norm w/0.418,expr pH only regr out,Inliers,ProtBERT,low,10,Kernel Ridge,85/15,0.2943704071453208,0.20449422932095335
Rg norm w/0.418,expr pH only regr out,Inliers,ProtBERT,low,10,GPR,85/15,-0.40290092860740745,0.2883408440138622
Rg norm w/0.418,expr pH only regr out,Inliers,ProtBERT,low,10,Linear,90/10,0.3030987684662806,0.1918647513982068
Rg norm w/0.418,expr pH only regr out,Inliers,ProtBERT,low,10,Ridge,90/10,0.29796902947606396,0.1925695941625118
Rg norm w/0.418,expr pH only regr out,Inliers,ProtBERT,low,10,Lasso,90/10,0.302373232069313,0.19196459958458764
Rg norm w/0.418,expr pH only regr out,Inliers,ProtBERT,low,10,Kernel Ridge,90/10,0.30694056301797157,0.19133517590806848
Rg norm w/0.418,expr pH only regr out,Inliers,ProtBERT,low,10,GPR,90/10,-0.28247884198559037,0.26027633562026314
Rg w/no norm,expr buffer only regr out,All,ProtBERT,low,10,Linear,80/20,0.2908778795078132,3.7462863731505784
Rg w/no norm,expr buffer only regr out,All,ProtBERT,low,10,Ridge,80/20,0.2780972015838791,3.7798957206506847
Rg w/no norm,expr buffer only regr out,All,ProtBERT,low,10,Lasso,80/20,0.1874061305583088,4.010303366290693
Rg w/no norm,expr buffer only regr out,All,ProtBERT,low,10,Kernel Ridge,80/20,0.2505272273073659,3.8513978723076256
Rg w/no norm,expr buffer only regr out,All,ProtBERT,low,10,GPR,80/20,0.7114252268038643,2.3898444666280305
Rg w/no norm,expr buffer only regr out,All,ProtBERT,low,10,Linear,85/15,0.27260778856722767,3.85798527162057
Rg w/no norm,expr buffer only regr out,All,ProtBERT,low,10,Ridge,85/15,0.26829901405822454,3.8693949648577775
Rg w/no norm,expr buffer only regr out,All,ProtBERT,low,10,Lasso,85/15,0.202055821091077,4.040754799944942
Rg w/no norm,expr buffer only regr out,All,ProtBERT,low,10,Kernel Ridge,85/15,0.5178466513777674,3.141006504435453
Rg w/no norm,expr buffer only regr out,All,ProtBERT,low,10,GPR,85/15,0.7037862464137767,2.461947864375695
Rg w/no norm,expr buffer only regr out,All,ProtBERT,low,10,Linear,90/10,0.24383240013341412,4.548479239761093
Rg w/no norm,expr buffer only regr out,All,ProtBERT,low,10,Ridge,90/10,0.23525236443309705,4.574211652219657
Rg w/no norm,expr buffer only regr out,All,ProtBERT,low,10,Lasso,90/10,0.16404631334773645,4.782426378139488
Rg w/no norm,expr buffer only regr out,All,ProtBERT,low,10,Kernel Ridge,90/10,0.5746380562551419,3.411430283095455
Rg w/no norm,expr buffer only regr out,All,ProtBERT,low,10,GPR,90/10,0.8285833412757253,2.1656271984725644
Rg w/no norm,expr buffer only regr out,Inliers,ProtBERT,low,10,Linear,80/20,0.37539308099185165,1.6167210547788176
Rg w/no norm,expr buffer only regr out,Inliers,ProtBERT,low,10,Ridge,80/20,0.3781668015732558,1.6131273369881707
Rg w/no norm,expr buffer only regr out,Inliers,ProtBERT,low,10,Lasso,80/20,0.36987243531867275,1.6238501055741883
Rg w/no norm,expr buffer only regr out,Inliers,ProtBERT,low,10,Kernel Ridge,80/20,0.3869120595536816,1.6017439254589996
Rg w/no norm,expr buffer only regr out,Inliers,ProtBERT,low,10,GPR,80/20,-0.5431816432891714,2.541208054191825
Rg w/no norm,expr buffer only regr out,Inliers,ProtBERT,low,10,Linear,85/15,0.38997819728832195,1.6131991992578352
Rg w/no norm,expr buffer only regr out,Inliers,ProtBERT,low,10,Ridge,85/15,0.3819822682888032,1.6237373735640315
Rg w/no norm,expr buffer only regr out,Inliers,ProtBERT,low,10,Lasso,85/15,0.3724594262708977,1.636199382062444
Rg w/no norm,expr buffer only regr out,Inliers,ProtBERT,low,10,Kernel Ridge,85/15,0.37934065338741474,1.6272038721183133
Rg w/no norm,expr buffer only regr out,Inliers,ProtBERT,low,10,GPR,85/15,-0.37723872510958456,2.4239292081117805
Rg w/no norm,expr buffer only regr out,Inliers,ProtBERT,low,10,Linear,90/10,0.45621493603093743,1.5169752761035045
Rg w/no norm,expr buffer only regr out,Inliers,ProtBERT,low,10,Ridge,90/10,0.4498888493468459,1.5257735760153566
Rg w/no norm,expr buffer only regr out,Inliers,ProtBERT,low,10,Lasso,90/10,0.4370830397360156,1.5434303365924973
Rg w/no norm,expr buffer only regr out,Inliers,ProtBERT,low,10,Kernel Ridge,90/10,0.443078935241101,1.5351884264728868
Rg w/no norm,expr buffer only regr out,Inliers,ProtBERT,low,10,GPR,90/10,-0.1290548657939683,2.1858602307242347
Rg norm w/0.427,expr buffer only regr out,All,ProtBERT,low,10,Linear,80/20,0.25276148438743407,0.43739550719547754
Rg norm w/0.427,expr buffer only regr out,All,ProtBERT,low,10,Ridge,80/20,0.23907643609606732,0.44138260134666785
Rg norm w/0.427,expr buffer only regr out,All,ProtBERT,low,10,Lasso,80/20,0.1412768786344638,0.46889032484257637
Rg norm w/0.427,expr buffer only regr out,All,ProtBERT,low,10,Kernel Ridge,80/20,0.19240255068778944,0.4547180172508033
Rg norm w/0.427,expr buffer only regr out,All,ProtBERT,low,10,GPR,80/20,0.7030976938140063,0.2757093400752022
Rg norm w/0.427,expr buffer only regr out,All,ProtBERT,low,10,Linear,85/15,0.24772233378246533,0.4406186095101708
Rg norm w/0.427,expr buffer only regr out,All,ProtBERT,low,10,Ridge,85/15,0.24230040256359608,0.4422036058124885
Rg norm w/0.427,expr buffer only regr out,All,ProtBERT,low,10,Lasso,85/15,0.16873999776806392,0.4631718891974031
Rg norm w/0.427,expr buffer only regr out,All,ProtBERT,low,10,Kernel Ridge,85/15,0.5204435128285507,0.3517982189734266
Rg norm w/0.427,expr buffer only regr out,All,ProtBERT,low,10,GPR,85/15,0.7008830247018696,0.2778396873466407
Rg norm w/0.427,expr buffer only regr out,All,ProtBERT,low,10,Linear,90/10,0.234488125119789,0.5203632312677849
Rg norm w/0.427,expr buffer only regr out,All,ProtBERT,low,10,Ridge,90/10,0.2247117259740019,0.5236754849541493
Rg norm w/0.427,expr buffer only regr out,All,ProtBERT,low,10,Lasso,90/10,0.15092575628153881,0.5480289100227852
Rg norm w/0.427,expr buffer only regr out,All,ProtBERT,low,10,Kernel Ridge,90/10,0.7062079454556844,0.32236706039480945
Rg norm w/0.427,expr buffer only regr out,All,ProtBERT,low,10,GPR,90/10,0.8319585583456663,0.2438028820534625
Rg norm w/0.427,expr buffer only regr out,Inliers,ProtBERT,low,10,Linear,80/20,0.28693193736344424,0.17438828356698996
Rg norm w/0.427,expr buffer only regr out,Inliers,ProtBERT,low,10,Ridge,80/20,0.28359079875936033,0.17479636137278837
Rg norm w/0.427,expr buffer only regr out,Inliers,ProtBERT,low,10,Lasso,80/20,0.28728567812166506,0.1743450226923252
Rg norm w/0.427,expr buffer only regr out,Inliers,ProtBERT,low,10,Kernel Ridge,80/20,0.29419130051379694,0.17349833600393716
Rg norm w/0.427,expr buffer only regr out,Inliers,ProtBERT,low,10,GPR,80/20,-0.8177692696828212,0.27843330916886166
Rg norm w/0.427,expr buffer only regr out,Inliers,ProtBERT,low,10,Linear,85/15,0.3544941152551081,0.1758956165321578
Rg norm w/0.427,expr buffer only regr out,Inliers,ProtBERT,low,10,Ridge,85/15,0.33413333800528144,0.1786481608025129
Rg norm w/0.427,expr buffer only regr out,Inliers,ProtBERT,low,10,Lasso,85/15,0.3536917264108792,0.1760049051160696
Rg norm w/0.427,expr buffer only regr out,Inliers,ProtBERT,low,10,Kernel Ridge,85/15,0.3356224213296256,0.1784482927916044
Rg norm w/0.427,expr buffer only regr out,Inliers,ProtBERT,low,10,GPR,85/15,-0.5174888501059076,0.2696917541393579
Rg norm w/0.427,expr buffer only regr out,Inliers,ProtBERT,low,10,Linear,90/10,0.41255199420289,0.15920832468449858
Rg norm w/0.427,expr buffer only regr out,Inliers,ProtBERT,low,10,Ridge,90/10,0.3943482211972974,0.16165627006833827
Rg norm w/0.427,expr buffer only regr out,Inliers,ProtBERT,low,10,Lasso,90/10,0.4125125503058519,0.15921366957570138
Rg norm w/0.427,expr buffer only regr out,Inliers,ProtBERT,low,10,Kernel Ridge,90/10,0.3883579232388983,0.16245374691352388
Rg norm w/0.427,expr buffer only regr out,Inliers,ProtBERT,low,10,GPR,90/10,-0.3165859147943819,0.23834478707168835
Rg norm w/0.5,expr buffer only regr out,All,ProtBERT,low,10,Linear,80/20,0.2790387286585073,0.321414073501489
Rg norm w/0.5,expr buffer only regr out,All,ProtBERT,low,10,Ridge,80/20,0.2639788322939308,0.32475367423719215
Rg norm w/0.5,expr buffer only regr out,All,ProtBERT,low,10,Lasso,80/20,0.243781304317652,0.3291793823604664
Rg norm w/0.5,expr buffer only regr out,All,ProtBERT,low,10,Kernel Ridge,80/20,0.17428606307201489,0.3439725044467371
Rg norm w/0.5,expr buffer only regr out,All,ProtBERT,low,10,GPR,80/20,0.487409700490113,0.2710154892014243
Rg norm w/0.5,expr buffer only regr out,All,ProtBERT,low,10,Linear,85/15,0.2931705875554803,0.3211101383172931
Rg norm w/0.5,expr buffer only regr out,All,ProtBERT,low,10,Ridge,85/15,0.2851532552040693,0.32292612637024193
Rg norm w/0.5,expr buffer only regr out,All,ProtBERT,low,10,Lasso,85/15,0.2764173705821653,0.3248933164857442
Rg norm w/0.5,expr buffer only regr out,All,ProtBERT,low,10,Kernel Ridge,85/15,0.5114867811374697,0.2669530401544154
Rg norm w/0.5,expr buffer only regr out,All,ProtBERT,low,10,GPR,85/15,0.5025352700166033,0.26938775970158696
Rg norm w/0.5,expr buffer only regr out,All,ProtBERT,low,10,Linear,90/10,0.2511716266923337,0.37203103399335685
Rg norm w/0.5,expr buffer only regr out,All,ProtBERT,low,10,Ridge,90/10,0.2425818391522997,0.3741587280623269
Rg norm w/0.5,expr buffer only regr out,All,ProtBERT,low,10,Lasso,90/10,0.23222403683284765,0.3767083781710947
Rg norm w/0.5,expr buffer only regr out,All,ProtBERT,low,10,Kernel Ridge,90/10,0.512983358930732,0.3000267129828885
Rg norm w/0.5,expr buffer only regr out,All,ProtBERT,low,10,GPR,90/10,0.7435560142418886,0.2177129600706145
Rg norm w/0.5,expr buffer only regr out,Inliers,ProtBERT,low,10,Linear,80/20,0.294170184010359,0.12243351652345809
Rg norm w/0.5,expr buffer only regr out,Inliers,ProtBERT,low,10,Ridge,80/20,0.28899919039961874,0.12288117940094444
Rg norm w/0.5,expr buffer only regr out,Inliers,ProtBERT,low,10,Lasso,80/20,0.29456403591958813,0.12239935290371146
Rg norm w/0.5,expr buffer only regr out,Inliers,ProtBERT,low,10,Kernel Ridge,80/20,0.300353819929704,0.1218960287726314
Rg norm w/0.5,expr buffer only regr out,Inliers,ProtBERT,low,10,GPR,80/20,-0.8064313311166467,0.19586690099118698
Rg norm w/0.5,expr buffer only regr out,Inliers,ProtBERT,low,10,Linear,85/15,0.3650179299898878,0.12351072912068402
Rg norm w/0.5,expr buffer only regr out,Inliers,ProtBERT,low,10,Ridge,85/15,0.34336468509470597,0.12559896840740242
Rg norm w/0.5,expr buffer only regr out,Inliers,ProtBERT,low,10,Lasso,85/15,0.36468615181054476,0.12354299208951143
Rg norm w/0.5,expr buffer only regr out,Inliers,ProtBERT,low,10,Kernel Ridge,85/15,0.3469104842732258,0.125259395167073
Rg norm w/0.5,expr buffer only regr out,Inliers,ProtBERT,low,10,GPR,85/15,-0.5068397879983064,0.190264381622313
Rg norm w/0.5,expr buffer only regr out,Inliers,ProtBERT,low,10,Linear,90/10,0.41600730412709375,0.11048922409528576
Rg norm w/0.5,expr buffer only regr out,Inliers,ProtBERT,low,10,Ridge,90/10,0.39652170290625943,0.11231740068271871
Rg norm w/0.5,expr buffer only regr out,Inliers,ProtBERT,low,10,Lasso,90/10,0.4159495505586611,0.11049468733930656
Rg norm w/0.5,expr buffer only regr out,Inliers,ProtBERT,low,10,Kernel Ridge,90/10,0.392096571171877,0.11272844404341771
Rg norm w/0.5,expr buffer only regr out,Inliers,ProtBERT,low,10,GPR,90/10,-0.32893148814572815,0.16667386716936383
Rg norm w/0.418,expr buffer only regr out,All,ProtBERT,low,10,Linear,80/20,0.23125445540189904,0.44955117651803517
Rg norm w/0.418,expr buffer only regr out,All,ProtBERT,low,10,Ridge,80/20,0.21866178176086182,0.4532182261019819
Rg norm w/0.418,expr buffer only regr out,All,ProtBERT,low,10,Lasso,80/20,-0.009166453900091298,0.5150735344249134
Rg norm w/0.418,expr buffer only regr out,All,ProtBERT,low,10,Kernel Ridge,80/20,0.19854739791130283,0.45901486937841934
Rg norm w/0.418,expr buffer only regr out,All,ProtBERT,low,10,GPR,80/20,0.81735857301582,0.21912275446285526
Rg norm w/0.418,expr buffer only regr out,All,ProtBERT,low,10,Linear,85/15,0.21734187986400333,0.4532306215253814
Rg norm w/0.418,expr buffer only regr out,All,ProtBERT,low,10,Ridge,85/15,0.212942876676116,0.4545025493381188
Rg norm w/0.418,expr buffer only regr out,All,ProtBERT,low,10,Lasso,85/15,0.14593859651696617,0.47345395033405235
Rg norm w/0.418,expr buffer only regr out,All,ProtBERT,low,10,Kernel Ridge,85/15,0.519821252599667,0.3550051585494346
Rg norm w/0.418,expr buffer only regr out,All,ProtBERT,low,10,GPR,85/15,0.8071335651463228,0.22498912303405774
Rg norm w/0.418,expr buffer only regr out,All,ProtBERT,low,10,Linear,90/10,0.2236339049941225,0.5389590229998399
Rg norm w/0.418,expr buffer only regr out,All,ProtBERT,low,10,Ridge,90/10,0.2130649210362343,0.542615154956281
Rg norm w/0.418,expr buffer only regr out,All,ProtBERT,low,10,Lasso,90/10,0.1328068743046028,0.5696136393486486
Rg norm w/0.418,expr buffer only regr out,All,ProtBERT,low,10,Kernel Ridge,90/10,0.7436095749444565,0.30972293623483854
Rg norm w/0.418,expr buffer only regr out,All,ProtBERT,low,10,GPR,90/10,0.8715363370105276,0.2192363773793585
Rg norm w/0.418,expr buffer only regr out,Inliers,ProtBERT,low,10,Linear,80/20,0.28672736461809933,0.18228508307281957
Rg norm w/0.418,expr buffer only regr out,Inliers,ProtBERT,low,10,Ridge,80/20,0.2836080048598313,0.18268324248672713
Rg norm w/0.418,expr buffer only regr out,Inliers,ProtBERT,low,10,Lasso,80/20,0.2872779215252741,0.1822147188950405
Rg norm w/0.418,expr buffer only regr out,Inliers,ProtBERT,low,10,Kernel Ridge,80/20,0.2940914253740742,0.18134165618461787
Rg norm w/0.418,expr buffer only regr out,Inliers,ProtBERT,low,10,GPR,80/20,-0.8176703607059363,0.2909919078714013
Rg norm w/0.418,expr buffer only regr out,Inliers,ProtBERT,low,10,Linear,85/15,0.35358571070175115,0.18386454394766846
Rg norm w/0.418,expr buffer only regr out,Inliers,ProtBERT,low,10,Ridge,85/15,0.33341386857636346,0.18671132101813995
Rg norm w/0.418,expr buffer only regr out,Inliers,ProtBERT,low,10,Lasso,85/15,0.3507840912436606,0.184262556148152
Rg norm w/0.418,expr buffer only regr out,Inliers,ProtBERT,low,10,Kernel Ridge,85/15,0.3346501011166093,0.18653810579761412
Rg norm w/0.418,expr buffer only regr out,Inliers,ProtBERT,low,10,GPR,85/15,-0.5178401322873081,0.28174455432441514
Rg norm w/0.418,expr buffer only regr out,Inliers,ProtBERT,low,10,Linear,90/10,0.41252847519026936,0.16665031779105072
Rg norm w/0.418,expr buffer only regr out,Inliers,ProtBERT,low,10,Ridge,90/10,0.3945116447808894,0.16918647162436154
Rg norm w/0.418,expr buffer only regr out,Inliers,ProtBERT,low,10,Lasso,90/10,0.4124908642966868,0.16665565231943777
Rg norm w/0.418,expr buffer only regr out,Inliers,ProtBERT,low,10,Kernel Ridge,90/10,0.3883372452825604,0.1700469136442751
Rg norm w/0.418,expr buffer only regr out,Inliers,ProtBERT,low,10,GPR,90/10,-0.3141672111636773,0.24925165424745307
Rg w/no norm,No regr out,All,ProtBERT,low,100,Linear,80/20,-2.024272364935446,7.363925179970235
Rg w/no norm,No regr out,All,ProtBERT,low,100,Ridge,80/20,0.5311358208520663,2.8994955322740186
Rg w/no norm,No regr out,All,ProtBERT,low,100,Lasso,80/20,0.16694096998762675,3.8648870375121662
Rg w/no norm,No regr out,All,ProtBERT,low,100,Kernel Ridge,80/20,0.3707480732387738,3.3590092034810373
Rg w/no norm,No regr out,All,ProtBERT,low,100,GPR,80/20,0.7999755146109526,1.8938278447501762
Rg w/no norm,No regr out,All,ProtBERT,low,100,Linear,85/15,-1.2742561992123775,6.191031699470458
Rg w/no norm,No regr out,All,ProtBERT,low,100,Ridge,85/15,0.45815748143772794,3.021898511436438
Rg w/no norm,No regr out,All,ProtBERT,low,100,Lasso,85/15,0.162248721138873,3.757516391926967
Rg w/no norm,No regr out,All,ProtBERT,low,100,Kernel Ridge,85/15,0.5417065832911178,2.7791701944026372
Rg w/no norm,No regr out,All,ProtBERT,low,100,GPR,85/15,0.7856054321850191,1.9008603977796323
Rg w/no norm,No regr out,All,ProtBERT,low,100,Linear,90/10,-2.0049599502099933,8.472427096274947
Rg w/no norm,No regr out,All,ProtBERT,low,100,Ridge,90/10,0.5215376837635632,3.38074462016196
Rg w/no norm,No regr out,All,ProtBERT,low,100,Lasso,90/10,0.1468889891801911,4.514308867789755
Rg w/no norm,No regr out,All,ProtBERT,low,100,Kernel Ridge,90/10,0.6030783391105032,3.079221258518774
Rg w/no norm,No regr out,All,ProtBERT,low,100,GPR,90/10,0.8136603277321083,2.1097993786316027
Rg w/no norm,No regr out,Inliers,ProtBERT,low,100,Linear,80/20,-0.02948646243606623,1.4460426949284721
Rg w/no norm,No regr out,Inliers,ProtBERT,low,100,Ridge,80/20,0.5500706313895155,0.9559671457088653
Rg w/no norm,No regr out,Inliers,ProtBERT,low,100,Lasso,80/20,0.4634180412338793,1.043971947810816
Rg w/no norm,No regr out,Inliers,ProtBERT,low,100,Kernel Ridge,80/20,0.5736069308228624,0.9306274623724982
Rg w/no norm,No regr out,Inliers,ProtBERT,low,100,GPR,80/20,0.5580942750146812,0.9474048633735729
Rg w/no norm,No regr out,Inliers,ProtBERT,low,100,Linear,85/15,0.5216923756230881,0.7375858154625333
Rg w/no norm,No regr out,Inliers,ProtBERT,low,100,Ridge,85/15,0.4910403954719522,0.7608526568556946
Rg w/no norm,No regr out,Inliers,ProtBERT,low,100,Lasso,85/15,0.28996672275983615,0.8986658862716043
Rg w/no norm,No regr out,Inliers,ProtBERT,low,100,Kernel Ridge,85/15,0.56455452894333,0.7037619678018797
Rg w/no norm,No regr out,Inliers,ProtBERT,low,100,GPR,85/15,0.6106123422514393,0.6655029657601995
Rg w/no norm,No regr out,Inliers,ProtBERT,low,100,Linear,90/10,0.659340064326992,0.6658063218096962
Rg w/no norm,No regr out,Inliers,ProtBERT,low,100,Ridge,90/10,0.553210668062598,0.7624981280868993
Rg w/no norm,No regr out,Inliers,ProtBERT,low,100,Lasso,90/10,0.3169545020318294,0.9427839946075983
Rg w/no norm,No regr out,Inliers,ProtBERT,low,100,Kernel Ridge,90/10,0.6332844908285682,0.6907995137596057
Rg w/no norm,No regr out,Inliers,ProtBERT,low,100,GPR,90/10,0.6246171374575162,0.6989153926236217
Rg norm w/0.427,No regr out,All,ProtBERT,low,100,Linear,80/20,-2.172944762992797,0.8638275729979156
Rg norm w/0.427,No regr out,All,ProtBERT,low,100,Ridge,80/20,0.5381452277570109,0.3295706468036731
Rg norm w/0.427,No regr out,All,ProtBERT,low,100,Lasso,80/20,-0.010103950816635399,0.4873924994520305
Rg norm w/0.427,No regr out,All,ProtBERT,low,100,Kernel Ridge,80/20,0.04951294301195941,0.47279068375904126
Rg norm w/0.427,No regr out,All,ProtBERT,low,100,GPR,80/20,0.8093729538534957,0.21173276344017852
Rg norm w/0.427,No regr out,All,ProtBERT,low,100,Linear,85/15,-1.370355087035152,0.7302117466991218
Rg norm w/0.427,No regr out,All,ProtBERT,low,100,Ridge,85/15,0.4677667082372815,0.3460135677742789
Rg norm w/0.427,No regr out,All,ProtBERT,low,100,Lasso,85/15,-0.0036167979181029875,0.4751448988519651
Rg norm w/0.427,No regr out,All,ProtBERT,low,100,Kernel Ridge,85/15,0.0729317718262722,0.4566652434779266
Rg norm w/0.427,No regr out,All,ProtBERT,low,100,GPR,85/15,0.7968494659675762,0.21377213485194022
Rg norm w/0.427,No regr out,All,ProtBERT,low,100,Linear,90/10,-2.0022124256340543,0.986358701491201
Rg norm w/0.427,No regr out,All,ProtBERT,low,100,Ridge,90/10,0.5304274924441679,0.39009061517484456
Rg norm w/0.427,No regr out,All,ProtBERT,low,100,Lasso,90/10,0.15057594606311908,0.5246581804253144
Rg norm w/0.427,No regr out,All,ProtBERT,low,100,Kernel Ridge,90/10,0.0630876422190183,0.5510152958899648
Rg norm w/0.427,No regr out,All,ProtBERT,low,100,GPR,90/10,0.8246402599733744,0.23838510593963663
Rg norm w/0.427,No regr out,Inliers,ProtBERT,low,100,Linear,80/20,-1.1874391735295333,0.14290285926048482
Rg norm w/0.427,No regr out,Inliers,ProtBERT,low,100,Ridge,80/20,0.24885806582382008,0.0837401876597094
Rg norm w/0.427,No regr out,Inliers,ProtBERT,low,100,Lasso,80/20,0.17746927616366603,0.08762922893251049
Rg norm w/0.427,No regr out,Inliers,ProtBERT,low,100,Kernel Ridge,80/20,0.3105826111301232,0.08022579738514168
Rg norm w/0.427,No regr out,Inliers,ProtBERT,low,100,GPR,80/20,0.3288351569181266,0.07915667173900394
Rg norm w/0.427,No regr out,Inliers,ProtBERT,low,100,Linear,85/15,0.23916208119945748,0.08373082342335084
Rg norm w/0.427,No regr out,Inliers,ProtBERT,low,100,Ridge,85/15,0.2752588927219036,0.08172044733501416
Rg norm w/0.427,No regr out,Inliers,ProtBERT,low,100,Lasso,85/15,0.14604172125987236,0.08870694327400006
Rg norm w/0.427,No regr out,Inliers,ProtBERT,low,100,Kernel Ridge,85/15,0.39522127986670774,0.07465132809135276
Rg norm w/0.427,No regr out,Inliers,ProtBERT,low,100,GPR,85/15,0.5276693158521222,0.0659724127651764
Rg norm w/0.427,No regr out,Inliers,ProtBERT,low,100,Linear,90/10,-0.024010789781094166,0.0844968568409416
Rg norm w/0.427,No regr out,Inliers,ProtBERT,low,100,Ridge,90/10,0.11742121969336727,0.07844495686814325
Rg norm w/0.427,No regr out,Inliers,ProtBERT,low,100,Lasso,90/10,-0.04589059662273809,0.08539479827501821
Rg norm w/0.427,No regr out,Inliers,ProtBERT,low,100,Kernel Ridge,90/10,0.26753482336001677,0.07146308802315163
Rg norm w/0.427,No regr out,Inliers,ProtBERT,low,100,GPR,90/10,0.3484672996103889,0.06739945684370369
Rg norm w/0.5,No regr out,All,ProtBERT,low,100,Linear,80/20,-2.170722097022352,0.9035090845682908
Rg norm w/0.5,No regr out,All,ProtBERT,low,100,Ridge,80/20,0.537745424275043,0.3449800997430731
Rg norm w/0.5,No regr out,All,ProtBERT,low,100,Lasso,80/20,-0.009767667354325882,0.5098755235589676
Rg norm w/0.5,No regr out,All,ProtBERT,low,100,Kernel Ridge,80/20,0.050070239050886256,0.4945374454006121
Rg norm w/0.5,No regr out,All,ProtBERT,low,100,GPR,80/20,0.8098707340491176,0.22124726957745022
Rg norm w/0.5,No regr out,All,ProtBERT,low,100,Linear,85/15,-1.3697454084157132,0.7637947272514983
Rg norm w/0.5,No regr out,All,ProtBERT,low,100,Ridge,85/15,0.4672378938893269,0.36215332281651896
Rg norm w/0.5,No regr out,All,ProtBERT,low,100,Lasso,85/15,-0.003370554444103835,0.49700011202650457
Rg norm w/0.5,No regr out,All,ProtBERT,low,100,Kernel Ridge,85/15,0.07342681106853588,0.47760149266531327
Rg norm w/0.5,No regr out,All,ProtBERT,low,100,GPR,85/15,0.7974868021212005,0.2232813640040002
Rg norm w/0.5,No regr out,All,ProtBERT,low,100,Linear,90/10,-2.003434379458467,1.0320177510404165
Rg norm w/0.5,No regr out,All,ProtBERT,low,100,Ridge,90/10,0.5299923977911132,0.40825408104781585
Rg norm w/0.5,No regr out,All,ProtBERT,low,100,Lasso,90/10,0.16191338075072048,0.5451581975083724
Rg norm w/0.5,No regr out,All,ProtBERT,low,100,Kernel Ridge,90/10,0.06361299390602793,0.5762431592189172
Rg norm w/0.5,No regr out,All,ProtBERT,low,100,GPR,90/10,0.8252012561540428,0.24897013063508516
Rg norm w/0.5,No regr out,Inliers,ProtBERT,low,100,Linear,80/20,-1.019273651122269,0.09858414904167322
Rg norm w/0.5,No regr out,Inliers,ProtBERT,low,100,Ridge,80/20,0.31592206795336164,0.057380231115781756
Rg norm w/0.5,No regr out,Inliers,ProtBERT,low,100,Lasso,80/20,0.2303980937257608,0.060861488569118175
Rg norm w/0.5,No regr out,Inliers,ProtBERT,low,100,Kernel Ridge,80/20,0.3778953112774388,0.05471938909920972
Rg norm w/0.5,No regr out,Inliers,ProtBERT,low,100,GPR,80/20,0.41182455564570053,0.053206286358082035
Rg norm w/0.5,No regr out,Inliers,ProtBERT,low,100,Linear,85/15,0.35285348143902373,0.05883280938353936
Rg norm w/0.5,No regr out,Inliers,ProtBERT,low,100,Ridge,85/15,0.38339114739001745,0.0574279290975527
Rg norm w/0.5,No regr out,Inliers,ProtBERT,low,100,Lasso,85/15,0.23593354000203282,0.0639269295840001
Rg norm w/0.5,No regr out,Inliers,ProtBERT,low,100,Kernel Ridge,85/15,0.48672820025950125,0.052395257570412954
Rg norm w/0.5,No regr out,Inliers,ProtBERT,low,100,GPR,85/15,0.613053155513035,0.04549293248149123
Rg norm w/0.5,No regr out,Inliers,ProtBERT,low,100,Linear,90/10,0.017722653318876236,0.05974621633097632
Rg norm w/0.5,No regr out,Inliers,ProtBERT,low,100,Ridge,90/10,0.1965439851447519,0.05403490546397116
Rg norm w/0.5,No regr out,Inliers,ProtBERT,low,100,Lasso,90/10,0.04466067620228853,0.058921279631293504
Rg norm w/0.5,No regr out,Inliers,ProtBERT,low,100,Kernel Ridge,90/10,0.3327467556800262,0.04924234084060392
Rg norm w/0.5,No regr out,Inliers,ProtBERT,low,100,GPR,90/10,0.42379508963424695,0.04575955794106583
Rg norm w/0.418,No regr out,All,ProtBERT,low,100,Linear,80/20,-2.1878181731784068,0.6014016998306816
Rg norm w/0.418,No regr out,All,ProtBERT,low,100,Ridge,80/20,0.5420046179344055,0.2279546363689063
Rg norm w/0.418,No regr out,All,ProtBERT,low,100,Lasso,80/20,-0.012948999481558365,0.3390093451200575
Rg norm w/0.418,No regr out,All,ProtBERT,low,100,Kernel Ridge,80/20,0.04550008809316697,0.32908328699306905
Rg norm w/0.418,No regr out,All,ProtBERT,low,100,GPR,80/20,0.8036994225791066,0.14923774176116023
Rg norm w/0.418,No regr out,All,ProtBERT,low,100,Linear,85/15,-1.371541258372511,0.5080593239538227
Rg norm w/0.418,No regr out,All,ProtBERT,low,100,Ridge,85/15,0.4728768416557968,0.239527362309614
Rg norm w/0.418,No regr out,All,ProtBERT,low,100,Lasso,85/15,0.10267255435428357,0.3125176567564152
Rg norm w/0.418,No regr out,All,ProtBERT,low,100,Kernel Ridge,85/15,0.0693341266338332,0.3182702008567116
Rg norm w/0.418,No regr out,All,ProtBERT,low,100,GPR,85/15,0.7903089815403617,0.15107374606094764
Rg norm w/0.418,No regr out,All,ProtBERT,low,100,Linear,90/10,-1.9888178762670585,0.6846785625376594
Rg norm w/0.418,No regr out,All,ProtBERT,low,100,Ridge,90/10,0.5346077650507273,0.2701758774333809
Rg norm w/0.418,No regr out,All,ProtBERT,low,100,Lasso,90/10,0.07738233698293817,0.38040646267840256
Rg norm w/0.418,No regr out,All,ProtBERT,low,100,Kernel Ridge,90/10,0.05918325581674866,0.38413999221412215
Rg norm w/0.418,No regr out,All,ProtBERT,low,100,GPR,90/10,0.8187483540579844,0.16860792499610747
Rg norm w/0.418,No regr out,Inliers,ProtBERT,low,100,Linear,80/20,-1.192473684997092,0.14969351361031197
Rg norm w/0.418,No regr out,Inliers,ProtBERT,low,100,Ridge,80/20,0.2452616585749957,0.087828202412407
Rg norm w/0.418,No regr out,Inliers,ProtBERT,low,100,Lasso,80/20,0.17093443438471645,0.09205136360310216
Rg norm w/0.418,No regr out,Inliers,ProtBERT,low,100,Kernel Ridge,80/20,0.306491670630508,0.08419021688123217
Rg norm w/0.418,No regr out,Inliers,ProtBERT,low,100,GPR,80/20,0.32268430905505463,0.0832015382895275
Rg norm w/0.418,No regr out,Inliers,ProtBERT,low,100,Linear,85/15,0.2270344204472895,0.0875041532125442
Rg norm w/0.418,No regr out,Inliers,ProtBERT,low,100,Ridge,85/15,0.26342368845982456,0.08541958611204332
Rg norm w/0.418,No regr out,Inliers,ProtBERT,low,100,Lasso,85/15,0.13328713338837483,0.09265870172275543
Rg norm w/0.418,No regr out,Inliers,ProtBERT,low,100,Kernel Ridge,85/15,0.3850918608425917,0.07804654992855407
Rg norm w/0.418,No regr out,Inliers,ProtBERT,low,100,GPR,85/15,0.5177749873204229,0.06911518192524728
Rg norm w/0.418,No regr out,Inliers,ProtBERT,low,100,Linear,90/10,-0.021248209136757845,0.08820921795634355
Rg norm w/0.418,No regr out,Inliers,ProtBERT,low,100,Ridge,90/10,0.11365521055710937,0.08217688327362217
Rg norm w/0.418,No regr out,Inliers,ProtBERT,low,100,Lasso,90/10,-0.0498927033299319,0.08943773175412094
Rg norm w/0.418,No regr out,Inliers,ProtBERT,low,100,Kernel Ridge,90/10,0.2644628772251013,0.07486013673716004
Rg norm w/0.418,No regr out,Inliers,ProtBERT,low,100,GPR,90/10,0.3433265682299228,0.07073315673571634
Rg w/no norm,pH regr out,All,ProtBERT,low,100,Linear,80/20,-2.0241723673421967,7.363707396870728
Rg w/no norm,pH regr out,All,ProtBERT,low,100,Ridge,80/20,0.5311290906938748,2.8994785269378442
Rg w/no norm,pH regr out,All,ProtBERT,low,100,Lasso,80/20,0.16693881342610384,3.864841634551341
Rg w/no norm,pH regr out,All,ProtBERT,low,100,Kernel Ridge,80/20,0.7294519897860088,2.2024975034499628
Rg w/no norm,pH regr out,All,ProtBERT,low,100,GPR,80/20,0.8592069354308388,1.5888536052263162
Rg w/no norm,pH regr out,All,ProtBERT,low,100,Linear,85/15,-1.274347578206792,6.191086301522468
Rg w/no norm,pH regr out,All,ProtBERT,low,100,Ridge,85/15,0.4581423483380609,3.021906653431648
Rg w/no norm,pH regr out,All,ProtBERT,low,100,Lasso,85/15,0.1622479570727926,3.757475758600407
Rg w/no norm,pH regr out,All,ProtBERT,low,100,Kernel Ridge,85/15,0.876281282984986,1.4439632606726052
Rg w/no norm,pH regr out,All,ProtBERT,low,100,GPR,85/15,0.863603769277788,1.5161411110647733
Rg w/no norm,pH regr out,All,ProtBERT,low,100,Linear,90/10,-2.0050564772143984,8.4724425978805
Rg w/no norm,pH regr out,All,ProtBERT,low,100,Ridge,90/10,0.5215177059259807,3.3807670863723347
Rg w/no norm,pH regr out,All,ProtBERT,low,100,Lasso,90/10,0.14688376067272058,4.51425845677345
Rg w/no norm,pH regr out,All,ProtBERT,low,100,Kernel Ridge,90/10,0.8895729102817634,1.6241275342129262
Rg w/no norm,pH regr out,All,ProtBERT,low,100,GPR,90/10,0.8761099530789246,1.7202854832606969
Rg w/no norm,pH regr out,Inliers,ProtBERT,low,100,Linear,80/20,-0.02961714153956696,1.4461023960845356
Rg w/no norm,pH regr out,Inliers,ProtBERT,low,100,Ridge,80/20,0.550057875023316,0.9559594948720105
Rg w/no norm,pH regr out,Inliers,ProtBERT,low,100,Lasso,80/20,0.46339518673563085,1.0439710258586188
Rg w/no norm,pH regr out,Inliers,ProtBERT,low,100,Kernel Ridge,80/20,0.5963678184292417,0.9054282823368458
Rg w/no norm,pH regr out,Inliers,ProtBERT,low,100,GPR,80/20,0.5883160968010892,0.9144145056495445
Rg w/no norm,pH regr out,Inliers,ProtBERT,low,100,Linear,85/15,0.5216848262230409,0.7375853435645966
Rg w/no norm,pH regr out,Inliers,ProtBERT,low,100,Ridge,85/15,0.49105650515278265,0.7608341243476769
Rg w/no norm,pH regr out,Inliers,ProtBERT,low,100,Lasso,85/15,0.2899469532961979,0.8986707299167587
Rg w/no norm,pH regr out,Inliers,ProtBERT,low,100,Kernel Ridge,85/15,0.5650927437778015,0.7033209045950495
Rg w/no norm,pH regr out,Inliers,ProtBERT,low,100,GPR,85/15,0.7140249960917315,0.5703208335509162
Rg w/no norm,pH regr out,Inliers,ProtBERT,low,100,Linear,90/10,0.6593601963942411,0.6657865151491934
Rg w/no norm,pH regr out,Inliers,ProtBERT,low,100,Ridge,90/10,0.5532255551116265,0.7624852727569725
Rg w/no norm,pH regr out,Inliers,ProtBERT,low,100,Lasso,90/10,0.31692017439607245,0.9428074970086897
Rg w/no norm,pH regr out,Inliers,ProtBERT,low,100,Kernel Ridge,90/10,0.6302376238406102,0.6936632036606093
Rg w/no norm,pH regr out,Inliers,ProtBERT,low,100,GPR,90/10,0.7218553604837341,0.6016205261020122
Rg norm w/0.427,pH regr out,All,ProtBERT,low,100,Linear,80/20,-2.1729562984342348,0.8638024326099514
Rg norm w/0.427,pH regr out,All,ProtBERT,low,100,Ridge,80/20,0.5381275995008016,0.3295667454198625
Rg norm w/0.427,pH regr out,All,ProtBERT,low,100,Lasso,80/20,-0.010106864476395527,0.48737813161272325
Rg norm w/0.427,pH regr out,All,ProtBERT,low,100,Kernel Ridge,80/20,0.9168374281281615,0.13984480361011667
Rg norm w/0.427,pH regr out,All,ProtBERT,low,100,GPR,80/20,0.9211747165513072,0.13614921700086002
Rg norm w/0.427,pH regr out,All,ProtBERT,low,100,Linear,85/15,-1.3706502949461314,0.7302372671037612
Rg norm w/0.427,pH regr out,All,ProtBERT,low,100,Ridge,85/15,0.46773912548168295,0.3460130810633953
Rg norm w/0.427,pH regr out,All,ProtBERT,low,100,Lasso,85/15,-0.0036188746975558406,0.47513241050418464
Rg norm w/0.427,pH regr out,All,ProtBERT,low,100,Kernel Ridge,85/15,0.8982325035154541,0.15129855891636407
Rg norm w/0.427,pH regr out,All,ProtBERT,low,100,GPR,85/15,0.9163080109203467,0.13720571171321874
Rg norm w/0.427,pH regr out,All,ProtBERT,low,100,Linear,90/10,-2.0025068523260052,0.9863776777208336
Rg norm w/0.427,pH regr out,All,ProtBERT,low,100,Ridge,90/10,0.5303955073493913,0.39009227792019396
Rg norm w/0.427,pH regr out,All,ProtBERT,low,100,Lasso,90/10,0.15054678456503812,0.5246515546087323
Rg norm w/0.427,pH regr out,All,ProtBERT,low,100,Kernel Ridge,90/10,0.9028280308030912,0.17744825530929714
Rg norm w/0.427,pH regr out,All,ProtBERT,low,100,GPR,90/10,0.9207133625817236,0.16028808177258452
Rg norm w/0.427,pH regr out,Inliers,ProtBERT,low,100,Linear,80/20,-1.1875230621240962,0.1429020178396172
Rg norm w/0.427,pH regr out,Inliers,ProtBERT,low,100,Ridge,80/20,0.24884380196249467,0.08373888399538215
Rg norm w/0.427,pH regr out,Inliers,ProtBERT,low,100,Lasso,80/20,0.17738861268293404,0.08763132930185903
Rg norm w/0.427,pH regr out,Inliers,ProtBERT,low,100,Kernel Ridge,80/20,0.3745980114982881,0.07640849929790751
Rg norm w/0.427,pH regr out,Inliers,ProtBERT,low,100,GPR,80/20,0.33960028360309835,0.0785173222734267
Rg norm w/0.427,pH regr out,Inliers,ProtBERT,low,100,Linear,85/15,0.23920232509573358,0.08372591774359163
Rg norm w/0.427,pH regr out,Inliers,ProtBERT,low,100,Ridge,85/15,0.27523476781929324,0.08171918075196112
Rg norm w/0.427,pH regr out,Inliers,ProtBERT,low,100,Lasso,85/15,0.1459710806398209,0.08870776083315166
Rg norm w/0.427,pH regr out,Inliers,ProtBERT,low,100,Kernel Ridge,85/15,0.3795420971236473,0.0756103918222983
Rg norm w/0.427,pH regr out,Inliers,ProtBERT,low,100,GPR,85/15,0.4860622127808347,0.06881460217029654
Rg norm w/0.427,pH regr out,Inliers,ProtBERT,low,100,Linear,90/10,-0.024022284528643967,0.08449726096833585
Rg norm w/0.427,pH regr out,Inliers,ProtBERT,low,100,Ridge,90/10,0.1173945619784299,0.07844607645080129
Rg norm w/0.427,pH regr out,Inliers,ProtBERT,low,100,Lasso,90/10,-0.046017248081738016,0.08539989766472086
Rg norm w/0.427,pH regr out,Inliers,ProtBERT,low,100,Kernel Ridge,90/10,0.5362889841852214,0.05686062563218563
Rg norm w/0.427,pH regr out,Inliers,ProtBERT,low,100,GPR,90/10,0.535287248598154,0.05692200931914984
Rg norm w/0.5,pH regr out,All,ProtBERT,low,100,Linear,80/20,-2.187856898406799,0.6013837800631878
Rg norm w/0.5,pH regr out,All,ProtBERT,low,100,Ridge,80/20,0.5419840311928891,0.2279515825528123
Rg norm w/0.5,pH regr out,All,ProtBERT,low,100,Lasso,80/20,-0.01295257409691386,0.33899778287501037
Rg norm w/0.5,pH regr out,All,ProtBERT,low,100,Kernel Ridge,80/20,0.914198615479313,0.09866189428119375
Rg norm w/0.5,pH regr out,All,ProtBERT,low,100,GPR,80/20,0.9194627984700101,0.09558738243710432
Rg norm w/0.5,pH regr out,All,ProtBERT,low,100,Linear,85/15,-1.371883417658466,0.5080798052695945
Rg norm w/0.5,pH regr out,All,ProtBERT,low,100,Ridge,85/15,0.4728458831428344,0.23952677386873675
Rg norm w/0.5,pH regr out,All,ProtBERT,low,100,Lasso,85/15,0.10263467727697517,0.3125143077388694
Rg norm w/0.5,pH regr out,All,ProtBERT,low,100,Kernel Ridge,85/15,0.8936631067630161,0.10757893676597824
Rg norm w/0.5,pH regr out,All,ProtBERT,low,100,GPR,85/15,0.9129670456358007,0.09732560831555857
Rg norm w/0.5,pH regr out,All,ProtBERT,low,100,Linear,90/10,-1.9891583360721374,0.6846940851063658
Rg norm w/0.5,pH regr out,All,ProtBERT,low,100,Ridge,90/10,0.5345723976131269,0.2701768810633646
Rg norm w/0.5,pH regr out,All,ProtBERT,low,100,Lasso,90/10,0.07734141894528934,0.3804018571982432
Rg norm w/0.5,pH regr out,All,ProtBERT,low,100,Kernel Ridge,90/10,0.8987763199539258,0.12599786237604
Rg norm w/0.5,pH regr out,All,ProtBERT,low,100,GPR,90/10,0.9179753715591746,0.1134212036694058
Rg norm w/0.5,pH regr out,Inliers,ProtBERT,low,100,Linear,80/20,-1.0192237425997255,0.09858102902980924
Rg norm w/0.5,pH regr out,Inliers,ProtBERT,low,100,Ridge,80/20,0.31591414729701806,0.05737945641562116
Rg norm w/0.5,pH regr out,Inliers,ProtBERT,low,100,Lasso,80/20,0.2303346364572545,0.0608628235874378
Rg norm w/0.5,pH regr out,Inliers,ProtBERT,low,100,Kernel Ridge,80/20,0.42175821529986857,0.05275405657612893
Rg norm w/0.5,pH regr out,Inliers,ProtBERT,low,100,GPR,80/20,0.3785405582953243,0.05468994925266933
Rg norm w/0.5,pH regr out,Inliers,ProtBERT,low,100,Linear,85/15,0.3529067440548094,0.058828790978974616
Rg norm w/0.5,pH regr out,Inliers,ProtBERT,low,100,Ridge,85/15,0.3833692668896539,0.057427388786668004
Rg norm w/0.5,pH regr out,Inliers,ProtBERT,low,100,Lasso,85/15,0.23587751878985097,0.06392753738631453
Rg norm w/0.5,pH regr out,Inliers,ProtBERT,low,100,Kernel Ridge,85/15,0.4288548863128694,0.055268759764224254
Rg norm w/0.5,pH regr out,Inliers,ProtBERT,low,100,GPR,85/15,0.5130750262799442,0.051031403295503555
Rg norm w/0.5,pH regr out,Inliers,ProtBERT,low,100,Linear,90/10,0.017725320943858813,0.05974662495449002
Rg norm w/0.5,pH regr out,Inliers,ProtBERT,low,100,Ridge,90/10,0.19651672717051993,0.05403626499077866
Rg norm w/0.5,pH regr out,Inliers,ProtBERT,low,100,Lasso,90/10,0.04457386403428576,0.05892443968578627
Rg norm w/0.5,pH regr out,Inliers,ProtBERT,low,100,Kernel Ridge,90/10,0.5690347824144533,0.039574734783186724
Rg norm w/0.5,pH regr out,Inliers,ProtBERT,low,100,GPR,90/10,0.5625867205379643,0.03986969236507037
Rg norm w/0.418,pH regr out,All,ProtBERT,low,100,Linear,80/20,-2.170730490898212,0.9034828502057796
Rg norm w/0.418,pH regr out,All,ProtBERT,low,100,Ridge,80/20,0.5377281355923961,0.34497607725970614
Rg norm w/0.418,pH regr out,All,ProtBERT,low,100,Lasso,80/20,-0.00977050554824288,0.5098607604359422
Rg norm w/0.418,pH regr out,All,ProtBERT,low,100,Kernel Ridge,80/20,0.9169323447656729,0.14623664830888852
Rg norm w/0.418,pH regr out,All,ProtBERT,low,100,GPR,80/20,0.921171282913745,0.14245656825076622
Rg norm w/0.418,pH regr out,All,ProtBERT,low,100,Linear,85/15,-1.370035092234522,0.7638209333203746
Rg norm w/0.418,pH regr out,All,ProtBERT,low,100,Ridge,85/15,0.46721070130617215,0.3621528563402741
Rg norm w/0.418,pH regr out,All,ProtBERT,low,100,Lasso,85/15,-0.0033725433745375177,0.4969872813046616
Rg norm w/0.418,pH regr out,All,ProtBERT,low,100,Kernel Ridge,85/15,0.8985320165704912,0.15804424382788476
Rg norm w/0.418,pH regr out,All,ProtBERT,low,100,GPR,85/15,0.9164886371201216,0.14337946445677027
Rg norm w/0.418,pH regr out,All,ProtBERT,low,100,Linear,90/10,-2.003723410305115,1.0320371809797413
Rg norm w/0.418,pH regr out,All,ProtBERT,low,100,Ridge,90/10,0.529960801240555,0.40825584643565294
Rg norm w/0.418,pH regr out,All,ProtBERT,low,100,Lasso,90/10,0.16188505347048365,0.5451514442594209
Rg norm w/0.418,pH regr out,All,ProtBERT,low,100,Kernel Ridge,90/10,0.90310006482319,0.18536473617352525
Rg norm w/0.418,pH regr out,All,ProtBERT,low,100,GPR,90/10,0.9208543499757549,0.16752471944344563
Rg norm w/0.418,pH regr out,Inliers,ProtBERT,low,100,Linear,80/20,-1.1925726458789256,0.14969304149028143
Rg norm w/0.418,pH regr out,Inliers,ProtBERT,low,100,Ridge,80/20,0.24524659020840045,0.08782682006772254
Rg norm w/0.418,pH regr out,Inliers,ProtBERT,low,100,Lasso,80/20,0.17085058166123734,0.09205365077114452
Rg norm w/0.418,pH regr out,Inliers,ProtBERT,low,100,Kernel Ridge,80/20,0.372028579332615,0.0801114433391805
Rg norm w/0.418,pH regr out,Inliers,ProtBERT,low,100,GPR,80/20,0.3386437957186619,0.08221334767820167
Rg norm w/0.418,pH regr out,Inliers,ProtBERT,low,100,Linear,85/15,0.2270729100486637,0.08749912728149936
Rg norm w/0.418,pH regr out,Inliers,ProtBERT,low,100,Ridge,85/15,0.2633995499702977,0.08541820618464106
Rg norm w/0.418,pH regr out,Inliers,ProtBERT,low,100,Lasso,85/15,0.1332037254284636,0.09266014488764712
Rg norm w/0.418,pH regr out,Inliers,ProtBERT,low,100,Kernel Ridge,85/15,0.37517930158716006,0.07867054537710884
Rg norm w/0.418,pH regr out,Inliers,ProtBERT,low,100,GPR,85/15,0.48601227637968203,0.07135276874927446
Rg norm w/0.418,pH regr out,Inliers,ProtBERT,low,100,Linear,90/10,-0.0212606654912606,0.08820960537411948
Rg norm w/0.418,pH regr out,Inliers,ProtBERT,low,100,Ridge,90/10,0.11362906788487015,0.08217795492565988
Rg norm w/0.418,pH regr out,Inliers,ProtBERT,low,100,Lasso,90/10,-0.05002402511012827,0.08944317242828169
Rg norm w/0.418,pH regr out,Inliers,ProtBERT,low,100,Kernel Ridge,90/10,0.5353570087648525,0.05949867192241001
Rg norm w/0.418,pH regr out,Inliers,ProtBERT,low,100,GPR,90/10,0.5346330099491869,0.0595450087890244
Rg w/no norm,buffer regr out,All,ProtBERT,low,100,Linear,80/20,-1.53451580150683,6.923595470336838
Rg w/no norm,buffer regr out,All,ProtBERT,low,100,Ridge,80/20,0.4977390391089128,3.082115397553299
Rg w/no norm,buffer regr out,All,ProtBERT,low,100,Lasso,80/20,0.12046600454970491,4.07859421296934
Rg w/no norm,buffer regr out,All,ProtBERT,low,100,Kernel Ridge,80/20,0.8659688543760997,1.5921612446027127
Rg w/no norm,buffer regr out,All,ProtBERT,low,100,GPR,80/20,0.8727729731819086,1.5512217042625513
Rg w/no norm,buffer regr out,All,ProtBERT,low,100,Linear,85/15,-1.2160198829674282,6.440794069291376
Rg w/no norm,buffer regr out,All,ProtBERT,low,100,Ridge,85/15,0.41990585177075523,3.2953521375182477
Rg w/no norm,buffer regr out,All,ProtBERT,low,100,Lasso,85/15,0.12464955620161444,4.04802853752686
Rg w/no norm,buffer regr out,All,ProtBERT,low,100,Kernel Ridge,85/15,0.8417385451929167,1.721234982714584
Rg w/no norm,buffer regr out,All,ProtBERT,low,100,GPR,85/15,0.8595495669384475,1.6214894550273968
Rg w/no norm,buffer regr out,All,ProtBERT,low,100,Linear,90/10,-1.7383244251793606,8.531655660681267
Rg w/no norm,buffer regr out,All,ProtBERT,low,100,Ridge,90/10,0.4889713139332522,3.685645057191018
Rg w/no norm,buffer regr out,All,ProtBERT,low,100,Lasso,90/10,0.10926841415567734,4.865912502051468
Rg w/no norm,buffer regr out,All,ProtBERT,low,100,Kernel Ridge,90/10,0.8646979074857715,1.8964575475900387
Rg w/no norm,buffer regr out,All,ProtBERT,low,100,GPR,90/10,0.883159137030881,1.7623341087672661
Rg w/no norm,buffer regr out,Inliers,ProtBERT,low,100,Linear,80/20,-1.4747779012727529,2.196966967865441
Rg w/no norm,buffer regr out,Inliers,ProtBERT,low,100,Ridge,80/20,0.2976181962259482,1.1704208198416248
Rg w/no norm,buffer regr out,Inliers,ProtBERT,low,100,Lasso,80/20,0.2580579538104858,1.202930133900241
Rg w/no norm,buffer regr out,Inliers,ProtBERT,low,100,Kernel Ridge,80/20,0.31438272775648946,1.1563685924738691
Rg w/no norm,buffer regr out,Inliers,ProtBERT,low,100,GPR,80/20,0.2100508251392762,1.2412377844606652
Rg w/no norm,buffer regr out,Inliers,ProtBERT,low,100,Linear,85/15,0.4701119241111731,0.8917785640477416
Rg w/no norm,buffer regr out,Inliers,ProtBERT,low,100,Ridge,85/15,0.403508863406582,0.9461651614115315
Rg w/no norm,buffer regr out,Inliers,ProtBERT,low,100,Lasso,85/15,0.1855249207596018,1.1056148310808085
Rg w/no norm,buffer regr out,Inliers,ProtBERT,low,100,Kernel Ridge,85/15,0.48226518402400365,0.8814925394159393
Rg w/no norm,buffer regr out,Inliers,ProtBERT,low,100,GPR,85/15,0.2725411338001047,1.044886639858787
Rg w/no norm,buffer regr out,Inliers,ProtBERT,low,100,Linear,90/10,0.5276524088661321,0.9493442216155672
Rg w/no norm,buffer regr out,Inliers,ProtBERT,low,100,Ridge,90/10,0.4301199278335276,1.0427605541268046
Rg w/no norm,buffer regr out,Inliers,ProtBERT,low,100,Lasso,90/10,0.17167372517495028,1.2571687517900747
Rg w/no norm,buffer regr out,Inliers,ProtBERT,low,100,Kernel Ridge,90/10,0.5178756170994963,0.9591188067165437
Rg w/no norm,buffer regr out,Inliers,ProtBERT,low,100,GPR,90/10,0.5875359281134338,0.8871272531998315
Rg norm w/0.427,buffer regr out,All,ProtBERT,low,100,Linear,80/20,-1.8643997309306823,0.8282418701066424
Rg norm w/0.427,buffer regr out,All,ProtBERT,low,100,Ridge,80/20,0.5235575159674843,0.3377890830814147
Rg norm w/0.427,buffer regr out,All,ProtBERT,low,100,Lasso,80/20,-0.002850052792611857,0.49007028511206563
Rg norm w/0.427,buffer regr out,All,ProtBERT,low,100,Kernel Ridge,80/20,0.8026651204794433,0.21739136871627154
Rg norm w/0.427,buffer regr out,All,ProtBERT,low,100,GPR,80/20,0.9099328660710624,0.1468667691043447
Rg norm w/0.427,buffer regr out,All,ProtBERT,low,100,Linear,85/15,-1.4822917737323267,0.7604458837614134
Rg norm w/0.427,buffer regr out,All,ProtBERT,low,100,Ridge,85/15,0.4490161315428586,0.3582707405025622
Rg norm w/0.427,buffer regr out,All,ProtBERT,low,100,Lasso,85/15,0.016653467872773997,0.47862479647502965
Rg norm w/0.427,buffer regr out,All,ProtBERT,low,100,Kernel Ridge,85/15,0.8813279572525419,0.1662708467458187
Rg norm w/0.427,buffer regr out,All,ProtBERT,low,100,GPR,85/15,0.8979481149498516,0.154188653203075
Rg norm w/0.427,buffer regr out,All,ProtBERT,low,100,Linear,90/10,-1.92493513784988,0.991910996891557
Rg norm w/0.427,buffer regr out,All,ProtBERT,low,100,Ridge,90/10,0.5179637510249153,0.4026747839758615
Rg norm w/0.427,buffer regr out,All,ProtBERT,low,100,Lasso,90/10,0.0032546100091677133,0.5790375165090955
Rg norm w/0.427,buffer regr out,All,ProtBERT,low,100,Kernel Ridge,90/10,0.8949347043669159,0.18799410392700333
Rg norm w/0.427,buffer regr out,All,ProtBERT,low,100,GPR,90/10,0.9120863053020427,0.17196610368697382
Rg norm w/0.427,buffer regr out,Inliers,ProtBERT,low,100,Linear,80/20,-2.137948100611992,0.19276226187968729
Rg norm w/0.427,buffer regr out,Inliers,ProtBERT,low,100,Ridge,80/20,0.16809692287639544,0.09925113933015703
Rg norm w/0.427,buffer regr out,Inliers,ProtBERT,low,100,Lasso,80/20,0.12951611387465,0.10152652077665963
Rg norm w/0.427,buffer regr out,Inliers,ProtBERT,low,100,Kernel Ridge,80/20,0.27322588787894553,0.09276814235384516
Rg norm w/0.427,buffer regr out,Inliers,ProtBERT,low,100,GPR,80/20,0.09599706390955087,0.10346275914569385
Rg norm w/0.427,buffer regr out,Inliers,ProtBERT,low,100,Linear,85/15,0.43007496109929244,0.08098100030902566
Rg norm w/0.427,buffer regr out,Inliers,ProtBERT,low,100,Ridge,85/15,0.2920707379522145,0.09025456977003359
Rg norm w/0.427,buffer regr out,Inliers,ProtBERT,low,100,Lasso,85/15,0.11708442856425028,0.10079380874337217
Rg norm w/0.427,buffer regr out,Inliers,ProtBERT,low,100,Kernel Ridge,85/15,0.3919474950373022,0.08364592905777149
Rg norm w/0.427,buffer regr out,Inliers,ProtBERT,low,100,GPR,85/15,0.3623179702529358,0.085659662218545
Rg norm w/0.427,buffer regr out,Inliers,ProtBERT,low,100,Linear,90/10,0.2506965424422598,0.08709120831849061
Rg norm w/0.427,buffer regr out,Inliers,ProtBERT,low,100,Ridge,90/10,0.11562091359891868,0.09461602090035726
Rg norm w/0.427,buffer regr out,Inliers,ProtBERT,low,100,Lasso,90/10,-0.013394635470568073,0.10128257825929889
Rg norm w/0.427,buffer regr out,Inliers,ProtBERT,low,100,Kernel Ridge,90/10,0.37395784803492294,0.0796062627263814
Rg norm w/0.427,buffer regr out,Inliers,ProtBERT,low,100,GPR,90/10,0.46015795126822745,0.07392286704132607
Rg norm w/0.5,buffer regr out,All,ProtBERT,low,100,Linear,80/20,-1.9188200438999563,0.5787065341627783
Rg norm w/0.5,buffer regr out,All,ProtBERT,low,100,Ridge,80/20,0.5286157970008238,0.2325638659726622
Rg norm w/0.5,buffer regr out,All,ProtBERT,low,100,Lasso,80/20,-0.004102188485042069,0.339424887593166
Rg norm w/0.5,buffer regr out,All,ProtBERT,low,100,Kernel Ridge,80/20,0.7997692552298524,0.1515723930581619
Rg norm w/0.5,buffer regr out,All,ProtBERT,low,100,GPR,80/20,0.9079364605614902,0.1027776207635167
Rg norm w/0.5,buffer regr out,All,ProtBERT,low,100,Linear,85/15,-1.5258434975670045,0.5301780770344402
Rg norm w/0.5,buffer regr out,All,ProtBERT,low,100,Ridge,85/15,0.4560042453047578,0.24604599593794477
Rg norm w/0.5,buffer regr out,All,ProtBERT,low,100,Lasso,85/15,0.10195903427186981,0.31613066197593587
Rg norm w/0.5,buffer regr out,All,ProtBERT,low,100,Kernel Ridge,85/15,0.8770126637242535,0.11699000090743547
Rg norm w/0.5,buffer regr out,All,ProtBERT,low,100,GPR,85/15,0.8945887714793349,0.10830836105788583
Rg norm w/0.5,buffer regr out,All,ProtBERT,low,100,Linear,90/10,-1.9522394064835509,0.6889043267561287
Rg norm w/0.5,buffer regr out,All,ProtBERT,low,100,Ridge,90/10,0.5242058086069223,0.2765621188448286
Rg norm w/0.5,buffer regr out,All,ProtBERT,low,100,Lasso,90/10,-0.009192556303704302,0.40278208456523795
Rg norm w/0.5,buffer regr out,All,ProtBERT,low,100,Kernel Ridge,90/10,0.8914974454489689,0.13206967452432666
Rg norm w/0.5,buffer regr out,All,ProtBERT,low,100,GPR,90/10,0.9095772185731738,0.1205652238733382
Rg norm w/0.5,buffer regr out,Inliers,ProtBERT,low,100,Linear,80/20,-1.6696576889155823,0.1306129680831931
Rg norm w/0.5,buffer regr out,Inliers,ProtBERT,low,100,Ridge,80/20,0.2751262632405087,0.0680596469324996
Rg norm w/0.5,buffer regr out,Inliers,ProtBERT,low,100,Lasso,80/20,0.24032416597669481,0.06967430815904012
Rg norm w/0.5,buffer regr out,Inliers,ProtBERT,low,100,Kernel Ridge,80/20,0.3460333880221923,0.06464520208576659
Rg norm w/0.5,buffer regr out,Inliers,ProtBERT,low,100,GPR,80/20,0.10088967303925511,0.0757992663715767
Rg norm w/0.5,buffer regr out,Inliers,ProtBERT,low,100,Linear,85/15,0.49021740664868885,0.05676322015204059
Rg norm w/0.5,buffer regr out,Inliers,ProtBERT,low,100,Ridge,85/15,0.36823228999039204,0.06319071017052563
Rg norm w/0.5,buffer regr out,Inliers,ProtBERT,low,100,Lasso,85/15,0.153648327476136,0.07313915728474615
Rg norm w/0.5,buffer regr out,Inliers,ProtBERT,low,100,Kernel Ridge,85/15,0.43021242333988263,0.060011020432523016
Rg norm w/0.5,buffer regr out,Inliers,ProtBERT,low,100,GPR,85/15,0.3473107772011773,0.06422849481531112
Rg norm w/0.5,buffer regr out,Inliers,ProtBERT,low,100,Linear,90/10,0.25282541243804324,0.06052730767327147
Rg norm w/0.5,buffer regr out,Inliers,ProtBERT,low,100,Ridge,90/10,0.15096632871228166,0.06452124919152726
Rg norm w/0.5,buffer regr out,Inliers,ProtBERT,low,100,Lasso,90/10,0.026823392181635985,0.0690774251254382
Rg norm w/0.5,buffer regr out,Inliers,ProtBERT,low,100,Kernel Ridge,90/10,0.40926436902113417,0.05381915732290465
Rg norm w/0.5,buffer regr out,Inliers,ProtBERT,low,100,GPR,90/10,0.5026965638142709,0.049379994835749036
Rg norm w/0.418,buffer regr out,All,ProtBERT,low,100,Linear,80/20,-1.8575875519047997,0.8659146081351233
Rg norm w/0.418,buffer regr out,All,ProtBERT,low,100,Ridge,80/20,0.5229576525426861,0.3537966858379338
Rg norm w/0.418,buffer regr out,All,ProtBERT,low,100,Lasso,80/20,-0.0027055619824478683,0.5129346121073015
Rg norm w/0.418,buffer regr out,All,ProtBERT,low,100,Kernel Ridge,80/20,0.8028120418603227,0.22746547521078866
Rg norm w/0.418,buffer regr out,All,ProtBERT,low,100,GPR,80/20,0.9099663538090175,0.15370136093958334
Rg norm w/0.418,buffer regr out,All,ProtBERT,low,100,Linear,85/15,-1.4767785561242528,0.7952499209977871
Rg norm w/0.418,buffer regr out,All,ProtBERT,low,100,Ridge,85/15,0.44821645004887645,0.37535691378493996
Rg norm w/0.418,buffer regr out,All,ProtBERT,low,100,Lasso,85/15,0.02002932212187547,0.5002263739674593
Rg norm w/0.418,buffer regr out,All,ProtBERT,low,100,Kernel Ridge,85/15,0.8815761146064719,0.17389203827834265
Rg norm w/0.418,buffer regr out,All,ProtBERT,low,100,GPR,85/15,0.8981067908316316,0.16129936792625743
Rg norm w/0.418,buffer regr out,All,ProtBERT,low,100,Linear,90/10,-1.9213782769057106,1.0377756449627726
Rg norm w/0.418,buffer regr out,All,ProtBERT,low,100,Ridge,90/10,0.5172381495188676,0.4218674794064455
Rg norm w/0.418,buffer regr out,All,ProtBERT,low,100,Lasso,90/10,0.0071016915570084604,0.6050091764688391
Rg norm w/0.418,buffer regr out,All,ProtBERT,low,100,Kernel Ridge,90/10,0.8951258461079385,0.19662729807826826
Rg norm w/0.418,buffer regr out,All,ProtBERT,low,100,GPR,90/10,0.9121863560152397,0.1799246125427775
Rg norm w/0.418,buffer regr out,Inliers,ProtBERT,low,100,Linear,80/20,-2.1856218732041195,0.20242730339141796
Rg norm w/0.418,buffer regr out,Inliers,ProtBERT,low,100,Ridge,80/20,0.15715096692145003,0.10412304827194474
Rg norm w/0.418,buffer regr out,Inliers,ProtBERT,low,100,Lasso,80/20,0.12099158795846865,0.10633310433660015
Rg norm w/0.418,buffer regr out,Inliers,ProtBERT,low,100,Kernel Ridge,80/20,0.26553277779963713,0.09719819205353737
Rg norm w/0.418,buffer regr out,Inliers,ProtBERT,low,100,GPR,80/20,0.09621624508117355,0.10782122031351522
Rg norm w/0.418,buffer regr out,Inliers,ProtBERT,low,100,Linear,85/15,0.42315570821569537,0.0847684549526541
Rg norm w/0.418,buffer regr out,Inliers,ProtBERT,low,100,Ridge,85/15,0.28401769049930403,0.09444002942777713
Rg norm w/0.418,buffer regr out,Inliers,ProtBERT,low,100,Lasso,85/15,0.11562395369351375,0.10495991088523221
Rg norm w/0.418,buffer regr out,Inliers,ProtBERT,low,100,Kernel Ridge,85/15,0.38807539013214765,0.08730797745124115
Rg norm w/0.418,buffer regr out,Inliers,ProtBERT,low,100,GPR,85/15,0.36395261475347973,0.08901223454015376
Rg norm w/0.418,buffer regr out,Inliers,ProtBERT,low,100,Linear,90/10,0.25348119068858244,0.09121781701328076
Rg norm w/0.418,buffer regr out,Inliers,ProtBERT,low,100,Ridge,90/10,0.115529148682737,0.09928898241323321
Rg norm w/0.418,buffer regr out,Inliers,ProtBERT,low,100,Lasso,90/10,-0.017517420280783957,0.10649524670152741
Rg norm w/0.418,buffer regr out,Inliers,ProtBERT,low,100,Kernel Ridge,90/10,0.3721323050548786,0.08365528179489472
Rg norm w/0.418,buffer regr out,Inliers,ProtBERT,low,100,GPR,90/10,0.45491076725035273,0.07794586824175534
Rg w/no norm,expr pH only regr out,All,ProtBERT,low,100,Linear,80/20,-2.6091893442773135,8.381460438348235
Rg w/no norm,expr pH only regr out,All,ProtBERT,low,100,Ridge,80/20,0.504789958759772,3.1046281235681614
Rg w/no norm,expr pH only regr out,All,ProtBERT,low,100,Lasso,80/20,0.4257888658949813,3.343110032390896
Rg w/no norm,expr pH only regr out,All,ProtBERT,low,100,Kernel Ridge,80/20,0.6556718075972459,2.5888158417748395
Rg w/no norm,expr pH only regr out,All,ProtBERT,low,100,GPR,80/20,0.6888422698459151,2.4609634493682515
Rg w/no norm,expr pH only regr out,All,ProtBERT,low,100,Linear,85/15,-1.200538243093376,6.4838017254126
Rg w/no norm,expr pH only regr out,All,ProtBERT,low,100,Ridge,85/15,0.45868215507943644,3.215817819949585
Rg w/no norm,expr pH only regr out,All,ProtBERT,low,100,Lasso,85/15,0.38466244971379693,3.4286406868153914
Rg w/no norm,expr pH only regr out,All,ProtBERT,low,100,Kernel Ridge,85/15,0.6791479054314493,2.475812234764267
Rg w/no norm,expr pH only regr out,All,ProtBERT,low,100,GPR,85/15,0.6893737220418408,2.4360397005791445
Rg w/no norm,expr pH only regr out,All,ProtBERT,low,100,Linear,90/10,-1.6318483048727557,8.095434942575318
Rg w/no norm,expr pH only regr out,All,ProtBERT,low,100,Ridge,90/10,0.4664845843116424,3.6448800994518145
Rg w/no norm,expr pH only regr out,All,ProtBERT,low,100,Lasso,90/10,0.35878767870600237,3.9958639186300555
Rg w/no norm,expr pH only regr out,All,ProtBERT,low,100,Kernel Ridge,90/10,0.6971462804983177,2.7461623969254663
Rg w/no norm,expr pH only regr out,All,ProtBERT,low,100,GPR,90/10,0.8258451389902647,2.0824642793463104
Rg w/no norm,expr pH only regr out,Inliers,ProtBERT,low,100,Linear,80/20,-1.9619305870345691,3.8229189043982323
Rg w/no norm,expr pH only regr out,Inliers,ProtBERT,low,100,Ridge,80/20,0.4620934605558119,1.6291499491274168
Rg w/no norm,expr pH only regr out,Inliers,ProtBERT,low,100,Lasso,80/20,0.4920312444641989,1.5831648802869887
Rg w/no norm,expr pH only regr out,Inliers,ProtBERT,low,100,Kernel Ridge,80/20,0.46711721419255814,1.6215244168919867
Rg w/no norm,expr pH only regr out,Inliers,ProtBERT,low,100,GPR,80/20,-0.42116600590494246,2.648073605130942
Rg w/no norm,expr pH only regr out,Inliers,ProtBERT,low,100,Linear,85/15,-0.036210476374708644,2.147933271355674
Rg w/no norm,expr pH only regr out,Inliers,ProtBERT,low,100,Ridge,85/15,0.3803757946133828,1.660966920960694
Rg w/no norm,expr pH only regr out,Inliers,ProtBERT,low,100,Lasso,85/15,0.45852673128203214,1.552691968392742
Rg w/no norm,expr pH only regr out,Inliers,ProtBERT,low,100,Kernel Ridge,85/15,0.40698756452055607,1.6249076980184411
Rg w/no norm,expr pH only regr out,Inliers,ProtBERT,low,100,GPR,85/15,-0.41424554350846043,2.5093382422465624
Rg w/no norm,expr pH only regr out,Inliers,ProtBERT,low,100,Linear,90/10,-0.4015429684311502,2.453785484772292
Rg w/no norm,expr pH only regr out,Inliers,ProtBERT,low,100,Ridge,90/10,0.3872914780066492,1.6224089934739825
Rg w/no norm,expr pH only regr out,Inliers,ProtBERT,low,100,Lasso,90/10,0.3854777130909617,1.6248085797952636
Rg w/no norm,expr pH only regr out,Inliers,ProtBERT,low,100,Kernel Ridge,90/10,0.4121990595586492,1.589090103371497
Rg w/no norm,expr pH only regr out,Inliers,ProtBERT,low,100,GPR,90/10,-0.25457730273210766,2.3215716822727503
Rg norm w/0.427,expr pH only regr out,All,ProtBERT,low,100,Linear,80/20,-2.691450959583855,0.9733756574702646
Rg norm w/0.427,expr pH only regr out,All,ProtBERT,low,100,Ridge,80/20,0.5164411632290944,0.3522950909205065
Rg norm w/0.427,expr pH only regr out,All,ProtBERT,low,100,Lasso,80/20,0.16397769334068657,0.4632237970005245
Rg norm w/0.427,expr pH only regr out,All,ProtBERT,low,100,Kernel Ridge,80/20,0.6667785782310149,0.2924478183966655
Rg norm w/0.427,expr pH only regr out,All,ProtBERT,low,100,GPR,80/20,0.6926409279500134,0.28086973699716516
Rg norm w/0.427,expr pH only regr out,All,ProtBERT,low,100,Linear,85/15,-1.2591114872096885,0.7585518329939406
Rg norm w/0.427,expr pH only regr out,All,ProtBERT,low,100,Ridge,85/15,0.47067659909559356,0.3671782750702984
Rg norm w/0.427,expr pH only regr out,All,ProtBERT,low,100,Lasso,85/15,0.2208078998881574,0.4454907598811968
Rg norm w/0.427,expr pH only regr out,All,ProtBERT,low,100,Kernel Ridge,85/15,0.6355053658082519,0.30469266533566197
Rg norm w/0.427,expr pH only regr out,All,ProtBERT,low,100,GPR,85/15,0.6944189614373715,0.2789842150026907
Rg norm w/0.427,expr pH only regr out,All,ProtBERT,low,100,Linear,90/10,-1.6323402176942414,0.9511405692504453
Rg norm w/0.427,expr pH only regr out,All,ProtBERT,low,100,Ridge,90/10,0.48700754454404727,0.4198838644265689
Rg norm w/0.427,expr pH only regr out,All,ProtBERT,low,100,Lasso,90/10,0.2032046273371797,0.5232956182411591
Rg norm w/0.427,expr pH only regr out,All,ProtBERT,low,100,Kernel Ridge,90/10,0.6538771405658732,0.34489654039546463
Rg norm w/0.427,expr pH only regr out,All,ProtBERT,low,100,GPR,90/10,0.8309859289519674,0.24101003620895525
Rg norm w/0.427,expr pH only regr out,Inliers,ProtBERT,low,100,Linear,80/20,-3.2136148993499996,0.458092928920298
Rg norm w/0.427,expr pH only regr out,Inliers,ProtBERT,low,100,Ridge,80/20,0.3441178593297163,0.18073367116314282
Rg norm w/0.427,expr pH only regr out,Inliers,ProtBERT,low,100,Lasso,80/20,0.42498668670968853,0.16922523178098817
Rg norm w/0.427,expr pH only regr out,Inliers,ProtBERT,low,100,Kernel Ridge,80/20,0.22747785477902027,0.1961469848088708
Rg norm w/0.427,expr pH only regr out,Inliers,ProtBERT,low,100,GPR,80/20,-0.5787201787248721,0.280400476684574
Rg norm w/0.427,expr pH only regr out,Inliers,ProtBERT,low,100,Linear,85/15,-0.0240591526149172,0.23600908556553132
Rg norm w/0.427,expr pH only regr out,Inliers,ProtBERT,low,100,Ridge,85/15,0.32757352128143535,0.19124434572869653
Rg norm w/0.427,expr pH only regr out,Inliers,ProtBERT,low,100,Lasso,85/15,0.4095514069050601,0.1792079395356438
Rg norm w/0.427,expr pH only regr out,Inliers,ProtBERT,low,100,Kernel Ridge,85/15,0.35884464413763917,0.18674450767920425
Rg norm w/0.427,expr pH only regr out,Inliers,ProtBERT,low,100,GPR,85/15,-0.40824216937452484,0.2767609884075306
Rg norm w/0.427,expr pH only regr out,Inliers,ProtBERT,low,100,Linear,90/10,-0.6039187210486967,0.27833900927040517
Rg norm w/0.427,expr pH only regr out,Inliers,ProtBERT,low,100,Ridge,90/10,0.31423014156078777,0.1820002963514751
Rg norm w/0.427,expr pH only regr out,Inliers,ProtBERT,low,100,Lasso,90/10,0.18109952654547912,0.19888336523288613
Rg norm w/0.427,expr pH only regr out,Inliers,ProtBERT,low,100,Kernel Ridge,90/10,0.34183839329032417,0.17829910823303893
Rg norm w/0.427,expr pH only regr out,Inliers,ProtBERT,low,100,GPR,90/10,-0.2802362313753144,0.2486726117637378
Rg norm w/0.5,expr pH only regr out,All,ProtBERT,low,100,Linear,80/20,-2.961026204100826,0.7588528268124981
Rg norm w/0.5,expr pH only regr out,All,ProtBERT,low,100,Ridge,80/20,0.4977810948513326,0.2702092593112966
Rg norm w/0.5,expr pH only regr out,All,ProtBERT,low,100,Lasso,80/20,0.4308136263540622,0.28766097344586855
Rg norm w/0.5,expr pH only regr out,All,ProtBERT,low,100,Kernel Ridge,80/20,0.5992970517762645,0.2413598167501553
Rg norm w/0.5,expr pH only regr out,All,ProtBERT,low,100,GPR,80/20,0.47949579201621984,0.27508431047510623
Rg norm w/0.5,expr pH only regr out,All,ProtBERT,low,100,Linear,85/15,-1.3074509040862803,0.5821162272448873
Rg norm w/0.5,expr pH only regr out,All,ProtBERT,low,100,Ridge,85/15,0.4812203429364197,0.2760164336899306
Rg norm w/0.5,expr pH only regr out,All,ProtBERT,low,100,Lasso,85/15,0.4137260231497515,0.2934227479828058
Rg norm w/0.5,expr pH only regr out,All,ProtBERT,low,100,Kernel Ridge,85/15,0.5827201273559848,0.24754672777244782
Rg norm w/0.5,expr pH only regr out,All,ProtBERT,low,100,GPR,85/15,0.4972081668051006,0.2717299937371953
Rg norm w/0.5,expr pH only regr out,All,ProtBERT,low,100,Linear,90/10,-1.451060376767769,0.669435071812491
Rg norm w/0.5,expr pH only regr out,All,ProtBERT,low,100,Ridge,90/10,0.46327993966687,0.3132603079724277
Rg norm w/0.5,expr pH only regr out,All,ProtBERT,low,100,Lasso,90/10,0.3628481903096532,0.34131306845560705
Rg norm w/0.5,expr pH only regr out,All,ProtBERT,low,100,Kernel Ridge,90/10,0.6521541653768256,0.2521882571450003
Rg norm w/0.5,expr pH only regr out,All,ProtBERT,low,100,GPR,90/10,0.7408105428334519,0.21769082376116558
Rg norm w/0.5,expr pH only regr out,Inliers,ProtBERT,low,100,Linear,80/20,-3.272958344278581,0.3238857945651839
Rg norm w/0.5,expr pH only regr out,Inliers,ProtBERT,low,100,Ridge,80/20,0.34764240521799394,0.12655241360566552
Rg norm w/0.5,expr pH only regr out,Inliers,ProtBERT,low,100,Lasso,80/20,0.41439428956067137,0.11990304780368324
Rg norm w/0.5,expr pH only regr out,Inliers,ProtBERT,low,100,Kernel Ridge,80/20,0.22767664309933222,0.13769784882820718
Rg norm w/0.5,expr pH only regr out,Inliers,ProtBERT,low,100,GPR,80/20,-0.5556586699258317,0.19542707319106606
Rg norm w/0.5,expr pH only regr out,Inliers,ProtBERT,low,100,Linear,85/15,0.01363848003899959,0.1648036816996965
Rg norm w/0.5,expr pH only regr out,Inliers,ProtBERT,low,100,Ridge,85/15,0.3455679925142495,0.13423974391168222
Rg norm w/0.5,expr pH only regr out,Inliers,ProtBERT,low,100,Lasso,85/15,0.41132593643583193,0.12731697159403357
Rg norm w/0.5,expr pH only regr out,Inliers,ProtBERT,low,100,Kernel Ridge,85/15,0.3761523433185573,0.13106541984758466
Rg norm w/0.5,expr pH only regr out,Inliers,ProtBERT,low,100,GPR,85/15,-0.3717562443530893,0.19435124269793264
Rg norm w/0.5,expr pH only regr out,Inliers,ProtBERT,low,100,Linear,90/10,-0.5986877869495169,0.1946894412070542
Rg norm w/0.5,expr pH only regr out,Inliers,ProtBERT,low,100,Ridge,90/10,0.3224534245207056,0.12674479908543318
Rg norm w/0.5,expr pH only regr out,Inliers,ProtBERT,low,100,Lasso,90/10,0.24041603495500852,0.13419874798456924
Rg norm w/0.5,expr pH only regr out,Inliers,ProtBERT,low,100,Kernel Ridge,90/10,0.3490091670861577,0.12423615631879183
Rg norm w/0.5,expr pH only regr out,Inliers,ProtBERT,low,100,GPR,90/10,-0.2526669650672253,0.1723369419360553
Rg norm w/0.418,expr pH only regr out,All,ProtBERT,low,100,Linear,80/20,-2.45185273838634,0.9500737422111849
Rg norm w/0.418,expr pH only regr out,All,ProtBERT,low,100,Ridge,80/20,0.5237234565304072,0.35290741384893226
Rg norm w/0.418,expr pH only regr out,All,ProtBERT,low,100,Lasso,80/20,0.14537477521580677,0.4727363950663213
Rg norm w/0.418,expr pH only regr out,All,ProtBERT,low,100,Kernel Ridge,80/20,0.7034753397143276,0.2784592147059466
Rg norm w/0.418,expr pH only regr out,All,ProtBERT,low,100,GPR,80/20,0.8113303383207063,0.22211721571148704
Rg norm w/0.418,expr pH only regr out,All,ProtBERT,low,100,Linear,85/15,-1.2441978740171216,0.7585405375884815
Rg norm w/0.418,expr pH only regr out,All,ProtBERT,low,100,Ridge,85/15,0.4608746236314233,0.3717860659679006
Rg norm w/0.418,expr pH only regr out,All,ProtBERT,low,100,Lasso,85/15,0.20561300301162322,0.4512989106153077
Rg norm w/0.418,expr pH only regr out,All,ProtBERT,low,100,Kernel Ridge,85/15,0.663508778363407,0.2937210629686682
Rg norm w/0.418,expr pH only regr out,All,ProtBERT,low,100,GPR,85/15,0.8058465982159039,0.22311086704314997
Rg norm w/0.418,expr pH only regr out,All,ProtBERT,low,100,Linear,90/10,-1.774392471194996,1.001180733321079
Rg norm w/0.418,expr pH only regr out,All,ProtBERT,low,100,Ridge,90/10,0.5022233889093506,0.42407803430440716
Rg norm w/0.418,expr pH only regr out,All,ProtBERT,low,100,Lasso,90/10,0.1876419193197708,0.5417542004318742
Rg norm w/0.418,expr pH only regr out,All,ProtBERT,low,100,Kernel Ridge,90/10,0.6790873441995346,0.3405037954509777
Rg norm w/0.418,expr pH only regr out,All,ProtBERT,low,100,GPR,90/10,0.8741108239624151,0.21326654357160035
Rg norm w/0.418,expr pH only regr out,Inliers,ProtBERT,low,100,Linear,80/20,-3.20165800887043,0.47835256816695976
Rg norm w/0.418,expr pH only regr out,Inliers,ProtBERT,low,100,Ridge,80/20,0.34438671086365424,0.18895641200415075
Rg norm w/0.418,expr pH only regr out,Inliers,ProtBERT,low,100,Lasso,80/20,0.42410144718810183,0.17709681607634686
Rg norm w/0.418,expr pH only regr out,Inliers,ProtBERT,low,100,Kernel Ridge,80/20,0.22816856735536528,0.2050213034610092
Rg norm w/0.418,expr pH only regr out,Inliers,ProtBERT,low,100,GPR,80/20,-0.5803853938879331,0.29337240651096513
Rg norm w/0.418,expr pH only regr out,Inliers,ProtBERT,low,100,Linear,85/15,-0.028120879464457627,0.2468395542857164
Rg norm w/0.418,expr pH only regr out,Inliers,ProtBERT,low,100,Ridge,85/15,0.32588362887663436,0.19987574759027896
Rg norm w/0.418,expr pH only regr out,Inliers,ProtBERT,low,100,Lasso,85/15,0.4086712590852777,0.18720056621395867
Rg norm w/0.418,expr pH only regr out,Inliers,ProtBERT,low,100,Kernel Ridge,85/15,0.3572049556976705,0.19517712836406417
Rg norm w/0.418,expr pH only regr out,Inliers,ProtBERT,low,100,GPR,85/15,-0.41204291820936145,0.28927880352978536
Rg norm w/0.418,expr pH only regr out,Inliers,ProtBERT,low,100,Linear,90/10,-0.6034198653679061,0.291026950921881
Rg norm w/0.418,expr pH only regr out,Inliers,ProtBERT,low,100,Ridge,90/10,0.3137892958742613,0.19038745278045768
Rg norm w/0.418,expr pH only regr out,Inliers,ProtBERT,low,100,Lasso,90/10,0.17331421645678802,0.20896801332159826
Rg norm w/0.418,expr pH only regr out,Inliers,ProtBERT,low,100,Kernel Ridge,90/10,0.34148735662959406,0.18650549768144223
Rg norm w/0.418,expr pH only regr out,Inliers,ProtBERT,low,100,GPR,90/10,-0.282753371370684,0.26030419170512814
Rg w/no norm,expr buffer only regr out,All,ProtBERT,low,100,Linear,80/20,-2.012814119230612,7.72194359589395
Rg w/no norm,expr buffer only regr out,All,ProtBERT,low,100,Ridge,80/20,0.4923719968766218,3.1696641069777503
Rg w/no norm,expr buffer only regr out,All,ProtBERT,low,100,Lasso,80/20,0.38057075196142787,3.501356323790067
Rg w/no norm,expr buffer only regr out,All,ProtBERT,low,100,Kernel Ridge,80/20,0.7064256686392372,2.410457597980778
Rg w/no norm,expr buffer only regr out,All,ProtBERT,low,100,GPR,80/20,0.7114026394121489,2.3899379940286756
Rg w/no norm,expr buffer only regr out,All,ProtBERT,low,100,Linear,85/15,-1.1092168574994163,6.5695687055492025
Rg w/no norm,expr buffer only regr out,All,ProtBERT,low,100,Ridge,85/15,0.43644061121277644,3.3958311420916876
Rg w/no norm,expr buffer only regr out,All,ProtBERT,low,100,Lasso,85/15,0.32972302977914236,3.7034236106058396
Rg w/no norm,expr buffer only regr out,All,ProtBERT,low,100,Kernel Ridge,85/15,0.6846744799053857,2.5401291736199894
Rg w/no norm,expr buffer only regr out,All,ProtBERT,low,100,GPR,85/15,0.7037862417925729,2.4619478835800077
Rg w/no norm,expr buffer only regr out,All,ProtBERT,low,100,Linear,90/10,-1.3483841307937618,8.015705504075465
Rg w/no norm,expr buffer only regr out,All,ProtBERT,low,100,Ridge,90/10,0.4440695312095958,3.9000252869455996
Rg w/no norm,expr buffer only regr out,All,ProtBERT,low,100,Lasso,90/10,0.31607980290265203,4.325734885838482
Rg w/no norm,expr buffer only regr out,All,ProtBERT,low,100,Kernel Ridge,90/10,0.6981208879781567,2.8739136580029245
Rg w/no norm,expr buffer only regr out,All,ProtBERT,low,100,GPR,90/10,0.828583340934368,2.1656272006288675
Rg w/no norm,expr buffer only regr out,Inliers,ProtBERT,low,100,Linear,80/20,-2.0832058682275494,3.5919721503847755
Rg w/no norm,expr buffer only regr out,Inliers,ProtBERT,low,100,Ridge,80/20,0.4321913758056557,1.541461531906075
Rg w/no norm,expr buffer only regr out,Inliers,ProtBERT,low,100,Lasso,80/20,0.48291453938403506,1.4710006413635761
Rg w/no norm,expr buffer only regr out,Inliers,ProtBERT,low,100,Kernel Ridge,80/20,0.44218166808253,1.527840753450648
Rg w/no norm,expr buffer only regr out,Inliers,ProtBERT,low,100,GPR,80/20,-0.5431816433729288,2.5412080542607884
Rg w/no norm,expr buffer only regr out,Inliers,ProtBERT,low,100,Linear,85/15,-0.1400210351371829,2.205320687551424
Rg w/no norm,expr buffer only regr out,Inliers,ProtBERT,low,100,Ridge,85/15,0.4437520337538966,1.5404568479606346
Rg w/no norm,expr buffer only regr out,Inliers,ProtBERT,low,100,Lasso,85/15,0.5485599880511726,1.3877631251033675
Rg w/no norm,expr buffer only regr out,Inliers,ProtBERT,low,100,Kernel Ridge,85/15,0.4716320916354275,1.5013554852800246
Rg w/no norm,expr buffer only regr out,Inliers,ProtBERT,low,100,GPR,85/15,-0.3772387250238536,2.4239292080363373
Rg w/no norm,expr buffer only regr out,Inliers,ProtBERT,low,100,Linear,90/10,-0.5909748737677711,2.5947560051196614
Rg w/no norm,expr buffer only regr out,Inliers,ProtBERT,low,100,Ridge,90/10,0.4908772628922329,1.4678311895682867
Rg w/no norm,expr buffer only regr out,Inliers,ProtBERT,low,100,Lasso,90/10,0.5676930347182206,1.3525738343963565
Rg w/no norm,expr buffer only regr out,Inliers,ProtBERT,low,100,Kernel Ridge,90/10,0.526581558142026,1.4154269198147669
Rg w/no norm,expr buffer only regr out,Inliers,ProtBERT,low,100,GPR,90/10,-0.1290333370748047,2.1858393907293
Rg norm w/0.427,expr buffer only regr out,All,ProtBERT,low,100,Linear,80/20,-2.250740596726992,0.9122961681425868
Rg norm w/0.427,expr buffer only regr out,All,ProtBERT,low,100,Ridge,80/20,0.5162304794721166,0.3519362032860347
Rg norm w/0.427,expr buffer only regr out,All,ProtBERT,low,100,Lasso,80/20,0.1587221217768291,0.4641030556293474
Rg norm w/0.427,expr buffer only regr out,All,ProtBERT,low,100,Kernel Ridge,80/20,0.6717648467673684,0.28989267304644945
Rg norm w/0.427,expr buffer only regr out,All,ProtBERT,low,100,GPR,80/20,0.7031197953949471,0.27569907790213033
Rg norm w/0.427,expr buffer only regr out,All,ProtBERT,low,100,Linear,85/15,-1.2819523500872725,0.7674092631357456
Rg norm w/0.427,expr buffer only regr out,All,ProtBERT,low,100,Ridge,85/15,0.4640285583132223,0.3719157549489833
Rg norm w/0.427,expr buffer only regr out,All,ProtBERT,low,100,Lasso,85/15,0.20832409449599631,0.45200939849583716
Rg norm w/0.427,expr buffer only regr out,All,ProtBERT,low,100,Kernel Ridge,85/15,0.6347503792626051,0.3070213932337876
Rg norm w/0.427,expr buffer only regr out,All,ProtBERT,low,100,GPR,85/15,0.7009008370430518,0.27783141458147953
Rg norm w/0.427,expr buffer only regr out,All,ProtBERT,low,100,Linear,90/10,-1.5064424586739733,0.9415849434329762
Rg norm w/0.427,expr buffer only regr out,All,ProtBERT,low,100,Ridge,90/10,0.4775679810356951,0.4298783061489963
Rg norm w/0.427,expr buffer only regr out,All,ProtBERT,low,100,Lasso,90/10,0.18683297204206362,0.5363157068848396
Rg norm w/0.427,expr buffer only regr out,All,ProtBERT,low,100,Kernel Ridge,90/10,0.648688892359796,0.35251416799411833
Rg norm w/0.427,expr buffer only regr out,All,ProtBERT,low,100,GPR,90/10,0.831980619085143,0.24378687811911517
Rg norm w/0.427,expr buffer only regr out,Inliers,ProtBERT,low,100,Linear,80/20,-3.29939876038999,0.42820888454097167
Rg norm w/0.427,expr buffer only regr out,Inliers,ProtBERT,low,100,Ridge,80/20,0.3308717664528431,0.16892988560310812
Rg norm w/0.427,expr buffer only regr out,Inliers,ProtBERT,low,100,Lasso,80/20,0.44616109863973574,0.15368926688107948
Rg norm w/0.427,expr buffer only regr out,Inliers,ProtBERT,low,100,Kernel Ridge,80/20,0.35259935101009554,0.1661645499474223
Rg norm w/0.427,expr buffer only regr out,Inliers,ProtBERT,low,100,GPR,80/20,-0.817902601179336,0.27844352037929543
Rg norm w/0.427,expr buffer only regr out,Inliers,ProtBERT,low,100,Linear,85/15,-0.06036123444524688,0.2254404458714525
Rg norm w/0.427,expr buffer only regr out,Inliers,ProtBERT,low,100,Ridge,85/15,0.3615289103778193,0.17493452581737975
Rg norm w/0.427,expr buffer only regr out,Inliers,ProtBERT,low,100,Lasso,85/15,0.4886853454292298,0.15654854433629029
Rg norm w/0.427,expr buffer only regr out,Inliers,ProtBERT,low,100,Kernel Ridge,85/15,0.3902844974411911,0.17094977456454158
Rg norm w/0.427,expr buffer only regr out,Inliers,ProtBERT,low,100,GPR,85/15,-0.517647014191569,0.2697058084232785
Rg norm w/0.427,expr buffer only regr out,Inliers,ProtBERT,low,100,Linear,90/10,-0.6235346945333942,0.2646743421885546
Rg norm w/0.427,expr buffer only regr out,Inliers,ProtBERT,low,100,Ridge,90/10,0.3814060464158243,0.16337435680847995
Rg norm w/0.427,expr buffer only regr out,Inliers,ProtBERT,low,100,Lasso,90/10,0.3343623130151899,0.16947280078463323
Rg norm w/0.427,expr buffer only regr out,Inliers,ProtBERT,low,100,Kernel Ridge,90/10,0.4174347197309556,0.15854529355608407
Rg norm w/0.427,expr buffer only regr out,Inliers,ProtBERT,low,100,GPR,90/10,-0.3165675877532641,0.23834312817124545
Rg norm w/0.5,expr buffer only regr out,All,ProtBERT,low,100,Linear,80/20,-2.5495199300918783,0.7131710912633544
Rg norm w/0.5,expr buffer only regr out,All,ProtBERT,low,100,Ridge,80/20,0.501142431016252,0.2673604749253412
Rg norm w/0.5,expr buffer only regr out,All,ProtBERT,low,100,Lasso,80/20,0.4207100041636027,0.2881090730826671
Rg norm w/0.5,expr buffer only regr out,All,ProtBERT,low,100,Kernel Ridge,80/20,0.6067516331235019,0.23737904859103734
Rg norm w/0.5,expr buffer only regr out,All,ProtBERT,low,100,GPR,80/20,0.487410762528248,0.2710152084421765
Rg norm w/0.5,expr buffer only regr out,All,ProtBERT,low,100,Linear,85/15,-1.3341523821173666,0.5835274807914655
Rg norm w/0.5,expr buffer only regr out,All,ProtBERT,low,100,Ridge,85/15,0.47978372870131525,0.27547911372676626
Rg norm w/0.5,expr buffer only regr out,All,ProtBERT,low,100,Lasso,85/15,0.4057917446416087,0.29441914809699127
Rg norm w/0.5,expr buffer only regr out,All,ProtBERT,low,100,Kernel Ridge,85/15,0.5864164338603395,0.2456282691614195
Rg norm w/0.5,expr buffer only regr out,All,ProtBERT,low,100,GPR,85/15,0.5025361992049182,0.2693875081138258
Rg norm w/0.5,expr buffer only regr out,All,ProtBERT,low,100,Linear,90/10,-1.3438265582991775,0.6581892108429599
Rg norm w/0.5,expr buffer only regr out,All,ProtBERT,low,100,Ridge,90/10,0.4563687484676531,0.316986108996046
Rg norm w/0.5,expr buffer only regr out,All,ProtBERT,low,100,Lasso,90/10,0.3579840202447224,0.3444775648101019
Rg norm w/0.5,expr buffer only regr out,All,ProtBERT,low,100,Kernel Ridge,90/10,0.6525108212405988,0.25343037476875707
Rg norm w/0.5,expr buffer only regr out,All,ProtBERT,low,100,GPR,90/10,0.7435576593897522,0.21771226172983552
Rg norm w/0.5,expr buffer only regr out,Inliers,ProtBERT,low,100,Linear,80/20,-3.3265058806096093,0.30312305728931066
Rg norm w/0.5,expr buffer only regr out,Inliers,ProtBERT,low,100,Ridge,80/20,0.3351744563931296,0.11882400110196135
Rg norm w/0.5,expr buffer only regr out,Inliers,ProtBERT,low,100,Lasso,80/20,0.43764172089242714,0.10928407232079737
Rg norm w/0.5,expr buffer only regr out,Inliers,ProtBERT,low,100,Kernel Ridge,80/20,0.3573185861757999,0.11682833669187674
Rg norm w/0.5,expr buffer only regr out,Inliers,ProtBERT,low,100,GPR,80/20,-0.8064575156013158,0.1958683205456402
Rg norm w/0.5,expr buffer only regr out,Inliers,ProtBERT,low,100,Linear,85/15,-0.01812031378456047,0.1563952309343034
Rg norm w/0.5,expr buffer only regr out,Inliers,ProtBERT,low,100,Ridge,85/15,0.367821502359701,0.12323776524958936
Rg norm w/0.5,expr buffer only regr out,Inliers,ProtBERT,low,100,Lasso,85/15,0.4718321336672673,0.11264448711844766
Rg norm w/0.5,expr buffer only regr out,Inliers,ProtBERT,low,100,Kernel Ridge,85/15,0.3953935367899536,0.12052033969004868
Rg norm w/0.5,expr buffer only regr out,Inliers,ProtBERT,low,100,GPR,85/15,-0.5068706058024688,0.19026632725068
Rg norm w/0.5,expr buffer only regr out,Inliers,ProtBERT,low,100,Linear,90/10,-0.5902906798614194,0.18232846384416654
Rg norm w/0.5,expr buffer only regr out,Inliers,ProtBERT,low,100,Ridge,90/10,0.382210801926657,0.11364134661800232
Rg norm w/0.5,expr buffer only regr out,Inliers,ProtBERT,low,100,Lasso,90/10,0.37552484260949426,0.1142546276156833
Rg norm w/0.5,expr buffer only regr out,Inliers,ProtBERT,low,100,Kernel Ridge,90/10,0.40791511546667925,0.11125209631857745
Rg norm w/0.5,expr buffer only regr out,Inliers,ProtBERT,low,100,GPR,90/10,-0.32891489359585613,0.1666728265263885
Rg norm w/0.418,expr buffer only regr out,All,ProtBERT,low,100,Linear,80/20,-2.0300395560018454,0.8925077208257526
Rg norm w/0.418,expr buffer only regr out,All,ProtBERT,low,100,Ridge,80/20,0.5199477529381458,0.3552483636633512
Rg norm w/0.418,expr buffer only regr out,All,ProtBERT,low,100,Lasso,80/20,0.1492506620624071,0.47292104723032946
Rg norm w/0.418,expr buffer only regr out,All,ProtBERT,low,100,Kernel Ridge,80/20,0.7042992828376955,0.27881364340975856
Rg norm w/0.418,expr buffer only regr out,All,ProtBERT,low,100,GPR,80/20,0.8176276607337416,0.21896127692532108
Rg norm w/0.418,expr buffer only regr out,All,ProtBERT,low,100,Linear,85/15,-1.2768738839568248,0.7730412779161768
Rg norm w/0.418,expr buffer only regr out,All,ProtBERT,low,100,Ridge,85/15,0.450927200931451,0.37961919273416445
Rg norm w/0.418,expr buffer only regr out,All,ProtBERT,low,100,Lasso,85/15,0.19494748677514473,0.45966909069099426
Rg norm w/0.418,expr buffer only regr out,All,ProtBERT,low,100,Kernel Ridge,85/15,0.6578492402323209,0.2996690913317421
Rg norm w/0.418,expr buffer only regr out,All,ProtBERT,low,100,GPR,85/15,0.8072939825186499,0.22489553580096236
Rg norm w/0.418,expr buffer only regr out,All,ProtBERT,low,100,Linear,90/10,-1.6492604037044982,0.9955997775079904
Rg norm w/0.418,expr buffer only regr out,All,ProtBERT,low,100,Ridge,90/10,0.4906194271649036,0.4365597131072298
Rg norm w/0.418,expr buffer only regr out,All,ProtBERT,low,100,Lasso,90/10,0.17631430220331656,0.5551409051582976
Rg norm w/0.418,expr buffer only regr out,All,ProtBERT,low,100,Kernel Ridge,90/10,0.67124009317376,0.35072109708592164
Rg norm w/0.418,expr buffer only regr out,All,ProtBERT,low,100,GPR,90/10,0.8718016399707551,0.21900987706135006
Rg norm w/0.418,expr buffer only regr out,Inliers,ProtBERT,low,100,Linear,80/20,-3.29107352162364,0.4471017059783193
Rg norm w/0.418,expr buffer only regr out,Inliers,ProtBERT,low,100,Ridge,80/20,0.33093990372329274,0.17654519970317956
Rg norm w/0.418,expr buffer only regr out,Inliers,ProtBERT,low,100,Lasso,80/20,0.4470638660546198,0.16049475162121157
Rg norm w/0.418,expr buffer only regr out,Inliers,ProtBERT,low,100,Kernel Ridge,80/20,0.352560828315991,0.17366921252207204
Rg norm w/0.418,expr buffer only regr out,Inliers,ProtBERT,low,100,GPR,80/20,-0.8178232534909651,0.29100414596160695
Rg norm w/0.418,expr buffer only regr out,Inliers,ProtBERT,low,100,Linear,85/15,-0.06517368535441648,0.23602213209209533
Rg norm w/0.418,expr buffer only regr out,Inliers,ProtBERT,low,100,Ridge,85/15,0.3612143999934142,0.1827763807921756
Rg norm w/0.418,expr buffer only regr out,Inliers,ProtBERT,low,100,Lasso,85/15,0.4888804275584212,0.1634947346310036
Rg norm w/0.418,expr buffer only regr out,Inliers,ProtBERT,low,100,Kernel Ridge,85/15,0.3900864522612044,0.17859802620348386
Rg norm w/0.418,expr buffer only regr out,Inliers,ProtBERT,low,100,GPR,85/15,-0.518021708030727,0.2817614060487605
Rg norm w/0.418,expr buffer only regr out,Inliers,ProtBERT,low,100,Linear,90/10,-0.6264513152565117,0.2772894010967509
Rg norm w/0.418,expr buffer only regr out,Inliers,ProtBERT,low,100,Ridge,90/10,0.38274707221730453,0.17082220166107046
Rg norm w/0.418,expr buffer only regr out,Inliers,ProtBERT,low,100,Lasso,90/10,0.3295799903032226,0.1780271419499531
Rg norm w/0.418,expr buffer only regr out,Inliers,ProtBERT,low,100,Kernel Ridge,90/10,0.41899381533270263,0.16573075675256424
Rg norm w/0.418,expr buffer only regr out,Inliers,ProtBERT,low,100,GPR,90/10,-0.3141487582681126,0.24924990430617774
Rg w/no norm,No regr out,All,ProtBERT,low,190,Linear,80/20,0.5208080652644124,2.9312554443453678
Rg w/no norm,No regr out,All,ProtBERT,low,190,Ridge,80/20,0.553339136770415,2.8300093294665123
Rg w/no norm,No regr out,All,ProtBERT,low,190,Lasso,80/20,0.16694097000970842,3.864887037460943
Rg w/no norm,No regr out,All,ProtBERT,low,190,Kernel Ridge,80/20,0.3768033205957497,3.342808378893269
Rg w/no norm,No regr out,All,ProtBERT,low,190,GPR,80/20,0.7916395518060562,1.932887414357184
Rg w/no norm,No regr out,All,ProtBERT,low,190,Linear,85/15,0.5257695223241637,2.827079783223722
Rg w/no norm,No regr out,All,ProtBERT,low,190,Ridge,85/15,0.48971266783366185,2.932585802403314
Rg w/no norm,No regr out,All,ProtBERT,low,190,Lasso,85/15,0.1622487211550263,3.7575163918907415
Rg w/no norm,No regr out,All,ProtBERT,low,190,Kernel Ridge,85/15,0.8157578086217252,1.762129733424301
Rg w/no norm,No regr out,All,ProtBERT,low,190,GPR,85/15,0.772807908812698,1.9567707083397472
Rg w/no norm,No regr out,All,ProtBERT,low,190,Linear,90/10,0.6556829353414122,2.8679248697786113
Rg w/no norm,No regr out,All,ProtBERT,low,190,Ridge,90/10,0.5491733225426703,3.2816578584671454
Rg w/no norm,No regr out,All,ProtBERT,low,190,Lasso,90/10,0.1468889891981583,4.514308867742218
Rg w/no norm,No regr out,All,ProtBERT,low,190,Kernel Ridge,90/10,0.636178877911243,2.9480337483473797
Rg w/no norm,No regr out,All,ProtBERT,low,190,GPR,90/10,0.8086574370687164,2.137933979434449
Rg w/no norm,No regr out,Inliers,ProtBERT,low,190,Linear,80/20,0.586267642377336,0.9167069834257318
Rg w/no norm,No regr out,Inliers,ProtBERT,low,190,Ridge,80/20,0.5593545513274107,0.9460529410670718
Rg w/no norm,No regr out,Inliers,ProtBERT,low,190,Lasso,80/20,0.46301620561357937,1.0443627796287658
Rg w/no norm,No regr out,Inliers,ProtBERT,low,190,Kernel Ridge,80/20,0.5876876475242538,0.9151324782241411
Rg w/no norm,No regr out,Inliers,ProtBERT,low,190,GPR,80/20,0.6053986642058148,0.8952618358671884
Rg w/no norm,No regr out,Inliers,ProtBERT,low,190,Linear,85/15,0.7374148832466969,0.5465047710181568
Rg w/no norm,No regr out,Inliers,ProtBERT,low,190,Ridge,85/15,0.5019479925028604,0.7526555212114775
Rg w/no norm,No regr out,Inliers,ProtBERT,low,190,Lasso,85/15,0.2896541654181355,0.8988636613089677
Rg w/no norm,No regr out,Inliers,ProtBERT,low,190,Kernel Ridge,85/15,0.5770743844217426,0.6935709577058344
Rg w/no norm,No regr out,Inliers,ProtBERT,low,190,GPR,85/15,0.708182587986002,0.5761220603113644
Rg w/no norm,No regr out,Inliers,ProtBERT,low,190,Linear,90/10,0.7782237560472944,0.5372109995174188
Rg w/no norm,No regr out,Inliers,ProtBERT,low,190,Ridge,90/10,0.5623671658247402,0.7546443651178966
Rg w/no norm,No regr out,Inliers,ProtBERT,low,190,Lasso,90/10,0.318323501815294,0.9418387292871668
Rg w/no norm,No regr out,Inliers,ProtBERT,low,190,Kernel Ridge,90/10,0.6431882824683799,0.6814075455364013
Rg w/no norm,No regr out,Inliers,ProtBERT,low,190,GPR,90/10,0.7504297069296958,0.5698805423186306
Rg norm w/0.427,No regr out,All,ProtBERT,low,190,Linear,80/20,0.5180652130861323,0.3366587793183955
Rg norm w/0.427,No regr out,All,ProtBERT,low,190,Ridge,80/20,0.5606397818614752,0.32144462798999374
Rg norm w/0.427,No regr out,All,ProtBERT,low,190,Lasso,80/20,-0.010103950816635399,0.4873924994520305
Rg norm w/0.427,No regr out,All,ProtBERT,low,190,Kernel Ridge,80/20,0.05033470875457824,0.4725862584607156
Rg norm w/0.427,No regr out,All,ProtBERT,low,190,GPR,80/20,0.812504419185207,0.20998647569245607
Rg norm w/0.427,No regr out,All,ProtBERT,low,190,Linear,85/15,0.5376298180460242,0.3225054214093678
Rg norm w/0.427,No regr out,All,ProtBERT,low,190,Ridge,85/15,0.4995249664733189,0.335531515845854
Rg norm w/0.427,No regr out,All,ProtBERT,low,190,Lasso,85/15,-0.0036167979181029875,0.4751448988519651
Rg norm w/0.427,No regr out,All,ProtBERT,low,190,Kernel Ridge,85/15,0.07387298885990257,0.4564333672020365
Rg norm w/0.427,No regr out,All,ProtBERT,low,190,GPR,85/15,0.8021938620996379,0.2109414815737731
Rg norm w/0.427,No regr out,All,ProtBERT,low,190,Linear,90/10,0.654275822544335,0.334717984046129
Rg norm w/0.427,No regr out,All,ProtBERT,low,190,Ridge,90/10,0.5578103767769975,0.3785458109621263
Rg norm w/0.427,No regr out,All,ProtBERT,low,190,Lasso,90/10,0.15057597551361646,0.5246581713300666
Rg norm w/0.427,No regr out,All,ProtBERT,low,190,Kernel Ridge,90/10,0.06416349188428117,0.5506988415843733
Rg norm w/0.427,No regr out,All,ProtBERT,low,190,GPR,90/10,0.8346348196311808,0.23149211648454143
Rg norm w/0.427,No regr out,Inliers,ProtBERT,low,190,Linear,80/20,0.3756367874016039,0.07634693013618317
Rg norm w/0.427,No regr out,Inliers,ProtBERT,low,190,Ridge,80/20,0.26262571920773536,0.08296920304637223
Rg norm w/0.427,No regr out,Inliers,ProtBERT,low,190,Lasso,80/20,0.17733007388783717,0.0876366436537433
Rg norm w/0.427,No regr out,Inliers,ProtBERT,low,190,Kernel Ridge,80/20,0.33005890780832847,0.07908447468915698
Rg norm w/0.427,No regr out,Inliers,ProtBERT,low,190,GPR,80/20,0.4018415975222668,0.07472759917778536
Rg norm w/0.427,No regr out,Inliers,ProtBERT,low,190,Linear,85/15,0.6704508767827073,0.05510606091517818
Rg norm w/0.427,No regr out,Inliers,ProtBERT,low,190,Ridge,85/15,0.2855024758369785,0.08114086848117467
Rg norm w/0.427,No regr out,Inliers,ProtBERT,low,190,Lasso,85/15,0.1458947996472434,0.08871457386144013
Rg norm w/0.427,No regr out,Inliers,ProtBERT,low,190,Kernel Ridge,85/15,0.40530504242124865,0.07402636355153674
Rg norm w/0.427,No regr out,Inliers,ProtBERT,low,190,GPR,85/15,0.6319242953502886,0.05823818930525191
Rg norm w/0.427,No regr out,Inliers,ProtBERT,low,190,Linear,90/10,0.5394251724190469,0.05666806545438394
Rg norm w/0.427,No regr out,Inliers,ProtBERT,low,190,Ridge,90/10,0.15064885405168127,0.07695412887481647
Rg norm w/0.427,No regr out,Inliers,ProtBERT,low,190,Lasso,90/10,-0.04279254760208784,0.08526822983897392
Rg norm w/0.427,No regr out,Inliers,ProtBERT,low,190,Kernel Ridge,90/10,0.3066000628547504,0.06953127397466877
Rg norm w/0.427,No regr out,Inliers,ProtBERT,low,190,GPR,90/10,0.532618881105877,0.05708524505515487
Rg norm w/0.5,No regr out,All,ProtBERT,low,190,Linear,80/20,0.5179512873576175,0.3522888498324564
Rg norm w/0.5,No regr out,All,ProtBERT,low,190,Ridge,80/20,0.5602669879311402,0.33647125600410777
Rg norm w/0.5,No regr out,All,ProtBERT,low,190,Lasso,80/20,-0.009767667354325882,0.5098755235589676
Rg norm w/0.5,No regr out,All,ProtBERT,low,190,Kernel Ridge,80/20,0.05089214418870536,0.4943234554601567
Rg norm w/0.5,No regr out,All,ProtBERT,low,190,GPR,80/20,0.8126247432064662,0.21963904895849207
Rg norm w/0.5,No regr out,All,ProtBERT,low,190,Linear,85/15,0.5372220623232409,0.3375298092023222
Rg norm w/0.5,No regr out,All,ProtBERT,low,190,Ridge,85/15,0.49903212886774506,0.35118078693456944
Rg norm w/0.5,No regr out,All,ProtBERT,low,190,Lasso,85/15,-0.003370554444103835,0.49700011202650457
Rg norm w/0.5,No regr out,All,ProtBERT,low,190,Kernel Ridge,85/15,0.07436605207341929,0.4773593657357489
Rg norm w/0.5,No regr out,All,ProtBERT,low,190,GPR,85/15,0.802292854672365,0.22061599356395142
Rg norm w/0.5,No regr out,All,ProtBERT,low,190,Linear,90/10,0.6541925691320853,0.3501831574019408
Rg norm w/0.5,No regr out,All,ProtBERT,low,190,Ridge,90/10,0.5574096936780895,0.39616768015072423
Rg norm w/0.5,No regr out,All,ProtBERT,low,190,Lasso,90/10,0.16191340921531416,0.5451581882505544
Rg norm w/0.5,No regr out,All,ProtBERT,low,190,Kernel Ridge,90/10,0.06468715776565626,0.5759125495525126
Rg norm w/0.5,No regr out,All,ProtBERT,low,190,GPR,90/10,0.8347537629871354,0.24207162344018754
Rg norm w/0.5,No regr out,Inliers,ProtBERT,low,190,Linear,80/20,0.4479036272579663,0.05154860889696182
Rg norm w/0.5,No regr out,Inliers,ProtBERT,low,190,Ridge,80/20,0.32653989209251255,0.056933179828217294
Rg norm w/0.5,No regr out,Inliers,ProtBERT,low,190,Lasso,80/20,0.23039638375381155,0.06086155618289329
Rg norm w/0.5,No regr out,Inliers,ProtBERT,low,190,Kernel Ridge,80/20,0.3928328814958366,0.05405845444929025
Rg norm w/0.5,No regr out,Inliers,ProtBERT,low,190,GPR,80/20,0.47287686246118954,0.0503692567744779
Rg norm w/0.5,No regr out,Inliers,ProtBERT,low,190,Linear,85/15,0.719715874470966,0.03871841124781997
Rg norm w/0.5,No regr out,Inliers,ProtBERT,low,190,Ridge,85/15,0.3897355108317577,0.05713172373245477
Rg norm w/0.5,No regr out,Inliers,ProtBERT,low,190,Lasso,85/15,0.2359113621729464,0.06392785735030364
Rg norm w/0.5,No regr out,Inliers,ProtBERT,low,190,Kernel Ridge,85/15,0.4924767504606947,0.052101022759832416
Rg norm w/0.5,No regr out,Inliers,ProtBERT,low,190,GPR,85/15,0.6930898055831096,0.04051575487073813
Rg norm w/0.5,No regr out,Inliers,ProtBERT,low,190,Linear,90/10,0.5669589314649942,0.03966960587356653
Rg norm w/0.5,No regr out,Inliers,ProtBERT,low,190,Ridge,90/10,0.22774791789010518,0.05297523437101095
Rg norm w/0.5,No regr out,Inliers,ProtBERT,low,190,Lasso,90/10,0.04463343498528316,0.05892211968669722
Rg norm w/0.5,No regr out,Inliers,ProtBERT,low,190,Kernel Ridge,90/10,0.3699892449994798,0.047848389481464415
Rg norm w/0.5,No regr out,Inliers,ProtBERT,low,190,GPR,90/10,0.5767180629010058,0.039220056126732336
Rg norm w/0.418,No regr out,All,ProtBERT,low,190,Linear,80/20,0.5196006818705409,0.23346354265006924
Rg norm w/0.418,No regr out,All,ProtBERT,low,190,Ridge,80/20,0.564217104715854,0.22235810806437944
Rg norm w/0.418,No regr out,All,ProtBERT,low,190,Lasso,80/20,-0.012948999481558365,0.3390093451200575
Rg norm w/0.418,No regr out,All,ProtBERT,low,190,Kernel Ridge,80/20,0.046315917387970695,0.328942620045391
Rg norm w/0.418,No regr out,All,ProtBERT,low,190,GPR,80/20,0.8107884606238116,0.14651823882470305
Rg norm w/0.418,No regr out,All,ProtBERT,low,190,Linear,85/15,0.5415947713751835,0.2233694963611801
Rg norm w/0.418,No regr out,All,ProtBERT,low,190,Ridge,85/15,0.5042600061638969,0.23228761890202532
Rg norm w/0.418,No regr out,All,ProtBERT,low,190,Lasso,85/15,0.10267258953530012,0.3125176506300624
Rg norm w/0.418,No regr out,All,ProtBERT,low,190,Kernel Ridge,85/15,0.3651206859456725,0.26287220746995693
Rg norm w/0.418,No regr out,All,ProtBERT,low,190,GPR,85/15,0.8001467329236562,0.1474873287270563
Rg norm w/0.418,No regr out,All,ProtBERT,low,190,Linear,90/10,0.655396872009721,0.23248589637066747
Rg norm w/0.418,No regr out,All,ProtBERT,low,190,Ridge,90/10,0.5616475720217233,0.262209675080609
Rg norm w/0.418,No regr out,All,ProtBERT,low,190,Lasso,90/10,0.07738237425116201,0.3804064549953319
Rg norm w/0.418,No regr out,All,ProtBERT,low,190,Kernel Ridge,90/10,0.06026736554832779,0.38391860481581613
Rg norm w/0.418,No regr out,All,ProtBERT,low,190,GPR,90/10,0.8324764917822628,0.16209696512085156
Rg norm w/0.418,No regr out,Inliers,ProtBERT,low,190,Linear,80/20,0.3704218183568767,0.0802159298235671
Rg norm w/0.418,No regr out,Inliers,ProtBERT,low,190,Ridge,80/20,0.2593282722316108,0.0870058934899073
Rg norm w/0.418,No regr out,Inliers,ProtBERT,low,190,Lasso,80/20,0.17097597528513941,0.09204905742576905
Rg norm w/0.418,No regr out,Inliers,ProtBERT,low,190,Kernel Ridge,80/20,0.3264049585337233,0.08297270108557571
Rg norm w/0.418,No regr out,Inliers,ProtBERT,low,190,GPR,80/20,0.3966614629395758,0.0785265143784743
Rg norm w/0.418,No regr out,Inliers,ProtBERT,low,190,Linear,85/15,0.6648691979354848,0.05761767928806952
Rg norm w/0.418,No regr out,Inliers,ProtBERT,low,190,Ridge,85/15,0.2741639101437906,0.08479453600468126
Rg norm w/0.418,No regr out,Inliers,ProtBERT,low,190,Lasso,85/15,0.13323480733074555,0.09266149872253246
Rg norm w/0.418,No regr out,Inliers,ProtBERT,low,190,Kernel Ridge,85/15,0.3957364164995578,0.07736807652778951
Rg norm w/0.418,No regr out,Inliers,ProtBERT,low,190,GPR,85/15,0.6249034218616916,0.06095651646720433
Rg norm w/0.418,No regr out,Inliers,ProtBERT,low,190,Linear,90/10,0.5391044733254948,0.05925835129834444
Rg norm w/0.418,No regr out,Inliers,ProtBERT,low,190,Ridge,90/10,0.14686332139886304,0.08062275316308473
Rg norm w/0.418,No regr out,Inliers,ProtBERT,low,190,Lasso,90/10,-0.046343050888632664,0.08928641073924375
Rg norm w/0.418,No regr out,Inliers,ProtBERT,low,190,Kernel Ridge,90/10,0.30343164399454636,0.07285010606065676
Rg norm w/0.418,No regr out,Inliers,ProtBERT,low,190,GPR,90/10,0.5301529400919107,0.05983104311454848
Rg w/no norm,pH regr out,All,ProtBERT,low,190,Linear,80/20,0.5207597637749433,2.9313649416041057
Rg w/no norm,pH regr out,All,ProtBERT,low,190,Ridge,80/20,0.5533331157364634,2.8299914948700935
Rg w/no norm,pH regr out,All,ProtBERT,low,190,Lasso,80/20,0.16693881344819073,3.864841634500107
Rg w/no norm,pH regr out,All,ProtBERT,low,190,Kernel Ridge,80/20,0.7411953193526492,2.1541667391206163
Rg w/no norm,pH regr out,All,ProtBERT,low,190,GPR,80/20,0.848680633371328,1.6471779127001096
Rg w/no norm,pH regr out,All,ProtBERT,low,190,Linear,85/15,0.5257121043353805,2.827219061154292
Rg w/no norm,pH regr out,All,ProtBERT,low,190,Ridge,85/15,0.48969822612925173,2.932594249441809
Rg w/no norm,pH regr out,All,ProtBERT,low,190,Lasso,85/15,0.16224795708895345,3.7574757585641647
Rg w/no norm,pH regr out,All,ProtBERT,low,190,Kernel Ridge,85/15,0.863199879159131,1.518384214709035
Rg w/no norm,pH regr out,All,ProtBERT,low,190,GPR,85/15,0.8454971687094104,1.6136400367080979
Rg w/no norm,pH regr out,All,ProtBERT,low,190,Linear,90/10,0.655639831392036,2.8680635605564717
Rg w/no norm,pH regr out,All,ProtBERT,low,190,Ridge,90/10,0.5491537777244305,3.2816822898562994
Rg w/no norm,pH regr out,All,ProtBERT,low,190,Lasso,90/10,0.14688376069069597,4.514258456725892
Rg w/no norm,pH regr out,All,ProtBERT,low,190,Kernel Ridge,90/10,0.8098356746757628,2.131311063243304
Rg w/no norm,pH regr out,All,ProtBERT,low,190,GPR,90/10,0.8604833511026697,1.8255567322852404
Rg w/no norm,pH regr out,Inliers,ProtBERT,low,190,Linear,80/20,0.5862592743411891,0.9166959222498174
Rg w/no norm,pH regr out,Inliers,ProtBERT,low,190,Ridge,80/20,0.5593439329582415,0.9460433570980277
Rg w/no norm,pH regr out,Inliers,ProtBERT,low,190,Lasso,80/20,0.46299333271276766,1.0443618585831593
Rg w/no norm,pH regr out,Inliers,ProtBERT,low,190,Kernel Ridge,80/20,0.5861475119496744,0.9168197258838099
Rg w/no norm,pH regr out,Inliers,ProtBERT,low,190,GPR,80/20,0.6133241865968615,0.8862059620149523
Rg w/no norm,pH regr out,Inliers,ProtBERT,low,190,Linear,85/15,0.737424206458174,0.5464904065667635
Rg w/no norm,pH regr out,Inliers,ProtBERT,low,190,Ridge,85/15,0.5019665805207232,0.7526350548471621
Rg w/no norm,pH regr out,Inliers,ProtBERT,low,190,Lasso,85/15,0.2896345614239074,0.8988683958249454
Rg w/no norm,pH regr out,Inliers,ProtBERT,low,190,Kernel Ridge,85/15,0.5785588065888844,0.6923468022965074
Rg w/no norm,pH regr out,Inliers,ProtBERT,low,190,GPR,85/15,0.271535773933016,0.910247120276128
Rg w/no norm,pH regr out,Inliers,ProtBERT,low,190,Linear,90/10,0.7782762927598736,0.5371472585585736
Rg w/no norm,pH regr out,Inliers,ProtBERT,low,190,Ridge,90/10,0.5623833855756222,0.7546302300834614
Rg w/no norm,pH regr out,Inliers,ProtBERT,low,190,Lasso,90/10,0.3182894844852989,0.9418620412909305
Rg w/no norm,pH regr out,Inliers,ProtBERT,low,190,Kernel Ridge,90/10,0.6425515056225759,0.6820151686861715
Rg w/no norm,pH regr out,Inliers,ProtBERT,low,190,GPR,90/10,0.7773285152222772,0.5382940759828566
Rg norm w/0.427,pH regr out,All,ProtBERT,low,190,Linear,80/20,0.5179907742075278,0.3366743675051471
Rg norm w/0.427,pH regr out,All,ProtBERT,low,190,Ridge,80/20,0.5606235238919844,0.32144063562249786
Rg norm w/0.427,pH regr out,All,ProtBERT,low,190,Lasso,80/20,-0.010106864476395527,0.48737813161272325
Rg norm w/0.427,pH regr out,All,ProtBERT,low,190,Kernel Ridge,80/20,0.9161292969093164,0.14043893240112637
Rg norm w/0.427,pH regr out,All,ProtBERT,low,190,GPR,80/20,0.9202651373623763,0.13693248911046935
Rg norm w/0.427,pH regr out,All,ProtBERT,low,190,Linear,85/15,0.5375417334672921,0.32252732865770084
Rg norm w/0.427,pH regr out,All,ProtBERT,low,190,Ridge,85/15,0.49949900143912596,0.33553105331043237
Rg norm w/0.427,pH regr out,All,ProtBERT,low,190,Lasso,85/15,-0.0036188746975558406,0.47513241050418464
Rg norm w/0.427,pH regr out,All,ProtBERT,low,190,Kernel Ridge,85/15,0.8972709268401968,0.1520116702767135
Rg norm w/0.427,pH regr out,All,ProtBERT,low,190,GPR,85/15,0.9164056049527328,0.13712568992867802
Rg norm w/0.427,pH regr out,All,ProtBERT,low,190,Linear,90/10,0.6542059190644189,0.3347418479120021
Rg norm w/0.427,pH regr out,All,ProtBERT,low,190,Ridge,90/10,0.5577795921095206,0.3785477090240623
Rg norm w/0.427,pH regr out,All,ProtBERT,low,190,Lasso,90/10,0.15054681399923497,0.5246515455189454
Rg norm w/0.427,pH regr out,All,ProtBERT,low,190,Kernel Ridge,90/10,0.9019268537493579,0.178269187766216
Rg norm w/0.427,pH regr out,All,ProtBERT,low,190,GPR,90/10,0.9213776075192853,0.1596152415203377
Rg norm w/0.427,pH regr out,Inliers,ProtBERT,low,190,Linear,80/20,0.37563118062816825,0.07634535948165842
Rg norm w/0.427,pH regr out,Inliers,ProtBERT,low,190,Ridge,80/20,0.26261213501520475,0.08296788785610844
Rg norm w/0.427,pH regr out,Inliers,ProtBERT,low,190,Lasso,80/20,0.17725018802060177,0.08763870205835812
Rg norm w/0.427,pH regr out,Inliers,ProtBERT,low,190,Kernel Ridge,80/20,0.38428126698986464,0.07581466575476345
Rg norm w/0.427,pH regr out,Inliers,ProtBERT,low,190,GPR,80/20,0.35955885539491717,0.07732174624404768
Rg norm w/0.427,pH regr out,Inliers,ProtBERT,low,190,Linear,85/15,0.6704527666310469,0.055104131688163215
Rg norm w/0.427,pH regr out,Inliers,ProtBERT,low,190,Ridge,85/15,0.285478139063264,0.08113964227157824
Rg norm w/0.427,pH regr out,Inliers,ProtBERT,low,190,Lasso,85/15,0.14582484701007248,0.08871535513254375
Rg norm w/0.427,pH regr out,Inliers,ProtBERT,low,190,Kernel Ridge,85/15,0.5477944063560674,0.06454956106050827
Rg norm w/0.427,pH regr out,Inliers,ProtBERT,low,190,GPR,85/15,0.5129039918418635,0.06699349166215247
Rg norm w/0.427,pH regr out,Inliers,ProtBERT,low,190,Linear,90/10,0.5395326372911602,0.056661406933671714
Rg norm w/0.427,pH regr out,Inliers,ProtBERT,low,190,Ridge,90/10,0.15062629078871614,0.07695508716213313
Rg norm w/0.427,pH regr out,Inliers,ProtBERT,low,190,Lasso,90/10,-0.04292543037337326,0.08527359175614314
Rg norm w/0.427,pH regr out,Inliers,ProtBERT,low,190,Kernel Ridge,90/10,0.5492948000257282,0.05605756275013018
Rg norm w/0.427,pH regr out,Inliers,ProtBERT,low,190,GPR,90/10,0.5462036993398995,0.05624946588495227
Rg norm w/0.5,pH regr out,All,ProtBERT,low,190,Linear,80/20,0.5195192809021904,0.23347494622214543
Rg norm w/0.5,pH regr out,All,ProtBERT,low,190,Ridge,80/20,0.5641980732454822,0.22235498717049326
Rg norm w/0.5,pH regr out,All,ProtBERT,low,190,Lasso,80/20,-0.01295257409691386,0.33899778287501037
Rg norm w/0.5,pH regr out,All,ProtBERT,low,190,Kernel Ridge,80/20,0.913254282317773,0.09920334674670113
Rg norm w/0.5,pH regr out,All,ProtBERT,low,190,GPR,80/20,0.9185028069039621,0.09615538856550292
Rg norm w/0.5,pH regr out,All,ProtBERT,low,190,Linear,85/15,0.5414990637121998,0.22338570458000295
Rg norm w/0.5,pH regr out,All,ProtBERT,low,190,Ridge,85/15,0.5042309105642626,0.23228704362092645
Rg norm w/0.5,pH regr out,All,ProtBERT,low,190,Lasso,85/15,0.1026347124434589,0.31251430161537147
Rg norm w/0.5,pH regr out,All,ProtBERT,low,190,Kernel Ridge,85/15,0.8923924583905434,0.10821977301310794
Rg norm w/0.5,pH regr out,All,ProtBERT,low,190,GPR,85/15,0.9130700596436253,0.09726799295869241
Rg norm w/0.5,pH regr out,All,ProtBERT,low,190,Linear,90/10,0.6553202551736756,0.23250376897650885
Rg norm w/0.5,pH regr out,All,ProtBERT,low,190,Ridge,90/10,0.5616136050822508,0.26221084482244283
Rg norm w/0.5,pH regr out,All,ProtBERT,low,190,Lasso,90/10,0.07734145619983901,0.3804018495184252
Rg norm w/0.5,pH regr out,All,ProtBERT,low,190,Kernel Ridge,90/10,0.8975698871632269,0.1267464900970218
Rg norm w/0.5,pH regr out,All,ProtBERT,low,190,GPR,90/10,0.9187197493309907,0.11290537905541267
Rg norm w/0.5,pH regr out,Inliers,ProtBERT,low,190,Linear,80/20,0.4479022049184036,0.0515476809068783
Rg norm w/0.5,pH regr out,Inliers,ProtBERT,low,190,Ridge,80/20,0.32653127350694666,0.05693244586031429
Rg norm w/0.5,pH regr out,Inliers,ProtBERT,low,190,Lasso,80/20,0.23033298052340634,0.06086288906053835
Rg norm w/0.5,pH regr out,Inliers,ProtBERT,low,190,Kernel Ridge,80/20,0.4260581366684486,0.052557545721898156
Rg norm w/0.5,pH regr out,Inliers,ProtBERT,low,190,GPR,80/20,0.400726413709116,0.05370487290520855
Rg norm w/0.5,pH regr out,Inliers,ProtBERT,low,190,Linear,85/15,0.7197175095527675,0.03871724709250375
Rg norm w/0.5,pH regr out,Inliers,ProtBERT,low,190,Ridge,85/15,0.38971238680625275,0.05713125495160244
Rg norm w/0.5,pH regr out,Inliers,ProtBERT,low,190,Lasso,85/15,0.23585535504987643,0.06392846450407154
Rg norm w/0.5,pH regr out,Inliers,ProtBERT,low,190,Kernel Ridge,85/15,0.5800910293015257,0.047389711265226495
Rg norm w/0.5,pH regr out,Inliers,ProtBERT,low,190,GPR,85/15,0.5429631905572282,0.049440411398703026
Rg norm w/0.5,pH regr out,Inliers,ProtBERT,low,190,Linear,90/10,0.5670611779433365,0.03966524749072132
Rg norm w/0.5,pH regr out,Inliers,ProtBERT,low,190,Ridge,90/10,0.2277239909292189,0.05297648929577027
Rg norm w/0.5,pH regr out,Inliers,ProtBERT,low,190,Lasso,90/10,0.04454664945396569,0.058925278888534174
Rg norm w/0.5,pH regr out,Inliers,ProtBERT,low,190,Kernel Ridge,90/10,0.5800934194856505,0.03906368805022004
Rg norm w/0.5,pH regr out,Inliers,ProtBERT,low,190,GPR,90/10,0.5742461286181526,0.0393347329177454
Rg norm w/0.418,pH regr out,All,ProtBERT,low,190,Linear,80/20,0.517877653775168,0.35230505890219044
Rg norm w/0.418,pH regr out,All,ProtBERT,low,190,Ridge,80/20,0.5602510482460159,0.33646713889760865
Rg norm w/0.418,pH regr out,All,ProtBERT,low,190,Lasso,80/20,-0.00977050554824288,0.5098607604359422
Rg norm w/0.418,pH regr out,All,ProtBERT,low,190,Kernel Ridge,80/20,0.9162464839055451,0.14683911994462043
Rg norm w/0.418,pH regr out,All,ProtBERT,low,190,GPR,80/20,0.9202644593862338,0.14327361547040887
Rg norm w/0.418,pH regr out,All,ProtBERT,low,190,Linear,85/15,0.5371348716249962,0.3375525550687042
Rg norm w/0.418,pH regr out,All,ProtBERT,low,190,Ridge,85/15,0.49900652557153413,0.3511803463381085
Rg norm w/0.418,pH regr out,All,ProtBERT,low,190,Lasso,85/15,-0.0033725433745375177,0.4969872813046616
Rg norm w/0.418,pH regr out,All,ProtBERT,low,190,Kernel Ridge,85/15,0.8975989808388456,0.15876921875047598
Rg norm w/0.418,pH regr out,All,ProtBERT,low,190,GPR,85/15,0.916589322201226,0.14329300600153408
Rg norm w/0.418,pH regr out,All,ProtBERT,low,190,Linear,90/10,0.6541234490853871,0.35020789614085307
Rg norm w/0.418,pH regr out,All,ProtBERT,low,190,Ridge,90/10,0.5573792743377566,0.39616969129799395
Rg norm w/0.418,pH regr out,All,ProtBERT,low,190,Lasso,90/10,0.16188508191880013,0.5451514350073242
Rg norm w/0.418,pH regr out,All,ProtBERT,low,190,Kernel Ridge,90/10,0.9022205079012521,0.18620410996596826
Rg norm w/0.418,pH regr out,All,ProtBERT,low,190,GPR,90/10,0.921511414253967,0.1668278781089002
Rg norm w/0.418,pH regr out,Inliers,ProtBERT,low,190,Linear,80/20,0.3704156113782243,0.08021426196932578
Rg norm w/0.418,pH regr out,Inliers,ProtBERT,low,190,Ridge,80/20,0.2593140561798377,0.0870044905236445
Rg norm w/0.418,pH regr out,Inliers,ProtBERT,low,190,Lasso,80/20,0.17089297677390725,0.09205129735045989
Rg norm w/0.418,pH regr out,Inliers,ProtBERT,low,190,Kernel Ridge,80/20,0.38232807107970246,0.07945176493403225
Rg norm w/0.418,pH regr out,Inliers,ProtBERT,low,190,GPR,80/20,0.35851842713455995,0.08096861478902323
Rg norm w/0.418,pH regr out,Inliers,ProtBERT,low,190,Linear,85/15,0.6648712045474826,0.05761563194124339
Rg norm w/0.418,pH regr out,Inliers,ProtBERT,low,190,Ridge,85/15,0.2741397107842263,0.08479319028824596
Rg norm w/0.418,pH regr out,Inliers,ProtBERT,low,190,Lasso,85/15,0.13315213871010456,0.09266290214550561
Rg norm w/0.418,pH regr out,Inliers,ProtBERT,low,190,Kernel Ridge,85/15,0.5451239982624685,0.06712448542259439
Rg norm w/0.418,pH regr out,Inliers,ProtBERT,low,190,GPR,85/15,0.5124552763042756,0.06949310029671206
Rg norm w/0.418,pH regr out,Inliers,ProtBERT,low,190,Linear,90/10,0.5392119622440317,0.059251339737670085
Rg norm w/0.418,pH regr out,Inliers,ProtBERT,low,190,Ridge,90/10,0.14684132610995948,0.0806236548639973
Rg norm w/0.418,pH regr out,Inliers,ProtBERT,low,190,Lasso,90/10,-0.04647327046538963,0.08929181412695088
Rg norm w/0.418,pH regr out,Inliers,ProtBERT,low,190,Kernel Ridge,90/10,0.5485409057404157,0.05864848251906443
Rg norm w/0.418,pH regr out,Inliers,ProtBERT,low,190,GPR,90/10,0.5456648462927425,0.05883499856733778
Rg w/no norm,buffer regr out,All,ProtBERT,low,190,Linear,80/20,0.4793997606518535,3.137880246639971
Rg w/no norm,buffer regr out,All,ProtBERT,low,190,Ridge,80/20,0.5165817502617036,3.023748767451864
Rg w/no norm,buffer regr out,All,ProtBERT,low,190,Lasso,80/20,0.1204660045614715,4.078594212942058
Rg w/no norm,buffer regr out,All,ProtBERT,low,190,Kernel Ridge,80/20,0.863463109848921,1.6069752462269524
Rg w/no norm,buffer regr out,All,ProtBERT,low,190,GPR,80/20,0.8721420311638537,1.5550633429072316
Rg w/no norm,buffer regr out,All,ProtBERT,low,190,Linear,85/15,0.5168003638393968,3.0075709868950016
Rg w/no norm,buffer regr out,All,ProtBERT,low,190,Ridge,85/15,0.44547423941403075,3.2219103388523638
Rg w/no norm,buffer regr out,All,ProtBERT,low,190,Lasso,85/15,0.12464955621087381,4.04802853750545
Rg w/no norm,buffer regr out,All,ProtBERT,low,190,Kernel Ridge,85/15,0.8383702512750123,1.739455153384746
Rg w/no norm,buffer regr out,All,ProtBERT,low,190,GPR,85/15,0.8617542298655902,1.608712785554725
Rg w/no norm,buffer regr out,All,ProtBERT,low,190,Linear,90/10,0.5981341507171929,3.2683715346459636
Rg w/no norm,buffer regr out,All,ProtBERT,low,190,Ridge,90/10,0.5137974614570673,3.595004843357087
Rg w/no norm,buffer regr out,All,ProtBERT,low,190,Lasso,90/10,0.10926841416714828,4.8659125020201355
Rg w/no norm,buffer regr out,All,ProtBERT,low,190,Kernel Ridge,90/10,0.8594132311908519,1.9331390486670643
Rg w/no norm,buffer regr out,All,ProtBERT,low,190,GPR,90/10,0.8849951581142955,1.748432744864784
Rg w/no norm,buffer regr out,Inliers,ProtBERT,low,190,Linear,80/20,-0.012296854906633792,1.405106867235719
Rg w/no norm,buffer regr out,Inliers,ProtBERT,low,190,Ridge,80/20,0.3035505584068292,1.165467613885744
Rg w/no norm,buffer regr out,Inliers,ProtBERT,low,190,Lasso,80/20,0.26037752303851835,1.2010482726425662
Rg w/no norm,buffer regr out,Inliers,ProtBERT,low,190,Kernel Ridge,80/20,0.3236452093474035,1.1485309367325762
Rg w/no norm,buffer regr out,Inliers,ProtBERT,low,190,GPR,80/20,0.20236650758796804,1.2472603122941606
Rg w/no norm,buffer regr out,Inliers,ProtBERT,low,190,Linear,85/15,0.20051554157767326,1.0953930179122227
Rg w/no norm,buffer regr out,Inliers,ProtBERT,low,190,Ridge,85/15,0.40092090330031327,0.9482154747761978
Rg w/no norm,buffer regr out,Inliers,ProtBERT,low,190,Lasso,85/15,0.18552493112436064,1.1056148240459518
Rg w/no norm,buffer regr out,Inliers,ProtBERT,low,190,Kernel Ridge,85/15,0.47352808448492045,0.8888992913178698
Rg w/no norm,buffer regr out,Inliers,ProtBERT,low,190,GPR,85/15,0.2721560801508992,1.045163139469848
Rg w/no norm,buffer regr out,Inliers,ProtBERT,low,190,Linear,90/10,0.3438483577957171,1.1189095198871477
Rg w/no norm,buffer regr out,Inliers,ProtBERT,low,190,Ridge,90/10,0.4334894890732328,1.0396731898193334
Rg w/no norm,buffer regr out,Inliers,ProtBERT,low,190,Lasso,90/10,0.17167375802145712,1.2571687268641465
Rg w/no norm,buffer regr out,Inliers,ProtBERT,low,190,Kernel Ridge,90/10,0.5184849492493111,0.9585125246894117
Rg w/no norm,buffer regr out,Inliers,ProtBERT,low,190,GPR,90/10,0.6208225412041801,0.8505779394690114
Rg norm w/0.427,buffer regr out,All,ProtBERT,low,190,Linear,80/20,0.5024005506091246,0.3452075734339164
Rg norm w/0.427,buffer regr out,All,ProtBERT,low,190,Ridge,80/20,0.5438928497434358,0.3305017852883073
Rg norm w/0.427,buffer regr out,All,ProtBERT,low,190,Lasso,80/20,-0.002850052792611857,0.49007028511206563
Rg norm w/0.427,buffer regr out,All,ProtBERT,low,190,Kernel Ridge,80/20,0.8021936026870062,0.21765093443548206
Rg norm w/0.427,buffer regr out,All,ProtBERT,low,190,GPR,80/20,0.9086860510522385,0.14787982630244242
Rg norm w/0.427,buffer regr out,All,ProtBERT,low,190,Linear,85/15,0.5190825689796624,0.33471652854932044
Rg norm w/0.427,buffer regr out,All,ProtBERT,low,190,Ridge,85/15,0.47760697517862627,0.3488514915083749
Rg norm w/0.427,buffer regr out,All,ProtBERT,low,190,Lasso,85/15,0.01665346787291022,0.4786247964749965
Rg norm w/0.427,buffer regr out,All,ProtBERT,low,190,Kernel Ridge,85/15,0.880397738073226,0.16692123758135743
Rg norm w/0.427,buffer regr out,All,ProtBERT,low,190,GPR,85/15,0.898261378106035,0.15395181902628044
Rg norm w/0.427,buffer regr out,All,ProtBERT,low,190,Linear,90/10,0.6207164144756825,0.357187793700335
Rg norm w/0.427,buffer regr out,All,ProtBERT,low,190,Ridge,90/10,0.5444131656666773,0.39147151614448045
Rg norm w/0.427,buffer regr out,All,ProtBERT,low,190,Lasso,90/10,0.0032546100092931685,0.579037516509059
Rg norm w/0.427,buffer regr out,All,ProtBERT,low,190,Kernel Ridge,90/10,0.8940577062364548,0.18877708300013235
Rg norm w/0.427,buffer regr out,All,ProtBERT,low,190,GPR,90/10,0.9129440482192511,0.17112514109954757
Rg norm w/0.427,buffer regr out,Inliers,ProtBERT,low,190,Linear,80/20,-9.122659460492066e-05,0.10882256148448007
Rg norm w/0.427,buffer regr out,Inliers,ProtBERT,low,190,Ridge,80/20,0.18054344207086936,0.09850586819249307
Rg norm w/0.427,buffer regr out,Inliers,ProtBERT,low,190,Lasso,80/20,0.12951612023100623,0.10152652040598147
Rg norm w/0.427,buffer regr out,Inliers,ProtBERT,low,190,Kernel Ridge,80/20,0.290693096987532,0.09164657278211302
Rg norm w/0.427,buffer regr out,Inliers,ProtBERT,low,190,GPR,80/20,0.09938977976801533,0.10326842918683422
Rg norm w/0.427,buffer regr out,Inliers,ProtBERT,low,190,Linear,85/15,0.297302528881186,0.08992044833138338
Rg norm w/0.427,buffer regr out,Inliers,ProtBERT,low,190,Ridge,85/15,0.29342076174926335,0.09016847079865214
Rg norm w/0.427,buffer regr out,Inliers,ProtBERT,low,190,Lasso,85/15,0.11708442872996327,0.10079380873391326
Rg norm w/0.427,buffer regr out,Inliers,ProtBERT,low,190,Kernel Ridge,85/15,0.38965096779790664,0.08380373953936758
Rg norm w/0.427,buffer regr out,Inliers,ProtBERT,low,190,GPR,85/15,0.4136780116946849,0.08213766620492673
Rg norm w/0.427,buffer regr out,Inliers,ProtBERT,low,190,Linear,90/10,0.15509880068310433,0.09248012563379526
Rg norm w/0.427,buffer regr out,Inliers,ProtBERT,low,190,Ridge,90/10,0.13461046379986252,0.0935947023743825
Rg norm w/0.427,buffer regr out,Inliers,ProtBERT,low,190,Lasso,90/10,-0.013394611812894475,0.10128257707707919
Rg norm w/0.427,buffer regr out,Inliers,ProtBERT,low,190,Kernel Ridge,90/10,0.37155483379814536,0.07975889762947272
Rg norm w/0.427,buffer regr out,Inliers,ProtBERT,low,190,GPR,90/10,0.6084892468343612,0.0629531252572776
Rg norm w/0.5,buffer regr out,All,ProtBERT,low,190,Linear,80/20,0.504301280903321,0.2384864035670798
Rg norm w/0.5,buffer regr out,All,ProtBERT,low,190,Ridge,80/20,0.5488735389661588,0.2275117740012387
Rg norm w/0.5,buffer regr out,All,ProtBERT,low,190,Lasso,80/20,-0.004102188485042069,0.339424887593166
Rg norm w/0.5,buffer regr out,All,ProtBERT,low,190,Kernel Ridge,80/20,0.7992420519563429,0.1517718053188582
Rg norm w/0.5,buffer regr out,All,ProtBERT,low,190,GPR,80/20,0.9066816785559674,0.10347565524860988
Rg norm w/0.5,buffer regr out,All,ProtBERT,low,190,Linear,85/15,0.5179698103079654,0.23160912517056761
Rg norm w/0.5,buffer regr out,All,ProtBERT,low,190,Ridge,85/15,0.4846905178778437,0.23947082676102063
Rg norm w/0.5,buffer regr out,All,ProtBERT,low,190,Lasso,85/15,0.10195903427338815,0.31613066197566864
Rg norm w/0.5,buffer regr out,All,ProtBERT,low,190,Kernel Ridge,85/15,0.8759911168164892,0.11747486233734858
Rg norm w/0.5,buffer regr out,All,ProtBERT,low,190,GPR,85/15,0.8950833346976391,0.10805398441800604
Rg norm w/0.5,buffer regr out,All,ProtBERT,low,190,Linear,90/10,0.6228042400985558,0.24624449316376135
Rg norm w/0.5,buffer regr out,All,ProtBERT,low,190,Ridge,90/10,0.5506540315939921,0.268765519072815
Rg norm w/0.5,buffer regr out,All,ProtBERT,low,190,Lasso,90/10,-0.009192556303704302,0.40278208456523795
Rg norm w/0.5,buffer regr out,All,ProtBERT,low,190,Kernel Ridge,90/10,0.8905314245966608,0.13265629363574585
Rg norm w/0.5,buffer regr out,All,ProtBERT,low,190,GPR,90/10,0.9106225668044219,0.1198662903858828
Rg norm w/0.5,buffer regr out,Inliers,ProtBERT,low,190,Linear,80/20,0.1946029148497005,0.07174035742788455
Rg norm w/0.5,buffer regr out,Inliers,ProtBERT,low,190,Ridge,80/20,0.28533644601376806,0.06757862121149735
Rg norm w/0.5,buffer regr out,Inliers,ProtBERT,low,190,Lasso,80/20,0.24028695989591964,0.06967601433164797
Rg norm w/0.5,buffer regr out,Inliers,ProtBERT,low,190,Kernel Ridge,80/20,0.35812957230610165,0.06404455214042726
Rg norm w/0.5,buffer regr out,Inliers,ProtBERT,low,190,GPR,80/20,0.22744694860964465,0.07026234908114212
Rg norm w/0.5,buffer regr out,Inliers,ProtBERT,low,190,Linear,85/15,0.4194992501995799,0.06057255824061575
Rg norm w/0.5,buffer regr out,Inliers,ProtBERT,low,190,Ridge,85/15,0.3688248075398498,0.06316107080535455
Rg norm w/0.5,buffer regr out,Inliers,ProtBERT,low,190,Lasso,85/15,0.1536483269659943,0.0731391573067886
Rg norm w/0.5,buffer regr out,Inliers,ProtBERT,low,190,Kernel Ridge,85/15,0.5550173522893231,0.05303298367952205
Rg norm w/0.5,buffer regr out,Inliers,ProtBERT,low,190,GPR,85/15,0.45072623047196436,0.05892084324245807
Rg norm w/0.5,buffer regr out,Inliers,ProtBERT,low,190,Linear,90/10,0.2173267740016811,0.061948464902099265
Rg norm w/0.5,buffer regr out,Inliers,ProtBERT,low,190,Ridge,90/10,0.17035054556688944,0.0637804569103241
Rg norm w/0.5,buffer regr out,Inliers,ProtBERT,low,190,Lasso,90/10,0.02682339103908804,0.069077425165988
Rg norm w/0.5,buffer regr out,Inliers,ProtBERT,low,190,Kernel Ridge,90/10,0.4075933668942996,0.0538952221599187
Rg norm w/0.5,buffer regr out,Inliers,ProtBERT,low,190,GPR,90/10,0.6208432640932355,0.043117115387619
Rg norm w/0.418,buffer regr out,All,ProtBERT,low,190,Linear,80/20,0.5021493001700151,0.3614305466809495
Rg norm w/0.418,buffer regr out,All,ProtBERT,low,190,Ridge,80/20,0.5432952608795962,0.3461728891956128
Rg norm w/0.418,buffer regr out,All,ProtBERT,low,190,Lasso,80/20,-0.0027055619824478683,0.5129346121073015
Rg norm w/0.418,buffer regr out,All,ProtBERT,low,190,Kernel Ridge,80/20,0.8023431561035834,0.2277357553912879
Rg norm w/0.418,buffer regr out,All,ProtBERT,low,190,GPR,80/20,0.9087291881900049,0.15475377447385927
Rg norm w/0.418,buffer regr out,All,ProtBERT,low,190,Linear,85/15,0.5192127468348324,0.35037774857842385
Rg norm w/0.418,buffer regr out,All,ProtBERT,low,190,Ridge,85/15,0.47678568593444415,0.36551049679682973
Rg norm w/0.418,buffer regr out,All,ProtBERT,low,190,Lasso,85/15,0.02002932212201436,0.5002263739674238
Rg norm w/0.418,buffer regr out,All,ProtBERT,low,190,Kernel Ridge,85/15,0.8806484985909444,0.17457175924034485
Rg norm w/0.418,buffer regr out,All,ProtBERT,low,190,GPR,85/15,0.8984093165955108,0.16105973719387678
Rg norm w/0.418,buffer regr out,All,ProtBERT,low,190,Linear,90/10,0.6204414753857572,0.37406661646433964
Rg norm w/0.418,buffer regr out,All,ProtBERT,low,190,Ridge,90/10,0.5436808092701189,0.4101511591464054
Rg norm w/0.418,buffer regr out,All,ProtBERT,low,190,Lasso,90/10,0.007101691557137246,0.6050091764687998
Rg norm w/0.418,buffer regr out,All,ProtBERT,low,190,Kernel Ridge,90/10,0.8942429703561049,0.19745321009971473
Rg norm w/0.418,buffer regr out,All,ProtBERT,low,190,GPR,90/10,0.913031881809182,0.17905630284170673
Rg norm w/0.418,buffer regr out,Inliers,ProtBERT,low,190,Linear,80/20,-0.022313479795281088,0.11467375164845472
Rg norm w/0.418,buffer regr out,Inliers,ProtBERT,low,190,Ridge,80/20,0.16981192639972997,0.10333804056458941
Rg norm w/0.418,buffer regr out,Inliers,ProtBERT,low,190,Lasso,80/20,0.12099163173814143,0.10633310168860012
Rg norm w/0.418,buffer regr out,Inliers,ProtBERT,low,190,Kernel Ridge,80/20,0.2836243415828049,0.09599362400978986
Rg norm w/0.418,buffer regr out,Inliers,ProtBERT,low,190,GPR,80/20,0.09955942667092677,0.10762161510699907
Rg norm w/0.418,buffer regr out,Inliers,ProtBERT,low,190,Linear,85/15,0.2824184081789083,0.0945454454551173
Rg norm w/0.418,buffer regr out,Inliers,ProtBERT,low,190,Ridge,85/15,0.28544798804505145,0.09434565218686844
Rg norm w/0.418,buffer regr out,Inliers,ProtBERT,low,190,Lasso,85/15,0.11562400687044294,0.1049599077296482
Rg norm w/0.418,buffer regr out,Inliers,ProtBERT,low,190,Kernel Ridge,85/15,0.38597250155603324,0.08745786640872544
Rg norm w/0.418,buffer regr out,Inliers,ProtBERT,low,190,GPR,85/15,0.4070973559748048,0.08594025961976105
Rg norm w/0.418,buffer regr out,Inliers,ProtBERT,low,190,Linear,90/10,0.15099259369633078,0.09727809041455936
Rg norm w/0.418,buffer regr out,Inliers,ProtBERT,low,190,Ridge,90/10,0.13433343853622903,0.0982278454831257
Rg norm w/0.418,buffer regr out,Inliers,ProtBERT,low,190,Lasso,90/10,-0.017517369646723235,0.10649524405180036
Rg norm w/0.418,buffer regr out,Inliers,ProtBERT,low,190,Kernel Ridge,90/10,0.36962016600775627,0.08382246981193142
Rg norm w/0.418,buffer regr out,Inliers,ProtBERT,low,190,GPR,90/10,0.6040246164549377,0.0664344572653809
Rg w/no norm,expr pH only regr out,All,ProtBERT,low,190,Linear,80/20,0.01769420568366109,4.37258458191627
Rg w/no norm,expr pH only regr out,All,ProtBERT,low,190,Ridge,80/20,0.5251753307722968,3.040055437685041
Rg w/no norm,expr pH only regr out,All,ProtBERT,low,190,Lasso,80/20,0.42579177893884046,3.3431015523755123
Rg w/no norm,expr pH only regr out,All,ProtBERT,low,190,Kernel Ridge,80/20,0.723471786624698,2.319981864758966
Rg w/no norm,expr pH only regr out,All,ProtBERT,low,190,GPR,80/20,0.6888422705613628,2.4609634465389942
Rg w/no norm,expr pH only regr out,All,ProtBERT,low,190,Linear,85/15,0.048661017826721165,4.263172558919787
Rg w/no norm,expr pH only regr out,All,ProtBERT,low,190,Ridge,85/15,0.48567142959963394,3.1346249798902863
Rg w/no norm,expr pH only regr out,All,ProtBERT,low,190,Lasso,85/15,0.3846645179930923,3.4286349246182852
Rg w/no norm,expr pH only regr out,All,ProtBERT,low,190,Kernel Ridge,85/15,0.7074059160133532,2.3642752492717807
Rg w/no norm,expr pH only regr out,All,ProtBERT,low,190,GPR,85/15,0.6893737280243408,2.4360396771207173
Rg w/no norm,expr pH only regr out,All,ProtBERT,low,190,Linear,90/10,0.282403830494778,4.227170995569015
Rg w/no norm,expr pH only regr out,All,ProtBERT,low,190,Ridge,90/10,0.49556674689104885,3.5441460823971416
Rg w/no norm,expr pH only regr out,All,ProtBERT,low,190,Lasso,90/10,0.35878965021021014,3.995857775681516
Rg w/no norm,expr pH only regr out,All,ProtBERT,low,190,Kernel Ridge,90/10,0.725795110056835,2.6130478215508846
Rg w/no norm,expr pH only regr out,All,ProtBERT,low,190,GPR,90/10,0.825842844663531,2.082477996556684
Rg w/no norm,expr pH only regr out,Inliers,ProtBERT,low,190,Linear,80/20,-0.1170334286822936,2.3476899033246825
Rg w/no norm,expr pH only regr out,Inliers,ProtBERT,low,190,Ridge,80/20,0.4589485798060581,1.633905436480543
Rg w/no norm,expr pH only regr out,Inliers,ProtBERT,low,190,Lasso,80/20,0.498599678754751,1.572895793832718
Rg w/no norm,expr pH only regr out,Inliers,ProtBERT,low,190,Kernel Ridge,80/20,0.46413655166156953,1.6260530650550034
Rg w/no norm,expr pH only regr out,Inliers,ProtBERT,low,190,GPR,80/20,-0.4204786933901763,2.647433189362915
Rg w/no norm,expr pH only regr out,Inliers,ProtBERT,low,190,Linear,85/15,0.11603629225839152,1.9838736689974867
Rg w/no norm,expr pH only regr out,Inliers,ProtBERT,low,190,Ridge,85/15,0.37807993631880543,1.6640412189272051
Rg w/no norm,expr pH only regr out,Inliers,ProtBERT,low,190,Lasso,85/15,0.47189267450291206,1.5334085896842977
Rg w/no norm,expr pH only regr out,Inliers,ProtBERT,low,190,Kernel Ridge,85/15,0.40282615821572876,1.6305990456470427
Rg w/no norm,expr pH only regr out,Inliers,ProtBERT,low,190,GPR,85/15,-0.4134557105510568,2.5086374322443077
Rg w/no norm,expr pH only regr out,Inliers,ProtBERT,low,190,Linear,90/10,-0.1631775934958064,2.2354059290917783
Rg w/no norm,expr pH only regr out,Inliers,ProtBERT,low,190,Ridge,90/10,0.3988061717596978,1.6070916381376799
Rg w/no norm,expr pH only regr out,Inliers,ProtBERT,low,190,Lasso,90/10,0.40273080023374863,1.6018374550883125
Rg w/no norm,expr pH only regr out,Inliers,ProtBERT,low,190,Kernel Ridge,90/10,0.43089841571510856,1.5636094335800523
Rg w/no norm,expr pH only regr out,Inliers,ProtBERT,low,190,GPR,90/10,-0.25457729801401285,2.321571677907378
Rg norm w/0.427,expr pH only regr out,All,ProtBERT,low,190,Linear,80/20,0.07097757065543109,0.4883093375814879
Rg norm w/0.427,expr pH only regr out,All,ProtBERT,low,190,Ridge,80/20,0.5367231641377022,0.3448277610399022
Rg norm w/0.427,expr pH only regr out,All,ProtBERT,low,190,Lasso,80/20,0.16397772026297963,0.4632237895419634
Rg norm w/0.427,expr pH only regr out,All,ProtBERT,low,190,Kernel Ridge,80/20,0.6769667182176315,0.287942362884013
Rg norm w/0.427,expr pH only regr out,All,ProtBERT,low,190,GPR,80/20,0.6926410298908124,0.2808696904195783
Rg norm w/0.427,expr pH only regr out,All,ProtBERT,low,190,Linear,85/15,0.11467891764519711,0.4748613614712913
Rg norm w/0.427,expr pH only regr out,All,ProtBERT,low,190,Ridge,85/15,0.4971170940049864,0.35789024981895246
Rg norm w/0.427,expr pH only regr out,All,ProtBERT,low,190,Lasso,85/15,0.220807915427208,0.4454907554390936
Rg norm w/0.427,expr pH only regr out,All,ProtBERT,low,190,Kernel Ridge,85/15,0.6503253789787786,0.2984341282828733
Rg norm w/0.427,expr pH only regr out,All,ProtBERT,low,190,GPR,85/15,0.6944190210474217,0.278984187791801
Rg norm w/0.427,expr pH only regr out,All,ProtBERT,low,190,Linear,90/10,0.320925466926132,0.4830948618945968
Rg norm w/0.427,expr pH only regr out,All,ProtBERT,low,190,Ridge,90/10,0.5143778144130804,0.4085290613665984
Rg norm w/0.427,expr pH only regr out,All,ProtBERT,low,190,Lasso,90/10,0.20320464009814965,0.5232956140507735
Rg norm w/0.427,expr pH only regr out,All,ProtBERT,low,190,Kernel Ridge,90/10,0.7451666008113852,0.29593877394812956
Rg norm w/0.427,expr pH only regr out,All,ProtBERT,low,190,GPR,90/10,0.830986037553795,0.24100995877713427
Rg norm w/0.427,expr pH only regr out,Inliers,ProtBERT,low,190,Linear,80/20,-0.3297033555364606,0.25733777992553086
Rg norm w/0.427,expr pH only regr out,Inliers,ProtBERT,low,190,Ridge,80/20,0.3355566057616265,0.1819094084764194
Rg norm w/0.427,expr pH only regr out,Inliers,ProtBERT,low,190,Lasso,80/20,0.39090454033104394,0.1741681940577634
Rg norm w/0.427,expr pH only regr out,Inliers,ProtBERT,low,190,Kernel Ridge,80/20,0.22076192034375397,0.196997743366761
Rg norm w/0.427,expr pH only regr out,Inliers,ProtBERT,low,190,GPR,80/20,-0.5787201787051977,0.2804004766828268
Rg norm w/0.427,expr pH only regr out,Inliers,ProtBERT,low,190,Linear,85/15,0.10501808700103343,0.22063445271366117
Rg norm w/0.427,expr pH only regr out,Inliers,ProtBERT,low,190,Ridge,85/15,0.3864307801303074,0.18268293602978258
Rg norm w/0.427,expr pH only regr out,Inliers,ProtBERT,low,190,Lasso,85/15,0.3970952584748312,0.18108836605209852
Rg norm w/0.427,expr pH only regr out,Inliers,ProtBERT,low,190,Kernel Ridge,85/15,0.35091848956482485,0.18789525789605968
Rg norm w/0.427,expr pH only regr out,Inliers,ProtBERT,low,190,GPR,85/15,-0.4082421692689162,0.27676098839715296
Rg norm w/0.427,expr pH only regr out,Inliers,ProtBERT,low,190,Linear,90/10,-0.24434250305650096,0.24516183684566598
Rg norm w/0.427,expr pH only regr out,Inliers,ProtBERT,low,190,Ridge,90/10,0.35850862706633513,0.17602660337763165
Rg norm w/0.427,expr pH only regr out,Inliers,ProtBERT,low,190,Lasso,90/10,0.14333799302490524,0.20341719059893473
Rg norm w/0.427,expr pH only regr out,Inliers,ProtBERT,low,190,Kernel Ridge,90/10,0.3593043329379373,0.17591739780681978
Rg norm w/0.427,expr pH only regr out,Inliers,ProtBERT,low,190,GPR,90/10,-0.2802362287219675,0.24867261150604525
Rg norm w/0.5,expr pH only regr out,All,ProtBERT,low,190,Linear,80/20,-0.13558414681822795,0.4063154710320743
Rg norm w/0.5,expr pH only regr out,All,ProtBERT,low,190,Ridge,80/20,0.5127635711659866,0.2661482250668654
Rg norm w/0.5,expr pH only regr out,All,ProtBERT,low,190,Lasso,80/20,0.43081637910515025,0.28766027783890064
Rg norm w/0.5,expr pH only regr out,All,ProtBERT,low,190,Kernel Ridge,80/20,0.6044583772554151,0.23980033970444878
Rg norm w/0.5,expr pH only regr out,All,ProtBERT,low,190,GPR,80/20,0.4794957919241807,0.2750843104994274
Rg norm w/0.5,expr pH only regr out,All,ProtBERT,low,190,Linear,85/15,-0.06333409984532601,0.39516488184877646
Rg norm w/0.5,expr pH only regr out,All,ProtBERT,low,190,Ridge,85/15,0.4993823625889322,0.2711418434956153
Rg norm w/0.5,expr pH only regr out,All,ProtBERT,low,190,Lasso,85/15,0.4137503417616134,0.2934166623400864
Rg norm w/0.5,expr pH only regr out,All,ProtBERT,low,190,Kernel Ridge,85/15,0.6616725985888057,0.22290102105604165
Rg norm w/0.5,expr pH only regr out,All,ProtBERT,low,190,GPR,85/15,0.49720816881763574,0.2717299931933657
Rg norm w/0.5,expr pH only regr out,All,ProtBERT,low,190,Linear,90/10,0.11894198975706294,0.4013596494520124
Rg norm w/0.5,expr pH only regr out,All,ProtBERT,low,190,Ridge,90/10,0.5236943915005462,0.29510346196478904
Rg norm w/0.5,expr pH only regr out,All,ProtBERT,low,190,Lasso,90/10,0.36283413714259616,0.341316832474675
Rg norm w/0.5,expr pH only regr out,All,ProtBERT,low,190,Kernel Ridge,90/10,0.676899158084945,0.24305272891531762
Rg norm w/0.5,expr pH only regr out,All,ProtBERT,low,190,GPR,90/10,0.7408105449711471,0.21769082286345037
Rg norm w/0.5,expr pH only regr out,Inliers,ProtBERT,low,190,Linear,80/20,-0.31227603279637073,0.17948996361448183
Rg norm w/0.5,expr pH only regr out,Inliers,ProtBERT,low,190,Ridge,80/20,0.33860571954010776,0.1274259231282518
Rg norm w/0.5,expr pH only regr out,Inliers,ProtBERT,low,190,Lasso,80/20,0.32930813527015557,0.12831844565359998
Rg norm w/0.5,expr pH only regr out,Inliers,ProtBERT,low,190,Kernel Ridge,80/20,0.22062701811252983,0.13832486153300472
Rg norm w/0.5,expr pH only regr out,Inliers,ProtBERT,low,190,GPR,80/20,-0.5556586698072845,0.19542707318361993
Rg norm w/0.5,expr pH only regr out,Inliers,ProtBERT,low,190,Linear,85/15,0.13852113023277401,0.15401788801168106
Rg norm w/0.5,expr pH only regr out,Inliers,ProtBERT,low,190,Ridge,85/15,0.40360138864021655,0.12814957221448925
Rg norm w/0.5,expr pH only regr out,Inliers,ProtBERT,low,190,Lasso,85/15,0.4152293174029903,0.12689416274359136
Rg norm w/0.5,expr pH only regr out,Inliers,ProtBERT,low,190,Kernel Ridge,85/15,0.3679066162407839,0.1319287571803851
Rg norm w/0.5,expr pH only regr out,Inliers,ProtBERT,low,190,GPR,85/15,-0.37175624432872034,0.19435124269620632
Rg norm w/0.5,expr pH only regr out,Inliers,ProtBERT,low,190,Linear,90/10,-0.22738356556633188,0.17058888160785862
Rg norm w/0.5,expr pH only regr out,Inliers,ProtBERT,low,190,Ridge,90/10,0.36460383204789626,0.12273908056013781
Rg norm w/0.5,expr pH only regr out,Inliers,ProtBERT,low,190,Lasso,90/10,0.22679766366804643,0.13539640985384263
Rg norm w/0.5,expr pH only regr out,Inliers,ProtBERT,low,190,Kernel Ridge,90/10,0.36557906782130756,0.12264485154712675
Rg norm w/0.5,expr pH only regr out,Inliers,ProtBERT,low,190,GPR,90/10,-0.2526669585380561,0.17233694148692674
Rg norm w/0.418,expr pH only regr out,All,ProtBERT,low,190,Linear,80/20,0.2205806226230258,0.45145740912967636
Rg norm w/0.418,expr pH only regr out,All,ProtBERT,low,190,Ridge,80/20,0.5470690432933285,0.34414953559632333
Rg norm w/0.418,expr pH only regr out,All,ProtBERT,low,190,Lasso,80/20,0.14537481357263538,0.47273638445777116
Rg norm w/0.418,expr pH only regr out,All,ProtBERT,low,190,Kernel Ridge,80/20,0.7161143957307603,0.272460074231266
Rg norm w/0.418,expr pH only regr out,All,ProtBERT,low,190,GPR,80/20,0.8113600863355577,0.22209970413424002
Rg norm w/0.418,expr pH only regr out,All,ProtBERT,low,190,Linear,85/15,0.2443817334120838,0.4401487227104886
Rg norm w/0.418,expr pH only regr out,All,ProtBERT,low,190,Ridge,85/15,0.4922907634985111,0.3607910486427308
Rg norm w/0.418,expr pH only regr out,All,ProtBERT,low,190,Lasso,85/15,0.20561302383947566,0.45129890469905576
Rg norm w/0.418,expr pH only regr out,All,ProtBERT,low,190,Kernel Ridge,85/15,0.6813922791172091,0.28580930888844414
Rg norm w/0.418,expr pH only regr out,All,ProtBERT,low,190,GPR,85/15,0.8058665139899078,0.22309942367023
Rg norm w/0.418,expr pH only regr out,All,ProtBERT,low,190,Linear,90/10,0.44548564338714536,0.44759469671772356
Rg norm w/0.418,expr pH only regr out,All,ProtBERT,low,190,Ridge,90/10,0.530699839406384,0.41176922619727313
Rg norm w/0.418,expr pH only regr out,All,ProtBERT,low,190,Lasso,90/10,0.1876419379047063,0.5417541942348122
Rg norm w/0.418,expr pH only regr out,All,ProtBERT,low,190,Kernel Ridge,90/10,0.6969878127921473,0.3308709077753542
Rg norm w/0.418,expr pH only regr out,All,ProtBERT,low,190,GPR,90/10,0.8741214168891716,0.21325757074140156
Rg norm w/0.418,expr pH only regr out,Inliers,ProtBERT,low,190,Linear,80/20,-0.3304240530469673,0.26917381123272843
Rg norm w/0.418,expr pH only regr out,Inliers,ProtBERT,low,190,Ridge,80/20,0.3359016718566725,0.19017523132290357
Rg norm w/0.418,expr pH only regr out,Inliers,ProtBERT,low,190,Lasso,80/20,0.38941466553559867,0.18235217350661878
Rg norm w/0.418,expr pH only regr out,Inliers,ProtBERT,low,190,Kernel Ridge,80/20,0.22151153944130864,0.20590355714598685
Rg norm w/0.418,expr pH only regr out,Inliers,ProtBERT,low,190,GPR,80/20,-0.580385404005896,0.29337240745008136
Rg norm w/0.418,expr pH only regr out,Inliers,ProtBERT,low,190,Linear,85/15,0.10151526283396373,0.23075335071137887
Rg norm w/0.418,expr pH only regr out,Inliers,ProtBERT,low,190,Ridge,85/15,0.38477777311321537,0.19094516798891897
Rg norm w/0.418,expr pH only regr out,Inliers,ProtBERT,low,190,Lasso,85/15,0.39327095720031513,0.18962258210630437
Rg norm w/0.418,expr pH only regr out,Inliers,ProtBERT,low,190,Kernel Ridge,85/15,0.349329645500735,0.19636911103018234
Rg norm w/0.418,expr pH only regr out,Inliers,ProtBERT,low,190,GPR,85/15,-0.41204291820777694,0.28927880352962304
Rg norm w/0.418,expr pH only regr out,Inliers,ProtBERT,low,190,Linear,90/10,-0.24557034164013292,0.25650374401984877
Rg norm w/0.418,expr pH only regr out,Inliers,ProtBERT,low,190,Ridge,90/10,0.3582457660502968,0.18411702572635497
Rg norm w/0.418,expr pH only regr out,Inliers,ProtBERT,low,190,Lasso,90/10,0.13331121646084587,0.21396422613347976
Rg norm w/0.418,expr pH only regr out,Inliers,ProtBERT,low,190,Kernel Ridge,90/10,0.35904939100850586,0.18400171103213647
Rg norm w/0.418,expr pH only regr out,Inliers,ProtBERT,low,190,GPR,90/10,-0.2827533690054651,0.2603041914651458
Rg w/no norm,expr buffer only regr out,All,ProtBERT,low,190,Linear,80/20,0.02861355724837622,4.3846655784728075
Rg w/no norm,expr buffer only regr out,All,ProtBERT,low,190,Ridge,80/20,0.5115183764504265,3.1093139209297704
Rg w/no norm,expr buffer only regr out,All,ProtBERT,low,190,Lasso,80/20,0.3805741404096986,3.5013467470861555
Rg w/no norm,expr buffer only regr out,All,ProtBERT,low,190,Kernel Ridge,80/20,0.7291125825978486,2.3154471486109474
Rg w/no norm,expr buffer only regr out,All,ProtBERT,low,190,GPR,80/20,0.7114026394110884,2.3899379940330663
Rg w/no norm,expr buffer only regr out,All,ProtBERT,low,190,Linear,85/15,0.19896661953670047,4.048569035654243
Rg w/no norm,expr buffer only regr out,All,ProtBERT,low,190,Ridge,85/15,0.4811288119024689,3.2584121763196494
Rg w/no norm,expr buffer only regr out,All,ProtBERT,low,190,Lasso,85/15,0.32972681453995933,3.703413154784605
Rg w/no norm,expr buffer only regr out,All,ProtBERT,low,190,Kernel Ridge,85/15,0.708497282450899,2.442291770044163
Rg w/no norm,expr buffer only regr out,All,ProtBERT,low,190,GPR,85/15,0.7037862297170162,2.4619479337623336
Rg w/no norm,expr buffer only regr out,All,ProtBERT,low,190,Linear,90/10,0.27498686268789385,4.453793965055385
Rg w/no norm,expr buffer only regr out,All,ProtBERT,low,190,Ridge,90/10,0.5254786891110099,3.603172424628887
Rg w/no norm,expr buffer only regr out,All,ProtBERT,low,190,Lasso,90/10,0.3160830980627982,4.3257244650273785
Rg w/no norm,expr buffer only regr out,All,ProtBERT,low,190,Kernel Ridge,90/10,0.7252746130653901,2.741615717931737
Rg w/no norm,expr buffer only regr out,All,ProtBERT,low,190,GPR,90/10,0.8285837244208105,2.1656247782005575
Rg w/no norm,expr buffer only regr out,Inliers,ProtBERT,low,190,Linear,80/20,0.08889130182360527,1.9526157822986552
Rg w/no norm,expr buffer only regr out,Inliers,ProtBERT,low,190,Ridge,80/20,0.42866326658490617,1.546243092577054
Rg w/no norm,expr buffer only regr out,Inliers,ProtBERT,low,190,Lasso,80/20,0.49074417354525957,1.4598213202573895
Rg w/no norm,expr buffer only regr out,Inliers,ProtBERT,low,190,Kernel Ridge,80/20,0.43875691270485784,1.5325237065053867
Rg w/no norm,expr buffer only regr out,Inliers,ProtBERT,low,190,GPR,80/20,-0.542516100973514,2.5406600098662198
Rg w/no norm,expr buffer only regr out,Inliers,ProtBERT,low,190,Linear,85/15,0.29699432621321475,1.7317880325697619
Rg w/no norm,expr buffer only regr out,Inliers,ProtBERT,low,190,Ridge,85/15,0.44100265448995735,1.544259180541884
Rg w/no norm,expr buffer only regr out,Inliers,ProtBERT,low,190,Lasso,85/15,0.5532914016365659,1.3804715955694138
Rg w/no norm,expr buffer only regr out,Inliers,ProtBERT,low,190,Kernel Ridge,85/15,0.46764987445867523,1.5070025927309505
Rg w/no norm,expr buffer only regr out,Inliers,ProtBERT,low,190,GPR,85/15,-0.3743690698651514,2.4214026060906266
Rg w/no norm,expr buffer only regr out,Inliers,ProtBERT,low,190,Linear,90/10,0.18182784632330073,1.8607465070666729
Rg w/no norm,expr buffer only regr out,Inliers,ProtBERT,low,190,Ridge,90/10,0.504315508334009,1.4483300149301923
Rg w/no norm,expr buffer only regr out,Inliers,ProtBERT,low,190,Lasso,90/10,0.5967220353248539,1.3063727464239079
Rg w/no norm,expr buffer only regr out,Inliers,ProtBERT,low,190,Kernel Ridge,90/10,0.5489144509665388,1.381638168716408
Rg w/no norm,expr buffer only regr out,Inliers,ProtBERT,low,190,GPR,90/10,-0.12903333721737242,2.1858393908673075
Rg norm w/0.427,expr buffer only regr out,All,ProtBERT,low,190,Linear,80/20,0.12362940768741548,0.473683864436051
Rg norm w/0.427,expr buffer only regr out,All,ProtBERT,low,190,Ridge,80/20,0.5355353902302374,0.3448426766056347
Rg norm w/0.427,expr buffer only regr out,All,ProtBERT,low,190,Lasso,80/20,0.15872213306274885,0.46410305251632733
Rg norm w/0.427,expr buffer only regr out,All,ProtBERT,low,190,Kernel Ridge,80/20,0.682755133071986,0.2849981200040982
Rg norm w/0.427,expr buffer only regr out,All,ProtBERT,low,190,GPR,80/20,0.7031197586323064,0.275699094972022
Rg norm w/0.427,expr buffer only regr out,All,ProtBERT,low,190,Linear,85/15,0.23555368592348513,0.44416797967814087
Rg norm w/0.427,expr buffer only regr out,All,ProtBERT,low,190,Ridge,85/15,0.4891138598551078,0.36310799527211207
Rg norm w/0.427,expr buffer only regr out,All,ProtBERT,low,190,Lasso,85/15,0.20832409505559601,0.4520093983360847
Rg norm w/0.427,expr buffer only regr out,All,ProtBERT,low,190,Kernel Ridge,85/15,0.6501990620353603,0.3004583210939409
Rg norm w/0.427,expr buffer only regr out,All,ProtBERT,low,190,GPR,85/15,0.7009008133872875,0.27783142556832796
Rg norm w/0.427,expr buffer only regr out,All,ProtBERT,low,190,Linear,90/10,0.3262568914448478,0.48817755039241145
Rg norm w/0.427,expr buffer only regr out,All,ProtBERT,low,190,Ridge,90/10,0.503971020472463,0.4188747299504279
Rg norm w/0.427,expr buffer only regr out,All,ProtBERT,low,190,Lasso,90/10,0.18683297306546176,0.5363157065473539
Rg norm w/0.427,expr buffer only regr out,All,ProtBERT,low,190,Kernel Ridge,90/10,0.7445270818532965,0.30060975539506607
Rg norm w/0.427,expr buffer only regr out,All,ProtBERT,low,190,GPR,90/10,0.8319806110659187,0.24378688393684173
Rg norm w/0.427,expr buffer only regr out,Inliers,ProtBERT,low,190,Linear,80/20,-0.03963860239780348,0.21056830865849055
Rg norm w/0.427,expr buffer only regr out,Inliers,ProtBERT,low,190,Ridge,80/20,0.32287148176182157,0.16993677142191616
Rg norm w/0.427,expr buffer only regr out,Inliers,ProtBERT,low,190,Lasso,80/20,0.44305609987233374,0.1541194804416293
Rg norm w/0.427,expr buffer only regr out,Inliers,ProtBERT,low,190,Kernel Ridge,80/20,0.34249706706590777,0.16745597862376926
Rg norm w/0.427,expr buffer only regr out,Inliers,ProtBERT,low,190,GPR,80/20,-0.8179026011971153,0.27844352038065706
Rg norm w/0.427,expr buffer only regr out,Inliers,ProtBERT,low,190,Linear,85/15,0.25996915869312953,0.1883344740166297
Rg norm w/0.427,expr buffer only regr out,Inliers,ProtBERT,low,190,Ridge,85/15,0.43004671119891813,0.16528161420306703
Rg norm w/0.427,expr buffer only regr out,Inliers,ProtBERT,low,190,Lasso,85/15,0.49747716163700817,0.1551968190906651
Rg norm w/0.427,expr buffer only regr out,Inliers,ProtBERT,low,190,Kernel Ridge,85/15,0.3852982353974964,0.1716473660830223
Rg norm w/0.427,expr buffer only regr out,Inliers,ProtBERT,low,190,GPR,85/15,-0.51764701413254,0.2697058084180334
Rg norm w/0.427,expr buffer only regr out,Inliers,ProtBERT,low,190,Linear,90/10,0.03783592282772574,0.20375375662333498
Rg norm w/0.427,expr buffer only regr out,Inliers,ProtBERT,low,190,Ridge,90/10,0.4702528817701469,0.15118731590996806
Rg norm w/0.427,expr buffer only regr out,Inliers,ProtBERT,low,190,Lasso,90/10,0.3446237146436125,0.16816143963280777
Rg norm w/0.427,expr buffer only regr out,Inliers,ProtBERT,low,190,Kernel Ridge,90/10,0.4387796162138896,0.15561368018192281
Rg norm w/0.427,expr buffer only regr out,Inliers,ProtBERT,low,190,GPR,90/10,-0.31656758228912496,0.23834312767664873
Rg norm w/0.5,expr buffer only regr out,All,ProtBERT,low,190,Linear,80/20,-0.06998759230652496,0.39155997472707316
Rg norm w/0.5,expr buffer only regr out,All,ProtBERT,low,190,Ridge,80/20,0.5157144115902265,0.26342664070974825
Rg norm w/0.5,expr buffer only regr out,All,ProtBERT,low,190,Lasso,80/20,0.42071359384835794,0.28810818041892605
Rg norm w/0.5,expr buffer only regr out,All,ProtBERT,low,190,Kernel Ridge,80/20,0.612928449158897,0.23550739425163592
Rg norm w/0.5,expr buffer only regr out,All,ProtBERT,low,190,GPR,80/20,0.4874107625208137,0.2710152084441419
Rg norm w/0.5,expr buffer only regr out,All,ProtBERT,low,190,Linear,85/15,0.06964336003989768,0.368401544188303
Rg norm w/0.5,expr buffer only regr out,All,ProtBERT,low,190,Ridge,85/15,0.49768575041263363,0.27069763426666205
Rg norm w/0.5,expr buffer only regr out,All,ProtBERT,low,190,Lasso,85/15,0.4062924018592542,0.29429508878586813
Rg norm w/0.5,expr buffer only regr out,All,ProtBERT,low,190,Kernel Ridge,85/15,0.6700150366412081,0.21940361877578846
Rg norm w/0.5,expr buffer only regr out,All,ProtBERT,low,190,GPR,85/15,0.5025362009103724,0.26938750765205544
Rg norm w/0.5,expr buffer only regr out,All,ProtBERT,low,190,Linear,90/10,0.13680294587591346,0.39943213184433823
Rg norm w/0.5,expr buffer only regr out,All,ProtBERT,low,190,Ridge,90/10,0.5197544157507438,0.29793375731014093
Rg norm w/0.5,expr buffer only regr out,All,ProtBERT,low,190,Lasso,90/10,0.35798255051539196,0.3444779591059659
Rg norm w/0.5,expr buffer only regr out,All,ProtBERT,low,190,Kernel Ridge,90/10,0.6774027831142242,0.2441846342019608
Rg norm w/0.5,expr buffer only regr out,All,ProtBERT,low,190,GPR,90/10,0.7435576610577934,0.21771226102177563
Rg norm w/0.5,expr buffer only regr out,Inliers,ProtBERT,low,190,Linear,80/20,-0.026543490719233898,0.14765188648842362
Rg norm w/0.5,expr buffer only regr out,Inliers,ProtBERT,low,190,Ridge,80/20,0.3268680720616063,0.11956399524979064
Rg norm w/0.5,expr buffer only regr out,Inliers,ProtBERT,low,190,Lasso,80/20,0.2859070067782812,0.12314809818076146
Rg norm w/0.5,expr buffer only regr out,Inliers,ProtBERT,low,190,Kernel Ridge,80/20,0.3466718190664587,0.11779206060461161
Rg norm w/0.5,expr buffer only regr out,Inliers,ProtBERT,low,190,GPR,80/20,-0.8064575155931171,0.19586832054519573
Rg norm w/0.5,expr buffer only regr out,Inliers,ProtBERT,low,190,Linear,85/15,0.27327980530228,0.13213186616575426
Rg norm w/0.5,expr buffer only regr out,Inliers,ProtBERT,low,190,Ridge,85/15,0.43405911233279015,0.11660293715646124
Rg norm w/0.5,expr buffer only regr out,Inliers,ProtBERT,low,190,Lasso,85/15,0.39588058898179657,0.1204717861882196
Rg norm w/0.5,expr buffer only regr out,Inliers,ProtBERT,low,190,Kernel Ridge,85/15,0.3903339445991377,0.12102357062390001
Rg norm w/0.5,expr buffer only regr out,Inliers,ProtBERT,low,190,GPR,85/15,-0.5068706057905235,0.19026632724992582
Rg norm w/0.5,expr buffer only regr out,Inliers,ProtBERT,low,190,Linear,90/10,0.022071838534671206,0.14297815627389102
Rg norm w/0.5,expr buffer only regr out,Inliers,ProtBERT,low,190,Ridge,90/10,0.45657714915202574,0.10658231876419881
Rg norm w/0.5,expr buffer only regr out,Inliers,ProtBERT,low,190,Lasso,90/10,0.3849206539371629,0.11339183620874686
Rg norm w/0.5,expr buffer only regr out,Inliers,ProtBERT,low,190,Kernel Ridge,90/10,0.4280713505402224,0.10934203241339165
Rg norm w/0.5,expr buffer only regr out,Inliers,ProtBERT,low,190,GPR,90/10,-0.328914883231729,0.16667282587645285
Rg norm w/0.418,expr buffer only regr out,All,ProtBERT,low,190,Linear,80/20,0.2602135782856081,0.4410024585685917
Rg norm w/0.418,expr buffer only regr out,All,ProtBERT,low,190,Ridge,80/20,0.5418208718175352,0.3470607360271537
Rg norm w/0.418,expr buffer only regr out,All,ProtBERT,low,190,Lasso,80/20,0.14925067724140428,0.4729210430114209
Rg norm w/0.418,expr buffer only regr out,All,ProtBERT,low,190,Kernel Ridge,80/20,0.7174107712504892,0.27256220550843924
Rg norm w/0.418,expr buffer only regr out,All,ProtBERT,low,190,GPR,80/20,0.8176302737996974,0.21895970826005584
Rg norm w/0.418,expr buffer only regr out,All,ProtBERT,low,190,Linear,85/15,0.342783363996933,0.41532442326850555
Rg norm w/0.418,expr buffer only regr out,All,ProtBERT,low,190,Ridge,85/15,0.4801288681427788,0.36938652415909506
Rg norm w/0.418,expr buffer only regr out,All,ProtBERT,low,190,Lasso,85/15,0.19494749353699825,0.4596690887605518
Rg norm w/0.418,expr buffer only regr out,All,ProtBERT,low,190,Kernel Ridge,85/15,0.6759784019572674,0.29162192767448003
Rg norm w/0.418,expr buffer only regr out,All,ProtBERT,low,190,GPR,85/15,0.8072947913002262,0.22489506386044078
Rg norm w/0.418,expr buffer only regr out,All,ProtBERT,low,190,Linear,90/10,0.4386757045738616,0.45827839834175066
Rg norm w/0.418,expr buffer only regr out,All,ProtBERT,low,190,Ridge,90/10,0.5180397417868046,0.4246470200950534
Rg norm w/0.418,expr buffer only regr out,All,ProtBERT,low,190,Lasso,90/10,0.1763143079617291,0.5551409032177939
Rg norm w/0.418,expr buffer only regr out,All,ProtBERT,low,190,Kernel Ridge,90/10,0.6893161605644702,0.3409430158234278
Rg norm w/0.418,expr buffer only regr out,All,ProtBERT,low,190,GPR,90/10,0.8718012716162641,0.21901019170349456
Rg norm w/0.418,expr buffer only regr out,Inliers,ProtBERT,low,190,Linear,80/20,-0.040403443550236506,0.22015281331600844
Rg norm w/0.418,expr buffer only regr out,Inliers,ProtBERT,low,190,Ridge,80/20,0.3229948913702785,0.17759033320753945
Rg norm w/0.418,expr buffer only regr out,Inliers,ProtBERT,low,190,Lasso,80/20,0.44286669514060406,0.16110273360324842
Rg norm w/0.418,expr buffer only regr out,Inliers,ProtBERT,low,190,Kernel Ridge,80/20,0.34254870787491576,0.17500688744033813
Rg norm w/0.418,expr buffer only regr out,Inliers,ProtBERT,low,190,GPR,80/20,-0.8178232534772145,0.29100414596050633
Rg norm w/0.418,expr buffer only regr out,Inliers,ProtBERT,low,190,Linear,85/15,0.25869185007898976,0.19689827083947298
Rg norm w/0.418,expr buffer only regr out,Inliers,ProtBERT,low,190,Ridge,85/15,0.4299344237454499,0.17266524258368293
Rg norm w/0.418,expr buffer only regr out,Inliers,ProtBERT,low,190,Lasso,85/15,0.4976228946344946,0.16209045241085035
Rg norm w/0.418,expr buffer only regr out,Inliers,ProtBERT,low,190,Kernel Ridge,85/15,0.3851157437384387,0.17932432363595902
Rg norm w/0.418,expr buffer only regr out,Inliers,ProtBERT,low,190,GPR,85/15,-0.5180217080582614,0.28176140605131583
Rg norm w/0.418,expr buffer only regr out,Inliers,ProtBERT,low,190,Linear,90/10,0.04025099482033467,0.21300586960084017
Rg norm w/0.418,expr buffer only regr out,Inliers,ProtBERT,low,190,Ridge,90/10,0.47222263569040557,0.1579567231841964
Rg norm w/0.418,expr buffer only regr out,Inliers,ProtBERT,low,190,Lasso,90/10,0.3392182537884366,0.17674280955355184
Rg norm w/0.418,expr buffer only regr out,Inliers,ProtBERT,low,190,Kernel Ridge,90/10,0.4404611339761352,0.16264018697749608
Rg norm w/0.418,expr buffer only regr out,Inliers,ProtBERT,low,190,GPR,90/10,-0.31414875347942317,0.24924990385205095
Rg w/no norm,No regr out,All,ProtBERT,low,20,Linear,80/20,0.3125438960812307,3.5109237935598374
Rg w/no norm,No regr out,All,ProtBERT,low,20,Ridge,80/20,0.30044481079892327,3.5416848034450528
Rg w/no norm,No regr out,All,ProtBERT,low,20,Lasso,80/20,0.1669419009446097,3.8648848779745757
Rg w/no norm,No regr out,All,ProtBERT,low,20,Kernel Ridge,80/20,0.26884045690457725,3.620803806348767
Rg w/no norm,No regr out,All,ProtBERT,low,20,GPR,80/20,0.8357014139959452,1.7163894233109214
Rg w/no norm,No regr out,All,ProtBERT,low,20,Linear,85/15,0.2591272180558707,3.533581838568156
Rg w/no norm,No regr out,All,ProtBERT,low,20,Ridge,85/15,0.2688874480924618,3.510229034521303
Rg w/no norm,No regr out,All,ProtBERT,low,20,Lasso,85/15,0.16224954879361564,3.757514535811012
Rg w/no norm,No regr out,All,ProtBERT,low,20,Kernel Ridge,85/15,0.27149158648695115,3.50397194276944
Rg w/no norm,No regr out,All,ProtBERT,low,20,GPR,85/15,0.8089234021337537,1.7945149638724063
Rg w/no norm,No regr out,All,ProtBERT,low,20,Linear,90/10,0.31410755314108674,4.047776331358167
Rg w/no norm,No regr out,All,ProtBERT,low,20,Ridge,90/10,0.2941056211505175,4.106372645327272
Rg w/no norm,No regr out,All,ProtBERT,low,20,Lasso,90/10,0.14688978184585666,4.514306770560656
Rg w/no norm,No regr out,All,ProtBERT,low,20,Kernel Ridge,90/10,0.2655275617336309,4.1886709811331615
Rg w/no norm,No regr out,All,ProtBERT,low,20,GPR,90/10,0.8701207506876695,1.761401578962837
Rg w/no norm,No regr out,Inliers,ProtBERT,low,20,Linear,80/20,0.43279320287243783,1.0733503669202322
Rg w/no norm,No regr out,Inliers,ProtBERT,low,20,Ridge,80/20,0.47442744564480177,1.0332065122366088
Rg w/no norm,No regr out,Inliers,ProtBERT,low,20,Lasso,80/20,0.4584743274511315,1.0487701572265604
Rg w/no norm,No regr out,Inliers,ProtBERT,low,20,Kernel Ridge,80/20,0.5678926248211267,0.9368426097904653
Rg w/no norm,No regr out,Inliers,ProtBERT,low,20,GPR,80/20,0.5421896376203827,0.9643031936175955
Rg w/no norm,No regr out,Inliers,ProtBERT,low,20,Linear,85/15,0.16850167631603208,0.9724999626973635
Rg w/no norm,No regr out,Inliers,ProtBERT,low,20,Ridge,85/15,0.28664444722076,0.9007658803696916
Rg w/no norm,No regr out,Inliers,ProtBERT,low,20,Lasso,85/15,0.21876750263795597,0.9426469238419223
Rg w/no norm,No regr out,Inliers,ProtBERT,low,20,Kernel Ridge,85/15,0.37019239770476864,0.8463750523074918
Rg w/no norm,No regr out,Inliers,ProtBERT,low,20,GPR,85/15,0.48551297336924504,0.7649730202521258
Rg w/no norm,No regr out,Inliers,ProtBERT,low,20,Linear,90/10,0.28266991198577796,0.9661552277762272
Rg w/no norm,No regr out,Inliers,ProtBERT,low,20,Ridge,90/10,0.3494921336444333,0.9200547265776567
Rg w/no norm,No regr out,Inliers,ProtBERT,low,20,Lasso,90/10,0.38828494212371645,0.8921994886371029
Rg w/no norm,No regr out,Inliers,ProtBERT,low,20,Kernel Ridge,90/10,0.49669323498600226,0.8092892439524729
Rg w/no norm,No regr out,Inliers,ProtBERT,low,20,GPR,90/10,0.46029964675320556,0.8380380460177876
Rg norm w/0.427,No regr out,All,ProtBERT,low,20,Linear,80/20,0.2769027356549948,0.4123767445680096
Rg norm w/0.427,No regr out,All,ProtBERT,low,20,Ridge,80/20,0.25726582302434553,0.41793862621832795
Rg norm w/0.427,No regr out,All,ProtBERT,low,20,Lasso,80/20,-0.010103950816635399,0.4873924994520305
Rg norm w/0.427,No regr out,All,ProtBERT,low,20,Kernel Ridge,80/20,0.032948576375114946,0.4768926081454861
Rg norm w/0.427,No regr out,All,ProtBERT,low,20,GPR,80/20,0.74265901667119,0.24600859726290708
Rg norm w/0.427,No regr out,All,ProtBERT,low,20,Linear,85/15,0.24114920168076526,0.41316193991216654
Rg norm w/0.427,No regr out,All,ProtBERT,low,20,Ridge,85/15,0.2391132611986857,0.41371581010330244
Rg norm w/0.427,No regr out,All,ProtBERT,low,20,Lasso,85/15,0.12183953482861964,0.44445628393678305
Rg norm w/0.427,No regr out,All,ProtBERT,low,20,Kernel Ridge,85/15,0.05425832268038644,0.4612414983476706
Rg norm w/0.427,No regr out,All,ProtBERT,low,20,GPR,85/15,0.7064682636185355,0.2569624367792208
Rg norm w/0.427,No regr out,All,ProtBERT,low,20,Linear,90/10,0.28488356506058965,0.4813960813884878
Rg norm w/0.427,No regr out,All,ProtBERT,low,20,Ridge,90/10,0.2616831409343269,0.48914268580440823
Rg norm w/0.427,No regr out,All,ProtBERT,low,20,Lasso,90/10,0.10189528352462307,0.5394828705922742
Rg norm w/0.427,No regr out,All,ProtBERT,low,20,Kernel Ridge,90/10,0.04417270929883499,0.5565496119879421
Rg norm w/0.427,No regr out,All,ProtBERT,low,20,GPR,90/10,0.8097119678268687,0.24832469380554653
Rg norm w/0.427,No regr out,Inliers,ProtBERT,low,20,Linear,80/20,-0.02027734133007475,0.09759600635803563
Rg norm w/0.427,No regr out,Inliers,ProtBERT,low,20,Ridge,80/20,0.07471807317604151,0.09294156164540567
Rg norm w/0.427,No regr out,Inliers,ProtBERT,low,20,Lasso,80/20,0.09072741758339853,0.09213401001248948
Rg norm w/0.427,No regr out,Inliers,ProtBERT,low,20,Kernel Ridge,80/20,0.14943087044555803,0.08911026474677532
Rg norm w/0.427,No regr out,Inliers,ProtBERT,low,20,GPR,80/20,0.03451155170709386,0.0949393965026619
Rg norm w/0.427,No regr out,Inliers,ProtBERT,low,20,Linear,85/15,-0.0781153660641063,0.09967170918505427
Rg norm w/0.427,No regr out,Inliers,ProtBERT,low,20,Ridge,85/15,0.020932488478706768,0.0949829398558029
Rg norm w/0.427,No regr out,Inliers,ProtBERT,low,20,Lasso,85/15,0.051621531973469414,0.09348245955237627
Rg norm w/0.427,No regr out,Inliers,ProtBERT,low,20,Kernel Ridge,85/15,0.0985600451156442,0.09113971988885741
Rg norm w/0.427,No regr out,Inliers,ProtBERT,low,20,GPR,85/15,0.18199665398444753,0.08681940951858128
Rg norm w/0.427,No regr out,Inliers,ProtBERT,low,20,Linear,90/10,-0.4079351976163843,0.09907854514979166
Rg norm w/0.427,No regr out,Inliers,ProtBERT,low,20,Ridge,90/10,-0.23222470104235193,0.09269007700238725
Rg norm w/0.427,No regr out,Inliers,ProtBERT,low,20,Lasso,90/10,-0.18264083293018274,0.09080603705145252
Rg norm w/0.427,No regr out,Inliers,ProtBERT,low,20,Kernel Ridge,90/10,-0.12317526430853709,0.08849363871985391
Rg norm w/0.427,No regr out,Inliers,ProtBERT,low,20,GPR,90/10,0.04486143201088755,0.08160588495905811
Rg norm w/0.5,No regr out,All,ProtBERT,low,20,Linear,80/20,0.2771835762964684,0.43138738406043914
Rg norm w/0.5,No regr out,All,ProtBERT,low,20,Ridge,80/20,0.2575910493773914,0.4371948461042295
Rg norm w/0.5,No regr out,All,ProtBERT,low,20,Lasso,80/20,-0.009767667354325882,0.5098755235589676
Rg norm w/0.5,No regr out,All,ProtBERT,low,20,Kernel Ridge,80/20,0.03346055848029028,0.49884224434046415
Rg norm w/0.5,No regr out,All,ProtBERT,low,20,GPR,80/20,0.7455955985258023,0.25592678700200355
Rg norm w/0.5,No regr out,All,ProtBERT,low,20,Linear,85/15,0.24105762936536035,0.4322452311273221
Rg norm w/0.5,No regr out,All,ProtBERT,low,20,Ridge,85/15,0.2391725465561071,0.4327817097496609
Rg norm w/0.5,No regr out,All,ProtBERT,low,20,Lasso,85/15,0.12889856000611044,0.4630844271559147
Rg norm w/0.5,No regr out,All,ProtBERT,low,20,Kernel Ridge,85/15,0.05468593259773202,0.48240729999135834
Rg norm w/0.5,No regr out,All,ProtBERT,low,20,GPR,85/15,0.7096288626405132,0.2673637559295855
Rg norm w/0.5,No regr out,All,ProtBERT,low,20,Linear,90/10,0.2850692977304281,0.5035122807106902
Rg norm w/0.5,No regr out,All,ProtBERT,low,20,Ridge,90/10,0.2618591226379937,0.51162024561725
Rg norm w/0.5,No regr out,All,ProtBERT,low,20,Lasso,90/10,0.10928068678336755,0.5620158038324307
Rg norm w/0.5,No regr out,All,ProtBERT,low,20,Kernel Ridge,90/10,0.044629892673822225,0.5820548572144005
Rg norm w/0.5,No regr out,All,ProtBERT,low,20,GPR,90/10,0.8119554940050157,0.25823102446527935
Rg norm w/0.5,No regr out,Inliers,ProtBERT,low,20,Linear,80/20,0.07222382825439133,0.06682379098775244
Rg norm w/0.5,No regr out,Inliers,ProtBERT,low,20,Ridge,80/20,0.1540538381353853,0.06380884228019565
Rg norm w/0.5,No regr out,Inliers,ProtBERT,low,20,Lasso,80/20,0.16262799728701793,0.06348464874585602
Rg norm w/0.5,No regr out,Inliers,ProtBERT,low,20,Kernel Ridge,80/20,0.22508860496350014,0.06107106962601106
Rg norm w/0.5,No regr out,Inliers,ProtBERT,low,20,GPR,80/20,0.10752980232844822,0.0655399890033381
Rg norm w/0.5,No regr out,Inliers,ProtBERT,low,20,Linear,85/15,0.10366893159727375,0.06923927356811825
Rg norm w/0.5,No regr out,Inliers,ProtBERT,low,20,Ridge,85/15,0.17504266451918504,0.06642537609667304
Rg norm w/0.5,No regr out,Inliers,ProtBERT,low,20,Lasso,85/15,0.18748229619105283,0.06592265560271525
Rg norm w/0.5,No regr out,Inliers,ProtBERT,low,20,Kernel Ridge,85/15,0.24891859495671198,0.0633813934143188
Rg norm w/0.5,No regr out,Inliers,ProtBERT,low,20,GPR,85/15,0.3097714238665821,0.060759577531644474
Rg norm w/0.5,No regr out,Inliers,ProtBERT,low,20,Linear,90/10,-0.290774855256974,0.06848864768846098
Rg norm w/0.5,No regr out,Inliers,ProtBERT,low,20,Ridge,90/10,-0.11778827112563395,0.06373428483954098
Rg norm w/0.5,No regr out,Inliers,ProtBERT,low,20,Lasso,90/10,-0.06796376031734574,0.062297640861010195
Rg norm w/0.5,No regr out,Inliers,ProtBERT,low,20,Kernel Ridge,90/10,-0.011388246507949118,0.06062507571300521
Rg norm w/0.5,No regr out,Inliers,ProtBERT,low,20,GPR,90/10,0.16687995043504122,0.055023363657294905
Rg norm w/0.418,No regr out,All,ProtBERT,low,20,Linear,80/20,0.27595938222979277,0.2866152836975777
Rg norm w/0.418,No regr out,All,ProtBERT,low,20,Ridge,80/20,0.2561459661987927,0.2905104381960885
Rg norm w/0.418,No regr out,All,ProtBERT,low,20,Lasso,80/20,-0.012948999481558365,0.3390093451200575
Rg norm w/0.418,No regr out,All,ProtBERT,low,20,Kernel Ridge,80/20,0.029447400743421337,0.3318389944682808
Rg norm w/0.418,No regr out,All,ProtBERT,low,20,GPR,80/20,0.7168162909492701,0.17924704841839761
Rg norm w/0.418,No regr out,All,ProtBERT,low,20,Linear,85/15,0.2433782701373689,0.2869713155425428
Rg norm w/0.418,No regr out,All,ProtBERT,low,20,Ridge,85/15,0.24021814379991768,0.2875699770923985
Rg norm w/0.418,No regr out,All,ProtBERT,low,20,Lasso,85/15,0.09141070546840468,0.314472657967327
Rg norm w/0.418,No regr out,All,ProtBERT,low,20,Kernel Ridge,85/15,0.051381753290374865,0.3213252253000774
Rg norm w/0.418,No regr out,All,ProtBERT,low,20,GPR,85/15,0.6788881307095203,0.18695077207482574
Rg norm w/0.418,No regr out,All,ProtBERT,low,20,Linear,90/10,0.28465464028347764,0.33496149507298173
Rg norm w/0.418,No regr out,All,ProtBERT,low,20,Ridge,90/10,0.26163987741884187,0.3403071867289567
Rg norm w/0.418,No regr out,All,ProtBERT,low,20,Lasso,90/10,0.07660629374148642,0.38056641507485817
Rg norm w/0.418,No regr out,All,ProtBERT,low,20,Kernel Ridge,90/10,0.04098023434605147,0.38783837923913056
Rg norm w/0.418,No regr out,All,ProtBERT,low,20,GPR,90/10,0.7896536728973829,0.18163706291906467
Rg norm w/0.418,No regr out,Inliers,ProtBERT,low,20,Linear,80/20,-0.024952867612634932,0.1023499735963679
Rg norm w/0.418,No regr out,Inliers,ProtBERT,low,20,Ridge,80/20,0.0709451961636014,0.0974443031432416
Rg norm w/0.418,No regr out,Inliers,ProtBERT,low,20,Lasso,80/20,0.08593091876077885,0.09665521629690771
Rg norm w/0.418,No regr out,Inliers,ProtBERT,low,20,Kernel Ridge,80/20,0.14563449056144484,0.09344533845599372
Rg norm w/0.418,No regr out,Inliers,ProtBERT,low,20,GPR,80/20,0.032294842067288276,0.09945057889694454
Rg norm w/0.418,No regr out,Inliers,ProtBERT,low,20,Linear,85/15,-0.09863545550573694,0.10432187742362563
Rg norm w/0.418,No regr out,Inliers,ProtBERT,low,20,Ridge,85/15,0.003910234185588335,0.09933397800933531
Rg norm w/0.418,No regr out,Inliers,ProtBERT,low,20,Lasso,85/15,0.03535157943903877,0.09775368045656421
Rg norm w/0.418,No regr out,Inliers,ProtBERT,low,20,Kernel Ridge,85/15,0.08154136431125447,0.09538462790742984
Rg norm w/0.418,No regr out,Inliers,ProtBERT,low,20,GPR,85/15,0.1683069297321157,0.09076744910822715
Rg norm w/0.418,No regr out,Inliers,ProtBERT,low,20,Linear,90/10,-0.4129176318808696,0.10375445180929178
Rg norm w/0.418,No regr out,Inliers,ProtBERT,low,20,Ridge,90/10,-0.23805245786691454,0.09712205009289752
Rg norm w/0.418,No regr out,Inliers,ProtBERT,low,20,Lasso,90/10,-0.1884831416396462,0.09515789592834516
Rg norm w/0.418,No regr out,Inliers,ProtBERT,low,20,Kernel Ridge,90/10,-0.12954616362355775,0.09276845210253971
Rg norm w/0.418,No regr out,Inliers,ProtBERT,low,20,GPR,90/10,0.036203815125999794,0.0856921262908661
Rg w/no norm,pH regr out,All,ProtBERT,low,20,Linear,80/20,0.3125407088880586,3.510886143033343
Rg w/no norm,pH regr out,All,ProtBERT,low,20,Ridge,80/20,0.3004388076249297,3.5416538092605916
Rg w/no norm,pH regr out,All,ProtBERT,low,20,Lasso,80/20,0.16693974487597396,3.8648394739013776
Rg w/no norm,pH regr out,All,ProtBERT,low,20,Kernel Ridge,80/20,0.8792747674165767,1.4712696562545564
Rg w/no norm,pH regr out,All,ProtBERT,low,20,GPR,80/20,0.8867662317361988,1.424889653152997
Rg w/no norm,pH regr out,All,ProtBERT,low,20,Linear,85/15,0.25911639203134385,3.5335678323671753
Rg w/no norm,pH regr out,All,ProtBERT,low,20,Ridge,85/15,0.2688772379400881,3.5102139848168017
Rg w/no norm,pH regr out,All,ProtBERT,low,20,Lasso,85/15,0.1622487853065262,3.757473901207774
Rg w/no norm,pH regr out,All,ProtBERT,low,20,Kernel Ridge,85/15,0.8613530623989583,1.528599032402003
Rg w/no norm,pH regr out,All,ProtBERT,low,20,GPR,85/15,0.8816215880079291,1.4124552412013933
Rg w/no norm,pH regr out,All,ProtBERT,low,20,Linear,90/10,0.31408732696374553,4.047778407204554
Rg w/no norm,pH regr out,All,ProtBERT,low,20,Ridge,90/10,0.2940869592236033,4.1063684859641025
Rg w/no norm,pH regr out,All,ProtBERT,low,20,Lasso,90/10,0.1468845538188278,4.514256358309496
Rg w/no norm,pH regr out,All,ProtBERT,low,20,Kernel Ridge,90/10,0.8822461857716223,1.67714189430023
Rg w/no norm,pH regr out,All,ProtBERT,low,20,GPR,90/10,0.8944291054859378,1.5880143278148855
Rg w/no norm,pH regr out,Inliers,ProtBERT,low,20,Linear,80/20,0.43277745598026807,1.0733414601392273
Rg w/no norm,pH regr out,Inliers,ProtBERT,low,20,Ridge,80/20,0.47441161060618053,1.0331991613025224
Rg w/no norm,pH regr out,Inliers,ProtBERT,low,20,Lasso,80/20,0.4584630995641834,1.0487577689702465
Rg w/no norm,pH regr out,Inliers,ProtBERT,low,20,Kernel Ridge,80/20,0.6130441455332738,0.8865268110753729
Rg w/no norm,pH regr out,Inliers,ProtBERT,low,20,GPR,80/20,0.6210742947802557,0.8772799369791475
Rg w/no norm,pH regr out,Inliers,ProtBERT,low,20,Linear,85/15,0.16850613466173558,0.9724890586744438
Rg w/no norm,pH regr out,Inliers,ProtBERT,low,20,Ridge,85/15,0.2866551237987286,0.9007514547972988
Rg w/no norm,pH regr out,Inliers,ProtBERT,low,20,Lasso,85/15,0.21877112250250508,0.9426366978007835
Rg w/no norm,pH regr out,Inliers,ProtBERT,low,20,Kernel Ridge,85/15,0.5495726563288875,0.715760244393009
Rg w/no norm,pH regr out,Inliers,ProtBERT,low,20,GPR,85/15,0.7119340068130401,0.5724020692783385
Rg w/no norm,pH regr out,Inliers,ProtBERT,low,20,Linear,90/10,0.2826705629723656,0.966154596799774
Rg w/no norm,pH regr out,Inliers,ProtBERT,low,20,Ridge,90/10,0.34949367712565227,0.9200534516671162
Rg w/no norm,pH regr out,Inliers,ProtBERT,low,20,Lasso,90/10,0.38829355369776897,0.8921930306978317
Rg w/no norm,pH regr out,Inliers,ProtBERT,low,20,Kernel Ridge,90/10,0.6552608452522968,0.6697806615484335
Rg w/no norm,pH regr out,Inliers,ProtBERT,low,20,GPR,90/10,0.7394544854087819,0.5822762794517993
Rg norm w/0.427,pH regr out,All,ProtBERT,low,20,Linear,80/20,0.2768864001019531,0.41236865123198313
Rg norm w/0.427,pH regr out,All,ProtBERT,low,20,Ridge,80/20,0.25724696436900496,0.4179310087648155
Rg norm w/0.427,pH regr out,All,ProtBERT,low,20,Lasso,80/20,-0.010106864476395527,0.48737813161272325
Rg norm w/0.427,pH regr out,All,ProtBERT,low,20,Kernel Ridge,80/20,0.915612490934059,0.14087095581370385
Rg norm w/0.427,pH regr out,All,ProtBERT,low,20,GPR,80/20,0.9181814818587035,0.13871013111109512
Rg norm w/0.427,pH regr out,All,ProtBERT,low,20,Linear,85/15,0.2411234240808362,0.41315767036365264
Rg norm w/0.427,pH regr out,All,ProtBERT,low,20,Ridge,85/15,0.23908994146071705,0.41371084785427614
Rg norm w/0.427,pH regr out,All,ProtBERT,low,20,Lasso,85/15,0.12181113609554273,0.44445132869903237
Rg norm w/0.427,pH regr out,All,ProtBERT,low,20,Kernel Ridge,85/15,0.8965687713622954,0.15253028715377837
Rg norm w/0.427,pH regr out,All,ProtBERT,low,20,GPR,85/15,0.909378837590459,0.14277266310165
Rg norm w/0.427,pH regr out,All,ProtBERT,low,20,Linear,90/10,0.2848505064535538,0.4813928654542475
Rg norm w/0.427,pH regr out,All,ProtBERT,low,20,Ridge,90/10,0.2616521494172136,0.4891383781624917
Rg norm w/0.427,pH regr out,All,ProtBERT,low,20,Lasso,90/10,0.10186339483411833,0.5394763746891259
Rg norm w/0.427,pH regr out,All,ProtBERT,low,20,Kernel Ridge,90/10,0.9012445816753596,0.17888820169174657
Rg norm w/0.427,pH regr out,All,ProtBERT,low,20,GPR,90/10,0.9141375885180525,0.1668025833930816
Rg norm w/0.427,pH regr out,Inliers,ProtBERT,low,20,Linear,80/20,-0.02033297013179869,0.09759622088251174
Rg norm w/0.427,pH regr out,Inliers,ProtBERT,low,20,Ridge,80/20,0.07467819733337233,0.09294123492824692
Rg norm w/0.427,pH regr out,Inliers,ProtBERT,low,20,Lasso,80/20,0.09069240168834114,0.0921334748760417
Rg norm w/0.427,pH regr out,Inliers,ProtBERT,low,20,Kernel Ridge,80/20,0.36334796136637615,0.07709267373151334
Rg norm w/0.427,pH regr out,Inliers,ProtBERT,low,20,GPR,80/20,0.27168915034228347,0.08245565215902365
Rg norm w/0.427,pH regr out,Inliers,ProtBERT,low,20,Linear,85/15,-0.07821157392745959,0.09967295249009464
Rg norm w/0.427,pH regr out,Inliers,ProtBERT,low,20,Ridge,85/15,0.020861972872372125,0.09498330722157379
Rg norm w/0.427,pH regr out,Inliers,ProtBERT,low,20,Lasso,85/15,0.05156062219817459,0.09348245664820973
Rg norm w/0.427,pH regr out,Inliers,ProtBERT,low,20,Kernel Ridge,85/15,0.27813759787797876,0.08155536570821881
Rg norm w/0.427,pH regr out,Inliers,ProtBERT,low,20,GPR,85/15,0.39683779658270457,0.07454909709814517
Rg norm w/0.427,pH regr out,Inliers,ProtBERT,low,20,Linear,90/10,-0.4080235773265082,0.09908157258655106
Rg norm w/0.427,pH regr out,Inliers,ProtBERT,low,20,Ridge,90/10,-0.23229928858266158,0.09269280534172564
Rg norm w/0.427,pH regr out,Inliers,ProtBERT,low,20,Lasso,90/10,-0.18269955746218325,0.09080821617329135
Rg norm w/0.427,pH regr out,Inliers,ProtBERT,low,20,Kernel Ridge,90/10,0.24429619760666177,0.07258781623398396
Rg norm w/0.427,pH regr out,Inliers,ProtBERT,low,20,GPR,90/10,0.5575283266072495,0.05554317016471445
Rg norm w/0.5,pH regr out,All,ProtBERT,low,20,Linear,80/20,0.27593910554180856,0.2866090158453696
Rg norm w/0.5,pH regr out,All,ProtBERT,low,20,Ridge,80/20,0.2561232590464677,0.290504451398041
Rg norm w/0.5,pH regr out,All,ProtBERT,low,20,Lasso,80/20,-0.01295257409691386,0.33899778287501037
Rg norm w/0.5,pH regr out,All,ProtBERT,low,20,Kernel Ridge,80/20,0.9125328116338274,0.0996150333747758
Rg norm w/0.5,pH regr out,All,ProtBERT,low,20,GPR,80/20,0.9156329964940915,0.09783373047380707
Rg norm w/0.5,pH regr out,All,ProtBERT,low,20,Linear,85/15,0.2433481951050981,0.2869678870588682
Rg norm w/0.5,pH regr out,All,ProtBERT,low,20,Ridge,85/15,0.2401909942054321,0.2875659640894692
Rg norm w/0.5,pH regr out,All,ProtBERT,low,20,Lasso,85/15,0.09137329914344616,0.31446912427584184
Rg norm w/0.5,pH regr out,All,ProtBERT,low,20,Kernel Ridge,85/15,0.891416958208467,0.10870919146545993
Rg norm w/0.5,pH regr out,All,ProtBERT,low,20,GPR,85/15,0.9048538148499653,0.10176090341272215
Rg norm w/0.5,pH regr out,All,ProtBERT,low,20,Linear,90/10,0.284617509876403,0.33495870513142145
Rg norm w/0.5,pH regr out,All,ProtBERT,low,20,Ridge,90/10,0.2616050087376114,0.3403035558074407
Rg norm w/0.5,pH regr out,All,ProtBERT,low,20,Lasso,90/10,0.07656621164273159,0.3805616283144474
Rg norm w/0.5,pH regr out,All,ProtBERT,low,20,Kernel Ridge,90/10,0.896615383256599,0.12733566978978636
Rg norm w/0.5,pH regr out,All,ProtBERT,low,20,GPR,90/10,0.9101270685020674,0.11872346683255997
Rg norm w/0.5,pH regr out,Inliers,ProtBERT,low,20,Linear,80/20,0.07217100675692334,0.06682440412520253
Rg norm w/0.5,pH regr out,Inliers,ProtBERT,low,20,Ridge,80/20,0.15401817152559316,0.06380895649391014
Rg norm w/0.5,pH regr out,Inliers,ProtBERT,low,20,Lasso,80/20,0.16260670381703857,0.06348423125828044
Rg norm w/0.5,pH regr out,Inliers,ProtBERT,low,20,Kernel Ridge,80/20,0.41592498640280917,0.053019476949599895
Rg norm w/0.5,pH regr out,Inliers,ProtBERT,low,20,GPR,80/20,0.29150913661276046,0.058394003575853226
Rg norm w/0.5,pH regr out,Inliers,ProtBERT,low,20,Linear,85/15,0.10357907114550069,0.06924086425237339
Rg norm w/0.5,pH regr out,Inliers,ProtBERT,low,20,Ridge,85/15,0.17497660295828488,0.06642623212164933
Rg norm w/0.5,pH regr out,Inliers,ProtBERT,low,20,Lasso,85/15,0.1874331803718784,0.06592285816387328
Rg norm w/0.5,pH regr out,Inliers,ProtBERT,low,20,Kernel Ridge,85/15,0.3744430865914682,0.05784154706208641
Rg norm w/0.5,pH regr out,Inliers,ProtBERT,low,20,GPR,85/15,0.40462984315408257,0.05642869635770753
Rg norm w/0.5,pH regr out,Inliers,ProtBERT,low,20,Linear,90/10,-0.29086209392350026,0.068491523530509
Rg norm w/0.5,pH regr out,Inliers,ProtBERT,low,20,Ridge,90/10,-0.11786163328452037,0.06373689875513278
Rg norm w/0.5,pH regr out,Inliers,ProtBERT,low,20,Lasso,90/10,-0.0680198846147122,0.0622997884720046
Rg norm w/0.5,pH regr out,Inliers,ProtBERT,low,20,Kernel Ridge,90/10,0.3188519014991671,0.04975281718463691
Rg norm w/0.5,pH regr out,Inliers,ProtBERT,low,20,GPR,90/10,0.593389281029034,0.03844025981951217
Rg norm w/0.418,pH regr out,All,ProtBERT,low,20,Linear,80/20,0.2771676842496046,0.431379029404488
Rg norm w/0.418,pH regr out,All,ProtBERT,low,20,Ridge,80/20,0.2575726248601491,0.43718699778220244
Rg norm w/0.418,pH regr out,All,ProtBERT,low,20,Lasso,80/20,-0.00977050554824288,0.5098607604359422
Rg norm w/0.418,pH regr out,All,ProtBERT,low,20,Kernel Ridge,80/20,0.9157490771330141,0.14727450853373644
Rg norm w/0.418,pH regr out,All,ProtBERT,low,20,GPR,80/20,0.9182754315801138,0.14504961040855044
Rg norm w/0.418,pH regr out,All,ProtBERT,low,20,Linear,85/15,0.241032341029787,0.4322408448015893
Rg norm w/0.418,pH regr out,All,ProtBERT,low,20,Ridge,85/15,0.23914966222930467,0.43277661640862264
Rg norm w/0.418,pH regr out,All,ProtBERT,low,20,Lasso,85/15,0.1288711143239497,0.46307930796897806
Rg norm w/0.418,pH regr out,All,ProtBERT,low,20,Kernel Ridge,85/15,0.8969225073445286,0.15929277980968382
Rg norm w/0.418,pH regr out,All,ProtBERT,low,20,GPR,85/15,0.9096856311046964,0.14910513283951676
Rg norm w/0.418,pH regr out,All,ProtBERT,low,20,Linear,90/10,0.2850366966705158,0.5035090140264895
Rg norm w/0.418,pH regr out,All,ProtBERT,low,20,Ridge,90/10,0.2618285674493386,0.5116158505718866
Rg norm w/0.418,pH regr out,All,ProtBERT,low,20,Lasso,90/10,0.10924939180041182,0.5620092167619122
Rg norm w/0.418,pH regr out,All,ProtBERT,low,20,Kernel Ridge,90/10,0.9015597975980124,0.18683215498199274
Rg norm w/0.418,pH regr out,All,ProtBERT,low,20,GPR,90/10,0.9144177103013009,0.17420367992362842
Rg norm w/0.418,pH regr out,Inliers,ProtBERT,low,20,Linear,80/20,-0.02500858864141886,0.10235012300462294
Rg norm w/0.418,pH regr out,Inliers,ProtBERT,low,20,Ridge,80/20,0.07090494053423713,0.09744390777716591
Rg norm w/0.418,pH regr out,Inliers,ProtBERT,low,20,Lasso,80/20,0.08589486537539448,0.09665463629538094
Rg norm w/0.418,pH regr out,Inliers,ProtBERT,low,20,Kernel Ridge,80/20,0.3606322188442811,0.0808351019809362
Rg norm w/0.418,pH regr out,Inliers,ProtBERT,low,20,GPR,80/20,0.27197766888569297,0.08625751993193014
Rg norm w/0.418,pH regr out,Inliers,ProtBERT,low,20,Linear,85/15,-0.09873182808389735,0.10432305814996713
Rg norm w/0.418,pH regr out,Inliers,ProtBERT,low,20,Ridge,85/15,0.0038396795810569095,0.0993342635328125
Rg norm w/0.418,pH regr out,Inliers,ProtBERT,low,20,Lasso,85/15,0.03528786662293237,0.09775372763303693
Rg norm w/0.418,pH regr out,Inliers,ProtBERT,low,20,Kernel Ridge,85/15,0.2676460411170408,0.08517163292458627
Rg norm w/0.418,pH regr out,Inliers,ProtBERT,low,20,GPR,85/15,0.39767374524344323,0.07724143862139655
Rg norm w/0.418,pH regr out,Inliers,ProtBERT,low,20,Linear,90/10,-0.4130051730779827,0.1037574888899856
Rg norm w/0.418,pH regr out,Inliers,ProtBERT,low,20,Ridge,90/10,-0.2381263810737475,0.09712478384614164
Rg norm w/0.418,pH regr out,Inliers,ProtBERT,low,20,Lasso,90/10,-0.18854127074687232,0.09516006060822121
Rg norm w/0.418,pH regr out,Inliers,ProtBERT,low,20,Kernel Ridge,90/10,0.23986591460918416,0.07610140594325959
Rg norm w/0.418,pH regr out,Inliers,ProtBERT,low,20,GPR,90/10,0.554952564674512,0.05823052798667849
Rg w/no norm,buffer regr out,All,ProtBERT,low,20,Linear,80/20,0.28924760529904714,3.6664295908448765
Rg w/no norm,buffer regr out,All,ProtBERT,low,20,Ridge,80/20,0.2798182401769368,3.6906702358130534
Rg w/no norm,buffer regr out,All,ProtBERT,low,20,Lasso,80/20,0.12046750981093735,4.0785907228527485
Rg w/no norm,buffer regr out,All,ProtBERT,low,20,Kernel Ridge,80/20,0.7673945031772473,2.09746233278461
Rg w/no norm,buffer regr out,All,ProtBERT,low,20,GPR,80/20,0.8677456182285073,1.581572913069673
Rg w/no norm,buffer regr out,All,ProtBERT,low,20,Linear,85/15,0.2296956516059082,3.7973774064284176
Rg w/no norm,buffer regr out,All,ProtBERT,low,20,Ridge,85/15,0.23681758769667327,3.77978210070513
Rg w/no norm,buffer regr out,All,ProtBERT,low,20,Lasso,85/15,0.12465083567258906,4.048025579090642
Rg w/no norm,buffer regr out,All,ProtBERT,low,20,Kernel Ridge,85/15,0.8358141296827624,1.7531556556850254
Rg w/no norm,buffer regr out,All,ProtBERT,low,20,GPR,85/15,0.8532413882515912,1.6575032355007258
Rg w/no norm,buffer regr out,All,ProtBERT,low,20,Linear,90/10,0.28483775612104156,4.360066949465747
Rg w/no norm,buffer regr out,All,ProtBERT,low,20,Ridge,90/10,0.26964994166949696,4.406120832207074
Rg w/no norm,buffer regr out,All,ProtBERT,low,20,Lasso,90/10,0.10926936734165049,4.865909898505765
Rg w/no norm,buffer regr out,All,ProtBERT,low,20,Kernel Ridge,90/10,0.8556319648568308,1.9589637143044376
Rg w/no norm,buffer regr out,All,ProtBERT,low,20,GPR,90/10,0.8766169920980065,1.811000397182352
Rg w/no norm,buffer regr out,Inliers,ProtBERT,low,20,Linear,80/20,0.13378318930550803,1.2997766072454948
Rg w/no norm,buffer regr out,Inliers,ProtBERT,low,20,Ridge,80/20,0.1708703463771849,1.2716471916406855
Rg w/no norm,buffer regr out,Inliers,ProtBERT,low,20,Lasso,80/20,0.17802089779876673,1.2661518698725012
Rg w/no norm,buffer regr out,Inliers,ProtBERT,low,20,Kernel Ridge,80/20,0.3498977183449735,1.1260203975125609
Rg w/no norm,buffer regr out,Inliers,ProtBERT,low,20,GPR,80/20,0.23087339529232387,1.2247694067071877
Rg w/no norm,buffer regr out,Inliers,ProtBERT,low,20,Linear,85/15,0.06455866093164175,1.1848769055470214
Rg w/no norm,buffer regr out,Inliers,ProtBERT,low,20,Ridge,85/15,0.12635304885773158,1.1450723775596152
Rg w/no norm,buffer regr out,Inliers,ProtBERT,low,20,Lasso,85/15,0.17365729927113127,1.1136405936428115
Rg w/no norm,buffer regr out,Inliers,ProtBERT,low,20,Kernel Ridge,85/15,0.31621706582344156,1.013034146143735
Rg w/no norm,buffer regr out,Inliers,ProtBERT,low,20,GPR,85/15,0.3126914624618944,1.0156424041759993
Rg w/no norm,buffer regr out,Inliers,ProtBERT,low,20,Linear,90/10,0.13585982978949807,1.2840589312543715
Rg w/no norm,buffer regr out,Inliers,ProtBERT,low,20,Ridge,90/10,0.1627663275654324,1.2639101521248903
Rg w/no norm,buffer regr out,Inliers,ProtBERT,low,20,Lasso,90/10,0.18704885920124037,1.2454465136852606
Rg w/no norm,buffer regr out,Inliers,ProtBERT,low,20,Kernel Ridge,90/10,0.3772576451539551,1.0900516111511867
Rg w/no norm,buffer regr out,Inliers,ProtBERT,low,20,GPR,90/10,0.3409642502930734,1.1213659009918275
Rg norm w/0.427,buffer regr out,All,ProtBERT,low,20,Linear,80/20,0.2701230021043729,0.41808559853375277
Rg norm w/0.427,buffer regr out,All,ProtBERT,low,20,Ridge,80/20,0.2547785216559546,0.42245752578972096
Rg norm w/0.427,buffer regr out,All,ProtBERT,low,20,Lasso,80/20,-0.002850052792611857,0.49007028511206563
Rg norm w/0.427,buffer regr out,All,ProtBERT,low,20,Kernel Ridge,80/20,0.8019000858896832,0.21781235622177447
Rg norm w/0.427,buffer regr out,All,ProtBERT,low,20,GPR,80/20,0.9061560661380086,0.14991444174461488
Rg norm w/0.427,buffer regr out,All,ProtBERT,low,20,Linear,85/15,0.23053068244347186,0.4233870331335325
Rg norm w/0.427,buffer regr out,All,ProtBERT,low,20,Ridge,85/15,0.22882022565710824,0.4238573463777427
Rg norm w/0.427,buffer regr out,All,ProtBERT,low,20,Lasso,85/15,0.016653486668414264,0.4786247919008235
Rg norm w/0.427,buffer regr out,All,ProtBERT,low,20,Kernel Ridge,85/15,0.8797818006160284,0.16735049791464876
Rg norm w/0.427,buffer regr out,All,ProtBERT,low,20,GPR,85/15,0.8919594591625479,0.15864824572253064
Rg norm w/0.427,buffer regr out,All,ProtBERT,low,20,Linear,90/10,0.27819270556791753,0.49274839522067493
Rg norm w/0.427,buffer regr out,All,ProtBERT,low,20,Ridge,90/10,0.25941854965029776,0.499115434624267
Rg norm w/0.427,buffer regr out,All,ProtBERT,low,20,Lasso,90/10,0.0032546268898279163,0.5790375116058696
Rg norm w/0.427,buffer regr out,All,ProtBERT,low,20,Kernel Ridge,90/10,0.8934568597694688,0.18931164606856224
Rg norm w/0.427,buffer regr out,All,ProtBERT,low,20,GPR,90/10,0.9062471823079647,0.17758519225004363
Rg norm w/0.427,buffer regr out,Inliers,ProtBERT,low,20,Linear,80/20,-0.11929769336664653,0.11512560881505028
Rg norm w/0.427,buffer regr out,Inliers,ProtBERT,low,20,Ridge,80/20,-0.014501981296296096,0.10960379336645527
Rg norm w/0.427,buffer regr out,Inliers,ProtBERT,low,20,Lasso,80/20,-0.0819318913263758,0.11318766393654996
Rg norm w/0.427,buffer regr out,Inliers,ProtBERT,low,20,Kernel Ridge,80/20,0.2159101782962054,0.09635672788184342
Rg norm w/0.427,buffer regr out,Inliers,ProtBERT,low,20,GPR,80/20,0.09849550591751821,0.1033196874004189
Rg norm w/0.427,buffer regr out,Inliers,ProtBERT,low,20,Linear,85/15,-0.053260524170026136,0.11008855515527871
Rg norm w/0.427,buffer regr out,Inliers,ProtBERT,low,20,Ridge,85/15,0.028202223871739873,0.10574557881053384
Rg norm w/0.427,buffer regr out,Inliers,ProtBERT,low,20,Lasso,85/15,0.11683409841849723,0.10080809659910618
Rg norm w/0.427,buffer regr out,Inliers,ProtBERT,low,20,Kernel Ridge,85/15,0.27460170606727186,0.09136135523497123
Rg norm w/0.427,buffer regr out,Inliers,ProtBERT,low,20,GPR,85/15,0.3583978118982124,0.08592255573152154
Rg norm w/0.427,buffer regr out,Inliers,ProtBERT,low,20,Linear,90/10,-0.3705811410562383,0.11778712558767025
Rg norm w/0.427,buffer regr out,Inliers,ProtBERT,low,20,Ridge,90/10,-0.24702064555965486,0.11235237817510464
Rg norm w/0.427,buffer regr out,Inliers,ProtBERT,low,20,Lasso,90/10,-0.19827920659579212,0.11013477258526293
Rg norm w/0.427,buffer regr out,Inliers,ProtBERT,low,20,Kernel Ridge,90/10,0.13904155757627157,0.09335477622803313
Rg norm w/0.427,buffer regr out,Inliers,ProtBERT,low,20,GPR,90/10,0.45088834375873543,0.07455482912314405
Rg norm w/0.5,buffer regr out,All,ProtBERT,low,20,Linear,80/20,0.2695108459727694,0.2895086952530582
Rg norm w/0.5,buffer regr out,All,ProtBERT,low,20,Ridge,80/20,0.2540234350644083,0.2925615970801091
Rg norm w/0.5,buffer regr out,All,ProtBERT,low,20,Lasso,80/20,-0.004102188485042069,0.339424887593166
Rg norm w/0.5,buffer regr out,All,ProtBERT,low,20,Kernel Ridge,80/20,0.7989171215846897,0.15189457836796336
Rg norm w/0.5,buffer regr out,All,ProtBERT,low,20,GPR,80/20,0.9033897403720145,0.10528496343509447
Rg norm w/0.5,buffer regr out,All,ProtBERT,low,20,Linear,85/15,0.23449201793469687,0.2918726548115992
Rg norm w/0.5,buffer regr out,All,ProtBERT,low,20,Ridge,85/15,0.2316726299321742,0.29240964853302587
Rg norm w/0.5,buffer regr out,All,ProtBERT,low,20,Lasso,85/15,0.10195932866155,0.31613061016003013
Rg norm w/0.5,buffer regr out,All,ProtBERT,low,20,Kernel Ridge,85/15,0.8753101799730576,0.11779694995460151
Rg norm w/0.5,buffer regr out,All,ProtBERT,low,20,GPR,85/15,0.8873628257082514,0.11195910551483296
Rg norm w/0.5,buffer regr out,All,ProtBERT,low,20,Linear,90/10,0.28014011291309115,0.34017869669634043
Rg norm w/0.5,buffer regr out,All,ProtBERT,low,20,Ridge,90/10,0.26122457935612176,0.34461910077774005
Rg norm w/0.5,buffer regr out,All,ProtBERT,low,20,Lasso,90/10,-0.009192556303704302,0.40278208456523795
Rg norm w/0.5,buffer regr out,All,ProtBERT,low,20,Kernel Ridge,90/10,0.8898687195603477,0.133057227618582
Rg norm w/0.5,buffer regr out,All,ProtBERT,low,20,GPR,90/10,0.9025334119076701,0.12517309991587552
Rg norm w/0.5,buffer regr out,Inliers,ProtBERT,low,20,Linear,80/20,0.03152550618692951,0.07866881403884457
Rg norm w/0.5,buffer regr out,Inliers,ProtBERT,low,20,Ridge,80/20,0.12279157563607523,0.0748703573984691
Rg norm w/0.5,buffer regr out,Inliers,ProtBERT,low,20,Lasso,80/20,0.07881988542225371,0.07672392047571049
Rg norm w/0.5,buffer regr out,Inliers,ProtBERT,low,20,Kernel Ridge,80/20,0.2952765784043705,0.06710700585837634
Rg norm w/0.5,buffer regr out,Inliers,ProtBERT,low,20,GPR,80/20,0.10219845854897991,0.0757440778665573
Rg norm w/0.5,buffer regr out,Inliers,ProtBERT,low,20,Linear,85/15,0.09213920229178774,0.07575026479220547
Rg norm w/0.5,buffer regr out,Inliers,ProtBERT,low,20,Ridge,85/15,0.15816367849084845,0.0729437948641343
Rg norm w/0.5,buffer regr out,Inliers,ProtBERT,low,20,Lasso,85/15,0.1359933471099909,0.07389806504954965
Rg norm w/0.5,buffer regr out,Inliers,ProtBERT,low,20,Kernel Ridge,85/15,0.3550165180050374,0.06384822377583563
Rg norm w/0.5,buffer regr out,Inliers,ProtBERT,low,20,GPR,85/15,0.34311512801544275,0.0644346025135925
Rg norm w/0.5,buffer regr out,Inliers,ProtBERT,low,20,Linear,90/10,-0.31809936266617256,0.08039228728092997
Rg norm w/0.5,buffer regr out,Inliers,ProtBERT,low,20,Ridge,90/10,-0.17938247403894758,0.07604447133820721
Rg norm w/0.5,buffer regr out,Inliers,ProtBERT,low,20,Lasso,90/10,-0.10059241013554754,0.07346044704194768
Rg norm w/0.5,buffer regr out,Inliers,ProtBERT,low,20,Kernel Ridge,90/10,0.18820949532569442,0.06309025659477474
Rg norm w/0.5,buffer regr out,Inliers,ProtBERT,low,20,GPR,90/10,0.49342075195358137,0.049838390390036985
Rg norm w/0.418,buffer regr out,All,ProtBERT,low,20,Linear,80/20,0.2702945314005587,0.4375715669568892
Rg norm w/0.418,buffer regr out,All,ProtBERT,low,20,Ridge,80/20,0.2549865687270505,0.44213749346520953
Rg norm w/0.418,buffer regr out,All,ProtBERT,low,20,Lasso,80/20,-0.0027055619824478683,0.5129346121073015
Rg norm w/0.418,buffer regr out,All,ProtBERT,low,20,Kernel Ridge,80/20,0.8020503754034204,0.22790436063549394
Rg norm w/0.418,buffer regr out,All,ProtBERT,low,20,GPR,80/20,0.9062619782290303,0.15683146006538712
Rg norm w/0.418,buffer regr out,All,ProtBERT,low,20,Linear,85/15,0.23018146189555777,0.4433576717357814
Rg norm w/0.418,buffer regr out,All,ProtBERT,low,20,Ridge,85/15,0.22861150139664432,0.4438095311526576
Rg norm w/0.418,buffer regr out,All,ProtBERT,low,20,Lasso,85/15,0.020029340602414902,0.5002263692507604
Rg norm w/0.418,buffer regr out,All,ProtBERT,low,20,Kernel Ridge,85/15,0.8800338544864488,0.17502069248144547
Rg norm w/0.418,buffer regr out,All,ProtBERT,low,20,GPR,85/15,0.8922440687366118,0.16587488602757441
Rg norm w/0.418,buffer regr out,All,ProtBERT,low,20,Linear,90/10,0.2780650874665236,0.5158917689748028
Rg norm w/0.418,buffer regr out,All,ProtBERT,low,20,Ridge,90/10,0.259316765275892,0.5225475715055619
Rg norm w/0.418,buffer regr out,All,ProtBERT,low,20,Lasso,90/10,0.007101708239550586,0.6050091713861981
Rg norm w/0.418,buffer regr out,All,ProtBERT,low,20,Kernel Ridge,90/10,0.8936379863483299,0.1980171711166469
Rg norm w/0.418,buffer regr out,All,ProtBERT,low,20,GPR,90/10,0.9064737528625203,0.18568478985348746
Rg norm w/0.418,buffer regr out,Inliers,ProtBERT,low,20,Linear,80/20,-0.13422876106503567,0.120787586970305
Rg norm w/0.418,buffer regr out,Inliers,ProtBERT,low,20,Ridge,80/20,-0.02839247576873949,0.11501418932356894
Rg norm w/0.418,buffer regr out,Inliers,ProtBERT,low,20,Lasso,80/20,-0.011896056556569334,0.114087990086815
Rg norm w/0.418,buffer regr out,Inliers,ProtBERT,low,20,Kernel Ridge,80/20,0.20800545234522716,0.10093297477606662
Rg norm w/0.418,buffer regr out,Inliers,ProtBERT,low,20,GPR,80/20,0.09891036346241155,0.10766039648211752
Rg norm w/0.418,buffer regr out,Inliers,ProtBERT,low,20,Linear,85/15,-0.069081089582957,0.11540119116127366
Rg norm w/0.418,buffer regr out,Inliers,ProtBERT,low,20,Ridge,85/15,0.014004696148837925,0.11082618688041931
Rg norm w/0.418,buffer regr out,Inliers,ProtBERT,low,20,Lasso,85/15,0.1119071707368694,0.1051802380778687
Rg norm w/0.418,buffer regr out,Inliers,ProtBERT,low,20,Kernel Ridge,85/15,0.2656232636479964,0.09564547386958591
Rg norm w/0.418,buffer regr out,Inliers,ProtBERT,low,20,GPR,85/15,0.36013671979283746,0.08927884472322863
Rg norm w/0.418,buffer regr out,Inliers,ProtBERT,low,20,Linear,90/10,-0.3701601836729045,0.1235790831483747
Rg norm w/0.418,buffer regr out,Inliers,ProtBERT,low,20,Ridge,90/10,-0.24911829191939794,0.11799431446386353
Rg norm w/0.418,buffer regr out,Inliers,ProtBERT,low,20,Lasso,90/10,-0.024867799421929737,0.10687920664074786
Rg norm w/0.418,buffer regr out,Inliers,ProtBERT,low,20,Kernel Ridge,90/10,0.13683256997071402,0.09808595382505143
Rg norm w/0.418,buffer regr out,Inliers,ProtBERT,low,20,GPR,90/10,0.44615462685124674,0.07856942291411871
Rg w/no norm,expr pH only regr out,All,ProtBERT,low,20,Linear,80/20,0.34354372449464066,3.574520304705576
Rg w/no norm,expr pH only regr out,All,ProtBERT,low,20,Ridge,80/20,0.3240900326756885,3.62709801433716
Rg w/no norm,expr pH only regr out,All,ProtBERT,low,20,Lasso,80/20,0.2301812141302233,3.87087474637461
Rg w/no norm,expr pH only regr out,All,ProtBERT,low,20,Kernel Ridge,80/20,0.5989333326800798,2.793979085134405
Rg w/no norm,expr pH only regr out,All,ProtBERT,low,20,GPR,80/20,0.6888422705778254,2.4609634464738925
Rg w/no norm,expr pH only regr out,All,ProtBERT,low,20,Linear,85/15,0.28134484118968883,3.7053184515402386
Rg w/no norm,expr pH only regr out,All,ProtBERT,low,20,Ridge,85/15,0.29820599971084505,3.661593183378692
Rg w/no norm,expr pH only regr out,All,ProtBERT,low,20,Lasso,85/15,0.24118074844570692,3.8074519887662452
Rg w/no norm,expr pH only regr out,All,ProtBERT,low,20,Kernel Ridge,85/15,0.5433647379068138,2.953588497709183
Rg w/no norm,expr pH only regr out,All,ProtBERT,low,20,GPR,85/15,0.6893737282777394,2.436039676127098
Rg w/no norm,expr pH only regr out,All,ProtBERT,low,20,Linear,90/10,0.3036332061706185,4.164173221249132
Rg w/no norm,expr pH only regr out,All,ProtBERT,low,20,Ridge,90/10,0.29186004569213686,4.199226587107138
Rg w/no norm,expr pH only regr out,All,ProtBERT,low,20,Lasso,90/10,0.2019413446406748,4.457867605728099
Rg w/no norm,expr pH only regr out,All,ProtBERT,low,20,Kernel Ridge,90/10,0.578510304624997,3.239688400050183
Rg w/no norm,expr pH only regr out,All,ProtBERT,low,20,GPR,90/10,0.8258428446879624,2.082477996410615
Rg w/no norm,expr pH only regr out,Inliers,ProtBERT,low,20,Linear,80/20,0.4405122880454133,1.661509861981722
Rg w/no norm,expr pH only regr out,Inliers,ProtBERT,low,20,Ridge,80/20,0.44495349797066075,1.6549021955544416
Rg w/no norm,expr pH only regr out,Inliers,ProtBERT,low,20,Lasso,80/20,0.4491752567690014,1.6485964771170458
Rg w/no norm,expr pH only regr out,Inliers,ProtBERT,low,20,Kernel Ridge,80/20,0.44780790188715647,1.6506414281187616
Rg w/no norm,expr pH only regr out,Inliers,ProtBERT,low,20,GPR,80/20,-0.4204595199287309,2.6474153219250884
Rg w/no norm,expr pH only regr out,Inliers,ProtBERT,low,20,Linear,85/15,0.33860115148286074,1.716044371273559
Rg w/no norm,expr pH only regr out,Inliers,ProtBERT,low,20,Ridge,85/15,0.34394558277753595,1.7090970628354596
Rg w/no norm,expr pH only regr out,Inliers,ProtBERT,low,20,Lasso,85/15,0.35059019109966716,1.700420052743362
Rg w/no norm,expr pH only regr out,Inliers,ProtBERT,low,20,Kernel Ridge,85/15,0.3437092014705013,1.7094049353248322
Rg w/no norm,expr pH only regr out,Inliers,ProtBERT,low,20,GPR,85/15,-0.41320192228939523,2.508412207177354
Rg w/no norm,expr pH only regr out,Inliers,ProtBERT,low,20,Linear,90/10,0.35274356942595253,1.6675219970281625
Rg w/no norm,expr pH only regr out,Inliers,ProtBERT,low,20,Ridge,90/10,0.36175579802467384,1.6558722335808866
Rg w/no norm,expr pH only regr out,Inliers,ProtBERT,low,20,Lasso,90/10,0.3953563426171266,1.6116960273471197
Rg w/no norm,expr pH only regr out,Inliers,ProtBERT,low,20,Kernel Ridge,90/10,0.36019279979988617,1.6578985291380428
Rg w/no norm,expr pH only regr out,Inliers,ProtBERT,low,20,GPR,90/10,-0.2543664609314047,2.321376594684262
Rg norm w/0.427,expr pH only regr out,All,ProtBERT,low,20,Linear,80/20,0.30965940904679656,0.42093363952630947
Rg norm w/0.427,expr pH only regr out,All,ProtBERT,low,20,Ridge,80/20,0.28206250666349086,0.42926476946865394
Rg norm w/0.427,expr pH only regr out,All,ProtBERT,low,20,Lasso,80/20,0.12549370147028938,0.473765465596512
Rg norm w/0.427,expr pH only regr out,All,ProtBERT,low,20,Kernel Ridge,80/20,0.19759918335582538,0.4538137082989391
Rg norm w/0.427,expr pH only regr out,All,ProtBERT,low,20,GPR,80/20,0.6926410759674274,0.2808696693667926
Rg norm w/0.427,expr pH only regr out,All,ProtBERT,low,20,Linear,85/15,0.2664787720413917,0.43223782935915706
Rg norm w/0.427,expr pH only regr out,All,ProtBERT,low,20,Ridge,85/15,0.2720263131530839,0.43060024346170045
Rg norm w/0.427,expr pH only regr out,All,ProtBERT,low,20,Lasso,85/15,0.16993091330426546,0.45980485257346604
Rg norm w/0.427,expr pH only regr out,All,ProtBERT,low,20,Kernel Ridge,85/15,0.5446655925648229,0.34055061172716977
Rg norm w/0.427,expr pH only regr out,All,ProtBERT,low,20,GPR,85/15,0.6944190486767312,0.2789841751795294
Rg norm w/0.427,expr pH only regr out,All,ProtBERT,low,20,Linear,90/10,0.2882614864072861,0.4945770161713672
Rg norm w/0.427,expr pH only regr out,All,ProtBERT,low,20,Ridge,90/10,0.2717588664690507,0.5002778784573934
Rg norm w/0.427,expr pH only regr out,All,ProtBERT,low,20,Lasso,90/10,0.15461490531095146,0.5390151720599148
Rg norm w/0.427,expr pH only regr out,All,ProtBERT,low,20,Kernel Ridge,90/10,0.5629699796535199,0.38755141938858517
Rg norm w/0.427,expr pH only regr out,All,ProtBERT,low,20,GPR,90/10,0.8309868821469407,0.24100935659134265
Rg norm w/0.427,expr pH only regr out,Inliers,ProtBERT,low,20,Linear,80/20,0.2958705652643314,0.18726319004141417
Rg norm w/0.427,expr pH only regr out,Inliers,ProtBERT,low,20,Ridge,80/20,0.2984051894041333,0.18692584460042308
Rg norm w/0.427,expr pH only regr out,Inliers,ProtBERT,low,20,Lasso,80/20,0.2834556657961206,0.1889068476019282
Rg norm w/0.427,expr pH only regr out,Inliers,ProtBERT,low,20,Kernel Ridge,80/20,0.3136919163750531,0.1848782087530274
Rg norm w/0.427,expr pH only regr out,Inliers,ProtBERT,low,20,GPR,80/20,-0.5710503580163719,0.2797185192859878
Rg norm w/0.427,expr pH only regr out,Inliers,ProtBERT,low,20,Linear,85/15,0.25141593676258445,0.20178388947391776
Rg norm w/0.427,expr pH only regr out,Inliers,ProtBERT,low,20,Ridge,85/15,0.2609378704075208,0.2004964442815209
Rg norm w/0.427,expr pH only regr out,Inliers,ProtBERT,low,20,Lasso,85/15,0.26284397255740977,0.2002377289338499
Rg norm w/0.427,expr pH only regr out,Inliers,ProtBERT,low,20,Kernel Ridge,85/15,0.2672568506413504,0.1996374821416838
Rg norm w/0.427,expr pH only regr out,Inliers,ProtBERT,low,20,GPR,85/15,-0.3988750364529512,0.2758389941480955
Rg norm w/0.427,expr pH only regr out,Inliers,ProtBERT,low,20,Linear,90/10,0.20713220101868812,0.1956966038119373
Rg norm w/0.427,expr pH only regr out,Inliers,ProtBERT,low,20,Ridge,90/10,0.23922040644457876,0.1916956801911466
Rg norm w/0.427,expr pH only regr out,Inliers,ProtBERT,low,20,Lasso,90/10,0.2150103743666043,0.194721926385156
Rg norm w/0.427,expr pH only regr out,Inliers,ProtBERT,low,20,Kernel Ridge,90/10,0.2394006825045878,0.19167296652366334
Rg norm w/0.427,expr pH only regr out,Inliers,ProtBERT,low,20,GPR,90/10,-0.28021829366281237,0.24867086965031668
Rg norm w/0.5,expr pH only regr out,All,ProtBERT,low,20,Linear,80/20,0.3252956067436067,0.3131918610910617
Rg norm w/0.5,expr pH only regr out,All,ProtBERT,low,20,Ridge,80/20,0.29842880033084285,0.31936665878803777
Rg norm w/0.5,expr pH only regr out,All,ProtBERT,low,20,Lasso,80/20,0.11277457838823224,0.35914571325871214
Rg norm w/0.5,expr pH only regr out,All,ProtBERT,low,20,Kernel Ridge,80/20,0.541890721012783,0.258070428407599
Rg norm w/0.5,expr pH only regr out,All,ProtBERT,low,20,GPR,80/20,0.4794957917149655,0.27508431055471205
Rg norm w/0.5,expr pH only regr out,All,ProtBERT,low,20,Linear,85/15,0.29607104151650343,0.3215199215465941
Rg norm w/0.5,expr pH only regr out,All,ProtBERT,low,20,Ridge,85/15,0.30122863490942264,0.32033988934254004
Rg norm w/0.5,expr pH only regr out,All,ProtBERT,low,20,Lasso,85/15,0.1608160443041572,0.351052489628669
Rg norm w/0.5,expr pH only regr out,All,ProtBERT,low,20,Kernel Ridge,85/15,0.5143152699251721,0.26706728787105977
Rg norm w/0.5,expr pH only regr out,All,ProtBERT,low,20,GPR,85/15,0.4972081725420582,0.27172999218694793
Rg norm w/0.5,expr pH only regr out,All,ProtBERT,low,20,Linear,90/10,0.2957816276204931,0.35882701499823316
Rg norm w/0.5,expr pH only regr out,All,ProtBERT,low,20,Ridge,90/10,0.28300029381779246,0.36206866904982754
Rg norm w/0.5,expr pH only regr out,All,ProtBERT,low,20,Lasso,90/10,0.253344691771058,0.36948051067701226
Rg norm w/0.5,expr pH only regr out,All,ProtBERT,low,20,Kernel Ridge,90/10,0.5338732988871104,0.29193317283545517
Rg norm w/0.5,expr pH only regr out,All,ProtBERT,low,20,GPR,90/10,0.7408105495053341,0.21769082095933956
Rg norm w/0.5,expr pH only regr out,Inliers,ProtBERT,low,20,Linear,80/20,0.29702370493860564,0.13137051766950764
Rg norm w/0.5,expr pH only regr out,Inliers,ProtBERT,low,20,Ridge,80/20,0.29912474631370256,0.13117405198443116
Rg norm w/0.5,expr pH only regr out,Inliers,ProtBERT,low,20,Lasso,80/20,0.2998897437058241,0.13110244494435408
Rg norm w/0.5,expr pH only regr out,Inliers,ProtBERT,low,20,Kernel Ridge,80/20,0.3136378071209247,0.1298088335990766
Rg norm w/0.5,expr pH only regr out,Inliers,ProtBERT,low,20,GPR,80/20,-0.5462192073370489,0.1948332625200123
Rg norm w/0.5,expr pH only regr out,Inliers,ProtBERT,low,20,Linear,85/15,0.2669670606242045,0.14207268696923736
Rg norm w/0.5,expr pH only regr out,Inliers,ProtBERT,low,20,Ridge,85/15,0.27708723764231213,0.1410885580503595
Rg norm w/0.5,expr pH only regr out,Inliers,ProtBERT,low,20,Lasso,85/15,0.2800579675868533,0.1407983657122551
Rg norm w/0.5,expr pH only regr out,Inliers,ProtBERT,low,20,Kernel Ridge,85/15,0.2841291464702038,0.14039970306204028
Rg norm w/0.5,expr pH only regr out,Inliers,ProtBERT,low,20,GPR,85/15,-0.3605297251201953,0.19355431886265914
Rg norm w/0.5,expr pH only regr out,Inliers,ProtBERT,low,20,Linear,90/10,0.2024020290700368,0.13751579701197852
Rg norm w/0.5,expr pH only regr out,Inliers,ProtBERT,low,20,Ridge,90/10,0.23992891363260294,0.1342417719274977
Rg norm w/0.5,expr pH only regr out,Inliers,ProtBERT,low,20,Lasso,90/10,0.21796237473021385,0.13616779163535217
Rg norm w/0.5,expr pH only regr out,Inliers,ProtBERT,low,20,Kernel Ridge,90/10,0.3796805757145706,0.12127415584566219
Rg norm w/0.5,expr pH only regr out,Inliers,ProtBERT,low,20,GPR,90/10,-0.25264752206354046,0.17233560448528323
Rg norm w/0.418,expr pH only regr out,All,ProtBERT,low,20,Linear,80/20,0.2928875381702374,0.43000690657869545
Rg norm w/0.418,expr pH only regr out,All,ProtBERT,low,20,Ridge,80/20,0.2667398269357176,0.4378851669383103
Rg norm w/0.418,expr pH only regr out,All,ProtBERT,low,20,Lasso,80/20,0.10447046643429136,0.48391729290077934
Rg norm w/0.418,expr pH only regr out,All,ProtBERT,low,20,Kernel Ridge,80/20,0.2089010804058743,0.4548273595441679
Rg norm w/0.418,expr pH only regr out,All,ProtBERT,low,20,GPR,80/20,0.8113792058748501,0.22208844842609685
Rg norm w/0.418,expr pH only regr out,All,ProtBERT,low,20,Linear,85/15,0.2467844284801881,0.43944837887397353
Rg norm w/0.418,expr pH only regr out,All,ProtBERT,low,20,Ridge,85/15,0.2515734525722868,0.43804912158657716
Rg norm w/0.418,expr pH only regr out,All,ProtBERT,low,20,Lasso,85/15,0.14642174415751952,0.4678104225906268
Rg norm w/0.418,expr pH only regr out,All,ProtBERT,low,20,Kernel Ridge,85/15,0.5584009975152215,0.3364823307762138
Rg norm w/0.418,expr pH only regr out,All,ProtBERT,low,20,GPR,85/15,0.8058797958275608,0.22309179175398944
Rg norm w/0.418,expr pH only regr out,All,ProtBERT,low,20,Linear,90/10,0.28485866199477916,0.5083051105866335
Rg norm w/0.418,expr pH only regr out,All,ProtBERT,low,20,Ridge,90/10,0.2654814201073553,0.5151455205698068
Rg norm w/0.418,expr pH only regr out,All,ProtBERT,low,20,Lasso,90/10,0.13229704306624068,0.5599046490163184
Rg norm w/0.418,expr pH only regr out,All,ProtBERT,low,20,Kernel Ridge,90/10,0.7470703713855626,0.30229320699570994
Rg norm w/0.418,expr pH only regr out,All,ProtBERT,low,20,GPR,90/10,0.874134707524287,0.21324631225998852
Rg norm w/0.418,expr pH only regr out,Inliers,ProtBERT,low,20,Linear,80/20,0.29650070925862937,0.19573549644721613
Rg norm w/0.418,expr pH only regr out,Inliers,ProtBERT,low,20,Ridge,80/20,0.299106747174417,0.195372619464809
Rg norm w/0.418,expr pH only regr out,Inliers,ProtBERT,low,20,Lasso,80/20,0.28650998778659553,0.19712046217455362
Rg norm w/0.418,expr pH only regr out,Inliers,ProtBERT,low,20,Kernel Ridge,80/20,0.3143634835840059,0.19323452751226036
Rg norm w/0.418,expr pH only regr out,Inliers,ProtBERT,low,20,GPR,80/20,-0.5729326585530359,0.2926798505443541
Rg norm w/0.418,expr pH only regr out,Inliers,ProtBERT,low,20,Linear,85/15,0.25012736099607724,0.2108076746852364
Rg norm w/0.418,expr pH only regr out,Inliers,ProtBERT,low,20,Ridge,85/15,0.25957590547353293,0.20947535518213842
Rg norm w/0.418,expr pH only regr out,Inliers,ProtBERT,low,20,Lasso,85/15,0.26147496900045164,0.2092065481467864
Rg norm w/0.418,expr pH only regr out,Inliers,ProtBERT,low,20,Kernel Ridge,85/15,0.2657853532670662,0.20859514013368372
Rg norm w/0.418,expr pH only regr out,Inliers,ProtBERT,low,20,GPR,85/15,-0.40290799366527663,0.28834157006020755
Rg norm w/0.418,expr pH only regr out,Inliers,ProtBERT,low,20,Linear,90/10,0.20834954496419955,0.2044919951254513
Rg norm w/0.418,expr pH only regr out,Inliers,ProtBERT,low,20,Ridge,90/10,0.23978468685748588,0.20039084933490708
Rg norm w/0.418,expr pH only regr out,Inliers,ProtBERT,low,20,Lasso,90/10,0.21566615564904945,0.20354482115367437
Rg norm w/0.418,expr pH only regr out,Inliers,ProtBERT,low,20,Kernel Ridge,90/10,0.23999199007441385,0.20036352516806988
Rg norm w/0.418,expr pH only regr out,Inliers,ProtBERT,low,20,GPR,90/10,-0.2827353639541259,0.26030236461093875
Rg w/no norm,expr buffer only regr out,All,ProtBERT,low,20,Linear,80/20,0.33131060589200756,3.6379160558003654
Rg w/no norm,expr buffer only regr out,All,ProtBERT,low,20,Ridge,80/20,0.3168485526170908,3.6770450646315065
Rg w/no norm,expr buffer only regr out,All,ProtBERT,low,20,Lasso,80/20,0.18740626242267233,4.010303040902979
Rg w/no norm,expr buffer only regr out,All,ProtBERT,low,20,Kernel Ridge,80/20,0.5854445784872432,2.8643874065334396
Rg w/no norm,expr buffer only regr out,All,ProtBERT,low,20,GPR,80/20,0.7114026394216091,2.3899379939895042
Rg w/no norm,expr buffer only regr out,All,ProtBERT,low,20,Linear,85/15,0.26678353876654226,3.8733999746900922
Rg w/no norm,expr buffer only regr out,All,ProtBERT,low,20,Ridge,85/15,0.28149172527020494,3.834353322257609
Rg w/no norm,expr buffer only regr out,All,ProtBERT,low,20,Lasso,85/15,0.20205585364247336,4.040754717525509
Rg w/no norm,expr buffer only regr out,All,ProtBERT,low,20,Kernel Ridge,85/15,0.5401276441063103,3.0675729110550822
Rg w/no norm,expr buffer only regr out,All,ProtBERT,low,20,GPR,85/15,0.7037862420798762,2.4619478823860628
Rg w/no norm,expr buffer only regr out,All,ProtBERT,low,20,Linear,90/10,0.27775051338215284,4.4452972341978585
Rg w/no norm,expr buffer only regr out,All,ProtBERT,low,20,Ridge,90/10,0.2703084397882757,4.468140757128088
Rg w/no norm,expr buffer only regr out,All,ProtBERT,low,20,Lasso,90/10,0.1640464923745717,4.782425866040122
Rg w/no norm,expr buffer only regr out,All,ProtBERT,low,20,Kernel Ridge,90/10,0.5379369841049919,3.5555581733165664
Rg w/no norm,expr buffer only regr out,All,ProtBERT,low,20,GPR,90/10,0.8285833412641558,2.1656271985456472
Rg w/no norm,expr buffer only regr out,Inliers,ProtBERT,low,20,Linear,80/20,0.3931318991214069,1.5935982856166897
Rg w/no norm,expr buffer only regr out,Inliers,ProtBERT,low,20,Ridge,80/20,0.3925262069076405,1.5943933425262808
Rg w/no norm,expr buffer only regr out,Inliers,ProtBERT,low,20,Lasso,80/20,0.3647390695005327,1.6304510772321288
Rg w/no norm,expr buffer only regr out,Inliers,ProtBERT,low,20,Kernel Ridge,80/20,0.38133636968806495,1.6090109204387404
Rg w/no norm,expr buffer only regr out,Inliers,ProtBERT,low,20,GPR,80/20,-0.5410129234936596,2.5394217752123165
Rg w/no norm,expr buffer only regr out,Inliers,ProtBERT,low,20,Linear,85/15,0.38669303960253243,1.6175371572243211
Rg w/no norm,expr buffer only regr out,Inliers,ProtBERT,low,20,Ridge,85/15,0.38284628381187,1.6226019490382462
Rg w/no norm,expr buffer only regr out,Inliers,ProtBERT,low,20,Lasso,85/15,0.3687652188745135,1.6410083064284753
Rg w/no norm,expr buffer only regr out,Inliers,ProtBERT,low,20,Kernel Ridge,85/15,0.38169264659321445,1.6241177950830956
Rg w/no norm,expr buffer only regr out,Inliers,ProtBERT,low,20,GPR,85/15,-0.3743045860364673,2.4213458007005073
Rg w/no norm,expr buffer only regr out,Inliers,ProtBERT,low,20,Linear,90/10,0.4159493561763835,1.5721360222703327
Rg w/no norm,expr buffer only regr out,Inliers,ProtBERT,low,20,Ridge,90/10,0.4225747601697337,1.5631935232618182
Rg w/no norm,expr buffer only regr out,Inliers,ProtBERT,low,20,Lasso,90/10,0.4258174305911735,1.5587980989365335
Rg w/no norm,expr buffer only regr out,Inliers,ProtBERT,low,20,Kernel Ridge,90/10,0.4184646498578901,1.5687470605759386
Rg w/no norm,expr buffer only regr out,Inliers,ProtBERT,low,20,GPR,90/10,-0.1290333369326937,2.1858393905917346
Rg norm w/0.427,expr buffer only regr out,All,ProtBERT,low,20,Linear,80/20,0.31090117915010296,0.4200349676387339
Rg norm w/0.427,expr buffer only regr out,All,ProtBERT,low,20,Ridge,80/20,0.2864276005383679,0.42742873460536335
Rg norm w/0.427,expr buffer only regr out,All,ProtBERT,low,20,Lasso,80/20,0.14121042104050052,0.4689084684788468
Rg norm w/0.427,expr buffer only regr out,All,ProtBERT,low,20,Kernel Ridge,80/20,0.19816649976512468,0.4530924147724711
Rg norm w/0.427,expr buffer only regr out,All,ProtBERT,low,20,GPR,80/20,0.7031197552584979,0.2756990965385727
Rg norm w/0.427,expr buffer only regr out,All,ProtBERT,low,20,Linear,85/15,0.2691386808450007,0.43430141070554984
Rg norm w/0.427,expr buffer only regr out,All,ProtBERT,low,20,Ridge,85/15,0.27189773013788954,0.4334808774629098
Rg norm w/0.427,expr buffer only regr out,All,ProtBERT,low,20,Lasso,85/15,0.1696377311153746,0.46292171646330627
Rg norm w/0.427,expr buffer only regr out,All,ProtBERT,low,20,Kernel Ridge,85/15,0.5416618955039114,0.3439273658936514
Rg norm w/0.427,expr buffer only regr out,All,ProtBERT,low,20,GPR,85/15,0.7009008145539903,0.27783142502645636
Rg norm w/0.427,expr buffer only regr out,All,ProtBERT,low,20,Linear,90/10,0.2823200208255352,0.5038439538377384
Rg norm w/0.427,expr buffer only regr out,All,ProtBERT,low,20,Ridge,90/10,0.2685325198502925,0.5086606562850047
Rg norm w/0.427,expr buffer only regr out,All,ProtBERT,low,20,Lasso,90/10,0.15083559539728186,0.5480580060999907
Rg norm w/0.427,expr buffer only regr out,All,ProtBERT,low,20,Kernel Ridge,90/10,0.5559848362616906,0.3963049865247622
Rg norm w/0.427,expr buffer only regr out,All,ProtBERT,low,20,GPR,90/10,0.831981220755017,0.24378644162378116
Rg norm w/0.427,expr buffer only regr out,Inliers,ProtBERT,low,20,Linear,80/20,0.260140006917,0.17763419919028703
Rg norm w/0.427,expr buffer only regr out,Inliers,ProtBERT,low,20,Ridge,80/20,0.2719497187557537,0.176210789650695
Rg norm w/0.427,expr buffer only regr out,Inliers,ProtBERT,low,20,Lasso,80/20,0.24248352537168527,0.17974128889019123
Rg norm w/0.427,expr buffer only regr out,Inliers,ProtBERT,low,20,Kernel Ridge,80/20,0.22291360461334964,0.18204823104813442
Rg norm w/0.427,expr buffer only regr out,Inliers,ProtBERT,low,20,GPR,80/20,-0.8177693292006785,0.2784333137271282
Rg norm w/0.427,expr buffer only regr out,Inliers,ProtBERT,low,20,Linear,85/15,0.2778302920671918,0.18604780367643647
Rg norm w/0.427,expr buffer only regr out,Inliers,ProtBERT,low,20,Ridge,85/15,0.2905415546812873,0.18440317532835282
Rg norm w/0.427,expr buffer only regr out,Inliers,ProtBERT,low,20,Lasso,85/15,0.26995404479033114,0.18705960512514505
Rg norm w/0.427,expr buffer only regr out,Inliers,ProtBERT,low,20,Kernel Ridge,85/15,0.28776178485328696,0.18476408248037418
Rg norm w/0.427,expr buffer only regr out,Inliers,ProtBERT,low,20,GPR,85/15,-0.5174888230094803,0.2696917517315369
Rg norm w/0.427,expr buffer only regr out,Inliers,ProtBERT,low,20,Linear,90/10,0.23892995607587242,0.18121467712190403
Rg norm w/0.427,expr buffer only regr out,Inliers,ProtBERT,low,20,Ridge,90/10,0.2832192770748284,0.17586289330555607
Rg norm w/0.427,expr buffer only regr out,Inliers,ProtBERT,low,20,Lasso,90/10,0.25611293729666984,0.17915732045019117
Rg norm w/0.427,expr buffer only regr out,Inliers,ProtBERT,low,20,Kernel Ridge,90/10,0.3941034814402846,0.16168892886799097
Rg norm w/0.427,expr buffer only regr out,Inliers,ProtBERT,low,20,GPR,90/10,-0.31656891710870494,0.2383432485002955
Rg norm w/0.5,expr buffer only regr out,All,ProtBERT,low,20,Linear,80/20,0.32870787689223513,0.3101449375456204
Rg norm w/0.5,expr buffer only regr out,All,ProtBERT,low,20,Ridge,80/20,0.30330843527197104,0.3159578843686709
Rg norm w/0.5,expr buffer only regr out,All,ProtBERT,low,20,Lasso,80/20,0.12242705200075799,0.3546096375405746
Rg norm w/0.5,expr buffer only regr out,All,ProtBERT,low,20,Kernel Ridge,80/20,0.5422715355638303,0.25610194761708677
Rg norm w/0.5,expr buffer only regr out,All,ProtBERT,low,20,GPR,80/20,0.4874107625621116,0.2710152084332244
Rg norm w/0.5,expr buffer only regr out,All,ProtBERT,low,20,Linear,85/15,0.30453570559322996,0.31851811002621705
Rg norm w/0.5,expr buffer only regr out,All,ProtBERT,low,20,Ridge,85/15,0.30538788590969523,0.31832290369644795
Rg norm w/0.5,expr buffer only regr out,All,ProtBERT,low,20,Lasso,85/15,0.1611358381743151,0.3498183053083297
Rg norm w/0.5,expr buffer only regr out,All,ProtBERT,low,20,Kernel Ridge,85/15,0.5159205896052386,0.26573882881886546
Rg norm w/0.5,expr buffer only regr out,All,ProtBERT,low,20,GPR,85/15,0.5025362046684491,0.26938750663451516
Rg norm w/0.5,expr buffer only regr out,All,ProtBERT,low,20,Linear,90/10,0.29294349064420644,0.36150564716878736
Rg norm w/0.5,expr buffer only regr out,All,ProtBERT,low,20,Ridge,90/10,0.28106769904625706,0.3645289475575111
Rg norm w/0.5,expr buffer only regr out,All,ProtBERT,low,20,Lasso,90/10,0.2520611008674958,0.37181001517691886
Rg norm w/0.5,expr buffer only regr out,All,ProtBERT,low,20,Kernel Ridge,90/10,0.5293954222085535,0.2949280621068992
Rg norm w/0.5,expr buffer only regr out,All,ProtBERT,low,20,GPR,90/10,0.7435576685489589,0.21771225784188228
Rg norm w/0.5,expr buffer only regr out,Inliers,ProtBERT,low,20,Linear,80/20,0.2658168893498003,0.12486839174739181
Rg norm w/0.5,expr buffer only regr out,Inliers,ProtBERT,low,20,Ridge,80/20,0.27834674984503527,0.12379827958129636
Rg norm w/0.5,expr buffer only regr out,Inliers,ProtBERT,low,20,Lasso,80/20,0.22181775205092014,0.1285555950926835
Rg norm w/0.5,expr buffer only regr out,Inliers,ProtBERT,low,20,Kernel Ridge,80/20,0.22477877544601166,0.12831078166997853
Rg norm w/0.5,expr buffer only regr out,Inliers,ProtBERT,low,20,GPR,80/20,-0.8064312942377547,0.19586689899184326
Rg norm w/0.5,expr buffer only regr out,Inliers,ProtBERT,low,20,Linear,85/15,0.285461011521713,0.13101979626503918
Rg norm w/0.5,expr buffer only regr out,Inliers,ProtBERT,low,20,Ridge,85/15,0.29952687497143615,0.12972380928322974
Rg norm w/0.5,expr buffer only regr out,Inliers,ProtBERT,low,20,Lasso,85/15,0.30826074457046293,0.12891253996652804
Rg norm w/0.5,expr buffer only regr out,Inliers,ProtBERT,low,20,Kernel Ridge,85/15,0.2970792478462544,0.12995025525029744
Rg norm w/0.5,expr buffer only regr out,Inliers,ProtBERT,low,20,GPR,85/15,-0.5068396743751902,0.1902643744488787
Rg norm w/0.5,expr buffer only regr out,Inliers,ProtBERT,low,20,Linear,90/10,0.2206191153175433,0.12764126248218802
Rg norm w/0.5,expr buffer only regr out,Inliers,ProtBERT,low,20,Ridge,90/10,0.2729616288336465,0.12328064056366804
Rg norm w/0.5,expr buffer only regr out,Inliers,ProtBERT,low,20,Lasso,90/10,0.25531438132643625,0.12476785234227046
Rg norm w/0.5,expr buffer only regr out,Inliers,ProtBERT,low,20,Kernel Ridge,90/10,0.3831352564766368,0.11355628880942235
Rg norm w/0.5,expr buffer only regr out,Inliers,ProtBERT,low,20,GPR,90/10,-0.32891587101608777,0.16667288782051787
Rg norm w/0.418,expr buffer only regr out,All,ProtBERT,low,20,Linear,80/20,0.29249983094978993,0.4312718449538864
Rg norm w/0.418,expr buffer only regr out,All,ProtBERT,low,20,Ridge,80/20,0.27016694517458295,0.4380257049625856
Rg norm w/0.418,expr buffer only regr out,All,ProtBERT,low,20,Lasso,80/20,-0.009166453900091298,0.5150735344249134
Rg norm w/0.418,expr buffer only regr out,All,ProtBERT,low,20,Kernel Ridge,80/20,0.20849163482673883,0.45615830612025005
Rg norm w/0.418,expr buffer only regr out,All,ProtBERT,low,20,GPR,80/20,0.8176292978240307,0.2189602941551652
Rg norm w/0.418,expr buffer only regr out,All,ProtBERT,low,20,Linear,85/15,0.24597566577512942,0.444862581337582
Rg norm w/0.418,expr buffer only regr out,All,ProtBERT,low,20,Ridge,85/15,0.24884209040941485,0.444016203310683
Rg norm w/0.418,expr buffer only regr out,All,ProtBERT,low,20,Lasso,85/15,0.14859016055846008,0.4727184239593798
Rg norm w/0.418,expr buffer only regr out,All,ProtBERT,low,20,Kernel Ridge,85/15,0.5509710489986137,0.3432972844342862
Rg norm w/0.418,expr buffer only regr out,All,ProtBERT,low,20,GPR,85/15,0.8072935541650041,0.22489578575363744
Rg norm w/0.418,expr buffer only regr out,All,ProtBERT,low,20,Linear,90/10,0.27731173501767914,0.5199935635353103
Rg norm w/0.418,expr buffer only regr out,All,ProtBERT,low,20,Ridge,90/10,0.2616544001873343,0.5255963155635927
Rg norm w/0.418,expr buffer only regr out,All,ProtBERT,low,20,Lasso,90/10,0.13431561832220373,0.569117916269414
Rg norm w/0.418,expr buffer only regr out,All,ProtBERT,low,20,Kernel Ridge,90/10,0.7377231098808279,0.3132582225479087
Rg norm w/0.418,expr buffer only regr out,All,ProtBERT,low,20,GPR,90/10,0.871807173564823,0.2190051503049611
Rg norm w/0.418,expr buffer only regr out,Inliers,ProtBERT,low,20,Linear,80/20,0.2601954600775336,0.18564439659525547
Rg norm w/0.418,expr buffer only regr out,Inliers,ProtBERT,low,20,Ridge,80/20,0.2718891272843925,0.1841713651729275
Rg norm w/0.418,expr buffer only regr out,Inliers,ProtBERT,low,20,Lasso,80/20,0.2443739960125635,0.1876189913265977
Rg norm w/0.418,expr buffer only regr out,Inliers,ProtBERT,low,20,Kernel Ridge,80/20,0.22339064665716202,0.19020619491290897
Rg norm w/0.418,expr buffer only regr out,Inliers,ProtBERT,low,20,GPR,80/20,-0.8176704388729159,0.29099191412829983
Rg norm w/0.418,expr buffer only regr out,Inliers,ProtBERT,low,20,Linear,85/15,0.2774991952640976,0.19438452262693087
Rg norm w/0.418,expr buffer only regr out,Inliers,ProtBERT,low,20,Ridge,85/15,0.29000089031383947,0.1926954308388607
Rg norm w/0.418,expr buffer only regr out,Inliers,ProtBERT,low,20,Lasso,85/15,0.2713406618980476,0.19521122297899032
Rg norm w/0.418,expr buffer only regr out,Inliers,ProtBERT,low,20,Kernel Ridge,85/15,0.2871833183700938,0.1930774000921327
Rg norm w/0.418,expr buffer only regr out,Inliers,ProtBERT,low,20,GPR,85/15,-0.5178401238262613,0.28174455353913685
Rg norm w/0.418,expr buffer only regr out,Inliers,ProtBERT,low,20,Linear,90/10,0.2417473865950136,0.18933011280327006
Rg norm w/0.418,expr buffer only regr out,Inliers,ProtBERT,low,20,Ridge,90/10,0.2850341865548571,0.18384650317279982
Rg norm w/0.418,expr buffer only regr out,Inliers,ProtBERT,low,20,Lasso,90/10,0.25784533526029696,0.18730956120989775
Rg norm w/0.418,expr buffer only regr out,Inliers,ProtBERT,low,20,Kernel Ridge,90/10,0.3958496215584063,0.16899943849619217
Rg norm w/0.418,expr buffer only regr out,Inliers,ProtBERT,low,20,GPR,90/10,-0.3141501060206513,0.24925003211785168
Rg w/no norm,No regr out,All,ProtBERT,low,50,Linear,80/20,0.01188193896456935,4.209236575905768
Rg w/no norm,No regr out,All,ProtBERT,low,50,Ridge,80/20,0.44119571227425813,3.165401338574914
Rg w/no norm,No regr out,All,ProtBERT,low,50,Lasso,80/20,0.16694095769730521,3.864887066021973
Rg w/no norm,No regr out,All,ProtBERT,low,50,Kernel Ridge,80/20,0.34786778869391555,3.419532556314929
Rg w/no norm,No regr out,All,ProtBERT,low,50,GPR,80/20,0.7998502798104093,1.8944206122810752
Rg w/no norm,No regr out,All,ProtBERT,low,50,Linear,85/15,-0.08450543072237915,4.27522720108735
Rg w/no norm,No regr out,All,ProtBERT,low,50,Ridge,85/15,0.3647801166806117,3.2719403379801477
Rg w/no norm,No regr out,All,ProtBERT,low,50,Lasso,85/15,0.16224870523045332,3.757516427603515
Rg w/no norm,No regr out,All,ProtBERT,low,50,Kernel Ridge,85/15,0.3510173242291189,3.3071956340902218
Rg w/no norm,No regr out,All,ProtBERT,low,50,GPR,85/15,0.7932268956847066,1.8667680448670851
Rg w/no norm,No regr out,All,ProtBERT,low,50,Linear,90/10,0.1838053951197426,4.415555585568129
Rg w/no norm,No regr out,All,ProtBERT,low,50,Ridge,90/10,0.4403140090073677,3.656459056384727
Rg w/no norm,No regr out,All,ProtBERT,low,50,Lasso,90/10,0.14688897812549018,4.514308897038196
Rg w/no norm,No regr out,All,ProtBERT,low,50,Kernel Ridge,90/10,0.3507699840198286,3.9381095364796823
Rg w/no norm,No regr out,All,ProtBERT,low,50,GPR,90/10,0.8481849403242776,1.9043462880882445
Rg w/no norm,No regr out,Inliers,ProtBERT,low,50,Linear,80/20,0.4017846430713098,1.1022994092324019
Rg w/no norm,No regr out,Inliers,ProtBERT,low,50,Ridge,80/20,0.5351659425791219,0.9716721741834276
Rg w/no norm,No regr out,Inliers,ProtBERT,low,50,Lasso,80/20,0.4933607033261155,1.014425673225662
Rg w/no norm,No regr out,Inliers,ProtBERT,low,50,Kernel Ridge,80/20,0.5475945877901746,0.9585939677127427
Rg w/no norm,No regr out,Inliers,ProtBERT,low,50,GPR,80/20,0.4406936991781265,1.065848925543073
Rg w/no norm,No regr out,Inliers,ProtBERT,low,50,Linear,85/15,0.32886178515658493,0.8737051357018492
Rg w/no norm,No regr out,Inliers,ProtBERT,low,50,Ridge,85/15,0.4116455692440585,0.8180473055497096
Rg w/no norm,No regr out,Inliers,ProtBERT,low,50,Lasso,85/15,0.3469125443326805,0.8618755791430578
Rg w/no norm,No regr out,Inliers,ProtBERT,low,50,Kernel Ridge,85/15,0.45479685419116467,0.7874773676023232
Rg w/no norm,No regr out,Inliers,ProtBERT,low,50,GPR,85/15,0.47059351124553317,0.7759853716896445
Rg w/no norm,No regr out,Inliers,ProtBERT,low,50,Linear,90/10,0.47823489932599783,0.8239956100615011
Rg w/no norm,No regr out,Inliers,ProtBERT,low,50,Ridge,90/10,0.5001683326710298,0.8064905228625324
Rg w/no norm,No regr out,Inliers,ProtBERT,low,50,Lasso,90/10,0.3836422234738833,0.8955788409103286
Rg w/no norm,No regr out,Inliers,ProtBERT,low,50,Kernel Ridge,90/10,0.5591249097595825,0.7574346438939928
Rg w/no norm,No regr out,Inliers,ProtBERT,low,50,GPR,90/10,0.5255969790054559,0.7857078774826317
Rg norm w/0.427,No regr out,All,ProtBERT,low,50,Linear,80/20,0.10376793078091451,0.4590986826067527
Rg norm w/0.427,No regr out,All,ProtBERT,low,50,Ridge,80/20,0.4540116369115883,0.3583335728647099
Rg norm w/0.427,No regr out,All,ProtBERT,low,50,Lasso,80/20,-0.010103950816635399,0.4873924994520305
Rg norm w/0.427,No regr out,All,ProtBERT,low,50,Kernel Ridge,80/20,0.045964605942256376,0.4736723674699159
Rg norm w/0.427,No regr out,All,ProtBERT,low,50,GPR,80/20,0.78758530836255,0.22350543187026814
Rg norm w/0.427,No regr out,All,ProtBERT,low,50,Linear,85/15,0.044519627027030384,0.4636102138878855
Rg norm w/0.427,No regr out,All,ProtBERT,low,50,Ridge,85/15,0.38516956178455597,0.3718945296065286
Rg norm w/0.427,No regr out,All,ProtBERT,low,50,Lasso,85/15,-0.0036167979181029875,0.4751448988519651
Rg norm w/0.427,No regr out,All,ProtBERT,low,50,Kernel Ridge,85/15,0.06956706759707487,0.4574932040151466
Rg norm w/0.427,No regr out,All,ProtBERT,low,50,GPR,85/15,0.7728281680164154,0.22605772382886036
Rg norm w/0.427,No regr out,All,ProtBERT,low,50,Linear,90/10,0.3105552906407506,0.47267637126534806
Rg norm w/0.427,No regr out,All,ProtBERT,low,50,Ridge,90/10,0.4585914240587521,0.41886756928773333
Rg norm w/0.427,No regr out,All,ProtBERT,low,50,Lasso,90/10,0.15054297050209198,0.5246683642256555
Rg norm w/0.427,No regr out,All,ProtBERT,low,50,Kernel Ridge,90/10,0.05965506870905446,0.552023752696993
Rg norm w/0.427,No regr out,All,ProtBERT,low,50,GPR,90/10,0.8360282455859402,0.23051473564417335
Rg norm w/0.427,No regr out,Inliers,ProtBERT,low,50,Linear,80/20,0.06723035251337628,0.0933168625069919
Rg norm w/0.427,No regr out,Inliers,ProtBERT,low,50,Ridge,80/20,0.20847940053358693,0.08596151019919042
Rg norm w/0.427,No regr out,Inliers,ProtBERT,low,50,Lasso,80/20,0.23070671860561864,0.08474593888401973
Rg norm w/0.427,No regr out,Inliers,ProtBERT,low,50,Kernel Ridge,80/20,0.25091224146339275,0.08362560557332377
Rg norm w/0.427,No regr out,Inliers,ProtBERT,low,50,GPR,80/20,0.024636758183767427,0.09542367053464403
Rg norm w/0.427,No regr out,Inliers,ProtBERT,low,50,Linear,85/15,0.2663285742966218,0.08222238880258291
Rg norm w/0.427,No regr out,Inliers,ProtBERT,low,50,Ridge,85/15,0.18935548466919183,0.08642800970713467
Rg norm w/0.427,No regr out,Inliers,ProtBERT,low,50,Lasso,85/15,0.20634051765373784,0.08551777490424091
Rg norm w/0.427,No regr out,Inliers,ProtBERT,low,50,Kernel Ridge,85/15,0.13692756488983548,0.08917906421383094
Rg norm w/0.427,No regr out,Inliers,ProtBERT,low,50,GPR,85/15,0.3009250491147374,0.08026037011467825
Rg norm w/0.427,No regr out,Inliers,ProtBERT,low,50,Linear,90/10,0.005023290200125818,0.08329036116120055
Rg norm w/0.427,No regr out,Inliers,ProtBERT,low,50,Ridge,90/10,0.01846745285040252,0.0827257361225161
Rg norm w/0.427,No regr out,Inliers,ProtBERT,low,50,Lasso,90/10,0.08919658624753202,0.0796894102185
Rg norm w/0.427,No regr out,Inliers,ProtBERT,low,50,Kernel Ridge,90/10,0.13765348025231028,0.07754060679445496
Rg norm w/0.427,No regr out,Inliers,ProtBERT,low,50,GPR,90/10,0.14186211434898022,0.07735115906094968
Rg norm w/0.5,No regr out,All,ProtBERT,low,50,Linear,80/20,0.10211425080962244,0.48079946236775767
Rg norm w/0.5,No regr out,All,ProtBERT,low,50,Ridge,80/20,0.45347542996287615,0.37510968693740376
Rg norm w/0.5,No regr out,All,ProtBERT,low,50,Lasso,80/20,-0.009767667354325882,0.5098755235589676
Rg norm w/0.5,No regr out,All,ProtBERT,low,50,Kernel Ridge,80/20,0.0465037148401064,0.49546494941796115
Rg norm w/0.5,No regr out,All,ProtBERT,low,50,GPR,80/20,0.7890717276572806,0.2330348273589006
Rg norm w/0.5,No regr out,All,ProtBERT,low,50,Linear,85/15,0.04193205616296103,0.48565063996806607
Rg norm w/0.5,No regr out,All,ProtBERT,low,50,Ridge,85/15,0.38440630176275137,0.3892896823363796
Rg norm w/0.5,No regr out,All,ProtBERT,low,50,Lasso,85/15,-0.003370554444103835,0.49700011202650457
Rg norm w/0.5,No regr out,All,ProtBERT,low,50,Kernel Ridge,85/15,0.07004791452020098,0.47847152512311986
Rg norm w/0.5,No regr out,All,ProtBERT,low,50,GPR,85/15,0.7746501219431742,0.2355344700976114
Rg norm w/0.5,No regr out,All,ProtBERT,low,50,Linear,90/10,0.3083056708036943,0.4952622212021706
Rg norm w/0.5,No regr out,All,ProtBERT,low,50,Ridge,90/10,0.45795297595795437,0.4384262770882609
Rg norm w/0.5,No regr out,All,ProtBERT,low,50,Lasso,90/10,0.16188010877432157,0.545169018770903
Rg norm w/0.5,No regr out,All,ProtBERT,low,50,Kernel Ridge,90/10,0.060163950743664873,0.5773034370334851
Rg norm w/0.5,No regr out,All,ProtBERT,low,50,GPR,90/10,0.8372992849941538,0.240199901103914
Rg norm w/0.5,No regr out,Inliers,ProtBERT,low,50,Linear,80/20,0.17960318652590668,0.0628378743203152
Rg norm w/0.5,No regr out,Inliers,ProtBERT,low,50,Ridge,80/20,0.27734689110764144,0.058975881453095236
Rg norm w/0.5,No regr out,Inliers,ProtBERT,low,50,Lasso,80/20,0.25452244220271636,0.059899995501187894
Rg norm w/0.5,No regr out,Inliers,ProtBERT,low,50,Kernel Ridge,80/20,0.32252575691892593,0.057102601847996606
Rg norm w/0.5,No regr out,Inliers,ProtBERT,low,50,GPR,80/20,0.12159592820279153,0.06502145341812525
Rg norm w/0.5,No regr out,Inliers,ProtBERT,low,50,Linear,85/15,0.4053920199632658,0.05639409666985543
Rg norm w/0.5,No regr out,Inliers,ProtBERT,low,50,Ridge,85/15,0.31530163614972573,0.060515680704906524
Rg norm w/0.5,No regr out,Inliers,ProtBERT,low,50,Lasso,85/15,0.27092879925394153,0.06244580225016637
Rg norm w/0.5,No regr out,Inliers,ProtBERT,low,50,Kernel Ridge,85/15,0.22540044938311332,0.0643660559000456
Rg norm w/0.5,No regr out,Inliers,ProtBERT,low,50,GPR,85/15,0.42487839494755364,0.05546233108519997
Rg norm w/0.5,No regr out,Inliers,ProtBERT,low,50,Linear,90/10,0.09554247768252899,0.057330724540445514
Rg norm w/0.5,No regr out,Inliers,ProtBERT,low,50,Ridge,90/10,0.10974639843363398,0.0568787721283013
Rg norm w/0.5,No regr out,Inliers,ProtBERT,low,50,Lasso,90/10,0.12174767959663935,0.05649408717790594
Rg norm w/0.5,No regr out,Inliers,ProtBERT,low,50,Kernel Ridge,90/10,0.2187040115504918,0.053284530078570994
Rg norm w/0.5,No regr out,Inliers,ProtBERT,low,50,GPR,90/10,0.24300499084290017,0.052449318665927294
Rg norm w/0.418,No regr out,All,ProtBERT,low,50,Linear,80/20,0.11742675640446876,0.3164413719482683
Rg norm w/0.418,No regr out,All,ProtBERT,low,50,Ridge,80/20,0.4590656902823732,0.24773658367673118
Rg norm w/0.418,No regr out,All,ProtBERT,low,50,Lasso,80/20,-0.012948999481558365,0.3390093451200575
Rg norm w/0.418,No regr out,All,ProtBERT,low,50,Kernel Ridge,80/20,0.04212429498797754,0.3296647100825717
Rg norm w/0.418,No regr out,All,ProtBERT,low,50,GPR,80/20,0.7732622664337105,0.16039092084928055
Rg norm w/0.418,No regr out,All,ProtBERT,low,50,Linear,85/15,0.06625421392002862,0.31879640193954933
Rg norm w/0.418,No regr out,All,ProtBERT,low,50,Ridge,85/15,0.39228228734772863,0.25718760308720384
Rg norm w/0.418,No regr out,All,ProtBERT,low,50,Lasso,85/15,0.10264777700661465,0.3125219714049971
Rg norm w/0.418,No regr out,All,ProtBERT,low,50,Kernel Ridge,85/15,0.06611190161532088,0.31882069491245496
Rg norm w/0.418,No regr out,All,ProtBERT,low,50,GPR,85/15,0.7556829346498755,0.16307071869948533
Rg norm w/0.418,No regr out,All,ProtBERT,low,50,Linear,90/10,0.32892902412555225,0.32443016845812356
Rg norm w/0.418,No regr out,All,ProtBERT,low,50,Ridge,90/10,0.4645086987315684,0.2898098982111967
Rg norm w/0.418,No regr out,All,ProtBERT,low,50,Lasso,90/10,0.07735679707886622,0.3804117278482118
Rg norm w/0.418,No regr out,All,ProtBERT,low,50,Kernel Ridge,90/10,0.05590896893483854,0.3848078651505769
Rg norm w/0.418,No regr out,All,ProtBERT,low,50,GPR,90/10,0.8237490846346405,0.1662657113495781
Rg norm w/0.418,No regr out,Inliers,ProtBERT,low,50,Linear,80/20,0.0591098053857676,0.09806301886264275
Rg norm w/0.418,No regr out,Inliers,ProtBERT,low,50,Ridge,80/20,0.20498522401682406,0.09014121088882857
Rg norm w/0.418,No regr out,Inliers,ProtBERT,low,50,Lasso,80/20,0.22311758600575016,0.0891073304333283
Rg norm w/0.418,No regr out,Inliers,ProtBERT,low,50,Kernel Ridge,80/20,0.24675160097533522,0.08774146797603892
Rg norm w/0.418,No regr out,Inliers,ProtBERT,low,50,GPR,80/20,0.01902038401340056,0.10013036035187632
Rg norm w/0.418,No regr out,Inliers,ProtBERT,low,50,Linear,85/15,0.24981170614018877,0.0862052529296174
Rg norm w/0.418,No regr out,Inliers,ProtBERT,low,50,Ridge,85/15,0.175415826145349,0.09037869923570209
Rg norm w/0.418,No regr out,Inliers,ProtBERT,low,50,Lasso,85/15,0.19639276655402382,0.0892217028087088
Rg norm w/0.418,No regr out,Inliers,ProtBERT,low,50,Kernel Ridge,85/15,0.1284235407672878,0.09291831695817632
Rg norm w/0.418,No regr out,Inliers,ProtBERT,low,50,GPR,85/15,0.28683491631095903,0.08405114324217375
Rg norm w/0.418,No regr out,Inliers,ProtBERT,low,50,Linear,90/10,0.0004572492304836251,0.08726679067484433
Rg norm w/0.418,No regr out,Inliers,ProtBERT,low,50,Ridge,90/10,0.013889195508888896,0.08667845794253366
Rg norm w/0.418,No regr out,Inliers,ProtBERT,low,50,Lasso,90/10,0.08381168599251276,0.083548891420967
Rg norm w/0.418,No regr out,Inliers,ProtBERT,low,50,Kernel Ridge,90/10,0.1334740655453618,0.08125294304603366
Rg norm w/0.418,No regr out,Inliers,ProtBERT,low,50,GPR,90/10,0.1350257606210592,0.08118016029354086
Rg w/no norm,pH regr out,All,ProtBERT,low,50,Linear,80/20,0.011849684828566187,4.209250376939824
Rg w/no norm,pH regr out,All,ProtBERT,low,50,Ridge,80/20,0.44119246270238455,3.1653692593612486
Rg w/no norm,pH regr out,All,ProtBERT,low,50,Lasso,80/20,0.1669388011377303,3.864841663056221
Rg w/no norm,pH regr out,All,ProtBERT,low,50,Kernel Ridge,80/20,0.8846932589500364,1.4378732411782364
Rg w/no norm,pH regr out,All,ProtBERT,low,50,GPR,80/20,0.8895760542573731,1.4070997423015912
Rg w/no norm,pH regr out,All,ProtBERT,low,50,Linear,85/15,-0.08457838829498776,4.275322818652214
Rg w/no norm,pH regr out,All,ProtBERT,low,50,Ridge,85/15,0.36476394446755733,3.2719451133708954
Rg w/no norm,pH regr out,All,ProtBERT,low,50,Lasso,85/15,0.1622479411675618,3.757475794269385
Rg w/no norm,pH regr out,All,ProtBERT,low,50,Kernel Ridge,85/15,0.8613314756018152,1.5287180262777358
Rg w/no norm,pH regr out,All,ProtBERT,low,50,GPR,85/15,0.8864812777205899,1.3831592540545572
Rg w/no norm,pH regr out,All,ProtBERT,low,50,Linear,90/10,0.18373789225048032,4.415675333131518
Rg w/no norm,pH regr out,All,ProtBERT,low,50,Ridge,90/10,0.4402920811318475,3.6564786466150085
Rg w/no norm,pH regr out,All,ProtBERT,low,50,Lasso,90/10,0.14688374962067108,4.51425848601437
Rg w/no norm,pH regr out,All,ProtBERT,low,50,Kernel Ridge,90/10,0.8712197365979101,1.753908651513988
Rg w/no norm,pH regr out,All,ProtBERT,low,50,GPR,90/10,0.8988270533770188,1.5545851514279627
Rg w/no norm,pH regr out,Inliers,ProtBERT,low,50,Linear,80/20,0.4017992753107421,1.1022614807566198
Rg w/no norm,pH regr out,Inliers,ProtBERT,low,50,Ridge,80/20,0.5351583523563159,0.9716585566218067
Rg w/no norm,pH regr out,Inliers,ProtBERT,low,50,Lasso,80/20,0.4933481811450454,1.0144157104900762
Rg w/no norm,pH regr out,Inliers,ProtBERT,low,50,Kernel Ridge,80/20,0.5713148577719347,0.9331047051695364
Rg w/no norm,pH regr out,Inliers,ProtBERT,low,50,GPR,80/20,0.5278172968769683,0.9793010059072993
Rg w/no norm,pH regr out,Inliers,ProtBERT,low,50,Linear,85/15,0.3288812116835178,0.8736850367491894
Rg w/no norm,pH regr out,Inliers,ProtBERT,low,50,Ridge,85/15,0.41167242373312785,0.8180216571235007
Rg w/no norm,pH regr out,Inliers,ProtBERT,low,50,Lasso,85/15,0.34691601909651704,0.8618659332799333
Rg w/no norm,pH regr out,Inliers,ProtBERT,low,50,Kernel Ridge,85/15,0.4589842919797139,0.784440732429915
Rg w/no norm,pH regr out,Inliers,ProtBERT,low,50,GPR,85/15,0.667579580529678,0.6148922874281452
Rg w/no norm,pH regr out,Inliers,ProtBERT,low,50,Linear,90/10,0.4782466170052929,0.8239861932191147
Rg w/no norm,pH regr out,Inliers,ProtBERT,low,50,Ridge,90/10,0.5001847168503615,0.8064771438691832
Rg w/no norm,pH regr out,Inliers,ProtBERT,low,50,Lasso,90/10,0.3836320061729719,0.8955860853287222
Rg w/no norm,pH regr out,Inliers,ProtBERT,low,50,Kernel Ridge,90/10,0.5662078444990266,0.7513255274750739
Rg w/no norm,pH regr out,Inliers,ProtBERT,low,50,GPR,90/10,0.7326190741742007,0.5898648389302344
Rg norm w/0.427,pH regr out,All,ProtBERT,low,50,Linear,80/20,0.10372596195361461,0.4590952356198838
Rg norm w/0.427,pH regr out,All,ProtBERT,low,50,Ridge,80/20,0.4539992989907572,0.35832654131609526
Rg norm w/0.427,pH regr out,All,ProtBERT,low,50,Lasso,80/20,-0.010106864476395527,0.48737813161272325
Rg norm w/0.427,pH regr out,All,ProtBERT,low,50,Kernel Ridge,80/20,0.8133685415071595,0.2094955500766681
Rg norm w/0.427,pH regr out,All,ProtBERT,low,50,GPR,80/20,0.9204375570192456,0.1367843567290764
Rg norm w/0.427,pH regr out,All,ProtBERT,low,50,Linear,85/15,0.04442133240163326,0.46362139463342605
Rg norm w/0.427,pH regr out,All,ProtBERT,low,50,Ridge,85/15,0.38514138297113376,0.37189289221977284
Rg norm w/0.427,pH regr out,All,ProtBERT,low,50,Lasso,85/15,-0.0036188746975558406,0.47513241050418464
Rg norm w/0.427,pH regr out,All,ProtBERT,low,50,Kernel Ridge,85/15,0.8965672466065671,0.15253141143014548
Rg norm w/0.427,pH regr out,All,ProtBERT,low,50,GPR,85/15,0.912447685035913,0.1403343743971084
Rg norm w/0.427,pH regr out,All,ProtBERT,low,50,Linear,90/10,0.31046979598900526,0.47269159388092147
Rg norm w/0.427,pH regr out,All,ProtBERT,low,50,Ridge,90/10,0.45855815616162765,0.4188679581893671
Rg norm w/0.427,pH regr out,All,ProtBERT,low,50,Lasso,90/10,0.15051380869704234,0.52466173802566
Rg norm w/0.427,pH regr out,All,ProtBERT,low,50,Kernel Ridge,90/10,0.9012394853956163,0.17889281740080204
Rg norm w/0.427,pH regr out,All,ProtBERT,low,50,GPR,90/10,0.9173313482640499,0.16367097106042833
Rg norm w/0.427,pH regr out,Inliers,ProtBERT,low,50,Linear,80/20,0.0672166692847771,0.09331520819065768
Rg norm w/0.427,pH regr out,Inliers,ProtBERT,low,50,Ridge,80/20,0.20847296898473078,0.08595970502500377
Rg norm w/0.427,pH regr out,Inliers,ProtBERT,low,50,Lasso,80/20,0.2306903334250311,0.0847447174163828
Rg norm w/0.427,pH regr out,Inliers,ProtBERT,low,50,Kernel Ridge,80/20,0.31358715247773417,0.08004878470849143
Rg norm w/0.427,pH regr out,Inliers,ProtBERT,low,50,GPR,80/20,0.2499145897374362,0.08367917700523693
Rg norm w/0.427,pH regr out,Inliers,ProtBERT,low,50,Linear,85/15,0.26630613338284115,0.08222100342573781
Rg norm w/0.427,pH regr out,Inliers,ProtBERT,low,50,Ridge,85/15,0.18933655751685285,0.08642624066298478
Rg norm w/0.427,pH regr out,Inliers,ProtBERT,low,50,Lasso,85/15,0.20631069617282427,0.0855166327664328
Rg norm w/0.427,pH regr out,Inliers,ProtBERT,low,50,Kernel Ridge,85/15,0.35440430732515427,0.07712685817987815
Rg norm w/0.427,pH regr out,Inliers,ProtBERT,low,50,GPR,85/15,0.4055781681481251,0.07400698372761598
Rg norm w/0.427,pH regr out,Inliers,ProtBERT,low,50,Linear,90/10,0.004981107780775984,0.08329205758679668
Rg norm w/0.427,pH regr out,Inliers,ProtBERT,low,50,Ridge,90/10,0.018433161054857372,0.08272711255383296
Rg norm w/0.427,pH regr out,Inliers,ProtBERT,low,50,Lasso,90/10,0.08914295690346707,0.07969169016303716
Rg norm w/0.427,pH regr out,Inliers,ProtBERT,low,50,Kernel Ridge,90/10,0.3615324007153502,0.06672020296116894
Rg norm w/0.427,pH regr out,Inliers,ProtBERT,low,50,GPR,90/10,0.5616856893124128,0.05528161888021657
Rg norm w/0.5,pH regr out,All,ProtBERT,low,50,Linear,80/20,0.11738093400508642,0.31643823535118143
Rg norm w/0.5,pH regr out,All,ProtBERT,low,50,Ridge,80/20,0.45905070710773344,0.24773112811651726
Rg norm w/0.5,pH regr out,All,ProtBERT,low,50,Lasso,80/20,-0.01295257409691386,0.33899778287501037
Rg norm w/0.5,pH regr out,All,ProtBERT,low,50,Kernel Ridge,80/20,0.8106884689398589,0.14655169154245345
Rg norm w/0.5,pH regr out,All,ProtBERT,low,50,GPR,80/20,0.9182851236945113,0.0962837209301439
Rg norm w/0.5,pH regr out,All,ProtBERT,low,50,Linear,85/15,0.0661484062349349,0.318804318735856
Rg norm w/0.5,pH regr out,All,ProtBERT,low,50,Ridge,85/15,0.39225067818308357,0.2571861073966674
Rg norm w/0.5,pH regr out,All,ProtBERT,low,50,Lasso,85/15,0.10260989603758186,0.31251862283675175
Rg norm w/0.5,pH regr out,All,ProtBERT,low,50,Kernel Ridge,85/15,0.891410110090946,0.10871261944817737
Rg norm w/0.5,pH regr out,All,ProtBERT,low,50,GPR,85/15,0.9084293871634752,0.09983051791328325
Rg norm w/0.5,pH regr out,All,ProtBERT,low,50,Linear,90/10,0.3288378049997944,0.32444109526486986
Rg norm w/0.5,pH regr out,All,ProtBERT,low,50,Ridge,90/10,0.46447204460878333,0.28980988148996883
Rg norm w/0.5,pH regr out,All,ProtBERT,low,50,Lasso,90/10,0.0773158756251684,0.38040712277500305
Rg norm w/0.5,pH regr out,All,ProtBERT,low,50,Kernel Ridge,90/10,0.8966078493835891,0.12734030932572282
Rg norm w/0.5,pH regr out,All,ProtBERT,low,50,GPR,90/10,0.9138928609639982,0.11620951692790961
Rg norm w/0.5,pH regr out,Inliers,ProtBERT,low,50,Linear,80/20,0.1795914568309782,0.06283711136146618
Rg norm w/0.5,pH regr out,Inliers,ProtBERT,low,50,Ridge,80/20,0.2773465553453305,0.05897475748920965
Rg norm w/0.5,pH regr out,Inliers,ProtBERT,low,50,Lasso,80/20,0.254501098540342,0.059899697481746096
Rg norm w/0.5,pH regr out,Inliers,ProtBERT,low,50,Kernel Ridge,80/20,0.35795979856153637,0.05558815198732817
Rg norm w/0.5,pH regr out,Inliers,ProtBERT,low,50,GPR,80/20,0.2774148914137592,0.05897196901682912
Rg norm w/0.5,pH regr out,Inliers,ProtBERT,low,50,Linear,85/15,0.40537680576813184,0.05639328699519622
Rg norm w/0.5,pH regr out,Inliers,ProtBERT,low,50,Ridge,85/15,0.31528480610862963,0.06051478139529112
Rg norm w/0.5,pH regr out,Inliers,ProtBERT,low,50,Lasso,85/15,0.2708844947432518,0.06244600410329727
Rg norm w/0.5,pH regr out,Inliers,ProtBERT,low,50,Kernel Ridge,85/15,0.41989075847698876,0.05570079302011059
Rg norm w/0.5,pH regr out,Inliers,ProtBERT,low,50,GPR,85/15,0.42471956307846126,0.05546848306179983
Rg norm w/0.5,pH regr out,Inliers,ProtBERT,low,50,Linear,90/10,0.0955066618272794,0.057332329617851854
Rg norm w/0.5,pH regr out,Inliers,ProtBERT,low,50,Ridge,90/10,0.10971256666484985,0.056880319138913345
Rg norm w/0.5,pH regr out,Inliers,ProtBERT,low,50,Lasso,90/10,0.12166651691714414,0.056497160650989406
Rg norm w/0.5,pH regr out,Inliers,ProtBERT,low,50,Kernel Ridge,90/10,0.4129689413004798,0.04618781765477176
Rg norm w/0.5,pH regr out,Inliers,ProtBERT,low,50,GPR,90/10,0.5879016555702239,0.038698785688816566
Rg norm w/0.418,pH regr out,All,ProtBERT,low,50,Linear,80/20,0.10207270941808799,0.48079598726027645
Rg norm w/0.418,pH regr out,All,ProtBERT,low,50,Ridge,80/20,0.453463392671137,0.375102429499925
Rg norm w/0.418,pH regr out,All,ProtBERT,low,50,Lasso,80/20,-0.00977050554824288,0.5098607604359422
Rg norm w/0.418,pH regr out,All,ProtBERT,low,50,Kernel Ridge,80/20,0.8135002602832617,0.2191186602105678
Rg norm w/0.418,pH regr out,All,ProtBERT,low,50,GPR,80/20,0.9204894331063285,0.14307134954014455
Rg norm w/0.418,pH regr out,All,ProtBERT,low,50,Linear,85/15,0.04183462596432885,0.4856623136200066
Rg norm w/0.418,pH regr out,All,ProtBERT,low,50,Ridge,85/15,0.38437851705419923,0.38928803140366913
Rg norm w/0.418,pH regr out,All,ProtBERT,low,50,Lasso,85/15,-0.0033725433745375177,0.4969872813046616
Rg norm w/0.418,pH regr out,All,ProtBERT,low,50,Kernel Ridge,85/15,0.8969214878242978,0.159293567575305
Rg norm w/0.418,pH regr out,All,ProtBERT,low,50,GPR,85/15,0.9126989905474061,0.14659656729004641
Rg norm w/0.418,pH regr out,All,ProtBERT,low,50,Linear,90/10,0.3082208296071167,0.4952780883317596
Rg norm w/0.418,pH regr out,All,ProtBERT,low,50,Ridge,90/10,0.45792009475971884,0.4384267340197941
Rg norm w/0.418,pH regr out,All,ProtBERT,low,50,Lasso,90/10,0.16185178125019495,0.5451622651014809
Rg norm w/0.418,pH regr out,All,ProtBERT,low,50,Kernel Ridge,90/10,0.9015539360357195,0.18683771730300752
Rg norm w/0.418,pH regr out,All,ProtBERT,low,50,GPR,90/10,0.9175530914937771,0.17098285400764998
Rg norm w/0.418,pH regr out,Inliers,ProtBERT,low,50,Linear,80/20,0.05909603031423083,0.09806121436830052
Rg norm w/0.418,pH regr out,Inliers,ProtBERT,low,50,Ridge,80/20,0.2049779904905933,0.09013930239953437
Rg norm w/0.418,pH regr out,Inliers,ProtBERT,low,50,Lasso,80/20,0.2231030414947205,0.08910587256089415
Rg norm w/0.418,pH regr out,Inliers,ProtBERT,low,50,Kernel Ridge,80/20,0.3115292990747104,0.08388172406119314
Rg norm w/0.418,pH regr out,Inliers,ProtBERT,low,50,GPR,80/20,0.24997274640810452,0.08755140885061491
Rg norm w/0.418,pH regr out,Inliers,ProtBERT,low,50,Linear,85/15,0.2497886022038318,0.08620377524318977
Rg norm w/0.418,pH regr out,Inliers,ProtBERT,low,50,Ridge,85/15,0.1753969413238068,0.09037679324400771
Rg norm w/0.418,pH regr out,Inliers,ProtBERT,low,50,Lasso,85/15,0.19636231402342086,0.08922049001569202
Rg norm w/0.418,pH regr out,Inliers,ProtBERT,low,50,Kernel Ridge,85/15,0.3479375035115815,0.08036724262982811
Rg norm w/0.418,pH regr out,Inliers,ProtBERT,low,50,GPR,85/15,0.40597250894490067,0.07670748238517133
Rg norm w/0.418,pH regr out,Inliers,ProtBERT,low,50,Linear,90/10,0.0004149637492675273,0.08726848763181938
Rg norm w/0.418,pH regr out,Inliers,ProtBERT,low,50,Ridge,90/10,0.013855393779705016,0.08667979558207978
Rg norm w/0.418,pH regr out,Inliers,ProtBERT,low,50,Lasso,90/10,0.08376023254640264,0.08355109487225126
Rg norm w/0.418,pH regr out,Inliers,ProtBERT,low,50,Kernel Ridge,90/10,0.3594445854983017,0.06985957349978397
Rg norm w/0.418,pH regr out,Inliers,ProtBERT,low,50,GPR,90/10,0.5607399322067939,0.057850676078394364
Rg w/no norm,buffer regr out,All,ProtBERT,low,50,Linear,80/20,-0.033501504713087105,4.421195712236456
Rg w/no norm,buffer regr out,All,ProtBERT,low,50,Ridge,80/20,0.40627695426851396,3.3510131868072226
Rg w/no norm,buffer regr out,All,ProtBERT,low,50,Lasso,80/20,0.12046598756789706,4.078594252343544
Rg w/no norm,buffer regr out,All,ProtBERT,low,50,Kernel Ridge,80/20,0.7727204168295074,2.073310731632855
Rg w/no norm,buffer regr out,All,ProtBERT,low,50,GPR,80/20,0.8697629450986519,1.5694643921774407
Rg w/no norm,buffer regr out,All,ProtBERT,low,50,Linear,85/15,-0.08910386066161324,4.515306505017118
Rg w/no norm,buffer regr out,All,ProtBERT,low,50,Ridge,85/15,0.32149439966463833,3.563931151550794
Rg w/no norm,buffer regr out,All,ProtBERT,low,50,Lasso,85/15,0.12464953910882326,4.048028577049378
Rg w/no norm,buffer regr out,All,ProtBERT,low,50,Kernel Ridge,85/15,0.8465571888135867,1.6948288988075582
Rg w/no norm,buffer regr out,All,ProtBERT,low,50,GPR,85/15,0.8563706899429625,1.6397367283686768
Rg w/no norm,buffer regr out,All,ProtBERT,low,50,Linear,90/10,0.17768247132398018,4.675312479713318
Rg w/no norm,buffer regr out,All,ProtBERT,low,50,Ridge,90/10,0.406755477701921,3.9710717792091113
Rg w/no norm,buffer regr out,All,ProtBERT,low,50,Lasso,90/10,0.10926840139212002,4.86591253691402
Rg w/no norm,buffer regr out,All,ProtBERT,low,50,Kernel Ridge,90/10,0.8553231840123002,1.9610575551370315
Rg w/no norm,buffer regr out,All,ProtBERT,low,50,GPR,90/10,0.878498671151124,1.7971378153519013
Rg w/no norm,buffer regr out,Inliers,ProtBERT,low,50,Linear,80/20,0.14321239541307162,1.2926828883559727
Rg w/no norm,buffer regr out,Inliers,ProtBERT,low,50,Ridge,80/20,0.28456385851893107,1.1812473583764043
Rg w/no norm,buffer regr out,Inliers,ProtBERT,low,50,Lasso,80/20,0.22584148973521012,1.2287693182716857
Rg w/no norm,buffer regr out,Inliers,ProtBERT,low,50,Kernel Ridge,80/20,0.343141542974861,1.1318563467912053
Rg w/no norm,buffer regr out,Inliers,ProtBERT,low,50,GPR,80/20,0.21880094225125513,1.234344163767357
Rg w/no norm,buffer regr out,Inliers,ProtBERT,low,50,Linear,85/15,0.3991131825172055,0.9496450169658308
Rg w/no norm,buffer regr out,Inliers,ProtBERT,low,50,Ridge,85/15,0.33659231229492026,0.9978268948703746
Rg w/no norm,buffer regr out,Inliers,ProtBERT,low,50,Lasso,85/15,0.18553895475652227,1.105605305766671
Rg w/no norm,buffer regr out,Inliers,ProtBERT,low,50,Kernel Ridge,85/15,0.4455164250328938,0.9122403931727423
Rg w/no norm,buffer regr out,Inliers,ProtBERT,low,50,GPR,85/15,0.2943638394811209,1.0290947666674917
Rg w/no norm,buffer regr out,Inliers,ProtBERT,low,50,Linear,90/10,0.4561653085984114,1.0186531038615432
Rg w/no norm,buffer regr out,Inliers,ProtBERT,low,50,Ridge,90/10,0.37448325162606677,1.09247706949897
Rg w/no norm,buffer regr out,Inliers,ProtBERT,low,50,Lasso,90/10,0.17168830449808548,1.2571576880639344
Rg w/no norm,buffer regr out,Inliers,ProtBERT,low,50,Kernel Ridge,90/10,0.5009749794828289,0.9757847342099725
Rg w/no norm,buffer regr out,Inliers,ProtBERT,low,50,GPR,90/10,0.34663985950123,1.1165268641332249
Rg norm w/0.427,buffer regr out,All,ProtBERT,low,50,Linear,80/20,0.1422645183506014,0.45322833920364697
Rg norm w/0.427,buffer regr out,All,ProtBERT,low,50,Ridge,80/20,0.43983332011655063,0.3662680241552286
Rg norm w/0.427,buffer regr out,All,ProtBERT,low,50,Lasso,80/20,-0.002850052792611857,0.49007028511206563
Rg norm w/0.427,buffer regr out,All,ProtBERT,low,50,Kernel Ridge,80/20,0.8032138851435042,0.21708888860050787
Rg norm w/0.427,buffer regr out,All,ProtBERT,low,50,GPR,80/20,0.9080156535317171,0.14842167655992552
Rg norm w/0.427,buffer regr out,All,ProtBERT,low,50,Linear,85/15,0.0833953542945085,0.46209676318119103
Rg norm w/0.427,buffer regr out,All,ProtBERT,low,50,Ridge,85/15,0.3645309955963363,0.3847592642189105
Rg norm w/0.427,buffer regr out,All,ProtBERT,low,50,Lasso,85/15,0.016653467957778112,0.47862479645434264
Rg norm w/0.427,buffer regr out,All,ProtBERT,low,50,Kernel Ridge,85/15,0.879783873614297,0.16734905504331257
Rg norm w/0.427,buffer regr out,All,ProtBERT,low,50,GPR,85/15,0.8942499483466227,0.15695754365800893
Rg norm w/0.427,buffer regr out,All,ProtBERT,low,50,Linear,90/10,0.3440001055941516,0.46974965516434136
Rg norm w/0.427,buffer regr out,All,ProtBERT,low,50,Ridge,90/10,0.44632196787952727,0.43156203425379563
Rg norm w/0.427,buffer regr out,All,ProtBERT,low,50,Lasso,90/10,0.0032546100835666447,0.5790375164874852
Rg norm w/0.427,buffer regr out,All,ProtBERT,low,50,Kernel Ridge,90/10,0.8934556188301022,0.18931274854963057
Rg norm w/0.427,buffer regr out,All,ProtBERT,low,50,GPR,90/10,0.9085139462691671,0.17542522108722958
Rg norm w/0.427,buffer regr out,Inliers,ProtBERT,low,50,Linear,80/20,0.07676805794094088,0.10455734491083296
Rg norm w/0.427,buffer regr out,Inliers,ProtBERT,low,50,Ridge,80/20,0.16187863570322258,0.09962138863471438
Rg norm w/0.427,buffer regr out,Inliers,ProtBERT,low,50,Lasso,80/20,0.12952162180385085,0.10152619957497977
Rg norm w/0.427,buffer regr out,Inliers,ProtBERT,low,50,Kernel Ridge,80/20,0.24553596122356192,0.09451884533721333
Rg norm w/0.427,buffer regr out,Inliers,ProtBERT,low,50,GPR,80/20,0.09807252984563553,0.10334392279298606
Rg norm w/0.427,buffer regr out,Inliers,ProtBERT,low,50,Linear,85/15,0.30484675119457383,0.08943644880997866
Rg norm w/0.427,buffer regr out,Inliers,ProtBERT,low,50,Ridge,85/15,0.2141643541834487,0.09509115678216479
Rg norm w/0.427,buffer regr out,Inliers,ProtBERT,low,50,Lasso,85/15,0.11708173386212517,0.10079396255710713
Rg norm w/0.427,buffer regr out,Inliers,ProtBERT,low,50,Kernel Ridge,85/15,0.3720654964455,0.08500244969320464
Rg norm w/0.427,buffer regr out,Inliers,ProtBERT,low,50,GPR,85/15,0.36273305231973285,0.08563177874693811
Rg norm w/0.427,buffer regr out,Inliers,ProtBERT,low,50,Linear,90/10,0.02678269016518786,0.09925453524970998
Rg norm w/0.427,buffer regr out,Inliers,ProtBERT,low,50,Ridge,90/10,0.005157967737084435,0.1003511862809674
Rg norm w/0.427,buffer regr out,Inliers,ProtBERT,low,50,Lasso,90/10,-0.013399712432690336,0.10128283196459366
Rg norm w/0.427,buffer regr out,Inliers,ProtBERT,low,50,Kernel Ridge,90/10,0.010722831865135118,0.10007012464997958
Rg norm w/0.427,buffer regr out,Inliers,ProtBERT,low,50,GPR,90/10,0.46160208063678543,0.07382392544013726
Rg norm w/0.5,buffer regr out,All,ProtBERT,low,50,Linear,80/20,0.16808339805106576,0.3089545686233757
Rg norm w/0.5,buffer regr out,All,ProtBERT,low,50,Ridge,80/20,0.44633902507709433,0.25204418526700234
Rg norm w/0.5,buffer regr out,All,ProtBERT,low,50,Lasso,80/20,-0.004102188485042069,0.339424887593166
Rg norm w/0.5,buffer regr out,All,ProtBERT,low,50,Kernel Ridge,80/20,0.8004520762718056,0.15131372847169483
Rg norm w/0.5,buffer regr out,All,ProtBERT,low,50,GPR,80/20,0.9055629629589916,0.10409404912202887
Rg norm w/0.5,buffer regr out,All,ProtBERT,low,50,Linear,85/15,0.11311114380425713,0.31416163293536303
Rg norm w/0.5,buffer regr out,All,ProtBERT,low,50,Ridge,85/15,0.3742471466488091,0.263888197051547
Rg norm w/0.5,buffer regr out,All,ProtBERT,low,50,Lasso,85/15,0.10195903328008671,0.3161306621505009
Rg norm w/0.5,buffer regr out,All,ProtBERT,low,50,Kernel Ridge,85/15,0.8753106058707616,0.11779674877741897
Rg norm w/0.5,buffer regr out,All,ProtBERT,low,50,GPR,85/15,0.8900179792920443,0.11063165110411541
Rg norm w/0.5,buffer regr out,All,ProtBERT,low,50,Linear,90/10,0.36861287703764944,0.3185891535845833
Rg norm w/0.5,buffer regr out,All,ProtBERT,low,50,Ridge,90/10,0.45473317723747353,0.2960654045141132
Rg norm w/0.5,buffer regr out,All,ProtBERT,low,50,Lasso,90/10,-0.009192556303704302,0.40278208456523795
Rg norm w/0.5,buffer regr out,All,ProtBERT,low,50,Kernel Ridge,90/10,0.8898679795345832,0.13305767465602136
Rg norm w/0.5,buffer regr out,All,ProtBERT,low,50,GPR,90/10,0.9052250116195607,0.12343263375313733
Rg norm w/0.5,buffer regr out,Inliers,ProtBERT,low,50,Linear,80/20,0.22713169387559784,0.07027668355232099
Rg norm w/0.5,buffer regr out,Inliers,ProtBERT,low,50,Ridge,80/20,0.26930984971728045,0.06833215792022408
Rg norm w/0.5,buffer regr out,Inliers,ProtBERT,low,50,Lasso,80/20,0.2543706805525223,0.06902715878028269
Rg norm w/0.5,buffer regr out,Inliers,ProtBERT,low,50,Kernel Ridge,80/20,0.31027585556730075,0.06638901481142236
Rg norm w/0.5,buffer regr out,Inliers,ProtBERT,low,50,GPR,80/20,0.10234740318691193,0.0757377946615968
Rg norm w/0.5,buffer regr out,Inliers,ProtBERT,low,50,Linear,85/15,0.3883041958245139,0.06217879114858177
Rg norm w/0.5,buffer regr out,Inliers,ProtBERT,low,50,Ridge,85/15,0.3019589692235417,0.06642246662240853
Rg norm w/0.5,buffer regr out,Inliers,ProtBERT,low,50,Lasso,85/15,0.1536478377355549,0.07313917844569459
Rg norm w/0.5,buffer regr out,Inliers,ProtBERT,low,50,Kernel Ridge,85/15,0.42392864895132665,0.06034102212393625
Rg norm w/0.5,buffer regr out,Inliers,ProtBERT,low,50,GPR,85/15,0.3476619973761568,0.06421121141461478
Rg norm w/0.5,buffer regr out,Inliers,ProtBERT,low,50,Linear,90/10,0.04698140544692475,0.06835825964002906
Rg norm w/0.5,buffer regr out,Inliers,ProtBERT,low,50,Ridge,90/10,0.045993255231259966,0.06839368955130766
Rg norm w/0.5,buffer regr out,Inliers,ProtBERT,low,50,Lasso,90/10,0.026822592316363636,0.06907745351320546
Rg norm w/0.5,buffer regr out,Inliers,ProtBERT,low,50,Kernel Ridge,90/10,0.0646366199472248,0.06772211168861765
Rg norm w/0.5,buffer regr out,Inliers,ProtBERT,low,50,GPR,90/10,0.5043568744822202,0.04929749522787671
Rg norm w/0.418,buffer regr out,All,ProtBERT,low,50,Linear,80/20,0.13905284514233218,0.4752953235100899
Rg norm w/0.418,buffer regr out,All,ProtBERT,low,50,Ridge,80/20,0.4390635748900369,0.3836472723817996
Rg norm w/0.418,buffer regr out,All,ProtBERT,low,50,Lasso,80/20,-0.0027055619824478683,0.5129346121073015
Rg norm w/0.418,buffer regr out,All,ProtBERT,low,50,Kernel Ridge,80/20,0.8033518294024535,0.2271539268446277
Rg norm w/0.418,buffer regr out,All,ProtBERT,low,50,GPR,80/20,0.9080888463788522,0.15529568983537853
Rg norm w/0.418,buffer regr out,All,ProtBERT,low,50,Linear,85/15,0.07981341134884223,0.4847278745991704
Rg norm w/0.418,buffer regr out,All,ProtBERT,low,50,Ridge,85/15,0.36341231826164566,0.40317088359567754
Rg norm w/0.418,buffer regr out,All,ProtBERT,low,50,Lasso,85/15,0.02002932220526532,0.5002263739461761
Rg norm w/0.418,buffer regr out,All,ProtBERT,low,50,Kernel Ridge,85/15,0.8800360357082828,0.17501910136301152
Rg norm w/0.418,buffer regr out,All,ProtBERT,low,50,GPR,85/15,0.8945000204431324,0.16412934370826787
Rg norm w/0.418,buffer regr out,All,ProtBERT,low,50,Linear,90/10,0.34095239948568956,0.4929103847200267
Rg norm w/0.418,buffer regr out,All,ProtBERT,low,50,Ridge,90/10,0.4453444356323868,0.4521903224676827
Rg norm w/0.418,buffer regr out,All,ProtBERT,low,50,Lasso,90/10,0.007101691630917117,0.6050091764463215
Rg norm w/0.418,buffer regr out,All,ProtBERT,low,50,Kernel Ridge,90/10,0.8936354432531571,0.19801953837862626
Rg norm w/0.418,buffer regr out,All,ProtBERT,low,50,GPR,90/10,0.9086965780358234,0.18346494872194136
Rg norm w/0.418,buffer regr out,Inliers,ProtBERT,low,50,Linear,80/20,0.060437147445389305,0.1099347254902631
Rg norm w/0.418,buffer regr out,Inliers,ProtBERT,low,50,Ridge,80/20,0.1508699034205525,0.10451030004147546
Rg norm w/0.418,buffer regr out,Inliers,ProtBERT,low,50,Lasso,80/20,0.12104887238318607,0.10632963944942128
Rg norm w/0.418,buffer regr out,Inliers,ProtBERT,low,50,Kernel Ridge,80/20,0.2390326525078692,0.0989361459366581
Rg norm w/0.418,buffer regr out,Inliers,ProtBERT,low,50,GPR,80/20,0.09836878984601105,0.107692744691302
Rg norm w/0.418,buffer regr out,Inliers,ProtBERT,low,50,Linear,85/15,0.2958396331722595,0.09365711086217403
Rg norm w/0.418,buffer regr out,Inliers,ProtBERT,low,50,Ridge,85/15,0.20488810811990155,0.09952199935988754
Rg norm w/0.418,buffer regr out,Inliers,ProtBERT,low,50,Lasso,85/15,0.1156183045682625,0.10496024611069346
Rg norm w/0.418,buffer regr out,Inliers,ProtBERT,low,50,Kernel Ridge,85/15,0.3665526783549776,0.08883011408708057
Rg norm w/0.418,buffer regr out,Inliers,ProtBERT,low,50,GPR,85/15,0.36438026972257853,0.0889823052250736
Rg norm w/0.418,buffer regr out,Inliers,ProtBERT,low,50,Linear,90/10,0.02928445116582279,0.10401723147760815
Rg norm w/0.418,buffer regr out,Inliers,ProtBERT,low,50,Ridge,90/10,0.005112708947727529,0.10530433233038887
Rg norm w/0.418,buffer regr out,Inliers,ProtBERT,low,50,Lasso,90/10,-0.017481262382184504,0.10649335450859587
Rg norm w/0.418,buffer regr out,Inliers,ProtBERT,low,50,Kernel Ridge,90/10,0.008522915563861866,0.1051236999133447
Rg norm w/0.418,buffer regr out,Inliers,ProtBERT,low,50,GPR,90/10,0.456358874591271,0.07784226222331274
Rg w/no norm,expr pH only regr out,All,ProtBERT,low,50,Linear,80/20,0.12305104366392294,4.131445460356078
Rg w/no norm,expr pH only regr out,All,ProtBERT,low,50,Ridge,80/20,0.4403165575817116,3.300548323625088
Rg w/no norm,expr pH only regr out,All,ProtBERT,low,50,Lasso,80/20,0.4271015317140604,3.339286615464347
Rg w/no norm,expr pH only regr out,All,ProtBERT,low,50,Kernel Ridge,80/20,0.6392691321776829,2.6497598758139507
Rg w/no norm,expr pH only regr out,All,ProtBERT,low,50,GPR,80/20,0.6888422705761361,2.4609634464805725
Rg w/no norm,expr pH only regr out,All,ProtBERT,low,50,Linear,85/15,0.010391271775912925,4.348074972779609
Rg w/no norm,expr pH only regr out,All,ProtBERT,low,50,Ridge,85/15,0.38656738608650487,3.423329451498975
Rg w/no norm,expr pH only regr out,All,ProtBERT,low,50,Lasso,85/15,0.3830969739855835,3.4329993061489823
Rg w/no norm,expr pH only regr out,All,ProtBERT,low,50,Kernel Ridge,85/15,0.6131863879572936,2.7184173894449066
Rg w/no norm,expr pH only regr out,All,ProtBERT,low,50,GPR,85/15,0.689373728069272,2.4360396769445347
Rg w/no norm,expr pH only regr out,All,ProtBERT,low,50,Linear,90/10,0.010315186272316201,4.9643022246130455
Rg w/no norm,expr pH only regr out,All,ProtBERT,low,50,Ridge,90/10,0.402551977106393,3.85709045865107
Rg w/no norm,expr pH only regr out,All,ProtBERT,low,50,Lasso,90/10,0.3589062990005747,3.9954942965386575
Rg w/no norm,expr pH only regr out,All,ProtBERT,low,50,Kernel Ridge,90/10,0.6813991122531872,2.816652377113344
Rg w/no norm,expr pH only regr out,All,ProtBERT,low,50,GPR,90/10,0.8258428446507845,2.082477996632892
Rg w/no norm,expr pH only regr out,Inliers,ProtBERT,low,50,Linear,80/20,0.28107486422846206,1.8834299888708008
Rg w/no norm,expr pH only regr out,Inliers,ProtBERT,low,50,Ridge,80/20,0.4453173413092153,1.6543596970015895
Rg w/no norm,expr pH only regr out,Inliers,ProtBERT,low,50,Lasso,80/20,0.4831396405572146,1.596960814552779
Rg w/no norm,expr pH only regr out,Inliers,ProtBERT,low,50,Kernel Ridge,80/20,0.3491102079965457,1.7920964410999471
Rg w/no norm,expr pH only regr out,Inliers,ProtBERT,low,50,GPR,80/20,-0.4211660059439126,2.6480736051672484
Rg w/no norm,expr pH only regr out,Inliers,ProtBERT,low,50,Linear,85/15,0.2796880208824195,1.7908413539779098
Rg w/no norm,expr pH only regr out,Inliers,ProtBERT,low,50,Ridge,85/15,0.3350092722529594,1.7206977496984028
Rg w/no norm,expr pH only regr out,Inliers,ProtBERT,low,50,Lasso,85/15,0.39127543453821234,1.646293297320345
Rg w/no norm,expr pH only regr out,Inliers,ProtBERT,low,50,Kernel Ridge,85/15,0.3459690576755432,1.7064593351844919
Rg w/no norm,expr pH only regr out,Inliers,ProtBERT,low,50,GPR,85/15,-0.4142455435066992,2.509338242245
Rg w/no norm,expr pH only regr out,Inliers,ProtBERT,low,50,Linear,90/10,0.35011424937724944,1.6709055133179873
Rg w/no norm,expr pH only regr out,Inliers,ProtBERT,low,50,Ridge,90/10,0.36710799324815035,1.648914700972971
Rg w/no norm,expr pH only regr out,Inliers,ProtBERT,low,50,Lasso,90/10,0.4421938076928513,1.548014592272946
Rg w/no norm,expr pH only regr out,Inliers,ProtBERT,low,50,Kernel Ridge,90/10,0.3872496909100249,1.6224643171744468
Rg w/no norm,expr pH only regr out,Inliers,ProtBERT,low,50,GPR,90/10,-0.2545773026938152,2.321571682237321
Rg norm w/0.427,expr pH only regr out,All,ProtBERT,low,50,Linear,80/20,0.2158156349656929,0.4486327967728747
Rg norm w/0.427,expr pH only regr out,All,ProtBERT,low,50,Ridge,80/20,0.4577477150534087,0.37306338353281265
Rg norm w/0.427,expr pH only regr out,All,ProtBERT,low,50,Lasso,80/20,0.16392821727015872,0.4632375036648067
Rg norm w/0.427,expr pH only regr out,All,ProtBERT,low,50,Kernel Ridge,80/20,0.6513834794528651,0.2991272039028503
Rg norm w/0.427,expr pH only regr out,All,ProtBERT,low,50,GPR,80/20,0.6926409279880557,0.2808697369797834
Rg norm w/0.427,expr pH only regr out,All,ProtBERT,low,50,Linear,85/15,0.14928209736092724,0.46548877890479806
Rg norm w/0.427,expr pH only regr out,All,ProtBERT,low,50,Ridge,85/15,0.4083323862557118,0.3881998194918578
Rg norm w/0.427,expr pH only regr out,All,ProtBERT,low,50,Lasso,85/15,0.3875169806169064,0.39496940573626166
Rg norm w/0.427,expr pH only regr out,All,ProtBERT,low,50,Kernel Ridge,85/15,0.6248061660646802,0.30913222260444745
Rg norm w/0.427,expr pH only regr out,All,ProtBERT,low,50,GPR,85/15,0.6944189615153138,0.2789842149671115
Rg norm w/0.427,expr pH only regr out,All,ProtBERT,low,50,Linear,90/10,0.19629152470448308,0.5255608067759252
Rg norm w/0.427,expr pH only regr out,All,ProtBERT,low,50,Ridge,90/10,0.4334332039275397,0.44126477071933334
Rg norm w/0.427,expr pH only regr out,All,ProtBERT,low,50,Lasso,90/10,0.20316736127181845,0.5233078553483073
Rg norm w/0.427,expr pH only regr out,All,ProtBERT,low,50,Kernel Ridge,90/10,0.6427293797648035,0.35040665723478187
Rg norm w/0.427,expr pH only regr out,All,ProtBERT,low,50,GPR,90/10,0.8309859273959905,0.24101003731834822
Rg norm w/0.427,expr pH only regr out,Inliers,ProtBERT,low,50,Linear,80/20,0.20332191904421837,0.19919003222625906
Rg norm w/0.427,expr pH only regr out,Inliers,ProtBERT,low,50,Ridge,80/20,0.3132766228912839,0.18493413633554734
Rg norm w/0.427,expr pH only regr out,Inliers,ProtBERT,low,50,Lasso,80/20,0.3652071688023525,0.1778042650688849
Rg norm w/0.427,expr pH only regr out,Inliers,ProtBERT,low,50,Kernel Ridge,80/20,0.21502073024708057,0.19772212141165754
Rg norm w/0.427,expr pH only regr out,Inliers,ProtBERT,low,50,GPR,80/20,-0.5787201787185299,0.28040047668401075
Rg norm w/0.427,expr pH only regr out,Inliers,ProtBERT,low,50,Linear,85/15,0.28833605172014376,0.19674499055060618
Rg norm w/0.427,expr pH only regr out,Inliers,ProtBERT,low,50,Ridge,85/15,0.28291476734857124,0.19749294676636103
Rg norm w/0.427,expr pH only regr out,Inliers,ProtBERT,low,50,Lasso,85/15,0.3489565103108949,0.18817901920732524
Rg norm w/0.427,expr pH only regr out,Inliers,ProtBERT,low,50,Kernel Ridge,85/15,0.23478440537038525,0.2040131241715024
Rg norm w/0.427,expr pH only regr out,Inliers,ProtBERT,low,50,GPR,85/15,-0.40823213798954616,0.2767600026747403
Rg norm w/0.427,expr pH only regr out,Inliers,ProtBERT,low,50,Linear,90/10,0.2986838769969168,0.18405169036350985
Rg norm w/0.427,expr pH only regr out,Inliers,ProtBERT,low,50,Ridge,90/10,0.28791090179516377,0.1854599196414432
Rg norm w/0.427,expr pH only regr out,Inliers,ProtBERT,low,50,Lasso,90/10,0.33864494868282313,0.17873114446304145
Rg norm w/0.427,expr pH only regr out,Inliers,ProtBERT,low,50,Kernel Ridge,90/10,0.26941884526636317,0.18785256589847585
Rg norm w/0.427,expr pH only regr out,Inliers,ProtBERT,low,50,GPR,90/10,-0.28023623140206766,0.24867261176633607
Rg norm w/0.5,expr pH only regr out,All,ProtBERT,low,50,Linear,80/20,0.2620167589286996,0.32754950561878476
Rg norm w/0.5,expr pH only regr out,All,ProtBERT,low,50,Ridge,80/20,0.44784613154883535,0.283324256742561
Rg norm w/0.5,expr pH only regr out,All,ProtBERT,low,50,Lasso,80/20,0.4304183131850965,0.2877608497240855
Rg norm w/0.5,expr pH only regr out,All,ProtBERT,low,50,Kernel Ridge,80/20,0.5929178784656511,0.24327344941996756
Rg norm w/0.5,expr pH only regr out,All,ProtBERT,low,50,GPR,80/20,0.4794957920176416,0.27508431047473053
Rg norm w/0.5,expr pH only regr out,All,ProtBERT,low,50,Linear,85/15,0.240146182744577,0.3340477078845443
Rg norm w/0.5,expr pH only regr out,All,ProtBERT,low,50,Ridge,85/15,0.42598316378532963,0.2903392741004291
Rg norm w/0.5,expr pH only regr out,All,ProtBERT,low,50,Lasso,85/15,0.40163424232480316,0.2964331968045628
Rg norm w/0.5,expr pH only regr out,All,ProtBERT,low,50,Kernel Ridge,85/15,0.5828241485875312,0.24751587111945553
Rg norm w/0.5,expr pH only regr out,All,ProtBERT,low,50,GPR,85/15,0.49720816688469327,0.2717299937156877
Rg norm w/0.5,expr pH only regr out,All,ProtBERT,low,50,Linear,90/10,0.1669986113368198,0.3902602508925087
Rg norm w/0.5,expr pH only regr out,All,ProtBERT,low,50,Ridge,90/10,0.4207818077624085,0.32542622896974366
Rg norm w/0.5,expr pH only regr out,All,ProtBERT,low,50,Lasso,90/10,0.35095354111430666,0.3444842330179834
Rg norm w/0.5,expr pH only regr out,All,ProtBERT,low,50,Kernel Ridge,90/10,0.6041872181768676,0.2690149179378493
Rg norm w/0.5,expr pH only regr out,All,ProtBERT,low,50,GPR,90/10,0.7408105428300302,0.21769082376260251
Rg norm w/0.5,expr pH only regr out,Inliers,ProtBERT,low,50,Linear,80/20,0.2229704196829969,0.13811674889977305
Rg norm w/0.5,expr pH only regr out,Inliers,ProtBERT,low,50,Ridge,80/20,0.31654379446385283,0.1295337434501894
Rg norm w/0.5,expr pH only regr out,Inliers,ProtBERT,low,50,Lasso,80/20,0.2875987782199536,0.13224823933036473
Rg norm w/0.5,expr pH only regr out,Inliers,ProtBERT,low,50,Kernel Ridge,80/20,0.22061025327864814,0.13832634925512785
Rg norm w/0.5,expr pH only regr out,Inliers,ProtBERT,low,50,GPR,80/20,-0.5556586699257486,0.19542707319106084
Rg norm w/0.5,expr pH only regr out,Inliers,ProtBERT,low,50,Linear,85/15,0.3166262114143442,0.13717595977547895
Rg norm w/0.5,expr pH only regr out,Inliers,ProtBERT,low,50,Ridge,85/15,0.3035252222243594,0.13848462065491557
Rg norm w/0.5,expr pH only regr out,Inliers,ProtBERT,low,50,Lasso,85/15,0.386666385409697,0.12995626849072037
Rg norm w/0.5,expr pH only regr out,Inliers,ProtBERT,low,50,Kernel Ridge,85/15,0.2499349894441386,0.14371374355842148
Rg norm w/0.5,expr pH only regr out,Inliers,ProtBERT,low,50,GPR,85/15,-0.3717562443563529,0.1943512426981638
Rg norm w/0.5,expr pH only regr out,Inliers,ProtBERT,low,50,Linear,90/10,0.3084610020146731,0.12804685266586338
Rg norm w/0.5,expr pH only regr out,Inliers,ProtBERT,low,50,Ridge,90/10,0.29633407586711635,0.1291646971970345
Rg norm w/0.5,expr pH only regr out,Inliers,ProtBERT,low,50,Lasso,90/10,0.3542832440115812,0.12373187613330054
Rg norm w/0.5,expr pH only regr out,Inliers,ProtBERT,low,50,Kernel Ridge,90/10,0.2717004151586997,0.13140612273514113
Rg norm w/0.5,expr pH only regr out,Inliers,ProtBERT,low,50,GPR,90/10,-0.2526669648261284,0.17233694191947074
Rg norm w/0.418,expr pH only regr out,All,ProtBERT,low,50,Linear,80/20,0.1784928300685198,0.46348626060528686
Rg norm w/0.418,expr pH only regr out,All,ProtBERT,low,50,Ridge,80/20,0.4584518582745204,0.37631343228777214
Rg norm w/0.418,expr pH only regr out,All,ProtBERT,low,50,Lasso,80/20,0.14532614212365358,0.4727498455852933
Rg norm w/0.418,expr pH only regr out,All,ProtBERT,low,50,Kernel Ridge,80/20,0.6823764261339297,0.28819573509423335
Rg norm w/0.418,expr pH only regr out,All,ProtBERT,low,50,GPR,80/20,0.8113309404835631,0.22211686125374674
Rg norm w/0.418,expr pH only regr out,All,ProtBERT,low,50,Linear,85/15,0.0888696486328362,0.4833241310436612
Rg norm w/0.418,expr pH only regr out,All,ProtBERT,low,50,Ridge,85/15,0.39322127142177266,0.39442405676081965
Rg norm w/0.418,expr pH only regr out,All,ProtBERT,low,50,Lasso,85/15,0.20557267504831966,0.4513103658222758
Rg norm w/0.418,expr pH only regr out,All,ProtBERT,low,50,Kernel Ridge,85/15,0.6457557702912592,0.30136971970372967
Rg norm w/0.418,expr pH only regr out,All,ProtBERT,low,50,GPR,85/15,0.8058469640661177,0.2231106568351492
Rg norm w/0.418,expr pH only regr out,All,ProtBERT,low,50,Linear,90/10,0.23080528644203746,0.5271651356569679
Rg norm w/0.418,expr pH only regr out,All,ProtBERT,low,50,Ridge,90/10,0.4429206644851512,0.44862870635478835
Rg norm w/0.418,expr pH only regr out,All,ProtBERT,low,50,Lasso,90/10,0.18760201640443752,0.5417675057137744
Rg norm w/0.418,expr pH only regr out,All,ProtBERT,low,50,Kernel Ridge,90/10,0.6633870367332717,0.348733728712757
Rg norm w/0.418,expr pH only regr out,All,ProtBERT,low,50,GPR,90/10,0.8741111444653381,0.21326627209236662
Rg norm w/0.418,expr pH only regr out,Inliers,ProtBERT,low,50,Linear,80/20,0.20171142981053425,0.20850559598778676
Rg norm w/0.418,expr pH only regr out,Inliers,ProtBERT,low,50,Ridge,80/20,0.31363586872628046,0.19333703301444954
Rg norm w/0.418,expr pH only regr out,Inliers,ProtBERT,low,50,Lasso,80/20,0.37537856488760446,0.18443621525283138
Rg norm w/0.418,expr pH only regr out,Inliers,ProtBERT,low,50,Kernel Ridge,80/20,0.2151201807682389,0.20674705932992296
Rg norm w/0.418,expr pH only regr out,Inliers,ProtBERT,low,50,GPR,80/20,-0.5803854040144134,0.2933724074508719
Rg norm w/0.418,expr pH only regr out,Inliers,ProtBERT,low,50,Linear,85/15,0.2853118607270223,0.205802644681425
Rg norm w/0.418,expr pH only regr out,Inliers,ProtBERT,low,50,Ridge,85/15,0.28094650276234756,0.20643021527130906
Rg norm w/0.418,expr pH only regr out,Inliers,ProtBERT,low,50,Lasso,85/15,0.3585785471769055,0.1949684794185854
Rg norm w/0.418,expr pH only regr out,Inliers,ProtBERT,low,50,Kernel Ridge,85/15,0.2335237868583292,0.21312873377833033
Rg norm w/0.418,expr pH only regr out,Inliers,ProtBERT,low,50,GPR,85/15,-0.4119626206366733,0.2892705783137912
Rg norm w/0.418,expr pH only regr out,Inliers,ProtBERT,low,50,Linear,90/10,0.29798594662044564,0.19256727393207276
Rg norm w/0.418,expr pH only regr out,Inliers,ProtBERT,low,50,Ridge,90/10,0.2874768334862067,0.19400328059715258
Rg norm w/0.418,expr pH only regr out,Inliers,ProtBERT,low,50,Lasso,90/10,0.3434184992252338,0.18623182552151998
Rg norm w/0.418,expr pH only regr out,Inliers,ProtBERT,low,50,Kernel Ridge,90/10,0.2697064410987825,0.19640761156648376
Rg norm w/0.418,expr pH only regr out,Inliers,ProtBERT,low,50,GPR,90/10,-0.28275337139540113,0.260304191707636
Rg w/no norm,expr buffer only regr out,All,ProtBERT,low,50,Linear,80/20,0.1086996384213893,4.200031014761264
Rg w/no norm,expr buffer only regr out,All,ProtBERT,low,50,Ridge,80/20,0.4301675392972665,3.35825792842685
Rg w/no norm,expr buffer only regr out,All,ProtBERT,low,50,Lasso,80/20,0.38410917181949167,3.4913414491475283
Rg w/no norm,expr buffer only regr out,All,ProtBERT,low,50,Kernel Ridge,80/20,0.6394187728407814,2.671419010985529
Rg w/no norm,expr buffer only regr out,All,ProtBERT,low,50,GPR,80/20,0.7114026394054213,2.389937994056532
Rg w/no norm,expr buffer only regr out,All,ProtBERT,low,50,Linear,85/15,0.005365882652676901,4.511364503623592
Rg w/no norm,expr buffer only regr out,All,ProtBERT,low,50,Ridge,85/15,0.3607521130634639,3.616686729486419
Rg w/no norm,expr buffer only regr out,All,ProtBERT,low,50,Lasso,85/15,0.33125044457284236,3.699201557250255
Rg w/no norm,expr buffer only regr out,All,ProtBERT,low,50,Kernel Ridge,85/15,0.6650643269567047,2.6179234590028573
Rg w/no norm,expr buffer only regr out,All,ProtBERT,low,50,GPR,85/15,0.7037862415038054,2.4619478847800367
Rg w/no norm,expr buffer only regr out,All,ProtBERT,low,50,Linear,90/10,0.026472373232986346,5.160969881723515
Rg w/no norm,expr buffer only regr out,All,ProtBERT,low,50,Ridge,90/10,0.3785365519256444,4.1234903217518974
Rg w/no norm,expr buffer only regr out,All,ProtBERT,low,50,Lasso,90/10,0.3179484605275539,4.319821296410707
Rg w/no norm,expr buffer only regr out,All,ProtBERT,low,50,Kernel Ridge,90/10,0.6807546947823818,2.9554216066595194
Rg w/no norm,expr buffer only regr out,All,ProtBERT,low,50,GPR,90/10,0.8285833765146032,2.1656269758737894
Rg w/no norm,expr buffer only regr out,Inliers,ProtBERT,low,50,Linear,80/20,0.39287953448658763,1.593929598176515
Rg w/no norm,expr buffer only regr out,Inliers,ProtBERT,low,50,Ridge,80/20,0.4204684849429151,1.557292628423551
Rg w/no norm,expr buffer only regr out,Inliers,ProtBERT,low,50,Lasso,80/20,0.4064998142226782,1.575948889258547
Rg w/no norm,expr buffer only regr out,Inliers,ProtBERT,low,50,Kernel Ridge,80/20,0.4176005297323606,1.5611411970016975
Rg w/no norm,expr buffer only regr out,Inliers,ProtBERT,low,50,GPR,80/20,-0.5431816432580652,2.5412080541662134
Rg w/no norm,expr buffer only regr out,Inliers,ProtBERT,low,50,Linear,85/15,0.391839019158282,1.6107368535839923
Rg w/no norm,expr buffer only regr out,Inliers,ProtBERT,low,50,Ridge,85/15,0.4059227795553305,1.5919769268613604
Rg w/no norm,expr buffer only regr out,Inliers,ProtBERT,low,50,Lasso,85/15,0.41350891791998523,1.5817798013886504
Rg w/no norm,expr buffer only regr out,Inliers,ProtBERT,low,50,Kernel Ridge,85/15,0.41911945198461487,1.5741957509716946
Rg w/no norm,expr buffer only regr out,Inliers,ProtBERT,low,50,GPR,85/15,-0.3772387249782281,2.423929207996187
Rg w/no norm,expr buffer only regr out,Inliers,ProtBERT,low,50,Linear,90/10,0.4341170532784938,1.5474911302631658
Rg w/no norm,expr buffer only regr out,Inliers,ProtBERT,low,50,Ridge,90/10,0.446607815283118,1.5303169057962698
Rg w/no norm,expr buffer only regr out,Inliers,ProtBERT,low,50,Lasso,90/10,0.5548320047893671,1.3725457587840113
Rg w/no norm,expr buffer only regr out,Inliers,ProtBERT,low,50,Kernel Ridge,90/10,0.4711896220220744,1.4959423255787312
Rg w/no norm,expr buffer only regr out,Inliers,ProtBERT,low,50,GPR,90/10,-0.12903333739667544,2.1858393910408753
Rg norm w/0.427,expr buffer only regr out,All,ProtBERT,low,50,Linear,80/20,0.2598288297787539,0.43532216047162314
Rg norm w/0.427,expr buffer only regr out,All,ProtBERT,low,50,Ridge,80/20,0.45962113741724964,0.37195797071858333
Rg norm w/0.427,expr buffer only regr out,All,ProtBERT,low,50,Lasso,80/20,0.15867635558795523,0.4641156792462207
Rg norm w/0.427,expr buffer only regr out,All,ProtBERT,low,50,Kernel Ridge,80/20,0.656405232187413,0.2965978265239547
Rg norm w/0.427,expr buffer only regr out,All,ProtBERT,low,50,GPR,80/20,0.703119795419126,0.2756990778909034
Rg norm w/0.427,expr buffer only regr out,All,ProtBERT,low,50,Linear,85/15,0.17648377470472065,0.4610094538083208
Rg norm w/0.427,expr buffer only regr out,All,ProtBERT,low,50,Ridge,85/15,0.4002743667030062,0.39341422334664145
Rg norm w/0.427,expr buffer only regr out,All,ProtBERT,low,50,Lasso,85/15,0.38871105484415924,0.39718882613229484
Rg norm w/0.427,expr buffer only regr out,All,ProtBERT,low,50,Kernel Ridge,85/15,0.622470615477505,0.31213978819429355
Rg norm w/0.427,expr buffer only regr out,All,ProtBERT,low,50,GPR,85/15,0.7009008374646679,0.27783141438566117
Rg norm w/0.427,expr buffer only regr out,All,ProtBERT,low,50,Linear,90/10,0.2526453517291909,0.5141549316882698
Rg norm w/0.427,expr buffer only regr out,All,ProtBERT,low,50,Ridge,90/10,0.4235649413818614,0.45154998183087935
Rg norm w/0.427,expr buffer only regr out,All,ProtBERT,low,50,Lasso,90/10,0.3858604970381232,0.4660839548604358
Rg norm w/0.427,expr buffer only regr out,All,ProtBERT,low,50,Kernel Ridge,90/10,0.6356451506291418,0.3589987305650127
Rg norm w/0.427,expr buffer only regr out,All,ProtBERT,low,50,GPR,90/10,0.8319806187951727,0.2437868783294806
Rg norm w/0.427,expr buffer only regr out,Inliers,ProtBERT,low,50,Linear,80/20,0.2851038153574883,0.17461168369163027
Rg norm w/0.427,expr buffer only regr out,Inliers,ProtBERT,low,50,Ridge,80/20,0.2962996046146231,0.17323901586460547
Rg norm w/0.427,expr buffer only regr out,Inliers,ProtBERT,low,50,Lasso,80/20,0.3183592969305883,0.17050203557117788
Rg norm w/0.427,expr buffer only regr out,Inliers,ProtBERT,low,50,Kernel Ridge,80/20,0.22464380217164825,0.18184545119696205
Rg norm w/0.427,expr buffer only regr out,Inliers,ProtBERT,low,50,GPR,80/20,-0.8179026012012081,0.2784435203809705
Rg norm w/0.427,expr buffer only regr out,Inliers,ProtBERT,low,50,Linear,85/15,0.32301697210440916,0.18013321658746895
Rg norm w/0.427,expr buffer only regr out,Inliers,ProtBERT,low,50,Ridge,85/15,0.31412758840204724,0.18131201347935938
Rg norm w/0.427,expr buffer only regr out,Inliers,ProtBERT,low,50,Lasso,85/15,0.35513001047294257,0.17580895679436115
Rg norm w/0.427,expr buffer only regr out,Inliers,ProtBERT,low,50,Kernel Ridge,85/15,0.3341589756753085,0.17864472155037228
Rg norm w/0.427,expr buffer only regr out,Inliers,ProtBERT,low,50,GPR,85/15,-0.5176470141909073,0.2697058084232197
Rg norm w/0.427,expr buffer only regr out,Inliers,ProtBERT,low,50,Linear,90/10,0.29531031472576874,0.17437331051045377
Rg norm w/0.427,expr buffer only regr out,Inliers,ProtBERT,low,50,Ridge,90/10,0.3228296403473683,0.17093461795959078
Rg norm w/0.427,expr buffer only regr out,Inliers,ProtBERT,low,50,Lasso,90/10,0.3392981112799347,0.16884329917319313
Rg norm w/0.427,expr buffer only regr out,Inliers,ProtBERT,low,50,Kernel Ridge,90/10,0.3500641734249802,0.1674620078855624
Rg norm w/0.427,expr buffer only regr out,Inliers,ProtBERT,low,50,GPR,90/10,-0.316567587897959,0.2383431281843428
Rg norm w/0.5,expr buffer only regr out,All,ProtBERT,low,50,Linear,80/20,0.3086591656345272,0.31474223593605954
Rg norm w/0.5,expr buffer only regr out,All,ProtBERT,low,50,Ridge,80/20,0.45372845175652343,0.2797777748352818
Rg norm w/0.5,expr buffer only regr out,All,ProtBERT,low,50,Lasso,80/20,0.42541446665780147,0.286936809281246
Rg norm w/0.5,expr buffer only regr out,All,ProtBERT,low,50,Kernel Ridge,80/20,0.600567123300386,0.23923836465038992
Rg norm w/0.5,expr buffer only regr out,All,ProtBERT,low,50,GPR,80/20,0.48741076253028304,0.27101520844163857
Rg norm w/0.5,expr buffer only regr out,All,ProtBERT,low,50,Linear,85/15,0.2635030687665513,0.32777979701075033
Rg norm w/0.5,expr buffer only regr out,All,ProtBERT,low,50,Ridge,85/15,0.42444947037718483,0.2897600047505345
Rg norm w/0.5,expr buffer only regr out,All,ProtBERT,low,50,Lasso,85/15,0.4035874364395554,0.29496473945157253
Rg norm w/0.5,expr buffer only regr out,All,ProtBERT,low,50,Kernel Ridge,85/15,0.5852421229370504,0.24597673501517164
Rg norm w/0.5,expr buffer only regr out,All,ProtBERT,low,50,GPR,85/15,0.5025361993170292,0.2693875080834705
Rg norm w/0.5,expr buffer only regr out,All,ProtBERT,low,50,Linear,90/10,0.23304141403755319,0.37650780218873725
Rg norm w/0.5,expr buffer only regr out,All,ProtBERT,low,50,Ridge,90/10,0.4137001591653898,0.3291909684814838
Rg norm w/0.5,expr buffer only regr out,All,ProtBERT,low,50,Lasso,90/10,0.35399553473590795,0.34554593112466514
Rg norm w/0.5,expr buffer only regr out,All,ProtBERT,low,50,Kernel Ridge,90/10,0.5991944446927803,0.27217917268588715
Rg norm w/0.5,expr buffer only regr out,All,ProtBERT,low,50,GPR,90/10,0.7435576595413518,0.2177122616654836
Rg norm w/0.5,expr buffer only regr out,Inliers,ProtBERT,low,50,Linear,80/20,0.28695166108313175,0.12305798787551708
Rg norm w/0.5,expr buffer only regr out,Inliers,ProtBERT,low,50,Ridge,80/20,0.2984628576476144,0.12206064430505906
Rg norm w/0.5,expr buffer only regr out,Inliers,ProtBERT,low,50,Lasso,80/20,0.2557610398965082,0.12572062285270869
Rg norm w/0.5,expr buffer only regr out,Inliers,ProtBERT,low,50,Kernel Ridge,80/20,0.22196379674159206,0.12854353124572432
Rg norm w/0.5,expr buffer only regr out,Inliers,ProtBERT,low,50,GPR,80/20,-0.8064575156011282,0.19586832054563005
Rg norm w/0.5,expr buffer only regr out,Inliers,ProtBERT,low,50,Linear,85/15,0.3332273605400724,0.1265647715686523
Rg norm w/0.5,expr buffer only regr out,Inliers,ProtBERT,low,50,Ridge,85/15,0.32145957609281584,0.12767674941610235
Rg norm w/0.5,expr buffer only regr out,Inliers,ProtBERT,low,50,Lasso,85/15,0.4191806515002996,0.11812572635890273
Rg norm w/0.5,expr buffer only regr out,Inliers,ProtBERT,low,50,Kernel Ridge,85/15,0.3419233161819555,0.12573674291245365
Rg norm w/0.5,expr buffer only regr out,Inliers,ProtBERT,low,50,GPR,85/15,-0.5068706057239556,0.19026632724572323
Rg norm w/0.5,expr buffer only regr out,Inliers,ProtBERT,low,50,Linear,90/10,0.2844349245505273,0.12230403463406124
Rg norm w/0.5,expr buffer only regr out,Inliers,ProtBERT,low,50,Ridge,90/10,0.31575772840173566,0.11959724252472172
Rg norm w/0.5,expr buffer only regr out,Inliers,ProtBERT,low,50,Lasso,90/10,0.37979691883651845,0.11386314516101997
Rg norm w/0.5,expr buffer only regr out,Inliers,ProtBERT,low,50,Kernel Ridge,90/10,0.4152055569646088,0.11056504185774735
Rg norm w/0.5,expr buffer only regr out,Inliers,ProtBERT,low,50,GPR,90/10,-0.3289148928865968,0.16667282648191079
Rg norm w/0.418,expr buffer only regr out,All,ProtBERT,low,50,Linear,80/20,0.22103293253967693,0.45253000601914156
Rg norm w/0.418,expr buffer only regr out,All,ProtBERT,low,50,Ridge,80/20,0.4562458293164108,0.37808472627864864
Rg norm w/0.418,expr buffer only regr out,All,ProtBERT,low,50,Lasso,80/20,0.14921540818562418,0.472930845726119
Rg norm w/0.418,expr buffer only regr out,All,ProtBERT,low,50,Kernel Ridge,80/20,0.6831836574830512,0.2885968727122394
Rg norm w/0.418,expr buffer only regr out,All,ProtBERT,low,50,GPR,80/20,0.817627757808814,0.2189612186498043
Rg norm w/0.418,expr buffer only regr out,All,ProtBERT,low,50,Linear,85/15,0.12143482169200037,0.48019782614323836
Rg norm w/0.418,expr buffer only regr out,All,ProtBERT,low,50,Ridge,85/15,0.38120615488816223,0.40300106074911246
Rg norm w/0.418,expr buffer only regr out,All,ProtBERT,low,50,Lasso,85/15,0.19491358802461323,0.45967876834776067
Rg norm w/0.418,expr buffer only regr out,All,ProtBERT,low,50,Kernel Ridge,85/15,0.6386420152548161,0.3079654696707034
Rg norm w/0.418,expr buffer only regr out,All,ProtBERT,low,50,GPR,85/15,0.8072940282956259,0.22489550908919104
Rg norm w/0.418,expr buffer only regr out,All,ProtBERT,low,50,Linear,90/10,0.28122188990883046,0.5185849249789402
Rg norm w/0.418,expr buffer only regr out,All,ProtBERT,low,50,Ridge,90/10,0.4310103332368057,0.46139688304303283
Rg norm w/0.418,expr buffer only regr out,All,ProtBERT,low,50,Lasso,90/10,0.17628380356876583,0.5551511826724709
Rg norm w/0.418,expr buffer only regr out,All,ProtBERT,low,50,Kernel Ridge,90/10,0.6540274201826308,0.35978521014086035
Rg norm w/0.418,expr buffer only regr out,All,ProtBERT,low,50,GPR,90/10,0.8718017168549242,0.2190098113881427
Rg norm w/0.418,expr buffer only regr out,Inliers,ProtBERT,low,50,Linear,80/20,0.2854302568616668,0.18245075324309173
Rg norm w/0.418,expr buffer only regr out,Inliers,ProtBERT,low,50,Ridge,80/20,0.29669691989815106,0.18100668257858638
Rg norm w/0.418,expr buffer only regr out,Inliers,ProtBERT,low,50,Lasso,80/20,0.32654316624950286,0.17712433439739297
Rg norm w/0.418,expr buffer only regr out,Inliers,ProtBERT,low,50,Kernel Ridge,80/20,0.22550813284454696,0.1899467118780082
Rg norm w/0.418,expr buffer only regr out,Inliers,ProtBERT,low,50,GPR,80/20,-0.8178232535007981,0.291004145962394
Rg norm w/0.418,expr buffer only regr out,Inliers,ProtBERT,low,50,Linear,85/15,0.32222691384936564,0.18827153976573807
Rg norm w/0.418,expr buffer only regr out,Inliers,ProtBERT,low,50,Ridge,85/15,0.31374792855659484,0.18944552411284202
Rg norm w/0.418,expr buffer only regr out,Inliers,ProtBERT,low,50,Lasso,85/15,0.3638649628816939,0.1823967824658027
Rg norm w/0.418,expr buffer only regr out,Inliers,ProtBERT,low,50,Kernel Ridge,85/15,0.33370105184607357,0.1866710965507732
Rg norm w/0.418,expr buffer only regr out,Inliers,ProtBERT,low,50,GPR,85/15,-0.5180201400125264,0.2817612605280724
Rg norm w/0.418,expr buffer only regr out,Inliers,ProtBERT,low,50,Linear,90/10,0.29715955246848114,0.18228087684078512
Rg norm w/0.418,expr buffer only regr out,Inliers,ProtBERT,low,50,Ridge,90/10,0.3242292613800267,0.17873616155538583
Rg norm w/0.418,expr buffer only regr out,Inliers,ProtBERT,low,50,Lasso,90/10,0.34828964119012584,0.17552543086239675
Rg norm w/0.418,expr buffer only regr out,Inliers,ProtBERT,low,50,Kernel Ridge,90/10,0.3516252953830723,0.17507565801686076
Rg norm w/0.418,expr buffer only regr out,Inliers,ProtBERT,low,50,GPR,90/10,-0.3141487583185565,0.2492499043109615
Rg w/no norm,No regr out,All,ProtBERT,mid,10,Linear,80/20,0.044617855936347595,4.138924238160229
Rg w/no norm,No regr out,All,ProtBERT,mid,10,Ridge,80/20,0.04792275471078089,4.131759264573301
Rg w/no norm,No regr out,All,ProtBERT,mid,10,Lasso,80/20,0.038983615751172374,4.151110677489282
Rg w/no norm,No regr out,All,ProtBERT,mid,10,Kernel Ridge,80/20,0.05751829967947242,4.1108854944908915
Rg w/no norm,No regr out,All,ProtBERT,mid,10,GPR,80/20,0.6965123269062325,2.3327566958346924
Rg w/no norm,No regr out,All,ProtBERT,mid,10,Linear,85/15,0.07422653709642457,3.949987287777133
Rg w/no norm,No regr out,All,ProtBERT,mid,10,Ridge,85/15,0.07298698769040302,3.952630789003594
Rg w/no norm,No regr out,All,ProtBERT,mid,10,Lasso,85/15,0.05884861886254722,3.9826585677642616
Rg w/no norm,No regr out,All,ProtBERT,mid,10,Kernel Ridge,85/15,0.2562018526081524,3.5405512093789353
Rg w/no norm,No regr out,All,ProtBERT,mid,10,GPR,85/15,0.610825084786048,2.5610364159494354
Rg w/no norm,No regr out,All,ProtBERT,mid,10,Linear,90/10,0.05385358356083281,4.754092974206061
Rg w/no norm,No regr out,All,ProtBERT,mid,10,Ridge,90/10,0.05364841955573452,4.754608389087324
Rg w/no norm,No regr out,All,ProtBERT,mid,10,Lasso,90/10,0.046319000607894845,4.772984911519151
Rg w/no norm,No regr out,All,ProtBERT,mid,10,Kernel Ridge,90/10,0.12608328659960855,4.569024838580742
Rg w/no norm,No regr out,All,ProtBERT,mid,10,GPR,90/10,0.6937605433729341,2.7046998016856882
Rg w/no norm,No regr out,Inliers,ProtBERT,mid,10,Linear,80/20,0.21853485679647322,1.2598696136574716
Rg w/no norm,No regr out,Inliers,ProtBERT,mid,10,Ridge,80/20,0.273311793536542,1.214912084166149
Rg w/no norm,No regr out,Inliers,ProtBERT,mid,10,Lasso,80/20,0.2556959435360643,1.2295494185145732
Rg w/no norm,No regr out,Inliers,ProtBERT,mid,10,Kernel Ridge,80/20,0.3629041357830862,1.137557056251749
Rg w/no norm,No regr out,Inliers,ProtBERT,mid,10,GPR,80/20,0.14986673999048228,1.3140572889434827
Rg w/no norm,No regr out,Inliers,ProtBERT,mid,10,Linear,85/15,0.12141447471816702,0.9996568040763368
Rg w/no norm,No regr out,Inliers,ProtBERT,mid,10,Ridge,85/15,0.2203246905146199,0.9417069920309753
Rg w/no norm,No regr out,Inliers,ProtBERT,mid,10,Lasso,85/15,0.19174071063374898,0.9588137570843839
Rg w/no norm,No regr out,Inliers,ProtBERT,mid,10,Kernel Ridge,85/15,0.23215505840263484,0.9345352087283156
Rg w/no norm,No regr out,Inliers,ProtBERT,mid,10,GPR,85/15,-0.1026443369554384,1.11989325771941
Rg w/no norm,No regr out,Inliers,ProtBERT,mid,10,Linear,90/10,0.06134138625627483,1.1052008731482728
Rg w/no norm,No regr out,Inliers,ProtBERT,mid,10,Ridge,90/10,0.18427239651034089,1.0302911367716916
Rg w/no norm,No regr out,Inliers,ProtBERT,mid,10,Lasso,90/10,0.14271993473245737,1.0562062836956845
Rg w/no norm,No regr out,Inliers,ProtBERT,mid,10,Kernel Ridge,90/10,0.038552606081687646,1.1185364669740316
Rg w/no norm,No regr out,Inliers,ProtBERT,mid,10,GPR,90/10,-0.04619841790144075,1.1667946090585835
Rg norm w/0.427,No regr out,All,ProtBERT,mid,10,Linear,80/20,0.10239073970213342,0.45945128319184964
Rg norm w/0.427,No regr out,All,ProtBERT,mid,10,Ridge,80/20,0.09646438482005737,0.46096552323777934
Rg norm w/0.427,No regr out,All,ProtBERT,mid,10,Lasso,80/20,-0.010103950816635399,0.4873924994520305
Rg norm w/0.427,No regr out,All,ProtBERT,mid,10,Kernel Ridge,80/20,0.004797145107451106,0.483784124969264
Rg norm w/0.427,No regr out,All,ProtBERT,mid,10,GPR,80/20,0.663356767073646,0.2813719180229305
Rg norm w/0.427,No regr out,All,ProtBERT,mid,10,Linear,85/15,0.099848655841137,0.44998690682891934
Rg norm w/0.427,No regr out,All,ProtBERT,mid,10,Ridge,85/15,0.09701717955386924,0.45069408061569405
Rg norm w/0.427,No regr out,All,ProtBERT,mid,10,Lasso,85/15,0.032199076780164315,0.4665896771882767
Rg norm w/0.427,No regr out,All,ProtBERT,mid,10,Kernel Ridge,85/15,0.018606025589475217,0.46985494699128105
Rg norm w/0.427,No regr out,All,ProtBERT,mid,10,GPR,85/15,0.5976478185411169,0.30084672654207645
Rg norm w/0.427,No regr out,All,ProtBERT,mid,10,Linear,90/10,0.09755973221342862,0.5407834648448049
Rg norm w/0.427,No regr out,All,ProtBERT,mid,10,Ridge,90/10,0.09124146422041945,0.542673260366347
Rg norm w/0.427,No regr out,All,ProtBERT,mid,10,Lasso,90/10,0.021980595988064344,0.5629734408548026
Rg norm w/0.427,No regr out,All,ProtBERT,mid,10,Kernel Ridge,90/10,0.006161493735668544,0.5675081213409674
Rg norm w/0.427,No regr out,All,ProtBERT,mid,10,GPR,90/10,0.7047229296464761,0.3093349795958781
Rg norm w/0.427,No regr out,Inliers,ProtBERT,mid,10,Linear,80/20,0.049765567799395116,0.09418642380893577
Rg norm w/0.427,No regr out,Inliers,ProtBERT,mid,10,Ridge,80/20,0.09869829007855957,0.09172928814787068
Rg norm w/0.427,No regr out,Inliers,ProtBERT,mid,10,Lasso,80/20,0.10353978569218525,0.09148258665625977
Rg norm w/0.427,No regr out,Inliers,ProtBERT,mid,10,Kernel Ridge,80/20,-0.051330042040850454,0.09907006845468423
Rg norm w/0.427,No regr out,Inliers,ProtBERT,mid,10,GPR,80/20,-0.9199588338903664,0.13388098047897456
Rg norm w/0.427,No regr out,Inliers,ProtBERT,mid,10,Linear,85/15,0.22826543627825457,0.08432828409351639
Rg norm w/0.427,No regr out,Inliers,ProtBERT,mid,10,Ridge,85/15,0.23238549935222674,0.0841028809401887
Rg norm w/0.427,No regr out,Inliers,ProtBERT,mid,10,Lasso,85/15,0.23313216623627364,0.08406196709983065
Rg norm w/0.427,No regr out,Inliers,ProtBERT,mid,10,Kernel Ridge,85/15,0.16173086143787208,0.08788829238820627
Rg norm w/0.427,No regr out,Inliers,ProtBERT,mid,10,GPR,85/15,-0.6461562914006651,0.12316145779537098
Rg norm w/0.427,No regr out,Inliers,ProtBERT,mid,10,Linear,90/10,0.2027926388290232,0.07455451303062377
Rg norm w/0.427,No regr out,Inliers,ProtBERT,mid,10,Ridge,90/10,0.2005044992946986,0.07466142931425802
Rg norm w/0.427,No regr out,Inliers,ProtBERT,mid,10,Lasso,90/10,0.20524717270409232,0.07443965103756363
Rg norm w/0.427,No regr out,Inliers,ProtBERT,mid,10,Kernel Ridge,90/10,-0.1387927639595654,0.08910675684032354
Rg norm w/0.427,No regr out,Inliers,ProtBERT,mid,10,GPR,90/10,-0.30876390305950707,0.09552541693063045
Rg norm w/0.5,No regr out,All,ProtBERT,mid,10,Linear,80/20,0.10111313135229294,0.481067427196384
Rg norm w/0.5,No regr out,All,ProtBERT,mid,10,Ridge,80/20,0.09523743051860889,0.482637148751962
Rg norm w/0.5,No regr out,All,ProtBERT,mid,10,Lasso,80/20,-0.009767667354325882,0.5098755235589676
Rg norm w/0.5,No regr out,All,ProtBERT,mid,10,Kernel Ridge,80/20,0.004844213860500601,0.5061729938277059
Rg norm w/0.5,No regr out,All,ProtBERT,mid,10,GPR,80/20,0.6647736580659802,0.293780187040166
Rg norm w/0.5,No regr out,All,ProtBERT,mid,10,Linear,85/15,0.09912165816576357,0.4709327393883451
Rg norm w/0.5,No regr out,All,ProtBERT,mid,10,Ridge,85/15,0.09623946730478827,0.4716854681902345
Rg norm w/0.5,No regr out,All,ProtBERT,mid,10,Lasso,85/15,0.03446552816196147,0.48753938211676784
Rg norm w/0.5,No regr out,All,ProtBERT,mid,10,Kernel Ridge,85/15,0.01862653565657091,0.4915220056127391
Rg norm w/0.5,No regr out,All,ProtBERT,mid,10,GPR,85/15,0.5987631433053623,0.31428685743751117
Rg norm w/0.5,No regr out,All,ProtBERT,mid,10,Linear,90/10,0.09655506991692886,0.5660162973577613
Rg norm w/0.5,No regr out,All,ProtBERT,mid,10,Ridge,90/10,0.09026632136900303,0.5679828595497299
Rg norm w/0.5,No regr out,All,ProtBERT,mid,10,Lasso,90/10,0.023757346298179827,0.5883787549232206
Rg norm w/0.5,No regr out,All,ProtBERT,mid,10,Kernel Ridge,90/10,0.006225042613618226,0.5936385802968667
Rg norm w/0.5,No regr out,All,ProtBERT,mid,10,GPR,90/10,0.7052969304711202,0.3232737366602143
Rg norm w/0.5,No regr out,Inliers,ProtBERT,mid,10,Linear,80/20,0.08623558193699143,0.06631726761014795
Rg norm w/0.5,No regr out,Inliers,ProtBERT,mid,10,Ridge,80/20,0.12432028633533299,0.0649205435435208
Rg norm w/0.5,No regr out,Inliers,ProtBERT,mid,10,Lasso,80/20,0.1482497926283869,0.06402736466855241
Rg norm w/0.5,No regr out,Inliers,ProtBERT,mid,10,Kernel Ridge,80/20,0.13985699779932648,0.06434204100236464
Rg norm w/0.5,No regr out,Inliers,ProtBERT,mid,10,GPR,80/20,-0.8509977614040742,0.0943870580199675
Rg norm w/0.5,No regr out,Inliers,ProtBERT,mid,10,Linear,85/15,0.25347049954716616,0.06318904109157795
Rg norm w/0.5,No regr out,Inliers,ProtBERT,mid,10,Ridge,85/15,0.24900406105443418,0.06337778720436893
Rg norm w/0.5,No regr out,Inliers,ProtBERT,mid,10,Lasso,85/15,0.25269220761804945,0.06322197127675479
Rg norm w/0.5,No regr out,Inliers,ProtBERT,mid,10,Kernel Ridge,85/15,0.2284246852690226,0.06424028219762083
Rg norm w/0.5,No regr out,Inliers,ProtBERT,mid,10,GPR,85/15,-0.5207859931594854,0.09018874210078665
Rg norm w/0.5,No regr out,Inliers,ProtBERT,mid,10,Linear,90/10,0.36402343192087117,0.04807440305079104
Rg norm w/0.5,No regr out,Inliers,ProtBERT,mid,10,Ridge,90/10,0.3426196804388517,0.04887667927824729
Rg norm w/0.5,No regr out,Inliers,ProtBERT,mid,10,Lasso,90/10,0.32269987374692866,0.049611678550446604
Rg norm w/0.5,No regr out,Inliers,ProtBERT,mid,10,Kernel Ridge,90/10,0.04930473555961412,0.05877789221456775
Rg norm w/0.5,No regr out,Inliers,ProtBERT,mid,10,GPR,90/10,-0.1482557817246184,0.06459704673514721
Rg norm w/0.418,No regr out,All,ProtBERT,mid,10,Linear,80/20,0.11331743914977588,0.31717720201984195
Rg norm w/0.418,No regr out,All,ProtBERT,mid,10,Ridge,80/20,0.10715446892042524,0.31827757819641583
Rg norm w/0.418,No regr out,All,ProtBERT,mid,10,Lasso,80/20,-0.012948999481558365,0.3390093451200575
Rg norm w/0.418,No regr out,All,ProtBERT,mid,10,Kernel Ridge,80/20,0.004806553478991504,0.33602503418264124
Rg norm w/0.418,No regr out,All,ProtBERT,mid,10,GPR,80/20,0.6501596728536064,0.199229119433815
Rg norm w/0.418,No regr out,All,ProtBERT,mid,10,Linear,85/15,0.10636865100562531,0.3118733616401847
Rg norm w/0.418,No regr out,All,ProtBERT,mid,10,Ridge,85/15,0.10405556412421657,0.3122767292993168
Rg norm w/0.418,No regr out,All,ProtBERT,mid,10,Lasso,85/15,0.02317087590189204,0.3260681530361036
Rg norm w/0.418,No regr out,All,ProtBERT,mid,10,Kernel Ridge,85/15,0.018691877031451587,0.326814848922129
Rg norm w/0.418,No regr out,All,ProtBERT,mid,10,GPR,85/15,0.5867561238975032,0.21208126096820776
Rg norm w/0.418,No regr out,All,ProtBERT,mid,10,Linear,90/10,0.10621494149235045,0.3744152672109392
Rg norm w/0.418,No regr out,All,ProtBERT,mid,10,Ridge,90/10,0.09977408030485257,0.37576191523228347
Rg norm w/0.418,No regr out,All,ProtBERT,mid,10,Lasso,90/10,0.013392324614482365,0.3933772582247938
Rg norm w/0.418,No regr out,All,ProtBERT,mid,10,Kernel Ridge,90/10,0.0058534212134813135,0.39487734254863965
Rg norm w/0.418,No regr out,All,ProtBERT,mid,10,GPR,90/10,0.6981068368149678,0.21760238100864493
Rg norm w/0.418,No regr out,Inliers,ProtBERT,mid,10,Linear,80/20,0.04728674700566671,0.09867721661423048
Rg norm w/0.418,No regr out,Inliers,ProtBERT,mid,10,Ridge,80/20,0.09750685415865756,0.09604123668646063
Rg norm w/0.418,No regr out,Inliers,ProtBERT,mid,10,Lasso,80/20,0.09842011065039069,0.0959926310634704
Rg norm w/0.418,No regr out,Inliers,ProtBERT,mid,10,Kernel Ridge,80/20,-0.05248878434449722,0.10371570548568192
Rg norm w/0.418,No regr out,Inliers,ProtBERT,mid,10,GPR,80/20,-0.915537636804411,0.13992043037001983
Rg norm w/0.418,No regr out,Inliers,ProtBERT,mid,10,Linear,85/15,0.2241023284179975,0.08766996096985434
Rg norm w/0.418,No regr out,Inliers,ProtBERT,mid,10,Ridge,85/15,0.2298779295951794,0.08734305411503007
Rg norm w/0.418,No regr out,Inliers,ProtBERT,mid,10,Lasso,85/15,0.22972606754897718,0.08735166537394584
Rg norm w/0.418,No regr out,Inliers,ProtBERT,mid,10,Kernel Ridge,85/15,0.15357690142954716,0.09156770769767972
Rg norm w/0.418,No regr out,Inliers,ProtBERT,mid,10,GPR,85/15,-0.6581418285321512,0.12816204437189072
Rg norm w/0.418,No regr out,Inliers,ProtBERT,mid,10,Linear,90/10,0.18437600568684798,0.07883032453684471
Rg norm w/0.418,No regr out,Inliers,ProtBERT,mid,10,Ridge,90/10,0.1853103714820773,0.07878515821856209
Rg norm w/0.418,No regr out,Inliers,ProtBERT,mid,10,Lasso,90/10,0.18708357904817252,0.07869937184439492
Rg norm w/0.418,No regr out,Inliers,ProtBERT,mid,10,Kernel Ridge,90/10,-0.15654171160753672,0.09387046474740254
Rg norm w/0.418,No regr out,Inliers,ProtBERT,mid,10,GPR,90/10,-0.3220223900459065,0.10036163388663749
Rg w/no norm,pH regr out,All,ProtBERT,mid,10,Linear,80/20,0.04459070357580297,4.1389290725312
Rg w/no norm,pH regr out,All,ProtBERT,mid,10,Ridge,80/20,0.04789732149199122,4.131760564171604
Rg w/no norm,pH regr out,All,ProtBERT,mid,10,Lasso,80/20,0.038961986568745055,4.1511032518902535
Rg w/no norm,pH regr out,All,ProtBERT,mid,10,Kernel Ridge,80/20,0.8835495649459122,1.444986569035021
Rg w/no norm,pH regr out,All,ProtBERT,mid,10,GPR,80/20,0.8874291358885977,1.4207126669709569
Rg w/no norm,pH regr out,All,ProtBERT,mid,10,Linear,85/15,0.07419064815878174,3.9500193336928415
Rg w/no norm,pH regr out,All,ProtBERT,mid,10,Ridge,85/15,0.07295453496882154,3.952655428412026
Rg w/no norm,pH regr out,All,ProtBERT,mid,10,Lasso,85/15,0.05882376879423712,3.982666261540877
Rg w/no norm,pH regr out,All,ProtBERT,mid,10,Kernel Ridge,85/15,0.8784908335203229,1.4310109616226123
Rg w/no norm,pH regr out,All,ProtBERT,mid,10,GPR,85/15,0.881354815201344,1.4140458715936497
Rg w/no norm,pH regr out,All,ProtBERT,mid,10,Linear,90/10,0.05381337237452444,4.75412633930487
Rg w/no norm,pH regr out,All,ProtBERT,mid,10,Ridge,90/10,0.05361209569161385,4.754631970999795
Rg w/no norm,pH regr out,All,ProtBERT,mid,10,Lasso,90/10,0.046295112436589236,4.772976762451462
Rg w/no norm,pH regr out,All,ProtBERT,mid,10,Kernel Ridge,90/10,0.884145100118457,1.663564020702207
Rg w/no norm,pH regr out,All,ProtBERT,mid,10,GPR,90/10,0.886300904698684,1.6480137100847367
Rg w/no norm,pH regr out,Inliers,ProtBERT,mid,10,Linear,80/20,0.21850541355525632,1.2598654045571611
Rg w/no norm,pH regr out,Inliers,ProtBERT,mid,10,Ridge,80/20,0.27328751968230725,1.2149054293582178
Rg w/no norm,pH regr out,Inliers,ProtBERT,mid,10,Lasso,80/20,0.25566909845451125,1.2295443212011212
Rg w/no norm,pH regr out,Inliers,ProtBERT,mid,10,Kernel Ridge,80/20,0.4507148188264257,1.05623390667601
Rg w/no norm,pH regr out,Inliers,ProtBERT,mid,10,GPR,80/20,0.408659994478738,1.0959223756072116
Rg w/no norm,pH regr out,Inliers,ProtBERT,mid,10,Linear,85/15,0.1213681640848554,0.9996746211376736
Rg w/no norm,pH regr out,Inliers,ProtBERT,mid,10,Ridge,85/15,0.22028450983626469,0.9417232228668186
Rg w/no norm,pH regr out,Inliers,ProtBERT,mid,10,Lasso,85/15,0.19170594212564618,0.9588261990134214
Rg w/no norm,pH regr out,Inliers,ProtBERT,mid,10,Kernel Ridge,85/15,0.44819688629463517,0.7922226821372741
Rg w/no norm,pH regr out,Inliers,ProtBERT,mid,10,GPR,85/15,0.4763064814809056,0.7717804950526005
Rg w/no norm,pH regr out,Inliers,ProtBERT,mid,10,Linear,90/10,0.06130684998779301,1.1052209846119492
Rg w/no norm,pH regr out,Inliers,ProtBERT,mid,10,Ridge,90/10,0.18423536836934162,1.0303143150285974
Rg w/no norm,pH regr out,Inliers,ProtBERT,mid,10,Lasso,90/10,0.1426975287243658,1.056219875664085
Rg w/no norm,pH regr out,Inliers,ProtBERT,mid,10,Kernel Ridge,90/10,0.43480303985976954,0.8576048067944081
Rg w/no norm,pH regr out,Inliers,ProtBERT,mid,10,GPR,90/10,0.48807889487852585,0.8161853875890991
Rg norm w/0.427,pH regr out,All,ProtBERT,mid,10,Linear,80/20,0.10234920598651931,0.4594477057008777
Rg norm w/0.427,pH regr out,All,ProtBERT,mid,10,Ridge,80/20,0.09642481228469757,0.4609613637585071
Rg norm w/0.427,pH regr out,All,ProtBERT,mid,10,Lasso,80/20,-0.010106864476395527,0.48737813161272325
Rg norm w/0.427,pH regr out,All,ProtBERT,mid,10,Kernel Ridge,80/20,0.9167574918191174,0.13991199725400685
Rg norm w/0.427,pH regr out,All,ProtBERT,mid,10,GPR,80/20,0.9191395015790456,0.13789565576645318
Rg norm w/0.427,pH regr out,All,ProtBERT,mid,10,Linear,85/15,0.09980356231747356,0.4499858848582715
Rg norm w/0.427,pH regr out,All,ProtBERT,mid,10,Ridge,85/15,0.09697495835367487,0.4506923048665684
Rg norm w/0.427,pH regr out,All,ProtBERT,mid,10,Lasso,85/15,0.03216818028038748,0.46658437850050993
Rg norm w/0.427,pH regr out,All,ProtBERT,mid,10,Kernel Ridge,85/15,0.8978774071074281,0.15156229140566943
Rg norm w/0.427,pH regr out,All,ProtBERT,mid,10,GPR,85/15,0.910350224392839,0.14200539673016074
Rg norm w/0.427,pH regr out,All,ProtBERT,mid,10,Linear,90/10,0.09750985702601633,0.5407822960421917
Rg norm w/0.427,pH regr out,All,ProtBERT,mid,10,Ridge,90/10,0.09119500120077695,0.5426709644779059
Rg norm w/0.427,pH regr out,All,ProtBERT,mid,10,Lasso,90/10,0.021950016841468578,0.5629654685835466
Rg norm w/0.427,pH regr out,All,ProtBERT,mid,10,Kernel Ridge,90/10,0.9012249089863855,0.17890601862153122
Rg norm w/0.427,pH regr out,All,ProtBERT,mid,10,GPR,90/10,0.9136278805623983,0.16729694872577208
Rg norm w/0.427,pH regr out,Inliers,ProtBERT,mid,10,Linear,80/20,0.04973738268049255,0.09418546006191342
Rg norm w/0.427,pH regr out,Inliers,ProtBERT,mid,10,Ridge,80/20,0.09867681398447603,0.09172808200823779
Rg norm w/0.427,pH regr out,Inliers,ProtBERT,mid,10,Lasso,80/20,0.10351036453646634,0.09148179502219383
Rg norm w/0.427,pH regr out,Inliers,ProtBERT,mid,10,Kernel Ridge,80/20,0.14339994873814754,0.08942338163799446
Rg norm w/0.427,pH regr out,Inliers,ProtBERT,mid,10,GPR,80/20,0.14166159294340208,0.08951407207587991
Rg norm w/0.427,pH regr out,Inliers,ProtBERT,mid,10,Linear,85/15,0.22823390745979544,0.08432729612611997
Rg norm w/0.427,pH regr out,Inliers,ProtBERT,mid,10,Ridge,85/15,0.23235892192955743,0.08410163360073691
Rg norm w/0.427,pH regr out,Inliers,ProtBERT,mid,10,Lasso,85/15,0.23310237554409818,0.0840608978900645
Rg norm w/0.427,pH regr out,Inliers,ProtBERT,mid,10,Kernel Ridge,85/15,0.2168576443084118,0.08494653819695037
Rg norm w/0.427,pH regr out,Inliers,ProtBERT,mid,10,GPR,85/15,0.3162909242834814,0.07937084442120688
Rg norm w/0.427,pH regr out,Inliers,ProtBERT,mid,10,Linear,90/10,0.20272869297041174,0.07455744119544104
Rg norm w/0.427,pH regr out,Inliers,ProtBERT,mid,10,Ridge,90/10,0.20044073763792591,0.07466434450819495
Rg norm w/0.427,pH regr out,Inliers,ProtBERT,mid,10,Lasso,90/10,0.20516877347036133,0.0744432607600867
Rg norm w/0.427,pH regr out,Inliers,ProtBERT,mid,10,Kernel Ridge,90/10,-0.30016338132254794,0.09521094866879205
Rg norm w/0.427,pH regr out,Inliers,ProtBERT,mid,10,GPR,90/10,0.478073743572622,0.06032432902669906
Rg norm w/0.5,pH regr out,All,ProtBERT,mid,10,Linear,80/20,0.11327182228041655,0.31717398321414575
Rg norm w/0.5,pH regr out,All,ProtBERT,mid,10,Ridge,80/20,0.10711094596482962,0.3182739185226242
Rg norm w/0.5,pH regr out,All,ProtBERT,mid,10,Lasso,80/20,-0.01295257409691386,0.33899778287501037
Rg norm w/0.5,pH regr out,All,ProtBERT,mid,10,Kernel Ridge,80/20,0.9136440907984237,0.0989802011673293
Rg norm w/0.5,pH regr out,All,ProtBERT,mid,10,GPR,80/20,0.9160948039662912,0.09756560228006213
Rg norm w/0.5,pH regr out,All,ProtBERT,mid,10,Linear,85/15,0.10632061158100814,0.3118718199579819
Rg norm w/0.5,pH regr out,All,ProtBERT,mid,10,Ridge,85/15,0.1040103759243064,0.3122746670934059
Rg norm w/0.5,pH regr out,All,ProtBERT,mid,10,Lasso,85/15,0.023137829105759233,0.32606329260228567
Rg norm w/0.5,pH regr out,All,ProtBERT,mid,10,Kernel Ridge,85/15,0.8926168051600649,0.10810690255915364
Rg norm w/0.5,pH regr out,All,ProtBERT,mid,10,GPR,85/15,0.9051530906153129,0.10160073641217213
Rg norm w/0.5,pH regr out,All,ProtBERT,mid,10,Linear,90/10,0.1061616422018713,0.3744135952408732
Rg norm w/0.5,pH regr out,All,ProtBERT,mid,10,Ridge,90/10,0.09972423197018632,0.3757594369089913
Rg norm w/0.5,pH regr out,All,ProtBERT,mid,10,Lasso,90/10,0.013359430747433398,0.3933703303702061
Rg norm w/0.5,pH regr out,All,ProtBERT,mid,10,Kernel Ridge,90/10,0.896677328038465,0.12729751632741249
Rg norm w/0.5,pH regr out,All,ProtBERT,mid,10,GPR,90/10,0.9091906089801354,0.11934040232236039
Rg norm w/0.5,pH regr out,Inliers,ProtBERT,mid,10,Linear,80/20,0.0862201162968943,0.06631654953103142
Rg norm w/0.5,pH regr out,Inliers,ProtBERT,mid,10,Ridge,80/20,0.1243086920527553,0.06491972097934828
Rg norm w/0.5,pH regr out,Inliers,ProtBERT,mid,10,Lasso,80/20,0.14824333258107492,0.06402637235998675
Rg norm w/0.5,pH regr out,Inliers,ProtBERT,mid,10,Kernel Ridge,80/20,0.09398409149608833,0.06603421764676294
Rg norm w/0.5,pH regr out,Inliers,ProtBERT,mid,10,GPR,80/20,0.16952076721898124,0.06322160448967504
Rg norm w/0.5,pH regr out,Inliers,ProtBERT,mid,10,Linear,85/15,0.2534485587245271,0.06318825402363829
Rg norm w/0.5,pH regr out,Inliers,ProtBERT,mid,10,Ridge,85/15,0.24898553032258297,0.06337684836086362
Rg norm w/0.5,pH regr out,Inliers,ProtBERT,mid,10,Lasso,85/15,0.2526785168499821,0.06322083386890984
Rg norm w/0.5,pH regr out,Inliers,ProtBERT,mid,10,Kernel Ridge,85/15,0.24317889500606915,0.06362138269870642
Rg norm w/0.5,pH regr out,Inliers,ProtBERT,mid,10,GPR,85/15,0.32130902888199775,0.060247984393290134
Rg norm w/0.5,pH regr out,Inliers,ProtBERT,mid,10,Linear,90/10,0.36397215726477783,0.04807673506688808
Rg norm w/0.5,pH regr out,Inliers,ProtBERT,mid,10,Ridge,90/10,0.34256663794624964,0.04887905177996374
Rg norm w/0.5,pH regr out,Inliers,ProtBERT,mid,10,Lasso,90/10,0.32262915302343353,0.04961467529890778
Rg norm w/0.5,pH regr out,Inliers,ProtBERT,mid,10,Kernel Ridge,90/10,-0.13030342158594954,0.0640906127788866
Rg norm w/0.5,pH regr out,Inliers,ProtBERT,mid,10,GPR,90/10,0.5509644194637737,0.04039589923794841
Rg norm w/0.418,pH regr out,All,ProtBERT,mid,10,Linear,80/20,0.10107206532579915,0.48106381056217484
Rg norm w/0.418,pH regr out,All,ProtBERT,mid,10,Ridge,80/20,0.09519831174395343,0.4826329293793318
Rg norm w/0.418,pH regr out,All,ProtBERT,mid,10,Lasso,80/20,-0.00977050554824288,0.5098607604359422
Rg norm w/0.418,pH regr out,All,ProtBERT,mid,10,Kernel Ridge,80/20,0.9169080906170903,0.14625799588708566
Rg norm w/0.418,pH regr out,All,ProtBERT,mid,10,GPR,80/20,0.9192884999291094,0.14414778000053605
Rg norm w/0.418,pH regr out,All,ProtBERT,mid,10,Linear,85/15,0.09907690140052894,0.4709318126957864
Rg norm w/0.418,pH regr out,All,ProtBERT,mid,10,Ridge,85/15,0.0961975869530538,0.47168375206929186
Rg norm w/0.418,pH regr out,All,ProtBERT,mid,10,Lasso,85/15,0.034434732221494846,0.48753408725626873
Rg norm w/0.418,pH regr out,All,ProtBERT,mid,10,Kernel Ridge,85/15,0.8982597927945909,0.1582561066324372
Rg norm w/0.418,pH regr out,All,ProtBERT,mid,10,GPR,85/15,0.9107297541235989,0.14824072616379227
Rg norm w/0.418,pH regr out,All,ProtBERT,mid,10,Linear,90/10,0.09650558049020663,0.5660152225438364
Rg norm w/0.418,pH regr out,All,ProtBERT,mid,10,Ridge,90/10,0.09022024177323773,0.5679806090812766
Rg norm w/0.418,pH regr out,All,ProtBERT,mid,10,Lasso,90/10,0.023726638935380406,0.5883707763401548
Rg norm w/0.418,pH regr out,All,ProtBERT,mid,10,Kernel Ridge,90/10,0.9015384605712328,0.18685240192685762
Rg norm w/0.418,pH regr out,All,ProtBERT,mid,10,GPR,90/10,0.9139308742272659,0.17469845734170922
Rg norm w/0.418,pH regr out,Inliers,ProtBERT,mid,10,Linear,80/20,0.047257088166468564,0.09867621440354113
Rg norm w/0.418,pH regr out,Inliers,ProtBERT,mid,10,Ridge,80/20,0.09748420016897053,0.09603997172615185
Rg norm w/0.418,pH regr out,Inliers,ProtBERT,mid,10,Lasso,80/20,0.09839281466608274,0.09599161507414719
Rg norm w/0.418,pH regr out,Inliers,ProtBERT,mid,10,Kernel Ridge,80/20,0.14228504236721395,0.09362592223544804
Rg norm w/0.418,pH regr out,Inliers,ProtBERT,mid,10,GPR,80/20,0.14012842270448922,0.09374355382119544
Rg norm w/0.418,pH regr out,Inliers,ProtBERT,mid,10,Linear,85/15,0.22406946112246418,0.08766896500688874
Rg norm w/0.418,pH regr out,Inliers,ProtBERT,mid,10,Ridge,85/15,0.22985023763182344,0.08734178227521665
Rg norm w/0.418,pH regr out,Inliers,ProtBERT,mid,10,Lasso,85/15,0.229693817933176,0.08735065151228187
Rg norm w/0.418,pH regr out,Inliers,ProtBERT,mid,10,Kernel Ridge,85/15,0.2141574698335751,0.08822714413456757
Rg norm w/0.418,pH regr out,Inliers,ProtBERT,mid,10,GPR,85/15,0.3166461058248651,0.08227299242883859
Rg norm w/0.418,pH regr out,Inliers,ProtBERT,mid,10,Linear,90/10,0.18431077414751196,0.07883334226677804
Rg norm w/0.418,pH regr out,Inliers,ProtBERT,mid,10,Ridge,90/10,0.18524551866328898,0.07878815952117886
Rg norm w/0.418,pH regr out,Inliers,ProtBERT,mid,10,Lasso,90/10,0.18700332211521697,0.07870312232184569
Rg norm w/0.418,pH regr out,Inliers,ProtBERT,mid,10,Kernel Ridge,90/10,-0.3140145180143161,0.10005704171972582
Rg norm w/0.418,pH regr out,Inliers,ProtBERT,mid,10,GPR,90/10,0.4711161217130476,0.06347865862206012
Rg w/no norm,buffer regr out,All,ProtBERT,mid,10,Linear,80/20,0.05675800456712243,4.223726103715773
Rg w/no norm,buffer regr out,All,ProtBERT,mid,10,Ridge,80/20,0.0614583748992138,4.213189109083687
Rg w/no norm,buffer regr out,All,ProtBERT,mid,10,Lasso,80/20,0.01606033937269702,4.313883542872824
Rg w/no norm,buffer regr out,All,ProtBERT,mid,10,Kernel Ridge,80/20,0.8666859265922805,1.5878964682560632
Rg w/no norm,buffer regr out,All,ProtBERT,mid,10,GPR,80/20,0.8632451443204381,1.6082574108137444
Rg w/no norm,buffer regr out,All,ProtBERT,mid,10,Linear,85/15,0.06872067469625731,4.17534694223209
Rg w/no norm,buffer regr out,All,ProtBERT,mid,10,Ridge,85/15,0.068708772367293,4.1753736239121775
Rg w/no norm,buffer regr out,All,ProtBERT,mid,10,Lasso,85/15,0.011404949981015933,4.301914783005264
Rg w/no norm,buffer regr out,All,ProtBERT,mid,10,Kernel Ridge,85/15,0.8425987164044428,1.716551043654055
Rg w/no norm,buffer regr out,All,ProtBERT,mid,10,GPR,85/15,0.8526899373751193,1.6606143803379279
Rg w/no norm,buffer regr out,All,ProtBERT,mid,10,Linear,90/10,0.058879823756257,5.001651301492143
Rg w/no norm,buffer regr out,All,ProtBERT,mid,10,Ridge,90/10,0.05909141015775099,5.001089024263592
Rg w/no norm,buffer regr out,All,ProtBERT,mid,10,Lasso,90/10,0.01617367347123022,5.113874770126394
Rg w/no norm,buffer regr out,All,ProtBERT,mid,10,Kernel Ridge,90/10,0.8577431777034342,1.9445871897529363
Rg w/no norm,buffer regr out,All,ProtBERT,mid,10,GPR,90/10,0.8682752679458849,1.8712186214967796
Rg w/no norm,buffer regr out,Inliers,ProtBERT,mid,10,Linear,80/20,0.1111227561517818,1.3166680783470281
Rg w/no norm,buffer regr out,Inliers,ProtBERT,mid,10,Ridge,80/20,0.13830648387028133,1.2963785158359806
Rg w/no norm,buffer regr out,Inliers,ProtBERT,mid,10,Lasso,80/20,0.14217586585314146,1.2934645867686976
Rg w/no norm,buffer regr out,Inliers,ProtBERT,mid,10,Kernel Ridge,80/20,0.2686248348545792,1.1943332335135617
Rg w/no norm,buffer regr out,Inliers,ProtBERT,mid,10,GPR,80/20,0.21943178188002788,1.2338456797575437
Rg w/no norm,buffer regr out,Inliers,ProtBERT,mid,10,Linear,85/15,-0.008231648149070514,1.2301133121105914
Rg w/no norm,buffer regr out,Inliers,ProtBERT,mid,10,Ridge,85/15,0.03861419692930235,1.201195807747078
Rg w/no norm,buffer regr out,Inliers,ProtBERT,mid,10,Lasso,85/15,0.045574183655574085,1.1968398597727805
Rg w/no norm,buffer regr out,Inliers,ProtBERT,mid,10,Kernel Ridge,85/15,0.3595050913205252,0.9804440075648385
Rg w/no norm,buffer regr out,Inliers,ProtBERT,mid,10,GPR,85/15,0.29982492446129516,1.025104828122437
Rg w/no norm,buffer regr out,Inliers,ProtBERT,mid,10,Linear,90/10,0.005588046161081217,1.3774505824998864
Rg w/no norm,buffer regr out,Inliers,ProtBERT,mid,10,Ridge,90/10,0.04058380441730702,1.3529955915760943
Rg w/no norm,buffer regr out,Inliers,ProtBERT,mid,10,Lasso,90/10,0.054824279289473754,1.3429168943349428
Rg w/no norm,buffer regr out,Inliers,ProtBERT,mid,10,Kernel Ridge,90/10,0.30264296792727463,1.1535075759006008
Rg w/no norm,buffer regr out,Inliers,ProtBERT,mid,10,GPR,90/10,0.30708236996464244,1.1498300766940666
Rg norm w/0.427,buffer regr out,All,ProtBERT,mid,10,Linear,80/20,0.11600534248933203,0.4601137264432602
Rg norm w/0.427,buffer regr out,All,ProtBERT,mid,10,Ridge,80/20,0.11254120489332586,0.461014376002049
Rg norm w/0.427,buffer regr out,All,ProtBERT,mid,10,Lasso,80/20,-0.002850052792611857,0.49007028511206563
Rg norm w/0.427,buffer regr out,All,ProtBERT,mid,10,Kernel Ridge,80/20,0.905367210014476,0.15054321673851506
Rg norm w/0.427,buffer regr out,All,ProtBERT,mid,10,GPR,80/20,0.9076858168934077,0.1486875429911028
Rg norm w/0.427,buffer regr out,All,ProtBERT,mid,10,Linear,85/15,0.10170512647505525,0.45745814020410935
Rg norm w/0.427,buffer regr out,All,ProtBERT,mid,10,Ridge,85/15,0.1008321425183516,0.45768037048218996
Rg norm w/0.427,buffer regr out,All,ProtBERT,mid,10,Lasso,85/15,0.04746137336345746,0.47106755969308606
Rg norm w/0.427,buffer regr out,All,ProtBERT,mid,10,Kernel Ridge,85/15,0.8806454767807669,0.1667482714212456
Rg norm w/0.427,buffer regr out,All,ProtBERT,mid,10,GPR,85/15,0.8936639901247987,0.15739179173582957
Rg norm w/0.427,buffer regr out,All,ProtBERT,mid,10,Linear,90/10,0.10848715165213907,0.5476188495019964
Rg norm w/0.427,buffer regr out,All,ProtBERT,mid,10,Ridge,90/10,0.1034666824454803,0.5491586163300065
Rg norm w/0.427,buffer regr out,All,ProtBERT,mid,10,Lasso,90/10,0.04024142646260398,0.5681926158735666
Rg norm w/0.427,buffer regr out,All,ProtBERT,mid,10,Kernel Ridge,90/10,0.8932361184479465,0.18950765718743673
Rg norm w/0.427,buffer regr out,All,ProtBERT,mid,10,GPR,90/10,0.9064135398039039,0.17742756634837645
Rg norm w/0.427,buffer regr out,Inliers,ProtBERT,mid,10,Linear,80/20,-0.06304518250056113,0.11219538607009816
Rg norm w/0.427,buffer regr out,Inliers,ProtBERT,mid,10,Ridge,80/20,-0.02825027572568195,0.11034395670753097
Rg norm w/0.427,buffer regr out,Inliers,ProtBERT,mid,10,Lasso,80/20,0.019597405318853567,0.10774605091848903
Rg norm w/0.427,buffer regr out,Inliers,ProtBERT,mid,10,Kernel Ridge,80/20,0.09278547301414508,0.1036463788264487
Rg norm w/0.427,buffer regr out,Inliers,ProtBERT,mid,10,GPR,80/20,0.10325511108049967,0.10304658187616433
Rg norm w/0.427,buffer regr out,Inliers,ProtBERT,mid,10,Linear,85/15,-0.007398328298527268,0.10766508341000498
Rg norm w/0.427,buffer regr out,Inliers,ProtBERT,mid,10,Ridge,85/15,0.007840127112270001,0.1068476801844517
Rg norm w/0.427,buffer regr out,Inliers,ProtBERT,mid,10,Lasso,85/15,-0.0008319769175184621,0.10731362235228392
Rg norm w/0.427,buffer regr out,Inliers,ProtBERT,mid,10,Kernel Ridge,85/15,0.039450203970724074,0.10513182666092416
Rg norm w/0.427,buffer regr out,Inliers,ProtBERT,mid,10,GPR,85/15,0.3729603508224346,0.08494186062492688
Rg norm w/0.427,buffer regr out,Inliers,ProtBERT,mid,10,Linear,90/10,-0.0356415813733868,0.10238826583862276
Rg norm w/0.427,buffer regr out,Inliers,ProtBERT,mid,10,Ridge,90/10,-0.036932207051827204,0.10245204455465184
Rg norm w/0.427,buffer regr out,Inliers,ProtBERT,mid,10,Lasso,90/10,-0.1434622929180569,0.10758615129285534
Rg norm w/0.427,buffer regr out,Inliers,ProtBERT,mid,10,Kernel Ridge,90/10,-0.011264894020480476,0.1011760949861026
Rg norm w/0.427,buffer regr out,Inliers,ProtBERT,mid,10,GPR,90/10,0.47442649536499704,0.07293939881613168
Rg norm w/0.5,buffer regr out,All,ProtBERT,mid,10,Linear,80/20,0.1276209210805822,0.31637877998389163
Rg norm w/0.5,buffer regr out,All,ProtBERT,mid,10,Ridge,80/20,0.12377987267129686,0.31707451623443217
Rg norm w/0.5,buffer regr out,All,ProtBERT,mid,10,Lasso,80/20,-0.004102188485042069,0.339424887593166
Rg norm w/0.5,buffer regr out,All,ProtBERT,mid,10,Kernel Ridge,80/20,0.9024904779925018,0.10577383234787396
Rg norm w/0.5,buffer regr out,All,ProtBERT,mid,10,GPR,80/20,0.9048438432629129,0.10448962547469637
Rg norm w/0.5,buffer regr out,All,ProtBERT,mid,10,Linear,85/15,0.10994919258074753,0.31472116186515003
Rg norm w/0.5,buffer regr out,All,ProtBERT,mid,10,Ridge,85/15,0.10945611609414774,0.3148083254951725
Rg norm w/0.5,buffer regr out,All,ProtBERT,mid,10,Lasso,85/15,0.04356158973366708,0.3262473938390726
Rg norm w/0.5,buffer regr out,All,ProtBERT,mid,10,Kernel Ridge,85/15,0.8759601253981022,0.11748954066150716
Rg norm w/0.5,buffer regr out,All,ProtBERT,mid,10,GPR,85/15,0.8888238887531555,0.11123060160470846
Rg norm w/0.5,buffer regr out,All,ProtBERT,mid,10,Linear,90/10,0.11864992585086509,0.37640670297053314
Rg norm w/0.5,buffer regr out,All,ProtBERT,mid,10,Ridge,90/10,0.11343482556502593,0.37751869210571515
Rg norm w/0.5,buffer regr out,All,ProtBERT,mid,10,Lasso,90/10,0.036166549498032774,0.39362631391655195
Rg norm w/0.5,buffer regr out,All,ProtBERT,mid,10,Kernel Ridge,90/10,0.8897581540075374,0.1331240018144846
Rg norm w/0.5,buffer regr out,All,ProtBERT,mid,10,GPR,90/10,0.9027471085942064,0.12503580284190347
Rg norm w/0.5,buffer regr out,Inliers,ProtBERT,mid,10,Linear,80/20,-0.010598502830830858,0.08036146300483131
Rg norm w/0.5,buffer regr out,Inliers,ProtBERT,mid,10,Ridge,80/20,0.020206632251761225,0.07912719253303714
Rg norm w/0.5,buffer regr out,Inliers,ProtBERT,mid,10,Lasso,80/20,0.02395484181036389,0.07897569656432403
Rg norm w/0.5,buffer regr out,Inliers,ProtBERT,mid,10,Kernel Ridge,80/20,0.06988778867253731,0.07709499461894388
Rg norm w/0.5,buffer regr out,Inliers,ProtBERT,mid,10,GPR,80/20,0.10647418594357438,0.07556349923811206
Rg norm w/0.5,buffer regr out,Inliers,ProtBERT,mid,10,Linear,85/15,0.03408035565543854,0.07813489321819875
Rg norm w/0.5,buffer regr out,Inliers,ProtBERT,mid,10,Ridge,85/15,0.046373115681102584,0.07763610999885479
Rg norm w/0.5,buffer regr out,Inliers,ProtBERT,mid,10,Lasso,85/15,0.034347033889286505,0.07812410644424424
Rg norm w/0.5,buffer regr out,Inliers,ProtBERT,mid,10,Kernel Ridge,85/15,0.06107663134149299,0.07703526800170203
Rg norm w/0.5,buffer regr out,Inliers,ProtBERT,mid,10,GPR,85/15,0.3550509008426612,0.06384652193971943
Rg norm w/0.5,buffer regr out,Inliers,ProtBERT,mid,10,Linear,90/10,0.07730708418009946,0.06726186472719443
Rg norm w/0.5,buffer regr out,Inliers,ProtBERT,mid,10,Ridge,90/10,0.07150362671779553,0.06747306148021484
Rg norm w/0.5,buffer regr out,Inliers,ProtBERT,mid,10,Lasso,90/10,0.03394257276350243,0.0688242966865274
Rg norm w/0.5,buffer regr out,Inliers,ProtBERT,mid,10,Kernel Ridge,90/10,0.05373152259849734,0.06811574274333507
Rg norm w/0.5,buffer regr out,Inliers,ProtBERT,mid,10,GPR,90/10,0.5088972511168235,0.049071179007173955
Rg norm w/0.418,buffer regr out,All,ProtBERT,mid,10,Linear,80/20,0.11463920930124016,0.4819871235304101
Rg norm w/0.418,buffer regr out,All,ProtBERT,mid,10,Ridge,80/20,0.11123767020520958,0.48291212853938675
Rg norm w/0.418,buffer regr out,All,ProtBERT,mid,10,Lasso,80/20,-0.0027055619824478683,0.5129346121073015
Rg norm w/0.418,buffer regr out,All,ProtBERT,mid,10,Kernel Ridge,80/20,0.9054839785350717,0.15748094411946278
Rg norm w/0.418,buffer regr out,All,ProtBERT,mid,10,GPR,80/20,0.9077941822501346,0.15554442706526417
Rg norm w/0.418,buffer regr out,All,ProtBERT,mid,10,Linear,85/15,0.10077571546205633,0.4791748975520686
Rg norm w/0.418,buffer regr out,All,ProtBERT,mid,10,Ridge,85/15,0.09986386397984404,0.4794177878054924
Rg norm w/0.418,buffer regr out,All,ProtBERT,mid,10,Lasso,85/15,-0.00022990882499773768,0.505370588745211
Rg norm w/0.418,buffer regr out,All,ProtBERT,mid,10,Kernel Ridge,85/15,0.8809397663180306,0.1743586149609976
Rg norm w/0.418,buffer regr out,All,ProtBERT,mid,10,GPR,85/15,0.8939686093740251,0.16454219019681798
Rg norm w/0.418,buffer regr out,All,ProtBERT,mid,10,Linear,90/10,0.10730615277582367,0.5736682934824827
Rg norm w/0.418,buffer regr out,All,ProtBERT,mid,10,Ridge,90/10,0.10232019435841455,0.5752681160278725
Rg norm w/0.418,buffer regr out,All,ProtBERT,mid,10,Lasso,90/10,0.04037025367658653,0.5947869445400596
Rg norm w/0.418,buffer regr out,All,ProtBERT,mid,10,Kernel Ridge,90/10,0.8934139247841434,0.19822563226642456
Rg norm w/0.418,buffer regr out,All,ProtBERT,mid,10,GPR,90/10,0.9066092262444371,0.18555025830086608
Rg norm w/0.418,buffer regr out,Inliers,ProtBERT,mid,10,Linear,80/20,-0.06793883606208984,0.1172047377544123
Rg norm w/0.418,buffer regr out,Inliers,ProtBERT,mid,10,Ridge,80/20,-0.03271382823456226,0.11525558345788035
Rg norm w/0.418,buffer regr out,Inliers,ProtBERT,mid,10,Lasso,80/20,0.016337376841596196,0.1124851164334152
Rg norm w/0.418,buffer regr out,Inliers,ProtBERT,mid,10,Kernel Ridge,80/20,0.09323418452298016,0.10799895343797834
Rg norm w/0.418,buffer regr out,Inliers,ProtBERT,mid,10,GPR,80/20,0.10369592385642556,0.10737413128159798
Rg norm w/0.418,buffer regr out,Inliers,ProtBERT,mid,10,Linear,85/15,-0.012477461779870636,0.1123046270608191
Rg norm w/0.418,buffer regr out,Inliers,ProtBERT,mid,10,Ridge,85/15,0.003308982214222933,0.11142566636249433
Rg norm w/0.418,buffer regr out,Inliers,ProtBERT,mid,10,Lasso,85/15,0.004942569364596583,0.1113343149911294
Rg norm w/0.418,buffer regr out,Inliers,ProtBERT,mid,10,Kernel Ridge,85/15,0.038201903465482245,0.10945785278421681
Rg norm w/0.418,buffer regr out,Inliers,ProtBERT,mid,10,GPR,85/15,0.3750099583129777,0.08823512729251173
Rg norm w/0.418,buffer regr out,Inliers,ProtBERT,mid,10,Linear,90/10,-0.046296400093722045,0.10799077623124234
Rg norm w/0.418,buffer regr out,Inliers,ProtBERT,mid,10,Ridge,90/10,-0.046806818141675866,0.10801711375875409
Rg norm w/0.418,buffer regr out,Inliers,ProtBERT,mid,10,Lasso,90/10,-0.14664909344662336,0.11305104036425012
Rg norm w/0.418,buffer regr out,Inliers,ProtBERT,mid,10,Kernel Ridge,90/10,-0.015133643165403221,0.10637042830344604
Rg norm w/0.418,buffer regr out,Inliers,ProtBERT,mid,10,GPR,90/10,0.46997155551217096,0.07686150533029827
Rg w/no norm,expr pH only regr out,All,ProtBERT,mid,10,Linear,80/20,0.045490416884339635,4.310275329445166
Rg w/no norm,expr pH only regr out,All,ProtBERT,mid,10,Ridge,80/20,0.04740009125062905,4.305961415996184
Rg w/no norm,expr pH only regr out,All,ProtBERT,mid,10,Lasso,80/20,0.03546902630891069,4.332843027416181
Rg w/no norm,expr pH only regr out,All,ProtBERT,mid,10,Kernel Ridge,80/20,0.18778285990081744,3.976041797772164
Rg w/no norm,expr pH only regr out,All,ProtBERT,mid,10,GPR,80/20,0.689191769425627,2.459580955433074
Rg w/no norm,expr pH only regr out,All,ProtBERT,mid,10,Linear,85/15,0.08531356825724468,4.180241609410475
Rg w/no norm,expr pH only regr out,All,ProtBERT,mid,10,Ridge,85/15,0.08611163295448199,4.178417579259562
Rg w/no norm,expr pH only regr out,All,ProtBERT,mid,10,Lasso,85/15,0.07835853987808272,4.196104226371845
Rg w/no norm,expr pH only regr out,All,ProtBERT,mid,10,Kernel Ridge,85/15,0.6937986415525219,2.4186265833120606
Rg w/no norm,expr pH only regr out,All,ProtBERT,mid,10,GPR,85/15,0.6953785893303694,2.412378659077704
Rg w/no norm,expr pH only regr out,All,ProtBERT,mid,10,Linear,90/10,0.043971946605871115,4.8791602060209485
Rg w/no norm,expr pH only regr out,All,ProtBERT,mid,10,Ridge,90/10,0.045330494404068666,4.8756922487461924
Rg w/no norm,expr pH only regr out,All,ProtBERT,mid,10,Lasso,90/10,0.040089249585757325,4.889057983162722
Rg w/no norm,expr pH only regr out,All,ProtBERT,mid,10,Kernel Ridge,90/10,0.7140871865495816,2.6682503171500254
Rg w/no norm,expr pH only regr out,All,ProtBERT,mid,10,GPR,90/10,0.8258397403310296,2.082496556446767
Rg w/no norm,expr pH only regr out,Inliers,ProtBERT,mid,10,Linear,80/20,0.24921159194008669,1.9247149800650702
Rg w/no norm,expr pH only regr out,Inliers,ProtBERT,mid,10,Ridge,80/20,0.2821150749056004,1.8820669309688967
Rg w/no norm,expr pH only regr out,Inliers,ProtBERT,mid,10,Lasso,80/20,0.28265431266110885,1.8813599428672965
Rg w/no norm,expr pH only regr out,Inliers,ProtBERT,mid,10,Kernel Ridge,80/20,0.34804083072052683,1.7935679964485396
Rg w/no norm,expr pH only regr out,Inliers,ProtBERT,mid,10,GPR,80/20,-0.4211660058981508,2.6480736051246145
Rg w/no norm,expr pH only regr out,Inliers,ProtBERT,mid,10,Linear,85/15,0.2672859098402093,1.806192636535078
Rg w/no norm,expr pH only regr out,Inliers,ProtBERT,mid,10,Ridge,85/15,0.2840997009839342,1.7853487662005687
Rg w/no norm,expr pH only regr out,Inliers,ProtBERT,mid,10,Lasso,85/15,0.26001642194049523,1.8151304263867398
Rg w/no norm,expr pH only regr out,Inliers,ProtBERT,mid,10,Kernel Ridge,85/15,0.35552820563131127,1.693942847133288
Rg w/no norm,expr pH only regr out,Inliers,ProtBERT,mid,10,GPR,85/15,-0.4142455435187784,2.5093382422557164
Rg w/no norm,expr pH only regr out,Inliers,ProtBERT,mid,10,Linear,90/10,0.2903666386981546,1.746024755110196
Rg w/no norm,expr pH only regr out,Inliers,ProtBERT,mid,10,Ridge,90/10,0.33838097994061533,1.6859216024786994
Rg w/no norm,expr pH only regr out,Inliers,ProtBERT,mid,10,Lasso,90/10,0.31441486792287776,1.716184913931591
Rg w/no norm,expr pH only regr out,Inliers,ProtBERT,mid,10,Kernel Ridge,90/10,0.414524354313908,1.5859438303226603
Rg w/no norm,expr pH only regr out,Inliers,ProtBERT,mid,10,GPR,90/10,-0.25457730269491297,2.3215716822383365
Rg norm w/0.427,expr pH only regr out,All,ProtBERT,mid,10,Linear,80/20,0.10325697329772843,0.4797510495487835
Rg norm w/0.427,expr pH only regr out,All,ProtBERT,mid,10,Ridge,80/20,0.09527753036332609,0.4818807944915422
Rg norm w/0.427,expr pH only regr out,All,ProtBERT,mid,10,Lasso,80/20,0.08395968091731776,0.4848855300544578
Rg norm w/0.427,expr pH only regr out,All,ProtBERT,mid,10,Kernel Ridge,80/20,0.07122016493351602,0.4882455776646704
Rg norm w/0.427,expr pH only regr out,All,ProtBERT,mid,10,GPR,80/20,0.6981654319808237,0.2783341004042828
Rg norm w/0.427,expr pH only regr out,All,ProtBERT,mid,10,Linear,85/15,0.11917926549853675,0.47365289367434116
Rg norm w/0.427,expr pH only regr out,All,ProtBERT,mid,10,Ridge,85/15,0.11566112601294554,0.47459787388027797
Rg norm w/0.427,expr pH only regr out,All,ProtBERT,mid,10,Lasso,85/15,0.10595527246984604,0.47719518551263457
Rg norm w/0.427,expr pH only regr out,All,ProtBERT,mid,10,Kernel Ridge,85/15,0.5915411532130799,0.32254520026092187
Rg norm w/0.427,expr pH only regr out,All,ProtBERT,mid,10,GPR,85/15,0.7012086473006847,0.27586743852850953
Rg norm w/0.427,expr pH only regr out,All,ProtBERT,mid,10,Linear,90/10,0.09539776280969492,0.5575740143451932
Rg norm w/0.427,expr pH only regr out,All,ProtBERT,mid,10,Ridge,90/10,0.09073511262773426,0.5590091374492553
Rg norm w/0.427,expr pH only regr out,All,ProtBERT,mid,10,Lasso,90/10,0.0802517298479839,0.5622224539994531
Rg norm w/0.427,expr pH only regr out,All,ProtBERT,mid,10,Kernel Ridge,90/10,0.648576405362495,0.3475274830117149
Rg norm w/0.427,expr pH only regr out,All,ProtBERT,mid,10,GPR,90/10,0.8309882376013611,0.24100839016383432
Rg norm w/0.427,expr pH only regr out,Inliers,ProtBERT,mid,10,Linear,80/20,0.2554760223919458,0.1925597493845393
Rg norm w/0.427,expr pH only regr out,Inliers,ProtBERT,mid,10,Ridge,80/20,0.2630976487203095,0.19157160540342347
Rg norm w/0.427,expr pH only regr out,Inliers,ProtBERT,mid,10,Lasso,80/20,0.24884930840223862,0.19341480013586237
Rg norm w/0.427,expr pH only regr out,Inliers,ProtBERT,mid,10,Kernel Ridge,80/20,0.2970458507537441,0.1871068412121215
Rg norm w/0.427,expr pH only regr out,Inliers,ProtBERT,mid,10,GPR,80/20,-0.574216585437995,0.2800002437591065
Rg norm w/0.427,expr pH only regr out,Inliers,ProtBERT,mid,10,Linear,85/15,0.29848198004632875,0.19533749591844243
Rg norm w/0.427,expr pH only regr out,Inliers,ProtBERT,mid,10,Ridge,85/15,0.2893925437424827,0.19659889862435756
Rg norm w/0.427,expr pH only regr out,Inliers,ProtBERT,mid,10,Lasso,85/15,0.2842229099405438,0.19731272630277394
Rg norm w/0.427,expr pH only regr out,Inliers,ProtBERT,mid,10,Kernel Ridge,85/15,0.29201818883139974,0.19623535287145466
Rg norm w/0.427,expr pH only regr out,Inliers,ProtBERT,mid,10,GPR,85/15,-0.40824216937366664,0.27676098840744623
Rg norm w/0.427,expr pH only regr out,Inliers,ProtBERT,mid,10,Linear,90/10,0.4602966112435837,0.16145833562084216
Rg norm w/0.427,expr pH only regr out,Inliers,ProtBERT,mid,10,Ridge,90/10,0.44321315479393975,0.16399378206048235
Rg norm w/0.427,expr pH only regr out,Inliers,ProtBERT,mid,10,Lasso,90/10,0.437941627077289,0.1647682805861013
Rg norm w/0.427,expr pH only regr out,Inliers,ProtBERT,mid,10,Kernel Ridge,90/10,0.4916838848819505,0.15669308747483607
Rg norm w/0.427,expr pH only regr out,Inliers,ProtBERT,mid,10,GPR,90/10,-0.2689262308075431,0.24757174986974984
Rg norm w/0.5,expr pH only regr out,All,ProtBERT,mid,10,Linear,80/20,0.13051254460417772,0.35553745456485364
Rg norm w/0.5,expr pH only regr out,All,ProtBERT,mid,10,Ridge,80/20,0.12185938883197145,0.35730223243045667
Rg norm w/0.5,expr pH only regr out,All,ProtBERT,mid,10,Lasso,80/20,0.11060808842728309,0.35958393963628604
Rg norm w/0.5,expr pH only regr out,All,ProtBERT,mid,10,Kernel Ridge,80/20,0.2284077794360443,0.33492504058726663
Rg norm w/0.5,expr pH only regr out,All,ProtBERT,mid,10,GPR,80/20,0.4830892877080606,0.2741330920900672
Rg norm w/0.5,expr pH only regr out,All,ProtBERT,mid,10,Linear,85/15,0.15208891413109882,0.3528731611771512
Rg norm w/0.5,expr pH only regr out,All,ProtBERT,mid,10,Ridge,85/15,0.14795969265320985,0.3537313418303179
Rg norm w/0.5,expr pH only regr out,All,ProtBERT,mid,10,Lasso,85/15,0.13635760493226512,0.35613154836871375
Rg norm w/0.5,expr pH only regr out,All,ProtBERT,mid,10,Kernel Ridge,85/15,0.4736014427629601,0.27803586212505277
Rg norm w/0.5,expr pH only regr out,All,ProtBERT,mid,10,GPR,85/15,0.5013465225330994,0.2706094118424908
Rg norm w/0.5,expr pH only regr out,All,ProtBERT,mid,10,Linear,90/10,0.10657869401876452,0.4041658446778105
Rg norm w/0.5,expr pH only regr out,All,ProtBERT,mid,10,Ridge,90/10,0.10348320720705961,0.40486540726179865
Rg norm w/0.5,expr pH only regr out,All,ProtBERT,mid,10,Lasso,90/10,0.08933198094362294,0.40804823092791376
Rg norm w/0.5,expr pH only regr out,All,ProtBERT,mid,10,Kernel Ridge,90/10,0.5721806169265795,0.2796801766586475
Rg norm w/0.5,expr pH only regr out,All,ProtBERT,mid,10,GPR,90/10,0.7408105669699984,0.21769081362513448
Rg norm w/0.5,expr pH only regr out,Inliers,ProtBERT,mid,10,Linear,80/20,0.2612868006581308,0.13466833806609158
Rg norm w/0.5,expr pH only regr out,Inliers,ProtBERT,mid,10,Ridge,80/20,0.2643441293990523,0.13438937170342286
Rg norm w/0.5,expr pH only regr out,Inliers,ProtBERT,mid,10,Lasso,80/20,0.24914466133849045,0.13577059070367997
Rg norm w/0.5,expr pH only regr out,Inliers,ProtBERT,mid,10,Kernel Ridge,80/20,0.29624535353748116,0.13144322576707515
Rg norm w/0.5,expr pH only regr out,Inliers,ProtBERT,mid,10,GPR,80/20,-0.5556586699076242,0.19542707318992242
Rg norm w/0.5,expr pH only regr out,Inliers,ProtBERT,mid,10,Linear,85/15,0.3008454136108971,0.13875078677919972
Rg norm w/0.5,expr pH only regr out,Inliers,ProtBERT,mid,10,Ridge,85/15,0.2898598440362362,0.13983660921983274
Rg norm w/0.5,expr pH only regr out,Inliers,ProtBERT,mid,10,Lasso,85/15,0.29566910060318863,0.13926347242316256
Rg norm w/0.5,expr pH only regr out,Inliers,ProtBERT,mid,10,Kernel Ridge,85/15,0.28650751095789717,0.14016628143438872
Rg norm w/0.5,expr pH only regr out,Inliers,ProtBERT,mid,10,GPR,85/15,-0.37175624425269604,0.19435124269082074
Rg norm w/0.5,expr pH only regr out,Inliers,ProtBERT,mid,10,Linear,90/10,0.49398148500608774,0.10953269512306354
Rg norm w/0.5,expr pH only regr out,Inliers,ProtBERT,mid,10,Ridge,90/10,0.46937066733618393,0.11216469941896735
Rg norm w/0.5,expr pH only regr out,Inliers,ProtBERT,mid,10,Lasso,90/10,0.4628714917983575,0.11284950842930569
Rg norm w/0.5,expr pH only regr out,Inliers,ProtBERT,mid,10,Kernel Ridge,90/10,0.5158232880899727,0.10714268322030947
Rg norm w/0.5,expr pH only regr out,Inliers,ProtBERT,mid,10,GPR,90/10,-0.24239864371588982,0.17162915106280247
Rg norm w/0.418,expr pH only regr out,All,ProtBERT,mid,10,Linear,80/20,0.08929932887251857,0.48799909188885854
Rg norm w/0.418,expr pH only regr out,All,ProtBERT,mid,10,Ridge,80/20,0.08245113702966389,0.4898304578238889
Rg norm w/0.418,expr pH only regr out,All,ProtBERT,mid,10,Lasso,80/20,0.06912424912626558,0.4933748917345789
Rg norm w/0.418,expr pH only regr out,All,ProtBERT,mid,10,Kernel Ridge,80/20,0.06753234618103521,0.493796574997075
Rg norm w/0.418,expr pH only regr out,All,ProtBERT,mid,10,GPR,80/20,0.8149732522405735,0.21996239672558654
Rg norm w/0.418,expr pH only regr out,All,ProtBERT,mid,10,Linear,85/15,0.10134580719431907,0.48000363282124625
Rg norm w/0.418,expr pH only regr out,All,ProtBERT,mid,10,Ridge,85/15,0.09817735629925517,0.4808490802421801
Rg norm w/0.418,expr pH only regr out,All,ProtBERT,mid,10,Lasso,85/15,0.08810935909514106,0.483525743059892
Rg norm w/0.418,expr pH only regr out,All,ProtBERT,mid,10,Kernel Ridge,85/15,0.6586735836472943,0.2958238414385971
Rg norm w/0.418,expr pH only regr out,All,ProtBERT,mid,10,GPR,85/15,0.8106612379004702,0.22032713566183884
Rg norm w/0.418,expr pH only regr out,All,ProtBERT,mid,10,Linear,90/10,0.09173482053836635,0.572842019627344
Rg norm w/0.418,expr pH only regr out,All,ProtBERT,mid,10,Ridge,90/10,0.08631320544026988,0.5745491796703199
Rg norm w/0.418,expr pH only regr out,All,ProtBERT,mid,10,Lasso,90/10,0.07491154589698512,0.578122890172288
Rg norm w/0.418,expr pH only regr out,All,ProtBERT,mid,10,Kernel Ridge,90/10,0.8556082516891097,0.22840190523618575
Rg norm w/0.418,expr pH only regr out,All,ProtBERT,mid,10,GPR,90/10,0.8741258631266597,0.21325380440500294
Rg norm w/0.418,expr pH only regr out,Inliers,ProtBERT,mid,10,Linear,80/20,0.2547681291710968,0.20145751363378286
Rg norm w/0.418,expr pH only regr out,Inliers,ProtBERT,mid,10,Ridge,80/20,0.2629974965965296,0.2003421089903704
Rg norm w/0.418,expr pH only regr out,Inliers,ProtBERT,mid,10,Lasso,80/20,0.24864262102670887,0.20228376936004205
Rg norm w/0.418,expr pH only regr out,Inliers,ProtBERT,mid,10,Kernel Ridge,80/20,0.2973482657199149,0.19561755256012492
Rg norm w/0.418,expr pH only regr out,Inliers,ProtBERT,mid,10,GPR,80/20,-0.5803854040209144,0.2933724074514753
Rg norm w/0.418,expr pH only regr out,Inliers,ProtBERT,mid,10,Linear,85/15,0.2980171218669545,0.20396512870407066
Rg norm w/0.418,expr pH only regr out,Inliers,ProtBERT,mid,10,Ridge,85/15,0.289242177180823,0.20523597468400834
Rg norm w/0.418,expr pH only regr out,Inliers,ProtBERT,mid,10,Lasso,85/15,0.28441811863435373,0.20593128611819825
Rg norm w/0.418,expr pH only regr out,Inliers,ProtBERT,mid,10,Kernel Ridge,85/15,0.29280801374410204,0.20472049801425363
Rg norm w/0.418,expr pH only regr out,Inliers,ProtBERT,mid,10,GPR,85/15,-0.41204291820748984,0.2892788035295937
Rg norm w/0.418,expr pH only regr out,Inliers,ProtBERT,mid,10,Linear,90/10,0.4561374671910391,0.16949393002974722
Rg norm w/0.418,expr pH only regr out,Inliers,ProtBERT,mid,10,Ridge,90/10,0.4401109321872747,0.17197312105447574
Rg norm w/0.418,expr pH only regr out,Inliers,ProtBERT,mid,10,Lasso,90/10,0.4345282359766479,0.17282837289115094
Rg norm w/0.418,expr pH only regr out,Inliers,ProtBERT,mid,10,Kernel Ridge,90/10,0.4889658017831007,0.1642988642302136
Rg norm w/0.418,expr pH only regr out,Inliers,ProtBERT,mid,10,GPR,90/10,-0.2712738521918998,0.2591368268477866
Rg w/no norm,expr buffer only regr out,All,ProtBERT,mid,10,Linear,80/20,0.06238096128023807,4.30778147895971
Rg w/no norm,expr buffer only regr out,All,ProtBERT,mid,10,Ridge,80/20,0.06290604838464031,4.306575084259268
Rg w/no norm,expr buffer only regr out,All,ProtBERT,mid,10,Lasso,80/20,0.05437791276287718,4.326126952378663
Rg w/no norm,expr buffer only regr out,All,ProtBERT,mid,10,Kernel Ridge,80/20,0.2351177403760314,3.890789634169113
Rg w/no norm,expr buffer only regr out,All,ProtBERT,mid,10,GPR,80/20,0.714913912419473,2.375354690001595
Rg w/no norm,expr buffer only regr out,All,ProtBERT,mid,10,Linear,85/15,0.09025397264053736,4.314558143529798
Rg w/no norm,expr buffer only regr out,All,ProtBERT,mid,10,Ridge,85/15,0.08926554635276085,4.316901360662196
Rg w/no norm,expr buffer only regr out,All,ProtBERT,mid,10,Lasso,85/15,0.0849087585457442,4.327214676183603
Rg w/no norm,expr buffer only regr out,All,ProtBERT,mid,10,Kernel Ridge,85/15,0.7291557999962066,2.354160193700355
Rg w/no norm,expr buffer only regr out,All,ProtBERT,mid,10,GPR,85/15,0.7037862418134629,2.461947883493195
Rg w/no norm,expr buffer only regr out,All,ProtBERT,mid,10,Linear,90/10,0.05344161647654,5.088981681477719
Rg w/no norm,expr buffer only regr out,All,ProtBERT,mid,10,Ridge,90/10,0.05271226054012679,5.090941922042584
Rg w/no norm,expr buffer only regr out,All,ProtBERT,mid,10,Lasso,90/10,0.05432347855000097,5.086610551622478
Rg w/no norm,expr buffer only regr out,All,ProtBERT,mid,10,Kernel Ridge,90/10,0.7485558157725262,2.6228773451376353
Rg w/no norm,expr buffer only regr out,All,ProtBERT,mid,10,GPR,90/10,0.8285832958410286,2.1656274854767825
Rg w/no norm,expr buffer only regr out,Inliers,ProtBERT,mid,10,Linear,80/20,0.20890898881687237,1.819470102947181
Rg w/no norm,expr buffer only regr out,Inliers,ProtBERT,mid,10,Ridge,80/20,0.23308860436152767,1.7914483624510316
Rg w/no norm,expr buffer only regr out,Inliers,ProtBERT,mid,10,Lasso,80/20,0.23208353503583112,1.7926218619431644
Rg w/no norm,expr buffer only regr out,Inliers,ProtBERT,mid,10,Kernel Ridge,80/20,0.27886659514103884,1.73715874004348
Rg w/no norm,expr buffer only regr out,Inliers,ProtBERT,mid,10,GPR,80/20,-0.5409818050402322,2.539396135168686
Rg w/no norm,expr buffer only regr out,Inliers,ProtBERT,mid,10,Linear,85/15,0.2196016292300932,1.8246244751841145
Rg w/no norm,expr buffer only regr out,Inliers,ProtBERT,mid,10,Ridge,85/15,0.23017775790520423,1.8122184453723458
Rg w/no norm,expr buffer only regr out,Inliers,ProtBERT,mid,10,Lasso,85/15,0.20918326183993297,1.8367635210678688
Rg w/no norm,expr buffer only regr out,Inliers,ProtBERT,mid,10,Kernel Ridge,85/15,0.3270702410397528,1.6943385274706244
Rg w/no norm,expr buffer only regr out,Inliers,ProtBERT,mid,10,GPR,85/15,-0.3745000606021691,2.4215179949485712
Rg w/no norm,expr buffer only regr out,Inliers,ProtBERT,mid,10,Linear,90/10,0.22830929085951035,1.8071179554194021
Rg w/no norm,expr buffer only regr out,Inliers,ProtBERT,mid,10,Ridge,90/10,0.2591346972946762,1.7706572139359804
Rg w/no norm,expr buffer only regr out,Inliers,ProtBERT,mid,10,Lasso,90/10,0.23099530387414902,1.8039702089072527
Rg w/no norm,expr buffer only regr out,Inliers,ProtBERT,mid,10,Kernel Ridge,90/10,0.3990889821426926,1.5946667860354191
Rg w/no norm,expr buffer only regr out,Inliers,ProtBERT,mid,10,GPR,90/10,-0.11843871561908492,2.175559479417696
Rg norm w/0.427,expr buffer only regr out,All,ProtBERT,mid,10,Linear,80/20,0.11683992448727953,0.4755152036771492
Rg norm w/0.427,expr buffer only regr out,All,ProtBERT,mid,10,Ridge,80/20,0.10961423613996824,0.4774564856141928
Rg norm w/0.427,expr buffer only regr out,All,ProtBERT,mid,10,Lasso,80/20,0.09823069291924258,0.480498922332505
Rg norm w/0.427,expr buffer only regr out,All,ProtBERT,mid,10,Kernel Ridge,80/20,0.08161271579452456,0.48490607404677527
Rg norm w/0.427,expr buffer only regr out,All,ProtBERT,mid,10,GPR,80/20,0.7085552046445677,0.27316361111129295
Rg norm w/0.427,expr buffer only regr out,All,ProtBERT,mid,10,Linear,85/15,0.12416584097648076,0.4754279292945131
Rg norm w/0.427,expr buffer only regr out,All,ProtBERT,mid,10,Ridge,85/15,0.12077101776685506,0.47634844191361075
Rg norm w/0.427,expr buffer only regr out,All,ProtBERT,mid,10,Lasso,85/15,0.11441721121493265,0.4780665253440443
Rg norm w/0.427,expr buffer only regr out,All,ProtBERT,mid,10,Kernel Ridge,85/15,0.5953438617519331,0.3231594182373864
Rg norm w/0.427,expr buffer only regr out,All,ProtBERT,mid,10,GPR,85/15,0.7074841256248525,0.27475681356218296
Rg norm w/0.427,expr buffer only regr out,All,ProtBERT,mid,10,Linear,90/10,0.10334569007823524,0.5631747254504977
Rg norm w/0.427,expr buffer only regr out,All,ProtBERT,mid,10,Ridge,90/10,0.09844553440793402,0.5647114847923623
Rg norm w/0.427,expr buffer only regr out,All,ProtBERT,mid,10,Lasso,90/10,0.08992770139539108,0.5673728936364881
Rg norm w/0.427,expr buffer only regr out,All,ProtBERT,mid,10,Kernel Ridge,90/10,0.6553668156493591,0.34914769741090995
Rg norm w/0.427,expr buffer only regr out,All,ProtBERT,mid,10,GPR,90/10,0.8319785651094207,0.24378836821744793
Rg norm w/0.427,expr buffer only regr out,Inliers,ProtBERT,mid,10,Linear,80/20,0.19306986286620265,0.1855110477478415
Rg norm w/0.427,expr buffer only regr out,Inliers,ProtBERT,mid,10,Ridge,80/20,0.2022347089610892,0.18445455273342518
Rg norm w/0.427,expr buffer only regr out,Inliers,ProtBERT,mid,10,Lasso,80/20,0.18104690518180677,0.18688796050485704
Rg norm w/0.427,expr buffer only regr out,Inliers,ProtBERT,mid,10,Kernel Ridge,80/20,0.21191136965978907,0.18333244964706724
Rg norm w/0.427,expr buffer only regr out,Inliers,ProtBERT,mid,10,GPR,80/20,-0.817902601284082,0.27844352038731723
Rg norm w/0.427,expr buffer only regr out,Inliers,ProtBERT,mid,10,Linear,85/15,0.2277544477454264,0.19239005620296076
Rg norm w/0.427,expr buffer only regr out,Inliers,ProtBERT,mid,10,Ridge,85/15,0.22555970168640582,0.19266325151755365
Rg norm w/0.427,expr buffer only regr out,Inliers,ProtBERT,mid,10,Lasso,85/15,0.19441680635865455,0.19649889491193087
Rg norm w/0.427,expr buffer only regr out,Inliers,ProtBERT,mid,10,Kernel Ridge,85/15,0.22523484175622455,0.19270365618679144
Rg norm w/0.427,expr buffer only regr out,Inliers,ProtBERT,mid,10,GPR,85/15,-0.5176470141934091,0.269705808423442
Rg norm w/0.427,expr buffer only regr out,Inliers,ProtBERT,mid,10,Linear,90/10,0.38350371412149264,0.16309711829500162
Rg norm w/0.427,expr buffer only regr out,Inliers,ProtBERT,mid,10,Ridge,90/10,0.3686249423196182,0.16505351063147958
Rg norm w/0.427,expr buffer only regr out,Inliers,ProtBERT,mid,10,Lasso,90/10,0.29330627389873976,0.17462108137010096
Rg norm w/0.427,expr buffer only regr out,Inliers,ProtBERT,mid,10,Kernel Ridge,90/10,0.44075009454708447,0.15534025549921682
Rg norm w/0.427,expr buffer only regr out,Inliers,ProtBERT,mid,10,GPR,90/10,-0.2967196070865683,0.23653972866171566
Rg norm w/0.5,expr buffer only regr out,All,ProtBERT,mid,10,Linear,80/20,0.14292059631922616,0.35044466299682775
Rg norm w/0.5,expr buffer only regr out,All,ProtBERT,mid,10,Ridge,80/20,0.13418402442634947,0.35222624952912723
Rg norm w/0.5,expr buffer only regr out,All,ProtBERT,mid,10,Lasso,80/20,0.11970099290328617,0.35515998339766397
Rg norm w/0.5,expr buffer only regr out,All,ProtBERT,mid,10,Kernel Ridge,80/20,0.2552377104106588,0.32667639941694027
Rg norm w/0.5,expr buffer only regr out,All,ProtBERT,mid,10,GPR,80/20,0.4918231109888882,0.269846243152678
Rg norm w/0.5,expr buffer only regr out,All,ProtBERT,mid,10,Linear,85/15,0.1578811789052471,0.3504962679874617
Rg norm w/0.5,expr buffer only regr out,All,ProtBERT,mid,10,Ridge,85/15,0.1533540194505566,0.35143712431619767
Rg norm w/0.5,expr buffer only regr out,All,ProtBERT,mid,10,Lasso,85/15,0.1433834454681593,0.3535004269712568
Rg norm w/0.5,expr buffer only regr out,All,ProtBERT,mid,10,Kernel Ridge,85/15,0.27977884263761943,0.32413777655059334
Rg norm w/0.5,expr buffer only regr out,All,ProtBERT,mid,10,GPR,85/15,0.5076023622769723,0.26801227887515083
Rg norm w/0.5,expr buffer only regr out,All,ProtBERT,mid,10,Linear,90/10,0.11218211744128637,0.40508854984777404
Rg norm w/0.5,expr buffer only regr out,All,ProtBERT,mid,10,Ridge,90/10,0.10836176616671778,0.4059591784529009
Rg norm w/0.5,expr buffer only regr out,All,ProtBERT,mid,10,Lasso,90/10,0.09579674532053406,0.4088095724609333
Rg norm w/0.5,expr buffer only regr out,All,ProtBERT,mid,10,Kernel Ridge,90/10,0.6001582566314756,0.2718517228443922
Rg norm w/0.5,expr buffer only regr out,All,ProtBERT,mid,10,GPR,90/10,0.7435576476344676,0.21771226671978675
Rg norm w/0.5,expr buffer only regr out,Inliers,ProtBERT,mid,10,Linear,80/20,0.19539000878051527,0.1307202994172936
Rg norm w/0.5,expr buffer only regr out,Inliers,ProtBERT,mid,10,Ridge,80/20,0.20159344512386523,0.13021540628181574
Rg norm w/0.5,expr buffer only regr out,Inliers,ProtBERT,mid,10,Lasso,80/20,0.16173761546645038,0.13342595274287372
Rg norm w/0.5,expr buffer only regr out,Inliers,ProtBERT,mid,10,Kernel Ridge,80/20,0.21266703334519732,0.12930923474283582
Rg norm w/0.5,expr buffer only regr out,Inliers,ProtBERT,mid,10,GPR,80/20,-0.8064575155712232,0.1958683205440088
Rg norm w/0.5,expr buffer only regr out,Inliers,ProtBERT,mid,10,Linear,85/15,0.2263502755244975,0.13633147766472073
Rg norm w/0.5,expr buffer only regr out,Inliers,ProtBERT,mid,10,Ridge,85/15,0.22344768665214598,0.13658698332233907
Rg norm w/0.5,expr buffer only regr out,Inliers,ProtBERT,mid,10,Lasso,85/15,0.20630638071325225,0.13808623828021063
Rg norm w/0.5,expr buffer only regr out,Inliers,ProtBERT,mid,10,Kernel Ridge,85/15,0.2142131964173587,0.13739670567117657
Rg norm w/0.5,expr buffer only regr out,Inliers,ProtBERT,mid,10,GPR,85/15,-0.5068706058383861,0.19026632725294756
Rg norm w/0.5,expr buffer only regr out,Inliers,ProtBERT,mid,10,Linear,90/10,0.41453532632462087,0.11062838279677838
Rg norm w/0.5,expr buffer only regr out,Inliers,ProtBERT,mid,10,Ridge,90/10,0.39374122822685,0.11257584974173382
Rg norm w/0.5,expr buffer only regr out,Inliers,ProtBERT,mid,10,Lasso,90/10,0.38300230869751695,0.1135685250761343
Rg norm w/0.5,expr buffer only regr out,Inliers,ProtBERT,mid,10,Kernel Ridge,90/10,0.45555974275960165,0.10668204481089054
Rg norm w/0.5,expr buffer only regr out,Inliers,ProtBERT,mid,10,GPR,90/10,-0.30540357298226084,0.1651918491359999
Rg norm w/0.418,expr buffer only regr out,All,ProtBERT,mid,10,Linear,80/20,0.10278387548726842,0.4856645091136618
Rg norm w/0.418,expr buffer only regr out,All,ProtBERT,mid,10,Ridge,80/20,0.09745578415158596,0.48710442669006165
Rg norm w/0.418,expr buffer only regr out,All,ProtBERT,mid,10,Lasso,80/20,-0.009166453900091298,0.5150735344249134
Rg norm w/0.418,expr buffer only regr out,All,ProtBERT,mid,10,Kernel Ridge,80/20,0.08988454192179895,0.48914326500448724
Rg norm w/0.418,expr buffer only regr out,All,ProtBERT,mid,10,GPR,80/20,0.8211131145011334,0.21685881692519138
Rg norm w/0.418,expr buffer only regr out,All,ProtBERT,mid,10,Linear,85/15,0.10548916514614537,0.48453594371219055
Rg norm w/0.418,expr buffer only regr out,All,ProtBERT,mid,10,Ridge,85/15,0.10300128313415247,0.4852092900764979
Rg norm w/0.418,expr buffer only regr out,All,ProtBERT,mid,10,Lasso,85/15,0.09636218923153184,0.487001606647463
Rg norm w/0.418,expr buffer only regr out,All,ProtBERT,mid,10,Kernel Ridge,85/15,0.6577069458512479,0.29973139836183227
Rg norm w/0.418,expr buffer only regr out,All,ProtBERT,mid,10,GPR,85/15,0.811797860351053,0.22225189616798668
Rg norm w/0.418,expr buffer only regr out,All,ProtBERT,mid,10,Linear,90/10,0.10077865592945878,0.5800370966700952
Rg norm w/0.418,expr buffer only regr out,All,ProtBERT,mid,10,Ridge,90/10,0.09560273709306777,0.5817040483838701
Rg norm w/0.418,expr buffer only regr out,All,ProtBERT,mid,10,Lasso,90/10,0.044773388881211296,0.597827203123361
Rg norm w/0.418,expr buffer only regr out,All,ProtBERT,mid,10,Kernel Ridge,90/10,0.8514608872945354,0.23574521110673027
Rg norm w/0.418,expr buffer only regr out,All,ProtBERT,mid,10,GPR,90/10,0.8717773049677323,0.2190306626358402
Rg norm w/0.418,expr buffer only regr out,Inliers,ProtBERT,mid,10,Linear,80/20,0.1928035802114294,0.19391569569606792
Rg norm w/0.418,expr buffer only regr out,Inliers,ProtBERT,mid,10,Ridge,80/20,0.20236470035728638,0.1927638234770158
Rg norm w/0.418,expr buffer only regr out,Inliers,ProtBERT,mid,10,Lasso,80/20,0.18321279387744693,0.19506430845846784
Rg norm w/0.418,expr buffer only regr out,Inliers,ProtBERT,mid,10,Kernel Ridge,80/20,0.21209679477811605,0.19158424099620036
Rg norm w/0.418,expr buffer only regr out,Inliers,ProtBERT,mid,10,GPR,80/20,-0.8178232534252246,0.29100414595634494
Rg norm w/0.418,expr buffer only regr out,Inliers,ProtBERT,mid,10,Linear,85/15,0.22776097567419729,0.2009640558376626
Rg norm w/0.418,expr buffer only regr out,Inliers,ProtBERT,mid,10,Ridge,85/15,0.22570683096386934,0.20123115908361316
Rg norm w/0.418,expr buffer only regr out,Inliers,ProtBERT,mid,10,Lasso,85/15,0.1958739607671225,0.2050711550851858
Rg norm w/0.418,expr buffer only regr out,Inliers,ProtBERT,mid,10,Kernel Ridge,85/15,0.22677527023940702,0.20109227273936173
Rg norm w/0.418,expr buffer only regr out,Inliers,ProtBERT,mid,10,GPR,85/15,-0.518021708055524,0.28176140605106176
Rg norm w/0.418,expr buffer only regr out,Inliers,ProtBERT,mid,10,Linear,90/10,0.3796354222852639,0.17125222852917105
Rg norm w/0.418,expr buffer only regr out,Inliers,ProtBERT,mid,10,Ridge,90/10,0.36557525957796055,0.17318201605269676
Rg norm w/0.418,expr buffer only regr out,Inliers,ProtBERT,mid,10,Lasso,90/10,0.29400683871201394,0.1826892457779117
Rg norm w/0.418,expr buffer only regr out,Inliers,ProtBERT,mid,10,Kernel Ridge,90/10,0.43911917451379,0.16283510268840368
Rg norm w/0.418,expr buffer only regr out,Inliers,ProtBERT,mid,10,GPR,90/10,-0.2947090353532811,0.247399504308631
Rg w/no norm,No regr out,All,ProtBERT,mid,100,Linear,80/20,-28.600529567715228,23.038205996163217
Rg w/no norm,No regr out,All,ProtBERT,mid,100,Ridge,80/20,0.37466205027763244,3.3485463093372716
Rg w/no norm,No regr out,All,ProtBERT,mid,100,Lasso,80/20,0.11808803456422579,3.9765965762473736
Rg w/no norm,No regr out,All,ProtBERT,mid,100,Kernel Ridge,80/20,0.1861312899760239,3.8201119715695797
Rg w/no norm,No regr out,All,ProtBERT,mid,100,GPR,80/20,0.7406590459520106,2.1564255500584393
Rg w/no norm,No regr out,All,ProtBERT,mid,100,Linear,85/15,-8.663148425543115,12.761527458721343
Rg w/no norm,No regr out,All,ProtBERT,mid,100,Ridge,85/15,0.39580619299901554,3.19103427378243
Rg w/no norm,No regr out,All,ProtBERT,mid,100,Lasso,85/15,0.16451663380646153,3.7524268776300094
Rg w/no norm,No regr out,All,ProtBERT,mid,100,Kernel Ridge,85/15,0.5016166707339202,2.898178214565574
Rg w/no norm,No regr out,All,ProtBERT,mid,100,GPR,85/15,0.6886201257846967,2.29080753817701
Rg w/no norm,No regr out,All,ProtBERT,mid,100,Linear,90/10,-2.744208145497899,9.457328800392885
Rg w/no norm,No regr out,All,ProtBERT,mid,100,Ridge,90/10,0.39118564776043885,3.8135631061838122
Rg w/no norm,No regr out,All,ProtBERT,mid,100,Lasso,90/10,0.1387658212175923,4.535750162888317
Rg w/no norm,No regr out,All,ProtBERT,mid,100,Kernel Ridge,90/10,0.19657671757021455,4.380873399647071
Rg w/no norm,No regr out,All,ProtBERT,mid,100,GPR,90/10,0.7551848585626164,2.4182858449051228
Rg w/no norm,No regr out,Inliers,ProtBERT,mid,100,Linear,80/20,-8.247889472680104,4.334031975195352
Rg w/no norm,No regr out,Inliers,ProtBERT,mid,100,Ridge,80/20,0.5255969039579557,0.9816226101349697
Rg w/no norm,No regr out,Inliers,ProtBERT,mid,100,Lasso,80/20,0.26570533378697536,1.2212539533390012
Rg w/no norm,No regr out,Inliers,ProtBERT,mid,100,Kernel Ridge,80/20,0.5365780172643242,0.9701951768916264
Rg w/no norm,No regr out,Inliers,ProtBERT,mid,100,GPR,80/20,0.5439156108355405,0.9624837359658446
Rg w/no norm,No regr out,Inliers,ProtBERT,mid,100,Linear,85/15,-5.09495610451667,2.632959600435452
Rg w/no norm,No regr out,Inliers,ProtBERT,mid,100,Ridge,85/15,0.42422567407907386,0.8092543678128155
Rg w/no norm,No regr out,Inliers,ProtBERT,mid,100,Lasso,85/15,-0.22832346728494213,1.1819940188490792
Rg w/no norm,No regr out,Inliers,ProtBERT,mid,100,Kernel Ridge,85/15,0.5387160175981807,0.7243410387243688
Rg w/no norm,No regr out,Inliers,ProtBERT,mid,100,GPR,85/15,0.46821205404820454,0.7777287413279378
Rg w/no norm,No regr out,Inliers,ProtBERT,mid,100,Linear,90/10,-1.779942524397638,1.9019771402743855
Rg w/no norm,No regr out,Inliers,ProtBERT,mid,100,Ridge,90/10,0.3193859406120537,0.9411044834926755
Rg w/no norm,No regr out,Inliers,ProtBERT,mid,100,Lasso,90/10,-0.22379012587717662,1.2619462482028934
Rg w/no norm,No regr out,Inliers,ProtBERT,mid,100,Kernel Ridge,90/10,0.43547138838785016,0.8570977664333027
Rg w/no norm,No regr out,Inliers,ProtBERT,mid,100,GPR,90/10,0.48713387627459626,0.8169385519426831
Rg norm w/0.427,No regr out,All,ProtBERT,mid,100,Linear,80/20,-39.68446080863561,3.093214867435104
Rg norm w/0.427,No regr out,All,ProtBERT,mid,100,Ridge,80/20,0.3515847547888621,0.3905012381379965
Rg norm w/0.427,No regr out,All,ProtBERT,mid,100,Lasso,80/20,-0.010103950816635399,0.4873924994520305
Rg norm w/0.427,No regr out,All,ProtBERT,mid,100,Kernel Ridge,80/20,0.024282210863329268,0.4790247116529197
Rg norm w/0.427,No regr out,All,ProtBERT,mid,100,GPR,80/20,0.7166565502406284,0.25813827003039347
Rg norm w/0.427,No regr out,All,ProtBERT,mid,100,Linear,85/15,-12.716334872656493,1.7565525623505944
Rg norm w/0.427,No regr out,All,ProtBERT,mid,100,Ridge,85/15,0.3534660398833178,0.38136232013821103
Rg norm w/0.427,No regr out,All,ProtBERT,mid,100,Lasso,85/15,0.032196856959311404,0.4665902122905257
Rg norm w/0.427,No regr out,All,ProtBERT,mid,100,Kernel Ridge,85/15,0.037462808901365885,0.4653190896181219
Rg norm w/0.427,No regr out,All,ProtBERT,mid,100,GPR,85/15,0.6720325133687255,0.2716173489259558
Rg norm w/0.427,No regr out,All,ProtBERT,mid,100,Linear,90/10,-3.3994751494254167,1.1940282597634047
Rg norm w/0.427,No regr out,All,ProtBERT,mid,100,Ridge,90/10,0.36236006622562866,0.45457120862304523
Rg norm w/0.427,No regr out,All,ProtBERT,mid,100,Lasso,90/10,0.02197899587664509,0.5629739013875177
Rg norm w/0.427,No regr out,All,ProtBERT,mid,100,Kernel Ridge,90/10,0.025680624158513576,0.5619075154613795
Rg norm w/0.427,No regr out,All,ProtBERT,mid,100,GPR,90/10,0.7520638590738291,0.2834549788802745
Rg norm w/0.427,No regr out,Inliers,ProtBERT,mid,100,Linear,80/20,-14.905404262356726,0.3853410546619403
Rg norm w/0.427,No regr out,Inliers,ProtBERT,mid,100,Ridge,80/20,0.23537756274484356,0.0844882752913603
Rg norm w/0.427,No regr out,Inliers,ProtBERT,mid,100,Lasso,80/20,0.20011963064405458,0.08641426591331454
Rg norm w/0.427,No regr out,Inliers,ProtBERT,mid,100,Kernel Ridge,80/20,0.22510477002352036,0.0850539366753465
Rg norm w/0.427,No regr out,Inliers,ProtBERT,mid,100,GPR,80/20,-0.008020557390025607,0.09700801550454088
Rg norm w/0.427,No regr out,Inliers,ProtBERT,mid,100,Linear,85/15,-4.105634146215873,0.2169022880922267
Rg norm w/0.427,No regr out,Inliers,ProtBERT,mid,100,Ridge,85/15,0.2855977568808369,0.08113545807445513
Rg norm w/0.427,No regr out,Inliers,ProtBERT,mid,100,Lasso,85/15,0.2815049592904675,0.08136753794318638
Rg norm w/0.427,No regr out,Inliers,ProtBERT,mid,100,Kernel Ridge,85/15,0.2994684941258925,0.08034393970343803
Rg norm w/0.427,No regr out,Inliers,ProtBERT,mid,100,GPR,85/15,-0.017032860833652297,0.09680700415394755
Rg norm w/0.427,No regr out,Inliers,ProtBERT,mid,100,Linear,90/10,-9.643088486681817,0.27240942168010013
Rg norm w/0.427,No regr out,Inliers,ProtBERT,mid,100,Ridge,90/10,0.12170317755319304,0.078254432003501
Rg norm w/0.427,No regr out,Inliers,ProtBERT,mid,100,Lasso,90/10,0.00782477107882995,0.08317302131273797
Rg norm w/0.427,No regr out,Inliers,ProtBERT,mid,100,Kernel Ridge,90/10,0.22805620091006584,0.07336368360730774
Rg norm w/0.427,No regr out,Inliers,ProtBERT,mid,100,GPR,90/10,0.15853269147304816,0.07659614485509103
Rg norm w/0.5,No regr out,All,ProtBERT,mid,100,Linear,80/20,-39.44691308487666,3.2269788939201987
Rg norm w/0.5,No regr out,All,ProtBERT,mid,100,Ridge,80/20,0.35180751485919337,0.4085125751536719
Rg norm w/0.5,No regr out,All,ProtBERT,mid,100,Lasso,80/20,-0.009767667354325882,0.5098755235589676
Rg norm w/0.5,No regr out,All,ProtBERT,mid,100,Kernel Ridge,80/20,0.024409051662237502,0.5011725951601
Rg norm w/0.5,No regr out,All,ProtBERT,mid,100,GPR,80/20,0.7176566463286762,0.269613862694805
Rg norm w/0.5,No regr out,All,ProtBERT,mid,100,Linear,85/15,-12.639318335463727,1.832407849910631
Rg norm w/0.5,No regr out,All,ProtBERT,mid,100,Ridge,85/15,0.3540700635486649,0.3987663629147014
Rg norm w/0.5,No regr out,All,ProtBERT,mid,100,Lasso,85/15,0.03446319916020324,0.48753997012238887
Rg norm w/0.5,No regr out,All,ProtBERT,mid,100,Kernel Ridge,85/15,0.03754208093781952,0.4867620212699548
Rg norm w/0.5,No regr out,All,ProtBERT,mid,100,GPR,85/15,0.6729807985409988,0.28373469051222333
Rg norm w/0.5,No regr out,All,ProtBERT,mid,100,Linear,90/10,-3.391138569699888,1.247862301323732
Rg norm w/0.5,No regr out,All,ProtBERT,mid,100,Ridge,90/10,0.3627901846369904,0.47535637429731986
Rg norm w/0.5,No regr out,All,ProtBERT,mid,100,Lasso,90/10,0.02375561148140848,0.5883792777076301
Rg norm w/0.5,No regr out,All,ProtBERT,mid,100,Kernel Ridge,90/10,0.02581435759612427,0.5877585505294415
Rg norm w/0.5,No regr out,All,ProtBERT,mid,100,GPR,90/10,0.7526434582212268,0.2961691328464257
Rg norm w/0.5,No regr out,Inliers,ProtBERT,mid,100,Linear,80/20,-12.927643873100607,0.25890970482971415
Rg norm w/0.5,No regr out,Inliers,ProtBERT,mid,100,Ridge,80/20,0.29945882516934386,0.05806659180685569
Rg norm w/0.5,No regr out,Inliers,ProtBERT,mid,100,Lasso,80/20,0.22513154175432082,0.061069377669948334
Rg norm w/0.5,No regr out,Inliers,ProtBERT,mid,100,Kernel Ridge,80/20,0.26112350007547414,0.05963420444253434
Rg norm w/0.5,No regr out,Inliers,ProtBERT,mid,100,GPR,80/20,0.01678228512961688,0.06879143203070659
Rg norm w/0.5,No regr out,Inliers,ProtBERT,mid,100,Linear,85/15,-3.3288310479900005,0.15216108474591414
Rg norm w/0.5,No regr out,Inliers,ProtBERT,mid,100,Ridge,85/15,0.37495217221715615,0.0578195760325068
Rg norm w/0.5,No regr out,Inliers,ProtBERT,mid,100,Lasso,85/15,0.33802959270999544,0.05950282228986353
Rg norm w/0.5,No regr out,Inliers,ProtBERT,mid,100,Kernel Ridge,85/15,0.3515660226744559,0.058891302459613104
Rg norm w/0.5,No regr out,Inliers,ProtBERT,mid,100,GPR,85/15,0.059257880641654825,0.07093385652685374
Rg norm w/0.5,No regr out,Inliers,ProtBERT,mid,100,Linear,90/10,-10.483473445512166,0.20428194211836617
Rg norm w/0.5,No regr out,Inliers,ProtBERT,mid,100,Ridge,90/10,0.25232768333736044,0.052125351092253976
Rg norm w/0.5,No regr out,Inliers,ProtBERT,mid,100,Lasso,90/10,0.1903642555629782,0.05424231039463511
Rg norm w/0.5,No regr out,Inliers,ProtBERT,mid,100,Kernel Ridge,90/10,0.33450862761835765,0.04917728604601631
Rg norm w/0.5,No regr out,Inliers,ProtBERT,mid,100,GPR,90/10,0.23873458148784887,0.052597050859362254
Rg norm w/0.418,No regr out,All,ProtBERT,mid,100,Linear,80/20,-41.57466387139971,2.1978269484785957
Rg norm w/0.418,No regr out,All,ProtBERT,mid,100,Ridge,80/20,0.35056748936993054,0.27144690423489026
Rg norm w/0.418,No regr out,All,ProtBERT,mid,100,Lasso,80/20,-0.012948999481558365,0.3390093451200575
Rg norm w/0.418,No regr out,All,ProtBERT,mid,100,Kernel Ridge,80/20,0.023635420562995058,0.33283109059071475
Rg norm w/0.418,No regr out,All,ProtBERT,mid,100,GPR,80/20,0.7074341431166429,0.1821921668353034
Rg norm w/0.418,No regr out,All,ProtBERT,mid,100,Linear,85/15,-13.307585625554786,1.2479071140128435
Rg norm w/0.418,No regr out,All,ProtBERT,mid,100,Ridge,85/15,0.3493624449621455,0.2661145664128635
Rg norm w/0.418,No regr out,All,ProtBERT,mid,100,Lasso,85/15,0.023170899172170745,0.3260681491522632
Rg norm w/0.418,No regr out,All,ProtBERT,mid,100,Kernel Ridge,85/15,0.03705200140069109,0.323743085191109
Rg norm w/0.418,No regr out,All,ProtBERT,mid,100,GPR,85/15,0.6630458973343086,0.19150691400328773
Rg norm w/0.418,No regr out,All,ProtBERT,mid,100,Linear,90/10,-3.454709413955352,0.8358853121281599
Rg norm w/0.418,No regr out,All,ProtBERT,mid,100,Ridge,90/10,0.3594660258608515,0.31696264992329565
Rg norm w/0.418,No regr out,All,ProtBERT,mid,100,Lasso,90/10,0.013392345052609778,0.39337725415027924
Rg norm w/0.418,No regr out,All,ProtBERT,mid,100,Kernel Ridge,90/10,0.02477724876800813,0.3911009910095908
Rg norm w/0.418,No regr out,All,ProtBERT,mid,100,GPR,90/10,0.7461194882136823,0.19954997913932526
Rg norm w/0.418,No regr out,Inliers,ProtBERT,mid,100,Linear,80/20,-15.044991952568814,0.40495385659377453
Rg norm w/0.418,No regr out,Inliers,ProtBERT,mid,100,Ridge,80/20,0.23178815107188322,0.08860868435143049
Rg norm w/0.418,No regr out,Inliers,ProtBERT,mid,100,Lasso,80/20,0.1904090155435021,0.09096380513446223
Rg norm w/0.418,No regr out,Inliers,ProtBERT,mid,100,Kernel Ridge,80/20,0.22484308543931353,0.08900831923498886
Rg norm w/0.418,No regr out,Inliers,ProtBERT,mid,100,GPR,80/20,-0.0044390013233477355,0.10132055763136359
Rg norm w/0.418,No regr out,Inliers,ProtBERT,mid,100,Linear,85/15,-4.207832272623042,0.22713135051089134
Rg norm w/0.418,No regr out,Inliers,ProtBERT,mid,100,Ridge,85/15,0.27551734334460454,0.08471544287987971
Rg norm w/0.418,No regr out,Inliers,ProtBERT,mid,100,Lasso,85/15,0.26404347731016453,0.08538364058412841
Rg norm w/0.418,No regr out,Inliers,ProtBERT,mid,100,Kernel Ridge,85/15,0.2945061070078727,0.08359787117959903
Rg norm w/0.418,No regr out,Inliers,ProtBERT,mid,100,GPR,85/15,-0.023251476491599865,0.10067920531694109
Rg norm w/0.418,No regr out,Inliers,ProtBERT,mid,100,Linear,90/10,-9.479191351280454,0.28256098972646193
Rg norm w/0.418,No regr out,Inliers,ProtBERT,mid,100,Ridge,90/10,0.1104597932798681,0.08232488052704413
Rg norm w/0.418,No regr out,Inliers,ProtBERT,mid,100,Lasso,90/10,-0.012619446660470768,0.08783577741282783
Rg norm w/0.418,No regr out,Inliers,ProtBERT,mid,100,Kernel Ridge,90/10,0.21933653040421286,0.0771223485731055
Rg norm w/0.418,No regr out,Inliers,ProtBERT,mid,100,GPR,90/10,0.15372110325922472,0.08029806379099223
Rg w/no norm,pH regr out,All,ProtBERT,mid,100,Linear,80/20,-28.600635429390756,23.037946729951912
Rg w/no norm,pH regr out,All,ProtBERT,mid,100,Ridge,80/20,0.37465848158802717,3.348512192574128
Rg w/no norm,pH regr out,All,ProtBERT,mid,100,Lasso,80/20,0.11806822697696995,3.9765893698798993
Rg w/no norm,pH regr out,All,ProtBERT,mid,100,Kernel Ridge,80/20,0.8976780111314259,1.3544960387034235
Rg w/no norm,pH regr out,All,ProtBERT,mid,100,GPR,80/20,0.8931094444150366,1.3844042373886516
Rg w/no norm,pH regr out,All,ProtBERT,mid,100,Linear,85/15,-8.663139278291133,12.761377597599632
Rg w/no norm,pH regr out,All,ProtBERT,mid,100,Ridge,85/15,0.39579910759793113,3.191017021576968
Rg w/no norm,pH regr out,All,ProtBERT,mid,100,Lasso,85/15,0.16449518746385183,3.752432748560913
Rg w/no norm,pH regr out,All,ProtBERT,mid,100,Kernel Ridge,85/15,0.8931066829824178,1.3421891278831326
Rg w/no norm,pH regr out,All,ProtBERT,mid,100,GPR,85/15,0.8871385900759221,1.379148957025276
Rg w/no norm,pH regr out,All,ProtBERT,mid,100,Linear,90/10,-2.7440410242753277,9.456983149223277
Rg w/no norm,pH regr out,All,ProtBERT,mid,100,Ridge,90/10,0.3911727976364925,3.813549079618099
Rg w/no norm,pH regr out,All,ProtBERT,mid,100,Lasso,90/10,0.1387430849111555,4.535745483337605
Rg w/no norm,pH regr out,All,ProtBERT,mid,100,Kernel Ridge,90/10,0.882001639850766,1.6788824981746342
Rg w/no norm,pH regr out,All,ProtBERT,mid,100,GPR,90/10,0.8955940110504549,1.5792286764411623
Rg w/no norm,pH regr out,Inliers,ProtBERT,mid,100,Linear,80/20,-8.247588698937552,4.333865373641428
Rg w/no norm,pH regr out,Inliers,ProtBERT,mid,100,Ridge,80/20,0.5255869796713639,0.9816111061875313
Rg w/no norm,pH regr out,Inliers,ProtBERT,mid,100,Lasso,80/20,0.2655564955775376,1.221350629712074
Rg w/no norm,pH regr out,Inliers,ProtBERT,mid,100,Kernel Ridge,80/20,0.5892845454112347,0.9133383342649279
Rg w/no norm,pH regr out,Inliers,ProtBERT,mid,100,GPR,80/20,0.5641603787129942,0.9408589441523784
Rg w/no norm,pH regr out,Inliers,ProtBERT,mid,100,Linear,85/15,-5.095698686744802,2.6330975251801076
Rg w/no norm,pH regr out,Inliers,ProtBERT,mid,100,Ridge,85/15,0.4242360698918203,0.8092401580218773
Rg w/no norm,pH regr out,Inliers,ProtBERT,mid,100,Lasso,85/15,-0.22839881412444196,1.1820201863029376
Rg w/no norm,pH regr out,Inliers,ProtBERT,mid,100,Kernel Ridge,85/15,0.4228177611105447,0.8102362663244422
Rg w/no norm,pH regr out,Inliers,ProtBERT,mid,100,GPR,85/15,0.5848443004676085,0.6871644784374761
Rg w/no norm,pH regr out,Inliers,ProtBERT,mid,100,Linear,90/10,-1.7815724787029867,1.9025342692611245
Rg w/no norm,pH regr out,Inliers,ProtBERT,mid,100,Ridge,90/10,0.3193977312840416,0.9410961442257804
Rg w/no norm,pH regr out,Inliers,ProtBERT,mid,100,Lasso,90/10,-0.22359426220213385,1.2618450074271572
Rg w/no norm,pH regr out,Inliers,ProtBERT,mid,100,Kernel Ridge,90/10,0.39880405038184963,0.8844948750246262
Rg w/no norm,pH regr out,Inliers,ProtBERT,mid,100,GPR,90/10,0.5365816142782568,0.7765580532317787
Rg norm w/0.427,pH regr out,All,ProtBERT,mid,100,Linear,80/20,-39.685475800346055,3.093157804677961
Rg norm w/0.427,pH regr out,All,ProtBERT,mid,100,Ridge,80/20,0.35156932941892216,0.3904938080817529
Rg norm w/0.427,pH regr out,All,ProtBERT,mid,100,Lasso,80/20,-0.010106864476395527,0.48737813161272325
Rg norm w/0.427,pH regr out,All,ProtBERT,mid,100,Kernel Ridge,80/20,0.9163973957623623,0.14021429106358663
Rg norm w/0.427,pH regr out,All,ProtBERT,mid,100,GPR,80/20,0.9206035904478965,0.13664155922529875
Rg norm w/0.427,pH regr out,All,ProtBERT,mid,100,Linear,85/15,-12.716753352690047,1.756531372025142
Rg norm w/0.427,pH regr out,All,ProtBERT,mid,100,Ridge,85/15,0.3534492232987778,0.3813568616548046
Rg norm w/0.427,pH regr out,All,ProtBERT,mid,100,Lasso,85/15,0.03216596142694028,0.46658491334641095
Rg norm w/0.427,pH regr out,All,ProtBERT,mid,100,Kernel Ridge,85/15,0.8976613138254282,0.15172256096313774
Rg norm w/0.427,pH regr out,All,ProtBERT,mid,100,GPR,85/15,0.911288229691286,0.14126054226203916
Rg norm w/0.427,pH regr out,All,ProtBERT,mid,100,Linear,90/10,-3.3993294674801486,1.1939729165471378
Rg norm w/0.427,pH regr out,All,ProtBERT,mid,100,Ridge,90/10,0.3623360450324843,0.45456622727636053
Rg norm w/0.427,pH regr out,All,ProtBERT,mid,100,Lasso,90/10,0.021948417766234685,0.5629659287971277
Rg norm w/0.427,pH regr out,All,ProtBERT,mid,100,Kernel Ridge,90/10,0.9012763546664836,0.1788594221544627
Rg norm w/0.427,pH regr out,All,ProtBERT,mid,100,GPR,90/10,0.9143763944177161,0.16657046100272568
Rg norm w/0.427,pH regr out,Inliers,ProtBERT,mid,100,Linear,80/20,-14.906305100999933,0.38534230896896293
Rg norm w/0.427,pH regr out,Inliers,ProtBERT,mid,100,Ridge,80/20,0.23533781646804586,0.08448835363993325
Rg norm w/0.427,pH regr out,Inliers,ProtBERT,mid,100,Lasso,80/20,0.20009167678495166,0.08641361009106911
Rg norm w/0.427,pH regr out,Inliers,ProtBERT,mid,100,Kernel Ridge,80/20,0.28725028239758577,0.0815700198644292
Rg norm w/0.427,pH regr out,Inliers,ProtBERT,mid,100,GPR,80/20,0.18504497079647042,0.08722256683911152
Rg norm w/0.427,pH regr out,Inliers,ProtBERT,mid,100,Linear,85/15,-4.109267018968222,0.21697246772948672
Rg norm w/0.427,pH regr out,Inliers,ProtBERT,mid,100,Ridge,85/15,0.2855494286193788,0.08113559442246027
Rg norm w/0.427,pH regr out,Inliers,ProtBERT,mid,100,Lasso,85/15,0.28144957601604437,0.08136805845767249
Rg norm w/0.427,pH regr out,Inliers,ProtBERT,mid,100,Kernel Ridge,85/15,0.3064888272534254,0.07993777564715614
Rg norm w/0.427,pH regr out,Inliers,ProtBERT,mid,100,GPR,85/15,0.34846216008304143,0.077480988029955
Rg norm w/0.427,pH regr out,Inliers,ProtBERT,mid,100,Linear,90/10,-9.649428517517824,0.27249031989424133
Rg norm w/0.427,pH regr out,Inliers,ProtBERT,mid,100,Ridge,90/10,0.12167944737875092,0.07825542421161544
Rg norm w/0.427,pH regr out,Inliers,ProtBERT,mid,100,Lasso,90/10,0.007829628280809131,0.08317274870529193
Rg norm w/0.427,pH regr out,Inliers,ProtBERT,mid,100,Kernel Ridge,90/10,0.1797502124199697,0.07562423434217184
Rg norm w/0.427,pH regr out,Inliers,ProtBERT,mid,100,GPR,90/10,0.4845028840059138,0.05995163716214858
Rg norm w/0.5,pH regr out,All,ProtBERT,mid,100,Linear,80/20,-41.57598244387591,2.19778214438082
Rg norm w/0.5,pH regr out,All,ProtBERT,mid,100,Ridge,80/20,0.35054856515988775,0.2714411220911842
Rg norm w/0.5,pH regr out,All,ProtBERT,mid,100,Lasso,80/20,-0.01295257409691386,0.33899778287501037
Rg norm w/0.5,pH regr out,All,ProtBERT,mid,100,Kernel Ridge,80/20,0.9132316013353469,0.09921631500823289
Rg norm w/0.5,pH regr out,All,ProtBERT,mid,100,GPR,80/20,0.9172565987163497,0.09688777581618986
Rg norm w/0.5,pH regr out,All,ProtBERT,mid,100,Linear,85/15,-13.308126050117846,1.247890971480999
Rg norm w/0.5,pH regr out,All,ProtBERT,mid,100,Ridge,85/15,0.3493426951076134,0.26611013716502946
Rg norm w/0.5,pH regr out,All,ProtBERT,mid,100,Lasso,85/15,0.023137852370259115,0.326063288719599
Rg norm w/0.5,pH regr out,All,ProtBERT,mid,100,Kernel Ridge,85/15,0.8923864701780284,0.10822278411239526
Rg norm w/0.5,pH regr out,All,ProtBERT,mid,100,GPR,85/15,0.9057556692005345,0.1012774787664905
Rg norm w/0.5,pH regr out,All,ProtBERT,mid,100,Linear,90/10,-3.4545621979028915,0.8358428458849445
Rg norm w/0.5,pH regr out,All,ProtBERT,mid,100,Ridge,90/10,0.35943854137922415,0.3169585841441685
Rg norm w/0.5,pH regr out,All,ProtBERT,mid,100,Lasso,90/10,0.013359451176599868,0.39337032629768554
Rg norm w/0.5,pH regr out,All,ProtBERT,mid,100,Kernel Ridge,90/10,0.8966540780063049,0.12731183798989051
Rg norm w/0.5,pH regr out,All,ProtBERT,mid,100,GPR,90/10,0.9093494317181818,0.11923599536636639
Rg norm w/0.5,pH regr out,Inliers,ProtBERT,mid,100,Linear,80/20,-12.929175092977141,0.2589189421125818
Rg norm w/0.5,pH regr out,Inliers,ProtBERT,mid,100,Ridge,80/20,0.2994232579823939,0.05806694568569503
Rg norm w/0.5,pH regr out,Inliers,ProtBERT,mid,100,Lasso,80/20,0.22509397149364763,0.06106968007923859
Rg norm w/0.5,pH regr out,Inliers,ProtBERT,mid,100,Kernel Ridge,80/20,0.2942550161557972,0.05828073566433959
Rg norm w/0.5,pH regr out,Inliers,ProtBERT,mid,100,GPR,80/20,0.18709458672804014,0.06254910976076103
Rg norm w/0.5,pH regr out,Inliers,ProtBERT,mid,100,Linear,85/15,-3.3323195580144542,0.15221825112944246
Rg norm w/0.5,pH regr out,Inliers,ProtBERT,mid,100,Ridge,85/15,0.3749081163306557,0.05782004379057926
Rg norm w/0.5,pH regr out,Inliers,ProtBERT,mid,100,Lasso,85/15,0.3379891324300067,0.05950302511826632
Rg norm w/0.5,pH regr out,Inliers,ProtBERT,mid,100,Kernel Ridge,85/15,0.36364006038378305,0.058338855154754406
Rg norm w/0.5,pH regr out,Inliers,ProtBERT,mid,100,GPR,85/15,0.33031965961318666,0.05984670731478707
Rg norm w/0.5,pH regr out,Inliers,ProtBERT,mid,100,Linear,90/10,-10.490145179502449,0.2043429509747062
Rg norm w/0.5,pH regr out,Inliers,ProtBERT,mid,100,Ridge,90/10,0.25230486967262566,0.05212657362346514
Rg norm w/0.5,pH regr out,Inliers,ProtBERT,mid,100,Lasso,90/10,0.190377971091082,0.05424229558216636
Rg norm w/0.5,pH regr out,Inliers,ProtBERT,mid,100,Kernel Ridge,90/10,0.29419543504060286,0.050645298395461544
Rg norm w/0.5,pH regr out,Inliers,ProtBERT,mid,100,GPR,90/10,0.526823057381546,0.04146757985957256
Rg norm w/0.418,pH regr out,All,ProtBERT,mid,100,Linear,80/20,-39.44789460162146,3.226920076614619
Rg norm w/0.418,pH regr out,All,ProtBERT,mid,100,Ridge,80/20,0.3517924854557024,0.4085049086823041
Rg norm w/0.418,pH regr out,All,ProtBERT,mid,100,Lasso,80/20,-0.00977050554824288,0.5098607604359422
Rg norm w/0.418,pH regr out,All,ProtBERT,mid,100,Kernel Ridge,80/20,0.9165462839032523,0.14657607526528274
Rg norm w/0.418,pH regr out,All,ProtBERT,mid,100,GPR,80/20,0.920796909693539,0.1427944448210619
Rg norm w/0.418,pH regr out,All,ProtBERT,mid,100,Linear,85/15,-12.639722861821381,1.832385900374687
Rg norm w/0.418,pH regr out,All,ProtBERT,mid,100,Ridge,85/15,0.35405357835628115,0.3987607614292065
Rg norm w/0.418,pH regr out,All,ProtBERT,mid,100,Lasso,85/15,0.03443240420374338,0.48753467498832753
Rg norm w/0.418,pH regr out,All,ProtBERT,mid,100,Kernel Ridge,85/15,0.8980324412692867,0.15843282973088937
Rg norm w/0.418,pH regr out,All,ProtBERT,mid,100,GPR,85/15,0.9117210339958188,0.14741537688488404
Rg norm w/0.418,pH regr out,All,ProtBERT,mid,100,Linear,90/10,-3.3909928450499853,1.2478050497640245
Rg norm w/0.418,pH regr out,All,ProtBERT,mid,100,Ridge,90/10,0.36276655254409673,0.47535126691632407
Rg norm w/0.418,pH regr out,All,ProtBERT,mid,100,Lasso,90/10,0.02372490517176895,0.5883712987836782
Rg norm w/0.418,pH regr out,All,ProtBERT,mid,100,Kernel Ridge,90/10,0.9015893672410433,0.18680409238700454
Rg norm w/0.418,pH regr out,All,ProtBERT,mid,100,GPR,90/10,0.9147745280755252,0.17384014738242792
Rg norm w/0.418,pH regr out,Inliers,ProtBERT,mid,100,Linear,80/20,-15.04581120798142,0.40495377866694543
Rg norm w/0.418,pH regr out,Inliers,ProtBERT,mid,100,Ridge,80/20,0.23174815846656893,0.08860871157832335
Rg norm w/0.418,pH regr out,Inliers,ProtBERT,mid,100,Lasso,80/20,0.19038326456483157,0.09096291203073599
Rg norm w/0.418,pH regr out,Inliers,ProtBERT,mid,100,Kernel Ridge,80/20,0.2899609013915464,0.08518551409761847
Rg norm w/0.418,pH regr out,Inliers,ProtBERT,mid,100,GPR,80/20,0.18716297521809222,0.09114363716827427
Rg norm w/0.418,pH regr out,Inliers,ProtBERT,mid,100,Linear,85/15,-4.211468857271475,0.227203245259949
Rg norm w/0.418,pH regr out,Inliers,ProtBERT,mid,100,Ridge,85/15,0.2754688996239769,0.08471551844986541
Rg norm w/0.418,pH regr out,Inliers,ProtBERT,mid,100,Lasso,85/15,0.2640052673929012,0.08538307863580258
Rg norm w/0.418,pH regr out,Inliers,ProtBERT,mid,100,Kernel Ridge,85/15,0.30072096433152473,0.08322613202759029
Rg norm w/0.418,pH regr out,Inliers,ProtBERT,mid,100,GPR,85/15,0.35230398220081915,0.08009770458041691
Rg norm w/0.418,pH regr out,Inliers,ProtBERT,mid,100,Linear,90/10,-9.485450725198456,0.2826448836866829
Rg norm w/0.418,pH regr out,Inliers,ProtBERT,mid,100,Ridge,90/10,0.11043618389072274,0.08232583252501675
Rg norm w/0.418,pH regr out,Inliers,ProtBERT,mid,100,Lasso,90/10,-0.01259061850127341,0.08783437721768927
Rg norm w/0.418,pH regr out,Inliers,ProtBERT,mid,100,Kernel Ridge,90/10,0.17032337799346242,0.07950638422276389
Rg norm w/0.418,pH regr out,Inliers,ProtBERT,mid,100,GPR,90/10,0.48128470727334827,0.0628654607093214
Rg w/no norm,buffer regr out,All,ProtBERT,mid,100,Linear,80/20,-27.67413062236267,23.287845607458443
Rg w/no norm,buffer regr out,All,ProtBERT,mid,100,Ridge,80/20,0.3824825823021587,3.4175020947249917
Rg w/no norm,buffer regr out,All,ProtBERT,mid,100,Lasso,80/20,0.016058381255378062,4.313887835354473
Rg w/no norm,buffer regr out,All,ProtBERT,mid,100,Kernel Ridge,80/20,0.8643362220473401,1.6018289449567176
Rg w/no norm,buffer regr out,All,ProtBERT,mid,100,GPR,80/20,0.8666376589966581,1.588183898556946
Rg w/no norm,buffer regr out,All,ProtBERT,mid,100,Linear,85/15,-7.431807624184234,12.563566187109146
Rg w/no norm,buffer regr out,All,ProtBERT,mid,100,Ridge,85/15,0.3717143352060165,3.429502807882546
Rg w/no norm,buffer regr out,All,ProtBERT,mid,100,Lasso,85/15,0.14951972184334472,3.9901085521203603
Rg w/no norm,buffer regr out,All,ProtBERT,mid,100,Kernel Ridge,85/15,0.8453179137245839,1.7016592461851154
Rg w/no norm,buffer regr out,All,ProtBERT,mid,100,GPR,85/15,0.8525515498041005,1.6613942131595352
Rg w/no norm,buffer regr out,All,ProtBERT,mid,100,Linear,90/10,-2.9672476472298666,10.269174280496522
Rg w/no norm,buffer regr out,All,ProtBERT,mid,100,Ridge,90/10,0.38250188723582035,4.05143323221346
Rg w/no norm,buffer regr out,All,ProtBERT,mid,100,Lasso,90/10,0.1410728203374697,4.778251905141957
Rg w/no norm,buffer regr out,All,ProtBERT,mid,100,Kernel Ridge,90/10,0.8556149297731929,1.9590792874169827
Rg w/no norm,buffer regr out,All,ProtBERT,mid,100,GPR,90/10,0.869503360855088,1.8624753443793514
Rg w/no norm,buffer regr out,Inliers,ProtBERT,mid,100,Linear,80/20,-4.920901127759399,3.3982029848546773
Rg w/no norm,buffer regr out,Inliers,ProtBERT,mid,100,Ridge,80/20,0.3476880381542874,1.1279324306940715
Rg w/no norm,buffer regr out,Inliers,ProtBERT,mid,100,Lasso,80/20,0.07994482533343594,1.339560548742538
Rg w/no norm,buffer regr out,Inliers,ProtBERT,mid,100,Kernel Ridge,80/20,0.303857431244391,1.1652108186767336
Rg w/no norm,buffer regr out,Inliers,ProtBERT,mid,100,GPR,80/20,0.21989382289852266,1.2334804511400472
Rg w/no norm,buffer regr out,Inliers,ProtBERT,mid,100,Linear,85/15,-4.613708101631413,2.902617898148311
Rg w/no norm,buffer regr out,Inliers,ProtBERT,mid,100,Ridge,85/15,0.4133262945133458,0.938346562589242
Rg w/no norm,buffer regr out,Inliers,ProtBERT,mid,100,Lasso,85/15,-0.0023010207763367596,1.2264900854723617
Rg w/no norm,buffer regr out,Inliers,ProtBERT,mid,100,Kernel Ridge,85/15,0.4533989190704846,0.9057330151607499
Rg w/no norm,buffer regr out,Inliers,ProtBERT,mid,100,GPR,85/15,0.29902355425985083,1.0256912911168512
Rg w/no norm,buffer regr out,Inliers,ProtBERT,mid,100,Linear,90/10,-1.1460904795360198,2.0235636659318046
Rg w/no norm,buffer regr out,Inliers,ProtBERT,mid,100,Ridge,90/10,0.4129627502898463,1.0583411651374384
Rg w/no norm,buffer regr out,Inliers,ProtBERT,mid,100,Lasso,90/10,0.2766190244674044,1.174833712414744
Rg w/no norm,buffer regr out,Inliers,ProtBERT,mid,100,Kernel Ridge,90/10,0.42138115452759406,1.0507251947085932
Rg w/no norm,buffer regr out,Inliers,ProtBERT,mid,100,GPR,90/10,0.30624367495666993,1.150525733053505
Rg norm w/0.427,buffer regr out,All,ProtBERT,mid,100,Linear,80/20,-42.41565604481713,3.2245087030459034
Rg norm w/0.427,buffer regr out,All,ProtBERT,mid,100,Ridge,80/20,0.3707513337059819,0.3881964158817967
Rg norm w/0.427,buffer regr out,All,ProtBERT,mid,100,Lasso,80/20,-0.002850052792611857,0.49007028511206563
Rg norm w/0.427,buffer regr out,All,ProtBERT,mid,100,Kernel Ridge,80/20,0.8023676026671962,0.21755518528175705
Rg norm w/0.427,buffer regr out,All,ProtBERT,mid,100,GPR,80/20,0.907935360471704,0.14848644100920405
Rg norm w/0.427,buffer regr out,All,ProtBERT,mid,100,Linear,85/15,-11.313081736867469,1.6936562948846356
Rg norm w/0.427,buffer regr out,All,ProtBERT,mid,100,Ridge,85/15,0.35376620814529114,0.38800447211751077
Rg norm w/0.427,buffer regr out,All,ProtBERT,mid,100,Lasso,85/15,0.047461403035514604,0.4710675523560903
Rg norm w/0.427,buffer regr out,All,ProtBERT,mid,100,Kernel Ridge,85/15,0.8807369967411277,0.16668432863398952
Rg norm w/0.427,buffer regr out,All,ProtBERT,mid,100,GPR,85/15,0.8935762330614139,0.15745672455064388
Rg norm w/0.427,buffer regr out,All,ProtBERT,mid,100,Linear,90/10,-3.1728556163162667,1.1847624039515054
Rg norm w/0.427,buffer regr out,All,ProtBERT,mid,100,Ridge,90/10,0.37527520848145335,0.4584151432264693
Rg norm w/0.427,buffer regr out,All,ProtBERT,mid,100,Lasso,90/10,0.04024145341160157,0.5681926078964451
Rg norm w/0.427,buffer regr out,All,ProtBERT,mid,100,Kernel Ridge,90/10,0.8933883486699918,0.18937250341057976
Rg norm w/0.427,buffer regr out,All,ProtBERT,mid,100,GPR,90/10,0.9062460035216523,0.1775863086662808
Rg norm w/0.427,buffer regr out,Inliers,ProtBERT,mid,100,Linear,80/20,-15.658868417816478,0.4441420414554311
Rg norm w/0.427,buffer regr out,Inliers,ProtBERT,mid,100,Ridge,80/20,0.04985743846260626,0.10607023275394734
Rg norm w/0.427,buffer regr out,Inliers,ProtBERT,mid,100,Lasso,80/20,-0.2218550357068525,0.12028430882790067
Rg norm w/0.427,buffer regr out,Inliers,ProtBERT,mid,100,Kernel Ridge,80/20,0.15502251238808362,0.10002802746446852
Rg norm w/0.427,buffer regr out,Inliers,ProtBERT,mid,100,GPR,80/20,0.10853210771905875,0.10274293988506078
Rg norm w/0.427,buffer regr out,Inliers,ProtBERT,mid,100,Linear,85/15,-7.140060820332842,0.3060469763670042
Rg norm w/0.427,buffer regr out,Inliers,ProtBERT,mid,100,Ridge,85/15,0.224225330024859,0.09448047453450167
Rg norm w/0.427,buffer regr out,Inliers,ProtBERT,mid,100,Lasso,85/15,0.05299922245181532,0.10438772578809022
Rg norm w/0.427,buffer regr out,Inliers,ProtBERT,mid,100,Kernel Ridge,85/15,0.20764282923153377,0.09548491472421286
Rg norm w/0.427,buffer regr out,Inliers,ProtBERT,mid,100,GPR,85/15,0.37562645007431106,0.08476108683454753
Rg norm w/0.427,buffer regr out,Inliers,ProtBERT,mid,100,Linear,90/10,-11.789062115198663,0.35980301325070657
Rg norm w/0.427,buffer regr out,Inliers,ProtBERT,mid,100,Ridge,90/10,0.13667956436324324,0.09348274542452559
Rg norm w/0.427,buffer regr out,Inliers,ProtBERT,mid,100,Lasso,90/10,-0.02291517416641864,0.10175722579722107
Rg norm w/0.427,buffer regr out,Inliers,ProtBERT,mid,100,Kernel Ridge,90/10,0.1947308061692199,0.09028508065440623
Rg norm w/0.427,buffer regr out,Inliers,ProtBERT,mid,100,GPR,90/10,0.47375510876146143,0.07298597166046383
Rg norm w/0.5,buffer regr out,All,ProtBERT,mid,100,Linear,80/20,-45.291867514269285,2.3046611280793217
Rg norm w/0.5,buffer regr out,All,ProtBERT,mid,100,Ridge,80/20,0.37099836189385726,0.2686461458207512
Rg norm w/0.5,buffer regr out,All,ProtBERT,mid,100,Lasso,80/20,-0.004102188485042069,0.339424887593166
Rg norm w/0.5,buffer regr out,All,ProtBERT,mid,100,Kernel Ridge,80/20,0.7992914477046538,0.15175313272539176
Rg norm w/0.5,buffer regr out,All,ProtBERT,mid,100,GPR,80/20,0.905266356510819,0.10425738949271267
Rg norm w/0.5,buffer regr out,All,ProtBERT,mid,100,Linear,85/15,-11.931782649774036,1.1996311794845098
Rg norm w/0.5,buffer regr out,All,ProtBERT,mid,100,Ridge,85/15,0.3529788422135295,0.26833528714297034
Rg norm w/0.5,buffer regr out,All,ProtBERT,mid,100,Lasso,85/15,0.04356161700106398,0.32624738918852886
Rg norm w/0.5,buffer regr out,All,ProtBERT,mid,100,Kernel Ridge,85/15,0.877841987481935,0.11659489233895509
Rg norm w/0.5,buffer regr out,All,ProtBERT,mid,100,GPR,85/15,0.8888259002312966,0.11122959536814714
Rg norm w/0.5,buffer regr out,All,ProtBERT,mid,100,Linear,90/10,-3.143950117207396,0.8161883385797231
Rg norm w/0.5,buffer regr out,All,ProtBERT,mid,100,Ridge,90/10,0.37529042116456623,0.3168999776271834
Rg norm w/0.5,buffer regr out,All,ProtBERT,mid,100,Lasso,90/10,0.036166573179844175,0.3936263090807662
Rg norm w/0.5,buffer regr out,All,ProtBERT,mid,100,Kernel Ridge,90/10,0.8898240768915402,0.13308419283628697
Rg norm w/0.5,buffer regr out,All,ProtBERT,mid,100,GPR,90/10,0.9025089528977086,0.1251888048774722
Rg norm w/0.5,buffer regr out,Inliers,ProtBERT,mid,100,Linear,80/20,-15.577985428073998,0.32548005906541294
Rg norm w/0.5,buffer regr out,Inliers,ProtBERT,mid,100,Ridge,80/20,0.11521585132003886,0.07519295909014856
Rg norm w/0.5,buffer regr out,Inliers,ProtBERT,mid,100,Lasso,80/20,-0.05058483526933388,0.08193587070771101
Rg norm w/0.5,buffer regr out,Inliers,ProtBERT,mid,100,Kernel Ridge,80/20,0.15932902454962938,0.07329452524186972
Rg norm w/0.5,buffer regr out,Inliers,ProtBERT,mid,100,GPR,80/20,0.1112374616264914,0.07536182025978495
Rg norm w/0.5,buffer regr out,Inliers,ProtBERT,mid,100,Linear,85/15,-7.356450186091463,0.22981873932300334
Rg norm w/0.5,buffer regr out,Inliers,ProtBERT,mid,100,Ridge,85/15,0.2747869078589581,0.06770291087982368
Rg norm w/0.5,buffer regr out,Inliers,ProtBERT,mid,100,Lasso,85/15,-0.0047187500758734124,0.07968870646081332
Rg norm w/0.5,buffer regr out,Inliers,ProtBERT,mid,100,Kernel Ridge,85/15,0.24318779267654378,0.06916216632506411
Rg norm w/0.5,buffer regr out,Inliers,ProtBERT,mid,100,GPR,85/15,0.3585740525743296,0.06367189651438321
Rg norm w/0.5,buffer regr out,Inliers,ProtBERT,mid,100,Linear,90/10,-15.159858347930204,0.2814874812089071
Rg norm w/0.5,buffer regr out,Inliers,ProtBERT,mid,100,Ridge,90/10,0.1817043228423897,0.06334253478695026
Rg norm w/0.5,buffer regr out,Inliers,ProtBERT,mid,100,Lasso,90/10,0.08875450762249815,0.06684331910647659
Rg norm w/0.5,buffer regr out,Inliers,ProtBERT,mid,100,Kernel Ridge,90/10,0.2299779291623678,0.061445756689976413
Rg norm w/0.5,buffer regr out,Inliers,ProtBERT,mid,100,GPR,90/10,0.5084426159859645,0.049093887413016374
Rg norm w/0.418,buffer regr out,All,ProtBERT,mid,100,Linear,80/20,-42.065580543564266,3.361556744220845
Rg norm w/0.418,buffer regr out,All,ProtBERT,mid,100,Ridge,80/20,0.3707888542128318,0.4063249561746018
Rg norm w/0.418,buffer regr out,All,ProtBERT,mid,100,Lasso,80/20,-0.0027055619824478683,0.5129346121073015
Rg norm w/0.418,buffer regr out,All,ProtBERT,mid,100,Kernel Ridge,80/20,0.8025311396379478,0.22762743443701358
Rg norm w/0.418,buffer regr out,All,ProtBERT,mid,100,GPR,80/20,0.9080193707984975,0.15535437270260874
Rg norm w/0.418,buffer regr out,All,ProtBERT,mid,100,Linear,85/15,-11.234096287274362,1.767445342504071
Rg norm w/0.418,buffer regr out,All,ProtBERT,mid,100,Ridge,85/15,0.35393698877115287,0.4061603118214162
Rg norm w/0.418,buffer regr out,All,ProtBERT,mid,100,Lasso,85/15,-0.00022990882499773768,0.505370588745211
Rg norm w/0.418,buffer regr out,All,ProtBERT,mid,100,Kernel Ridge,85/15,0.8810157966044949,0.1743029345206401
Rg norm w/0.418,buffer regr out,All,ProtBERT,mid,100,GPR,85/15,0.8938685256052792,0.16461982814055698
Rg norm w/0.418,buffer regr out,All,ProtBERT,mid,100,Linear,90/10,-3.1746412176562773,1.2405639446585763
Rg norm w/0.418,buffer regr out,All,ProtBERT,mid,100,Ridge,90/10,0.3753229486571166,0.47988519567150006
Rg norm w/0.418,buffer regr out,All,ProtBERT,mid,100,Lasso,90/10,0.04037028094631823,0.59478693608905
Rg norm w/0.418,buffer regr out,All,ProtBERT,mid,100,Kernel Ridge,90/10,0.8935660820056102,0.19808409298314653
Rg norm w/0.418,buffer regr out,All,ProtBERT,mid,100,GPR,90/10,0.9064573896456141,0.18570103271417446
Rg norm w/0.418,buffer regr out,Inliers,ProtBERT,mid,100,Linear,80/20,-15.595337822501637,0.46202452178489367
Rg norm w/0.418,buffer regr out,Inliers,ProtBERT,mid,100,Ridge,80/20,0.09166528718826195,0.10809234361610977
Rg norm w/0.418,buffer regr out,Inliers,ProtBERT,mid,100,Lasso,80/20,-0.24025339863249595,0.12630693318707967
Rg norm w/0.418,buffer regr out,Inliers,ProtBERT,mid,100,Kernel Ridge,80/20,0.1513211978541973,0.10448252385893961
Rg norm w/0.418,buffer regr out,Inliers,ProtBERT,mid,100,GPR,80/20,0.10894011571589879,0.10705955243151893
Rg norm w/0.418,buffer regr out,Inliers,ProtBERT,mid,100,Linear,85/15,-7.097611502308466,0.3176021518358942
Rg norm w/0.418,buffer regr out,Inliers,ProtBERT,mid,100,Ridge,85/15,0.2195459542793734,0.09860039072253135
Rg norm w/0.418,buffer regr out,Inliers,ProtBERT,mid,100,Lasso,85/15,0.051200649746957594,0.10871567260255152
Rg norm w/0.418,buffer regr out,Inliers,ProtBERT,mid,100,Kernel Ridge,85/15,0.20504078257314318,0.09951244397751974
Rg norm w/0.418,buffer regr out,Inliers,ProtBERT,mid,100,GPR,85/15,0.3775048849651187,0.08805883623779284
Rg norm w/0.418,buffer regr out,Inliers,ProtBERT,mid,100,Linear,90/10,-11.353575738365357,0.37106982414194667
Rg norm w/0.418,buffer regr out,Inliers,ProtBERT,mid,100,Ridge,90/10,0.1349294218189776,0.09819402632227482
Rg norm w/0.418,buffer regr out,Inliers,ProtBERT,mid,100,Lasso,90/10,-0.023697066187920335,0.10681814374380416
Rg norm w/0.418,buffer regr out,Inliers,ProtBERT,mid,100,Kernel Ridge,90/10,0.1937571514912525,0.09479648517165387
Rg norm w/0.418,buffer regr out,Inliers,ProtBERT,mid,100,GPR,90/10,0.4692800351592944,0.07691162902716027
Rg w/no norm,expr pH only regr out,All,ProtBERT,mid,100,Linear,80/20,-33.70810224804479,25.991437543260997
Rg w/no norm,expr pH only regr out,All,ProtBERT,mid,100,Ridge,80/20,0.34956080759575625,3.5581005523530753
Rg w/no norm,expr pH only regr out,All,ProtBERT,mid,100,Lasso,80/20,0.1439829984813058,4.081840790700934
Rg w/no norm,expr pH only regr out,All,ProtBERT,mid,100,Kernel Ridge,80/20,0.4548303153047424,3.2574721784981584
Rg w/no norm,expr pH only regr out,All,ProtBERT,mid,100,GPR,80/20,0.6888996707284653,2.4607364455440854
Rg w/no norm,expr pH only regr out,All,ProtBERT,mid,100,Linear,85/15,-7.86909486461691,13.016820483020087
Rg w/no norm,expr pH only regr out,All,ProtBERT,mid,100,Ridge,85/15,0.3765631636549802,3.451131399508648
Rg w/no norm,expr pH only regr out,All,ProtBERT,mid,100,Lasso,85/15,0.20144227172150142,3.9058757508753312
Rg w/no norm,expr pH only regr out,All,ProtBERT,mid,100,Kernel Ridge,85/15,0.525930036602151,3.0094455168445977
Rg w/no norm,expr pH only regr out,All,ProtBERT,mid,100,GPR,85/15,0.6893737280669611,2.4360396769535964
Rg w/no norm,expr pH only regr out,All,ProtBERT,mid,100,Linear,90/10,-2.58036996572665,9.442211254202762
Rg w/no norm,expr pH only regr out,All,ProtBERT,mid,100,Ridge,90/10,0.35977923654306243,3.9927731614987647
Rg w/no norm,expr pH only regr out,All,ProtBERT,mid,100,Lasso,90/10,0.15693260123396768,4.581850429709883
Rg w/no norm,expr pH only regr out,All,ProtBERT,mid,100,Kernel Ridge,90/10,0.45527353927029746,3.6829769111583364
Rg w/no norm,expr pH only regr out,All,ProtBERT,mid,100,GPR,90/10,0.8258428443820167,2.082477998239783
Rg w/no norm,expr pH only regr out,Inliers,ProtBERT,mid,100,Linear,80/20,-6.8123370887266725,6.2086636682753555
Rg w/no norm,expr pH only regr out,Inliers,ProtBERT,mid,100,Ridge,80/20,0.3376129176489424,1.8078549151456262
Rg w/no norm,expr pH only regr out,Inliers,ProtBERT,mid,100,Lasso,80/20,0.3102442114304954,1.844825631897595
Rg w/no norm,expr pH only regr out,Inliers,ProtBERT,mid,100,Kernel Ridge,80/20,0.37768400661254875,1.7523188320970384
Rg w/no norm,expr pH only regr out,Inliers,ProtBERT,mid,100,GPR,80/20,-0.42116453549697863,2.648072235217255
Rg w/no norm,expr pH only regr out,Inliers,ProtBERT,mid,100,Linear,85/15,-1.9732920352797065,3.6384430331525897
Rg w/no norm,expr pH only regr out,Inliers,ProtBERT,mid,100,Ridge,85/15,0.22315020321585,1.8597960632635264
Rg w/no norm,expr pH only regr out,Inliers,ProtBERT,mid,100,Lasso,85/15,0.19761400202480517,1.8901160352334687
Rg w/no norm,expr pH only regr out,Inliers,ProtBERT,mid,100,Kernel Ridge,85/15,0.3008772184398155,1.7643044233990426
Rg w/no norm,expr pH only regr out,Inliers,ProtBERT,mid,100,GPR,85/15,-0.4132126091900339,2.508421691703562
Rg w/no norm,expr pH only regr out,Inliers,ProtBERT,mid,100,Linear,90/10,-2.0620369403446897,3.6269251876273207
Rg w/no norm,expr pH only regr out,Inliers,ProtBERT,mid,100,Ridge,90/10,0.2175110805725412,1.8334644044612893
Rg w/no norm,expr pH only regr out,Inliers,ProtBERT,mid,100,Lasso,90/10,0.1554961003831734,1.9047334744943953
Rg w/no norm,expr pH only regr out,Inliers,ProtBERT,mid,100,Kernel Ridge,90/10,0.34037710392923215,1.683376443862872
Rg w/no norm,expr pH only regr out,Inliers,ProtBERT,mid,100,GPR,90/10,-0.24791832768968902,2.3154023310639946
Rg norm w/0.427,expr pH only regr out,All,ProtBERT,mid,100,Linear,80/20,-44.60138379909661,3.421140736907884
Rg norm w/0.427,expr pH only regr out,All,ProtBERT,mid,100,Ridge,80/20,0.3241876976205257,0.41648079147325723
Rg norm w/0.427,expr pH only regr out,All,ProtBERT,mid,100,Lasso,80/20,0.20242081943200851,0.45244816782815506
Rg norm w/0.427,expr pH only regr out,All,ProtBERT,mid,100,Kernel Ridge,80/20,0.15877752417542568,0.46466222027122567
Rg norm w/0.427,expr pH only regr out,All,ProtBERT,mid,100,GPR,80/20,0.6941135540948187,0.280196074206744
Rg norm w/0.427,expr pH only regr out,All,ProtBERT,mid,100,Linear,85/15,-11.656896836925187,1.7954778439480243
Rg norm w/0.427,expr pH only regr out,All,ProtBERT,mid,100,Ridge,85/15,0.3384816172498115,0.41047564010065296
Rg norm w/0.427,expr pH only regr out,All,ProtBERT,mid,100,Lasso,85/15,0.0724777680638401,0.4860473663361184
Rg norm w/0.427,expr pH only regr out,All,ProtBERT,mid,100,Kernel Ridge,85/15,0.489784578893385,0.3604899989623626
Rg norm w/0.427,expr pH only regr out,All,ProtBERT,mid,100,GPR,85/15,0.6959455707693443,0.27828647347346214
Rg norm w/0.427,expr pH only regr out,All,ProtBERT,mid,100,Linear,90/10,-3.0585263325972143,1.1810217088903154
Rg norm w/0.427,expr pH only regr out,All,ProtBERT,mid,100,Ridge,90/10,0.32925427270871177,0.4801231580276616
Rg norm w/0.427,expr pH only regr out,All,ProtBERT,mid,100,Lasso,90/10,0.2057303379741532,0.5224655793091291
Rg norm w/0.427,expr pH only regr out,All,ProtBERT,mid,100,Kernel Ridge,90/10,0.1771311372594021,0.5317885853070395
Rg norm w/0.427,expr pH only regr out,All,ProtBERT,mid,100,GPR,90/10,0.8309859742672285,0.24101000389971206
Rg norm w/0.427,expr pH only regr out,Inliers,ProtBERT,mid,100,Linear,80/20,-9.323994622273466,0.7170510109068823
Rg norm w/0.427,expr pH only regr out,Inliers,ProtBERT,mid,100,Ridge,80/20,0.2955592557550347,0.18730458184156273
Rg norm w/0.427,expr pH only regr out,Inliers,ProtBERT,mid,100,Lasso,80/20,0.3362983052563282,0.1818078499456321
Rg norm w/0.427,expr pH only regr out,Inliers,ProtBERT,mid,100,Kernel Ridge,80/20,0.19989245763738606,0.19961829865624273
Rg norm w/0.427,expr pH only regr out,Inliers,ProtBERT,mid,100,GPR,80/20,-0.5787201787227116,0.2804004766843821
Rg norm w/0.427,expr pH only regr out,Inliers,ProtBERT,mid,100,Linear,85/15,-2.4502655408917624,0.43320400276806065
Rg norm w/0.427,expr pH only regr out,Inliers,ProtBERT,mid,100,Ridge,85/15,0.2550811972114051,0.20128929035325877
Rg norm w/0.427,expr pH only regr out,Inliers,ProtBERT,mid,100,Lasso,85/15,0.27900434251060136,0.19803070106311657
Rg norm w/0.427,expr pH only regr out,Inliers,ProtBERT,mid,100,Kernel Ridge,85/15,0.2741969526858695,0.19868980982692097
Rg norm w/0.427,expr pH only regr out,Inliers,ProtBERT,mid,100,GPR,85/15,-0.4082421693738387,0.27676098840746316
Rg norm w/0.427,expr pH only regr out,Inliers,ProtBERT,mid,100,Linear,90/10,-4.332714766667067,0.5075245751132644
Rg norm w/0.427,expr pH only regr out,Inliers,ProtBERT,mid,100,Ridge,90/10,0.28661874934880816,0.1856281105845084
Rg norm w/0.427,expr pH only regr out,Inliers,ProtBERT,mid,100,Lasso,90/10,0.387054433426235,0.17206552062007735
Rg norm w/0.427,expr pH only regr out,Inliers,ProtBERT,mid,100,Kernel Ridge,90/10,0.38858761502354233,0.17185018921173434
Rg norm w/0.427,expr pH only regr out,Inliers,ProtBERT,mid,100,GPR,90/10,-0.2796149537589627,0.24861226607452455
Rg norm w/0.5,expr pH only regr out,All,ProtBERT,mid,100,Linear,80/20,-42.49424014041159,2.514603828923465
Rg norm w/0.5,expr pH only regr out,All,ProtBERT,mid,100,Ridge,80/20,0.31523694786349765,0.3155177948745156
Rg norm w/0.5,expr pH only regr out,All,ProtBERT,mid,100,Lasso,80/20,0.20644288453037318,0.33965873950979425
Rg norm w/0.5,expr pH only regr out,All,ProtBERT,mid,100,Kernel Ridge,80/20,0.16463315583502025,0.34849160094195775
Rg norm w/0.5,expr pH only regr out,All,ProtBERT,mid,100,GPR,80/20,0.4798013805064084,0.27500354749590905
Rg norm w/0.5,expr pH only regr out,All,ProtBERT,mid,100,Linear,85/15,-9.965772090606192,1.2690042571780518
Rg norm w/0.5,expr pH only regr out,All,ProtBERT,mid,100,Ridge,85/15,0.3211224327372224,0.3157469763884485
Rg norm w/0.5,expr pH only regr out,All,ProtBERT,mid,100,Lasso,85/15,0.21642153338042247,0.33922255250161815
Rg norm w/0.5,expr pH only regr out,All,ProtBERT,mid,100,Kernel Ridge,85/15,0.41765152453209486,0.2924387660876101
Rg norm w/0.5,expr pH only regr out,All,ProtBERT,mid,100,GPR,85/15,0.4975319181724299,0.2716424951767794
Rg norm w/0.5,expr pH only regr out,All,ProtBERT,mid,100,Linear,90/10,-2.9082652920573926,0.8453245357040606
Rg norm w/0.5,expr pH only regr out,All,ProtBERT,mid,100,Ridge,90/10,0.295405513020606,0.3589228248131552
Rg norm w/0.5,expr pH only regr out,All,ProtBERT,mid,100,Lasso,90/10,0.17410725076559774,0.38859148810911076
Rg norm w/0.5,expr pH only regr out,All,ProtBERT,mid,100,Kernel Ridge,90/10,0.43365899303561906,0.32178845681368096
Rg norm w/0.5,expr pH only regr out,All,ProtBERT,mid,100,GPR,90/10,0.7408105361426973,0.21769082657091696
Rg norm w/0.5,expr pH only regr out,Inliers,ProtBERT,mid,100,Linear,80/20,-10.008911446506987,0.5198759897539179
Rg norm w/0.5,expr pH only regr out,Inliers,ProtBERT,mid,100,Ridge,80/20,0.30200657557160415,0.13090409623784452
Rg norm w/0.5,expr pH only regr out,Inliers,ProtBERT,mid,100,Lasso,80/20,0.32684648352805645,0.12855371465858295
Rg norm w/0.5,expr pH only regr out,Inliers,ProtBERT,mid,100,Kernel Ridge,80/20,0.18939006224603194,0.14106963182040075
Rg norm w/0.5,expr pH only regr out,Inliers,ProtBERT,mid,100,GPR,80/20,-0.5556586699205117,0.1954270731907319
Rg norm w/0.5,expr pH only regr out,Inliers,ProtBERT,mid,100,Linear,85/15,-2.413249830855361,0.30657228275815607
Rg norm w/0.5,expr pH only regr out,Inliers,ProtBERT,mid,100,Ridge,85/15,0.28327728975752076,0.14048321314642548
Rg norm w/0.5,expr pH only regr out,Inliers,ProtBERT,mid,100,Lasso,85/15,0.3135189637892194,0.13748747029949707
Rg norm w/0.5,expr pH only regr out,Inliers,ProtBERT,mid,100,Kernel Ridge,85/15,0.28891952116616004,0.1399291600080138
Rg norm w/0.5,expr pH only regr out,Inliers,ProtBERT,mid,100,GPR,85/15,-0.37175624434730703,0.19435124269752302
Rg norm w/0.5,expr pH only regr out,Inliers,ProtBERT,mid,100,Linear,90/10,-4.766912343672544,0.3697704868874871
Rg norm w/0.5,expr pH only regr out,Inliers,ProtBERT,mid,100,Ridge,90/10,0.3119428096974618,0.12772409638359677
Rg norm w/0.5,expr pH only regr out,Inliers,ProtBERT,mid,100,Lasso,90/10,0.45437432966576474,0.11373862332541133
Rg norm w/0.5,expr pH only regr out,Inliers,ProtBERT,mid,100,Kernel Ridge,90/10,0.41014238007913206,0.11825899041179513
Rg norm w/0.5,expr pH only regr out,Inliers,ProtBERT,mid,100,GPR,90/10,-0.2521474239652697,0.1723012000298361
Rg norm w/0.418,expr pH only regr out,All,ProtBERT,mid,100,Linear,80/20,-45.65447173493944,3.4928330169707795
Rg norm w/0.418,expr pH only regr out,All,ProtBERT,mid,100,Ridge,80/20,0.3281324327704791,0.41915342966394237
Rg norm w/0.418,expr pH only regr out,All,ProtBERT,mid,100,Lasso,80/20,0.18340550163628466,0.46209834205503353
Rg norm w/0.418,expr pH only regr out,All,ProtBERT,mid,100,Kernel Ridge,80/20,0.15561393641231092,0.46989596299651115
Rg norm w/0.418,expr pH only regr out,All,ProtBERT,mid,100,GPR,80/20,0.814284009662535,0.22037170652936136
Rg norm w/0.418,expr pH only regr out,All,ProtBERT,mid,100,Linear,85/15,-13.054842376117975,1.8982841061106008
Rg norm w/0.418,expr pH only regr out,All,ProtBERT,mid,100,Ridge,85/15,0.34461632471725223,0.40991709616968924
Rg norm w/0.418,expr pH only regr out,All,ProtBERT,mid,100,Lasso,85/15,0.041168961643017754,0.49581454613364095
Rg norm w/0.418,expr pH only regr out,All,ProtBERT,mid,100,Kernel Ridge,85/15,0.8084556009888604,0.2216067325614528
Rg norm w/0.418,expr pH only regr out,All,ProtBERT,mid,100,GPR,85/15,0.8094819855690363,0.2210121987239947
Rg norm w/0.418,expr pH only regr out,All,ProtBERT,mid,100,Linear,90/10,-3.373852602557248,1.2570733126408147
Rg norm w/0.418,expr pH only regr out,All,ProtBERT,mid,100,Ridge,90/10,0.34536835375813246,0.48632548987199264
Rg norm w/0.418,expr pH only regr out,All,ProtBERT,mid,100,Lasso,90/10,0.033542610024011155,0.5909080282274689
Rg norm w/0.418,expr pH only regr out,All,ProtBERT,mid,100,Kernel Ridge,90/10,0.8569988262626004,0.22729942437732562
Rg norm w/0.418,expr pH only regr out,All,ProtBERT,mid,100,GPR,90/10,0.874124994295089,0.21325454038350777
Rg norm w/0.418,expr pH only regr out,Inliers,ProtBERT,mid,100,Linear,80/20,-9.242966201322997,0.7468796552648335
Rg norm w/0.418,expr pH only regr out,Inliers,ProtBERT,mid,100,Ridge,80/20,0.295261470003193,0.1959078181447251
Rg norm w/0.418,expr pH only regr out,Inliers,ProtBERT,mid,100,Lasso,80/20,0.33603973347964244,0.190155462212878
Rg norm w/0.418,expr pH only regr out,Inliers,ProtBERT,mid,100,Kernel Ridge,80/20,0.20185164908716713,0.20848728319408352
Rg norm w/0.418,expr pH only regr out,Inliers,ProtBERT,mid,100,GPR,80/20,-0.5759675177169643,0.2929620667234392
Rg norm w/0.418,expr pH only regr out,Inliers,ProtBERT,mid,100,Linear,85/15,-2.4524580567264533,0.4523315383921784
Rg norm w/0.418,expr pH only regr out,Inliers,ProtBERT,mid,100,Ridge,85/15,0.2519859623460128,0.2105462632875813
Rg norm w/0.418,expr pH only regr out,Inliers,ProtBERT,mid,100,Lasso,85/15,0.2747542019448883,0.20731717134149905
Rg norm w/0.418,expr pH only regr out,Inliers,ProtBERT,mid,100,Kernel Ridge,85/15,0.27274023323135776,0.20760482611656716
Rg norm w/0.418,expr pH only regr out,Inliers,ProtBERT,mid,100,GPR,85/15,-0.4120429182073959,0.289278803529584
Rg norm w/0.418,expr pH only regr out,Inliers,ProtBERT,mid,100,Linear,90/10,-4.279190793401956,0.5280721432258308
Rg norm w/0.418,expr pH only regr out,Inliers,ProtBERT,mid,100,Ridge,90/10,0.2839026442589896,0.19448925570015346
Rg norm w/0.418,expr pH only regr out,Inliers,ProtBERT,mid,100,Lasso,90/10,0.3820201119133352,0.18067445359005968
Rg norm w/0.418,expr pH only regr out,Inliers,ProtBERT,mid,100,Kernel Ridge,90/10,0.38630529791186474,0.18004694897412435
Rg norm w/0.418,expr pH only regr out,Inliers,ProtBERT,mid,100,GPR,90/10,-0.2821188934988541,0.26023980766961624
Rg w/no norm,expr buffer only regr out,All,ProtBERT,mid,100,Linear,80/20,-34.54684620634559,26.524120586608188
Rg w/no norm,expr buffer only regr out,All,ProtBERT,mid,100,Ridge,80/20,0.3646149208675784,3.5461651876344713
Rg w/no norm,expr buffer only regr out,All,ProtBERT,mid,100,Lasso,80/20,0.14155137968383324,4.1219015019702265
Rg w/no norm,expr buffer only regr out,All,ProtBERT,mid,100,Kernel Ridge,80/20,0.18513060875902132,4.015914504526012
Rg w/no norm,expr buffer only regr out,All,ProtBERT,mid,100,GPR,80/20,0.7126572172645855,2.3847376190833036
Rg w/no norm,expr buffer only regr out,All,ProtBERT,mid,100,Linear,85/15,-6.887624837162563,12.704259758501179
Rg w/no norm,expr buffer only regr out,All,ProtBERT,mid,100,Ridge,85/15,0.36463915676191927,3.605674056895259
Rg w/no norm,expr buffer only regr out,All,ProtBERT,mid,100,Lasso,85/15,0.16493347868791697,4.133679284366426
Rg w/no norm,expr buffer only regr out,All,ProtBERT,mid,100,Kernel Ridge,85/15,0.5046449973975825,3.1837174566602333
Rg w/no norm,expr buffer only regr out,All,ProtBERT,mid,100,GPR,85/15,0.7058253412678919,2.45345937502741
Rg w/no norm,expr buffer only regr out,All,ProtBERT,mid,100,Linear,90/10,-2.933827276919077,10.374443936383564
Rg w/no norm,expr buffer only regr out,All,ProtBERT,mid,100,Ridge,90/10,0.3481180573998376,4.223200106511011
Rg w/no norm,expr buffer only regr out,All,ProtBERT,mid,100,Lasso,90/10,0.13751575373533875,4.857723262133084
Rg w/no norm,expr buffer only regr out,All,ProtBERT,mid,100,Kernel Ridge,90/10,0.5081800775739262,3.6682611213242953
Rg w/no norm,expr buffer only regr out,All,ProtBERT,mid,100,GPR,90/10,0.8285833410800666,2.1656271997085113
Rg w/no norm,expr buffer only regr out,Inliers,ProtBERT,mid,100,Linear,80/20,-8.938530086775346,6.449005944265244
Rg w/no norm,expr buffer only regr out,Inliers,ProtBERT,mid,100,Ridge,80/20,0.2416783540156202,1.781387601571446
Rg w/no norm,expr buffer only regr out,Inliers,ProtBERT,mid,100,Lasso,80/20,0.21029155684123624,1.81787948872134
Rg w/no norm,expr buffer only regr out,Inliers,ProtBERT,mid,100,Kernel Ridge,80/20,0.25719915230881996,1.7630632551593934
Rg w/no norm,expr buffer only regr out,Inliers,ProtBERT,mid,100,GPR,80/20,-0.5431816432787904,2.541208054183278
Rg w/no norm,expr buffer only regr out,Inliers,ProtBERT,mid,100,Linear,85/15,-0.8804565837524863,2.8323503612964633
Rg w/no norm,expr buffer only regr out,Inliers,ProtBERT,mid,100,Ridge,85/15,0.21671438429109124,1.8279966465844224
Rg w/no norm,expr buffer only regr out,Inliers,ProtBERT,mid,100,Lasso,85/15,0.2200462239248,1.8241046548186197
Rg w/no norm,expr buffer only regr out,Inliers,ProtBERT,mid,100,Kernel Ridge,85/15,0.28650018046600756,1.7446658202626941
Rg w/no norm,expr buffer only regr out,Inliers,ProtBERT,mid,100,GPR,85/15,-0.37723872494042254,2.423929207962918
Rg w/no norm,expr buffer only regr out,Inliers,ProtBERT,mid,100,Linear,90/10,-2.692273758888407,3.9528634506431715
Rg w/no norm,expr buffer only regr out,Inliers,ProtBERT,mid,100,Ridge,90/10,0.415278531737836,1.5730386191773458
Rg w/no norm,expr buffer only regr out,Inliers,ProtBERT,mid,100,Lasso,90/10,0.23954353303681142,1.7939157548790183
Rg w/no norm,expr buffer only regr out,Inliers,ProtBERT,mid,100,Kernel Ridge,90/10,0.43220564812977813,1.5501024379562696
Rg w/no norm,expr buffer only regr out,Inliers,ProtBERT,mid,100,GPR,90/10,-0.12903333717941368,2.1858393908305627
Rg norm w/0.427,expr buffer only regr out,All,ProtBERT,mid,100,Linear,80/20,-48.69652936082733,3.567037896235656
Rg norm w/0.427,expr buffer only regr out,All,ProtBERT,mid,100,Ridge,80/20,0.346729747103489,0.40896970160328344
Rg norm w/0.427,expr buffer only regr out,All,ProtBERT,mid,100,Lasso,80/20,0.047268034400038905,0.49388980518661635
Rg norm w/0.427,expr buffer only regr out,All,ProtBERT,mid,100,Kernel Ridge,80/20,0.17989953981173334,0.458224410364602
Rg norm w/0.427,expr buffer only regr out,All,ProtBERT,mid,100,GPR,80/20,0.7047761343419784,0.27492891905107975
Rg norm w/0.427,expr buffer only regr out,All,ProtBERT,mid,100,Linear,85/15,-10.637255488791691,1.7330018880674962
Rg norm w/0.427,expr buffer only regr out,All,ProtBERT,mid,100,Ridge,85/15,0.34466390041698325,0.41124989238797005
Rg norm w/0.427,expr buffer only regr out,All,ProtBERT,mid,100,Lasso,85/15,0.08030955730556033,0.4871857625074056
Rg norm w/0.427,expr buffer only regr out,All,ProtBERT,mid,100,Kernel Ridge,85/15,0.49008331066544697,0.3627633172057748
Rg norm w/0.427,expr buffer only regr out,All,ProtBERT,mid,100,GPR,85/15,0.7026257325892022,0.2770291336745486
Rg norm w/0.427,expr buffer only regr out,All,ProtBERT,mid,100,Linear,90/10,-3.0687751234730474,1.1996718810779596
Rg norm w/0.427,expr buffer only regr out,All,ProtBERT,mid,100,Ridge,90/10,0.3361537337252666,0.48457878235913027
Rg norm w/0.427,expr buffer only regr out,All,ProtBERT,mid,100,Lasso,90/10,0.061484535766192394,0.5761709428001716
Rg norm w/0.427,expr buffer only regr out,All,ProtBERT,mid,100,Kernel Ridge,90/10,0.18701687301487768,0.536255058485553
Rg norm w/0.427,expr buffer only regr out,All,ProtBERT,mid,100,GPR,90/10,0.8319805101539088,0.2437869571457163
Rg norm w/0.427,expr buffer only regr out,Inliers,ProtBERT,mid,100,Linear,80/20,-16.89241529736279,0.8735470378327574
Rg norm w/0.427,expr buffer only regr out,Inliers,ProtBERT,mid,100,Ridge,80/20,0.219881456532516,0.18240305631596904
Rg norm w/0.427,expr buffer only regr out,Inliers,ProtBERT,mid,100,Lasso,80/20,0.14392934525459122,0.19107620868348185
Rg norm w/0.427,expr buffer only regr out,Inliers,ProtBERT,mid,100,Kernel Ridge,80/20,0.10447288310612801,0.195429976992277
Rg norm w/0.427,expr buffer only regr out,Inliers,ProtBERT,mid,100,GPR,80/20,-0.8179026012037354,0.278443520381164
Rg norm w/0.427,expr buffer only regr out,Inliers,ProtBERT,mid,100,Linear,85/15,-3.0082096131522595,0.4383087355896534
Rg norm w/0.427,expr buffer only regr out,Inliers,ProtBERT,mid,100,Ridge,85/15,0.2166900013696197,0.19376340100552242
Rg norm w/0.427,expr buffer only regr out,Inliers,ProtBERT,mid,100,Lasso,85/15,0.2091694804802886,0.1946913355187243
Rg norm w/0.427,expr buffer only regr out,Inliers,ProtBERT,mid,100,Kernel Ridge,85/15,0.23262255367943108,0.1917827002620914
Rg norm w/0.427,expr buffer only regr out,Inliers,ProtBERT,mid,100,GPR,85/15,-0.5176470141097669,0.26970580841600983
Rg norm w/0.427,expr buffer only regr out,Inliers,ProtBERT,mid,100,Linear,90/10,-8.282788778502875,0.632878423609319
Rg norm w/0.427,expr buffer only regr out,Inliers,ProtBERT,mid,100,Ridge,90/10,0.42849010845486735,0.1570337244464318
Rg norm w/0.427,expr buffer only regr out,Inliers,ProtBERT,mid,100,Lasso,90/10,0.4125741758015218,0.15920531886231568
Rg norm w/0.427,expr buffer only regr out,Inliers,ProtBERT,mid,100,Kernel Ridge,90/10,0.4391614012795584,0.1555607410084394
Rg norm w/0.427,expr buffer only regr out,Inliers,ProtBERT,mid,100,GPR,90/10,-0.3154979738548114,0.2382462904073142
Rg norm w/0.5,expr buffer only regr out,All,ProtBERT,mid,100,Linear,80/20,-47.27963626922021,2.630212974643378
Rg norm w/0.5,expr buffer only regr out,All,ProtBERT,mid,100,Ridge,80/20,0.3355320299546847,0.3085644907977918
Rg norm w/0.5,expr buffer only regr out,All,ProtBERT,mid,100,Lasso,80/20,0.19851546426237676,0.3388882371157173
Rg norm w/0.5,expr buffer only regr out,All,ProtBERT,mid,100,Kernel Ridge,80/20,0.18323068919200491,0.34210437377540703
Rg norm w/0.5,expr buffer only regr out,All,ProtBERT,mid,100,GPR,80/20,0.48784914660488,0.27089929285477476
Rg norm w/0.5,expr buffer only regr out,All,ProtBERT,mid,100,Linear,85/15,-9.153729895237694,1.217053064700167
Rg norm w/0.5,expr buffer only regr out,All,ProtBERT,mid,100,Ridge,85/15,0.3295600303646655,0.3127351235822921
Rg norm w/0.5,expr buffer only regr out,All,ProtBERT,mid,100,Lasso,85/15,0.20324384368069304,0.3409254520779388
Rg norm w/0.5,expr buffer only regr out,All,ProtBERT,mid,100,Kernel Ridge,85/15,0.42252992768418873,0.2902427979076151
Rg norm w/0.5,expr buffer only regr out,All,ProtBERT,mid,100,GPR,85/15,0.502993786187327,0.26926358293923436
Rg norm w/0.5,expr buffer only regr out,All,ProtBERT,mid,100,Linear,90/10,-2.928479552741616,0.8521190450516085
Rg norm w/0.5,expr buffer only regr out,All,ProtBERT,mid,100,Ridge,90/10,0.3007769780826982,0.3594975069524828
Rg norm w/0.5,expr buffer only regr out,All,ProtBERT,mid,100,Lasso,90/10,0.15666128700136628,0.3948108160551512
Rg norm w/0.5,expr buffer only regr out,All,ProtBERT,mid,100,Kernel Ridge,90/10,0.43850919137469135,0.3221509001555336
Rg norm w/0.5,expr buffer only regr out,All,ProtBERT,mid,100,GPR,90/10,0.7435576530880315,0.21771226440482636
Rg norm w/0.5,expr buffer only regr out,Inliers,ProtBERT,mid,100,Linear,80/20,-18.282874700965078,0.6399355147030159
Rg norm w/0.5,expr buffer only regr out,Inliers,ProtBERT,mid,100,Ridge,80/20,0.23238493277017558,0.1276797632658362
Rg norm w/0.5,expr buffer only regr out,Inliers,ProtBERT,mid,100,Lasso,80/20,0.18222263677139738,0.13178557195397514
Rg norm w/0.5,expr buffer only regr out,Inliers,ProtBERT,mid,100,Kernel Ridge,80/20,0.09957870744350461,0.13828440378592535
Rg norm w/0.5,expr buffer only regr out,Inliers,ProtBERT,mid,100,GPR,80/20,-0.8064575156013547,0.19586832054564232
Rg norm w/0.5,expr buffer only regr out,Inliers,ProtBERT,mid,100,Linear,85/15,-3.4062082447379316,0.32535423470248315
Rg norm w/0.5,expr buffer only regr out,Inliers,ProtBERT,mid,100,Ridge,85/15,0.2386407633087395,0.13524423597021362
Rg norm w/0.5,expr buffer only regr out,Inliers,ProtBERT,mid,100,Lasso,85/15,0.19641996129590722,0.1389435927225198
Rg norm w/0.5,expr buffer only regr out,Inliers,ProtBERT,mid,100,Kernel Ridge,85/15,0.24291670151364664,0.1348639225709582
Rg norm w/0.5,expr buffer only regr out,Inliers,ProtBERT,mid,100,GPR,85/15,-0.5068706059736734,0.19026632726148862
Rg norm w/0.5,expr buffer only regr out,Inliers,ProtBERT,mid,100,Linear,90/10,-9.577942339031846,0.47023701703377874
Rg norm w/0.5,expr buffer only regr out,Inliers,ProtBERT,mid,100,Ridge,90/10,0.4392181710412344,0.1082712579029451
Rg norm w/0.5,expr buffer only regr out,Inliers,ProtBERT,mid,100,Lasso,90/10,0.46103275375125696,0.10614447731091123
Rg norm w/0.5,expr buffer only regr out,Inliers,ProtBERT,mid,100,Kernel Ridge,90/10,0.4458025497992272,0.10763375154797529
Rg norm w/0.5,expr buffer only regr out,Inliers,ProtBERT,mid,100,GPR,90/10,-0.3274872457517344,0.16658327450008217
Rg norm w/0.418,expr buffer only regr out,All,ProtBERT,mid,100,Linear,80/20,-49.45327392461146,3.6419376734251148
Rg norm w/0.418,expr buffer only regr out,All,ProtBERT,mid,100,Ridge,80/20,0.3516585900582305,0.4128475515327265
Rg norm w/0.418,expr buffer only regr out,All,ProtBERT,mid,100,Lasso,80/20,-0.009166453900091298,0.5150735344249134
Rg norm w/0.418,expr buffer only regr out,All,ProtBERT,mid,100,Kernel Ridge,80/20,0.026731188958850738,0.5058295956026074
Rg norm w/0.418,expr buffer only regr out,All,ProtBERT,mid,100,GPR,80/20,0.8202624566857498,0.2173738179603383
Rg norm w/0.418,expr buffer only regr out,All,ProtBERT,mid,100,Linear,85/15,-11.89932621595224,1.8399952826590238
Rg norm w/0.418,expr buffer only regr out,All,ProtBERT,mid,100,Ridge,85/15,0.3496448101778503,0.4131507083915565
Rg norm w/0.418,expr buffer only regr out,All,ProtBERT,mid,100,Lasso,85/15,0.05045233996787579,0.49921954549688713
Rg norm w/0.418,expr buffer only regr out,All,ProtBERT,mid,100,Kernel Ridge,85/15,0.8081228890806093,0.22441133119678397
Rg norm w/0.418,expr buffer only regr out,All,ProtBERT,mid,100,GPR,85/15,0.8104297790735091,0.22305823155602855
Rg norm w/0.418,expr buffer only regr out,All,ProtBERT,mid,100,Linear,90/10,-3.343820665086535,1.2748480094048587
Rg norm w/0.418,expr buffer only regr out,All,ProtBERT,mid,100,Ridge,90/10,0.3539635910838759,0.4916442495095552
Rg norm w/0.418,expr buffer only regr out,All,ProtBERT,mid,100,Lasso,90/10,0.04477297197333763,0.5978273335839438
Rg norm w/0.418,expr buffer only regr out,All,ProtBERT,mid,100,Kernel Ridge,90/10,0.8517003992904263,0.23555507066274164
Rg norm w/0.418,expr buffer only regr out,All,ProtBERT,mid,100,GPR,90/10,0.8717838238886132,0.21902509473809625
Rg norm w/0.418,expr buffer only regr out,Inliers,ProtBERT,mid,100,Linear,80/20,-16.71355489265159,0.9083980910767452
Rg norm w/0.418,expr buffer only regr out,Inliers,ProtBERT,mid,100,Ridge,80/20,0.21884322245070598,0.19076225683254716
Rg norm w/0.418,expr buffer only regr out,Inliers,ProtBERT,mid,100,Lasso,80/20,0.1007471413939387,0.20467474721997606
Rg norm w/0.418,expr buffer only regr out,Inliers,ProtBERT,mid,100,Kernel Ridge,80/20,0.10572772163048194,0.2041071569041419
Rg norm w/0.418,expr buffer only regr out,Inliers,ProtBERT,mid,100,GPR,80/20,-0.8178011180604534,0.2910023741937388
Rg norm w/0.418,expr buffer only regr out,Inliers,ProtBERT,mid,100,Linear,85/15,-2.9575178638266175,0.4549398255504878
Rg norm w/0.418,expr buffer only regr out,Inliers,ProtBERT,mid,100,Ridge,85/15,0.2143929309596414,0.2026960129328751
Rg norm w/0.418,expr buffer only regr out,Inliers,ProtBERT,mid,100,Lasso,85/15,0.2054503709227815,0.20384639218937245
Rg norm w/0.418,expr buffer only regr out,Inliers,ProtBERT,mid,100,Kernel Ridge,85/15,0.2317628211292888,0.20044266823647172
Rg norm w/0.418,expr buffer only regr out,Inliers,ProtBERT,mid,100,GPR,85/15,-0.5180217080338658,0.28176140604905175
Rg norm w/0.418,expr buffer only regr out,Inliers,ProtBERT,mid,100,Linear,90/10,-8.125904491912948,0.6568265439939418
Rg norm w/0.418,expr buffer only regr out,Inliers,ProtBERT,mid,100,Ridge,90/10,0.4274421340610469,0.1645214121153721
Rg norm w/0.418,expr buffer only regr out,Inliers,ProtBERT,mid,100,Lasso,90/10,0.4055460791779355,0.16763775404356032
Rg norm w/0.418,expr buffer only regr out,Inliers,ProtBERT,mid,100,Kernel Ridge,90/10,0.43856412766037944,0.1629156534561148
Rg norm w/0.418,expr buffer only regr out,Inliers,ProtBERT,mid,100,GPR,90/10,-0.31310550642800683,0.24915094973684387
Rg w/no norm,No regr out,All,ProtBERT,mid,190,Linear,80/20,0.32026571623504185,3.491149961793032
Rg w/no norm,No regr out,All,ProtBERT,mid,190,Ridge,80/20,0.41867243872533655,3.2285638050270125
Rg w/no norm,No regr out,All,ProtBERT,mid,190,Lasso,80/20,0.11808801855194029,3.976596612347575
Rg w/no norm,No regr out,All,ProtBERT,mid,190,Kernel Ridge,80/20,0.19653419703292885,3.79561902945016
Rg w/no norm,No regr out,All,ProtBERT,mid,190,GPR,80/20,0.8051120937719146,1.8693531824264076
Rg w/no norm,No regr out,All,ProtBERT,mid,190,Linear,85/15,0.5160788575821504,2.855818696339349
Rg w/no norm,No regr out,All,ProtBERT,mid,190,Ridge,85/15,0.4416250170619459,3.067653548986815
Rg w/no norm,No regr out,All,ProtBERT,mid,190,Lasso,85/15,0.16411013869399782,3.7533396173432045
Rg w/no norm,No regr out,All,ProtBERT,mid,190,Kernel Ridge,85/15,0.5656940185098345,2.7054607610422674
Rg w/no norm,No regr out,All,ProtBERT,mid,190,GPR,85/15,0.7615180229730943,2.004800286842339
Rg w/no norm,No regr out,All,ProtBERT,mid,190,Linear,90/10,0.6122454621623186,3.043455393799193
Rg w/no norm,No regr out,All,ProtBERT,mid,190,Ridge,90/10,0.4372913524997377,3.6663193511422554
Rg w/no norm,No regr out,All,ProtBERT,mid,190,Lasso,90/10,0.1382682114290703,4.537060322080784
Rg w/no norm,No regr out,All,ProtBERT,mid,190,Kernel Ridge,90/10,0.5683428679190599,3.2111305096190508
Rg w/no norm,No regr out,All,ProtBERT,mid,190,GPR,90/10,0.8035534366664189,2.1662606668291873
Rg w/no norm,No regr out,Inliers,ProtBERT,mid,190,Linear,80/20,0.4707910323189952,1.0367747059789245
Rg w/no norm,No regr out,Inliers,ProtBERT,mid,190,Ridge,80/20,0.537960874820613,0.9687465575480391
Rg w/no norm,No regr out,Inliers,ProtBERT,mid,190,Lasso,80/20,0.19658928367885076,1.2774373380449018
Rg w/no norm,No regr out,Inliers,ProtBERT,mid,190,Kernel Ridge,80/20,0.5824612752087504,0.920914213657528
Rg w/no norm,No regr out,Inliers,ProtBERT,mid,190,GPR,80/20,0.577910632296976,0.9259190130003463
Rg w/no norm,No regr out,Inliers,ProtBERT,mid,190,Linear,85/15,0.23642456803184853,0.9319334015020219
Rg w/no norm,No regr out,Inliers,ProtBERT,mid,190,Ridge,85/15,0.43592775029553665,0.8009884829538029
Rg w/no norm,No regr out,Inliers,ProtBERT,mid,190,Lasso,85/15,-0.2719842684244069,1.2028176004953446
Rg w/no norm,No regr out,Inliers,ProtBERT,mid,190,Kernel Ridge,85/15,0.5410807745152204,0.722481998023758
Rg w/no norm,No regr out,Inliers,ProtBERT,mid,190,GPR,85/15,0.5880903471829863,0.6844786227895444
Rg w/no norm,No regr out,Inliers,ProtBERT,mid,190,Linear,90/10,0.2891987531192052,0.9617484053783361
Rg w/no norm,No regr out,Inliers,ProtBERT,mid,190,Ridge,90/10,0.36719556597362824,0.9074488220058796
Rg w/no norm,No regr out,Inliers,ProtBERT,mid,190,Lasso,90/10,-0.08411382376430265,1.1877494159428819
Rg w/no norm,No regr out,Inliers,ProtBERT,mid,190,Kernel Ridge,90/10,0.4960919963557152,0.8097724787945054
Rg w/no norm,No regr out,Inliers,ProtBERT,mid,190,GPR,90/10,0.29470445315878313,0.9580164255815187
Rg norm w/0.427,No regr out,All,ProtBERT,mid,190,Linear,80/20,0.15145827732130046,0.44671692516751355
Rg norm w/0.427,No regr out,All,ProtBERT,mid,190,Ridge,80/20,0.4001534615381406,0.37559161234778393
Rg norm w/0.427,No regr out,All,ProtBERT,mid,190,Lasso,80/20,-0.010103950816635399,0.4873924994520305
Rg norm w/0.427,No regr out,All,ProtBERT,mid,190,Kernel Ridge,80/20,0.025591691170916198,0.4787031616944702
Rg norm w/0.427,No regr out,All,ProtBERT,mid,190,GPR,80/20,0.7560353033047418,0.23952966075746038
Rg norm w/0.427,No regr out,All,ProtBERT,mid,190,Linear,85/15,0.4197303036455742,0.36129092720592915
Rg norm w/0.427,No regr out,All,ProtBERT,mid,190,Ridge,85/15,0.4024293860950049,0.3666373679258032
Rg norm w/0.427,No regr out,All,ProtBERT,mid,190,Lasso,85/15,0.03219685696344998,0.46659021228952813
Rg norm w/0.427,No regr out,All,ProtBERT,mid,190,Kernel Ridge,85/15,0.038864188784817455,0.46498023188966436
Rg norm w/0.427,No regr out,All,ProtBERT,mid,190,GPR,85/15,0.7203917811134828,0.2507939621901475
Rg norm w/0.427,No regr out,All,ProtBERT,mid,190,Linear,90/10,0.561722728841621,0.37686746434010454
Rg norm w/0.427,No regr out,All,ProtBERT,mid,190,Ridge,90/10,0.4110405901150844,0.43687465852879004
Rg norm w/0.427,No regr out,All,ProtBERT,mid,190,Lasso,90/10,0.021978995879925578,0.5629739013865735
Rg norm w/0.427,No regr out,All,ProtBERT,mid,190,Kernel Ridge,90/10,0.0271637137969839,0.5614796903524141
Rg norm w/0.427,No regr out,All,ProtBERT,mid,190,GPR,90/10,0.791746741060841,0.2597826091389864
Rg norm w/0.427,No regr out,Inliers,ProtBERT,mid,190,Linear,80/20,0.09992073615724661,0.09166706028600666
Rg norm w/0.427,No regr out,Inliers,ProtBERT,mid,190,Ridge,80/20,0.22549420935053655,0.08503256119816828
Rg norm w/0.427,No regr out,Inliers,ProtBERT,mid,190,Lasso,80/20,0.1525253602698714,0.08894801922185933
Rg norm w/0.427,No regr out,Inliers,ProtBERT,mid,190,Kernel Ridge,80/20,0.2825773376148991,0.08183902965240455
Rg norm w/0.427,No regr out,Inliers,ProtBERT,mid,190,GPR,80/20,0.24749730223970012,0.08381600491299751
Rg norm w/0.427,No regr out,Inliers,ProtBERT,mid,190,Linear,85/15,0.057033744896494154,0.09321533472022733
Rg norm w/0.427,No regr out,Inliers,ProtBERT,mid,190,Ridge,85/15,0.2929325238678062,0.08071787465083947
Rg norm w/0.427,No regr out,Inliers,ProtBERT,mid,190,Lasso,85/15,0.256685183290022,0.08276099104268758
Rg norm w/0.427,No regr out,Inliers,ProtBERT,mid,190,Kernel Ridge,85/15,0.3268765742875229,0.07875654218827842
Rg norm w/0.427,No regr out,Inliers,ProtBERT,mid,190,GPR,85/15,0.26272511996136483,0.08242406062765414
Rg norm w/0.427,No regr out,Inliers,ProtBERT,mid,190,Linear,90/10,-0.06786701915349225,0.08628729896817938
Rg norm w/0.427,No regr out,Inliers,ProtBERT,mid,190,Ridge,90/10,0.13942626277367454,0.07746086312428938
Rg norm w/0.427,No regr out,Inliers,ProtBERT,mid,190,Lasso,90/10,0.05943449981264737,0.08098093936209196
Rg norm w/0.427,No regr out,Inliers,ProtBERT,mid,190,Kernel Ridge,90/10,0.29263325155833164,0.07022804976166841
Rg norm w/0.427,No regr out,Inliers,ProtBERT,mid,190,GPR,90/10,0.31648780396767817,0.06903374306960695
Rg norm w/0.5,No regr out,All,ProtBERT,mid,190,Linear,80/20,0.1550960582334261,0.466398453965566
Rg norm w/0.5,No regr out,All,ProtBERT,mid,190,Ridge,80/20,0.40034675258071883,0.3929194513805393
Rg norm w/0.5,No regr out,All,ProtBERT,mid,190,Lasso,80/20,-0.009767667354325882,0.5098755235589676
Rg norm w/0.5,No regr out,All,ProtBERT,mid,190,Kernel Ridge,80/20,0.02572149838640625,0.500835372013419
Rg norm w/0.5,No regr out,All,ProtBERT,mid,190,GPR,80/20,0.757083951247318,0.2500814842063954
Rg norm w/0.5,No regr out,All,ProtBERT,mid,190,Linear,85/15,0.4216341788477028,0.377335026434241
Rg norm w/0.5,No regr out,All,ProtBERT,mid,190,Ridge,85/15,0.40302809055745803,0.3833564358450882
Rg norm w/0.5,No regr out,All,ProtBERT,mid,190,Lasso,85/15,0.03446319916462259,0.4875399701212731
Rg norm w/0.5,No regr out,All,ProtBERT,mid,190,Kernel Ridge,85/15,0.03894507695275107,0.486407110045866
Rg norm w/0.5,No regr out,All,ProtBERT,mid,190,GPR,85/15,0.7213537415367922,0.2619102039134337
Rg norm w/0.5,No regr out,All,ProtBERT,mid,190,Linear,90/10,0.5627814721003743,0.3937561702428294
Rg norm w/0.5,No regr out,All,ProtBERT,mid,190,Ridge,90/10,0.4114649986167145,0.45684012498132215
Rg norm w/0.5,No regr out,All,ProtBERT,mid,190,Lasso,90/10,0.02375561148498928,0.588379277706551
Rg norm w/0.5,No regr out,All,ProtBERT,mid,190,Kernel Ridge,90/10,0.027299966349594418,0.587310220992558
Rg norm w/0.5,No regr out,All,ProtBERT,mid,190,GPR,90/10,0.7923610437257478,0.27135167834789864
Rg norm w/0.5,No regr out,Inliers,ProtBERT,mid,190,Linear,80/20,0.19213148018776383,0.0623562293212658
Rg norm w/0.5,No regr out,Inliers,ProtBERT,mid,190,Ridge,80/20,0.28076125461380963,0.058836393011847093
Rg norm w/0.5,No regr out,Inliers,ProtBERT,mid,190,Lasso,80/20,0.21051806755866798,0.06164255064068373
Rg norm w/0.5,No regr out,Inliers,ProtBERT,mid,190,Kernel Ridge,80/20,0.3297896197449367,0.056795650475434695
Rg norm w/0.5,No regr out,Inliers,ProtBERT,mid,190,GPR,80/20,0.29044710749906655,0.05843888085183235
Rg norm w/0.5,No regr out,Inliers,ProtBERT,mid,190,Linear,85/15,0.20759947571679926,0.06510144897335937
Rg norm w/0.5,No regr out,Inliers,ProtBERT,mid,190,Ridge,85/15,0.3717368683688298,0.057968099896345764
Rg norm w/0.5,No regr out,Inliers,ProtBERT,mid,190,Lasso,85/15,0.330371883926851,0.05984599857542111
Rg norm w/0.5,No regr out,Inliers,ProtBERT,mid,190,Kernel Ridge,85/15,0.3602475456306212,0.0584957425187356
Rg norm w/0.5,No regr out,Inliers,ProtBERT,mid,190,GPR,85/15,0.32162655314997834,0.060235524715648074
Rg norm w/0.5,No regr out,Inliers,ProtBERT,mid,190,Linear,90/10,0.0810805039895619,0.0577872563982624
Rg norm w/0.5,No regr out,Inliers,ProtBERT,mid,190,Ridge,90/10,0.2602702082888839,0.0518477480096215
Rg norm w/0.5,No regr out,Inliers,ProtBERT,mid,190,Lasso,90/10,0.2003956015714663,0.05390523330435073
Rg norm w/0.5,No regr out,Inliers,ProtBERT,mid,190,Kernel Ridge,90/10,0.38556023634255654,0.0472533931455294
Rg norm w/0.5,No regr out,Inliers,ProtBERT,mid,190,GPR,90/10,0.38633006193291153,0.047223782209985334
Rg norm w/0.418,No regr out,All,ProtBERT,mid,190,Linear,80/20,0.12252087358763919,0.315526817696643
Rg norm w/0.418,No regr out,All,ProtBERT,mid,190,Ridge,80/20,0.3992235001948504,0.2610804474659363
Rg norm w/0.418,No regr out,All,ProtBERT,mid,190,Lasso,80/20,-0.012948999481558365,0.3390093451200575
Rg norm w/0.418,No regr out,All,ProtBERT,mid,190,Kernel Ridge,80/20,0.024912497417607926,0.3326133491993412
Rg norm w/0.418,No regr out,All,ProtBERT,mid,190,GPR,80/20,0.7471095404545973,0.16938857052736628
Rg norm w/0.418,No regr out,All,ProtBERT,mid,190,Linear,85/15,0.4049003257516811,0.25450360589892324
Rg norm w/0.418,No regr out,All,ProtBERT,mid,190,Ridge,85/15,0.39822107043310817,0.2559278642342694
Rg norm w/0.418,No regr out,All,ProtBERT,mid,190,Lasso,85/15,0.023170899172285986,0.32606814915224397
Rg norm w/0.418,No regr out,All,ProtBERT,mid,190,Kernel Ridge,85/15,0.038431415836448046,0.32351112254645686
Rg norm w/0.418,No regr out,All,ProtBERT,mid,190,GPR,85/15,0.7122213601430821,0.1769816996319638
Rg norm w/0.418,No regr out,All,ProtBERT,mid,190,Linear,90/10,0.5534530502645394,0.2646491891640439
Rg norm w/0.418,No regr out,All,ProtBERT,mid,190,Ridge,90/10,0.40806755495807157,0.3047004367727356
Rg norm w/0.418,No regr out,All,ProtBERT,mid,190,Lasso,90/10,0.013392345052774424,0.39337725415024644
Rg norm w/0.418,No regr out,All,ProtBERT,mid,190,Kernel Ridge,90/10,0.026232338255408272,0.39080910929534185
Rg norm w/0.418,No regr out,All,ProtBERT,mid,190,GPR,90/10,0.7858166288641589,0.1832862471967907
Rg norm w/0.418,No regr out,Inliers,ProtBERT,mid,190,Linear,80/20,0.09421446705120085,0.09621626132170509
Rg norm w/0.418,No regr out,Inliers,ProtBERT,mid,190,Ridge,80/20,0.2230755657815766,0.08910974023132567
Rg norm w/0.418,No regr out,Inliers,ProtBERT,mid,190,Lasso,80/20,0.13340167196346697,0.09411193674697389
Rg norm w/0.418,No regr out,Inliers,ProtBERT,mid,190,Kernel Ridge,80/20,0.2808881722963479,0.08573023288955985
Rg norm w/0.418,No regr out,Inliers,ProtBERT,mid,190,GPR,80/20,0.2467449432535791,0.08774185573457265
Rg norm w/0.418,No regr out,Inliers,ProtBERT,mid,190,Linear,85/15,0.03960163095254632,0.09753810098411375
Rg norm w/0.418,No regr out,Inliers,ProtBERT,mid,190,Ridge,85/15,0.28430234124030695,0.08420025120376394
Rg norm w/0.418,No regr out,Inliers,ProtBERT,mid,190,Lasso,85/15,0.24187685475059362,0.08665995651479273
Rg norm w/0.418,No regr out,Inliers,ProtBERT,mid,190,Kernel Ridge,85/15,0.32013896263447983,0.08206513064538007
Rg norm w/0.418,No regr out,Inliers,ProtBERT,mid,190,GPR,85/15,0.25747572089784154,0.08576378083299796
Rg norm w/0.418,No regr out,Inliers,ProtBERT,mid,190,Linear,90/10,-0.07973693911247204,0.09070000216748024
Rg norm w/0.418,No regr out,Inliers,ProtBERT,mid,190,Ridge,90/10,0.12943584742981407,0.0814420520534114
Rg norm w/0.418,No regr out,Inliers,ProtBERT,mid,190,Lasso,90/10,0.03697127909008591,0.08565800148452535
Rg norm w/0.418,No regr out,Inliers,ProtBERT,mid,190,Kernel Ridge,90/10,0.2852928912772027,0.07379252458217164
Rg norm w/0.418,No regr out,Inliers,ProtBERT,mid,190,GPR,90/10,0.3120310594385959,0.07239902767748178
Rg w/no norm,pH regr out,All,ProtBERT,mid,190,Linear,80/20,0.3202527865760144,3.4911376336777864
Rg w/no norm,pH regr out,All,ProtBERT,mid,190,Ridge,80/20,0.41866992746643605,3.228528671817954
Rg w/no norm,pH regr out,All,ProtBERT,mid,190,Lasso,80/20,0.1180682109622605,3.9765894059846896
Rg w/no norm,pH regr out,All,ProtBERT,mid,190,Kernel Ridge,80/20,0.8870423498611457,1.4231513112888488
Rg w/no norm,pH regr out,All,ProtBERT,mid,190,GPR,80/20,0.8880562152549373,1.4167500796289347
Rg w/no norm,pH regr out,All,ProtBERT,mid,190,Linear,85/15,0.5160729143314455,2.855804048099126
Rg w/no norm,pH regr out,All,ProtBERT,mid,190,Ridge,85/15,0.441617983056092,3.067638298618181
Rg w/no norm,pH regr out,All,ProtBERT,mid,190,Lasso,85/15,0.1640887556088345,3.753345324259207
Rg w/no norm,pH regr out,All,ProtBERT,mid,190,Kernel Ridge,85/15,0.8707989773756852,1.4756094069729777
Rg w/no norm,pH regr out,All,ProtBERT,mid,190,GPR,85/15,0.8812290554866791,1.414795092504763
Rg w/no norm,pH regr out,All,ProtBERT,mid,190,Linear,90/10,0.6122321714197412,3.043464239384112
Rg w/no norm,pH regr out,All,ProtBERT,mid,190,Ridge,90/10,0.4372790424310894,3.6663072770059113
Rg w/no norm,pH regr out,All,ProtBERT,mid,190,Lasso,90/10,0.13824557888812206,4.537055333438812
Rg w/no norm,pH regr out,All,ProtBERT,mid,190,Kernel Ridge,90/10,0.8787221609188246,1.7020528490744018
Rg w/no norm,pH regr out,All,ProtBERT,mid,190,GPR,90/10,0.890017821398712,1.6208524243695008
Rg w/no norm,pH regr out,Inliers,ProtBERT,mid,190,Linear,80/20,0.47080489146881244,1.0367381360309431
Rg w/no norm,pH regr out,Inliers,ProtBERT,mid,190,Ridge,80/20,0.5379564549412272,0.968729705333506
Rg w/no norm,pH regr out,Inliers,ProtBERT,mid,190,Lasso,80/20,0.19660425716879926,1.2773971021776038
Rg w/no norm,pH regr out,Inliers,ProtBERT,mid,190,Kernel Ridge,80/20,0.5690867953142663,0.9355264373096773
Rg w/no norm,pH regr out,Inliers,ProtBERT,mid,190,GPR,80/20,0.598504767228345,0.9030282982750097
Rg w/no norm,pH regr out,Inliers,ProtBERT,mid,190,Linear,85/15,0.23647412516122357,0.9318952086055232
Rg w/no norm,pH regr out,Inliers,ProtBERT,mid,190,Ridge,85/15,0.43594947637503567,0.8009662236963795
Rg w/no norm,pH regr out,Inliers,ProtBERT,mid,190,Lasso,85/15,-0.27213551558641047,1.202878847353938
Rg w/no norm,pH regr out,Inliers,ProtBERT,mid,190,Kernel Ridge,85/15,0.5120513008092906,0.7449759993162179
Rg w/no norm,pH regr out,Inliers,ProtBERT,mid,190,GPR,85/15,0.6074070387857415,0.6682307452005307
Rg w/no norm,pH regr out,Inliers,ProtBERT,mid,190,Linear,90/10,0.28926679747617456,0.9617021789369422
Rg w/no norm,pH regr out,Inliers,ProtBERT,mid,190,Ridge,90/10,0.36720574819292584,0.9074413403927499
Rg w/no norm,pH regr out,Inliers,ProtBERT,mid,190,Lasso,90/10,-0.0840259515961681,1.1877010420879615
Rg w/no norm,pH regr out,Inliers,ProtBERT,mid,190,Kernel Ridge,90/10,0.45113461805447086,0.8451235771283198
Rg w/no norm,pH regr out,Inliers,ProtBERT,mid,190,GPR,90/10,0.5562798841819645,0.759874475613629
Rg norm w/0.427,pH regr out,All,ProtBERT,mid,190,Linear,80/20,0.15142080388792556,0.44671297572045937
Rg norm w/0.427,pH regr out,All,ProtBERT,mid,190,Ridge,80/20,0.40014054105188923,0.3755840435128607
Rg norm w/0.427,pH regr out,All,ProtBERT,mid,190,Lasso,80/20,-0.010106864476395527,0.48737813161272325
Rg norm w/0.427,pH regr out,All,ProtBERT,mid,190,Kernel Ridge,80/20,0.9160323573832283,0.14052007010154116
Rg norm w/0.427,pH regr out,All,ProtBERT,mid,190,GPR,80/20,0.919808705959424,0.1373238555563166
Rg norm w/0.427,pH regr out,All,ProtBERT,mid,190,Linear,85/15,0.41970392918383226,0.36128926790466964
Rg norm w/0.427,pH regr out,All,ProtBERT,mid,190,Ridge,85/15,0.4024137309653062,0.3666321545901538
Rg norm w/0.427,pH regr out,All,ProtBERT,mid,190,Lasso,85/15,0.03216596143107575,0.46658491334541413
Rg norm w/0.427,pH regr out,All,ProtBERT,mid,190,Kernel Ridge,85/15,0.8983749230874748,0.15119265368688553
Rg norm w/0.427,pH regr out,All,ProtBERT,mid,190,GPR,85/15,0.9108610586033451,0.14160023761715598
Rg norm w/0.427,pH regr out,All,ProtBERT,mid,190,Linear,90/10,0.5616850558717335,0.37687243244904467
Rg norm w/0.427,pH regr out,All,ProtBERT,mid,190,Ridge,90/10,0.41101826065650815,0.4368699238295809
Rg norm w/0.427,pH regr out,All,ProtBERT,mid,190,Lasso,90/10,0.02194841776951284,0.5629659287961842
Rg norm w/0.427,pH regr out,All,ProtBERT,mid,190,Kernel Ridge,90/10,0.9012421569248825,0.1788903978071459
Rg norm w/0.427,pH regr out,All,ProtBERT,mid,190,GPR,90/10,0.913918902451199,0.16701486606371557
Rg norm w/0.427,pH regr out,Inliers,ProtBERT,mid,190,Linear,80/20,0.09991765765960814,0.09166491964152702
Rg norm w/0.427,pH regr out,Inliers,ProtBERT,mid,190,Ridge,80/20,0.22545826788361567,0.08503240299697593
Rg norm w/0.427,pH regr out,Inliers,ProtBERT,mid,190,Lasso,80/20,0.15252510838046784,0.08894580318349825
Rg norm w/0.427,pH regr out,Inliers,ProtBERT,mid,190,Kernel Ridge,80/20,0.2650118389345457,0.08283277537174447
Rg norm w/0.427,pH regr out,Inliers,ProtBERT,mid,190,GPR,80/20,0.24027580619934663,0.08421510987174503
Rg norm w/0.427,pH regr out,Inliers,ProtBERT,mid,190,Linear,85/15,0.0570466696845251,0.09321169977224207
Rg norm w/0.427,pH regr out,Inliers,ProtBERT,mid,190,Ridge,85/15,0.29288591686388066,0.0807179403754288
Rg norm w/0.427,pH regr out,Inliers,ProtBERT,mid,190,Lasso,85/15,0.25662221926507456,0.08276183596393376
Rg norm w/0.427,pH regr out,Inliers,ProtBERT,mid,190,Kernel Ridge,85/15,0.31302803416238134,0.07956001120680517
Rg norm w/0.427,pH regr out,Inliers,ProtBERT,mid,190,GPR,85/15,0.3669403074061369,0.07637437329808154
Rg norm w/0.427,pH regr out,Inliers,ProtBERT,mid,190,Linear,90/10,-0.06773760535831252,0.08628199867136531
Rg norm w/0.427,pH regr out,Inliers,ProtBERT,mid,190,Ridge,90/10,0.13940774113422816,0.07746163241209218
Rg norm w/0.427,pH regr out,Inliers,ProtBERT,mid,190,Lasso,90/10,0.059432349098917814,0.08098096474700202
Rg norm w/0.427,pH regr out,Inliers,ProtBERT,mid,190,Kernel Ridge,90/10,0.23077156546924438,0.07323447830448244
Rg norm w/0.427,pH regr out,Inliers,ProtBERT,mid,190,GPR,90/10,0.5347192144503743,0.05695678754544397
Rg norm w/0.5,pH regr out,All,ProtBERT,mid,190,Linear,80/20,0.12247548110278539,0.31552366042314434
Rg norm w/0.5,pH regr out,All,ProtBERT,mid,190,Ridge,80/20,0.39920750601109123,0.2610745575749049
Rg norm w/0.5,pH regr out,All,ProtBERT,mid,190,Lasso,80/20,-0.01295257409691386,0.33899778287501037
Rg norm w/0.5,pH regr out,All,ProtBERT,mid,190,Kernel Ridge,80/20,0.9128978578283092,0.09940694328701982
Rg norm w/0.5,pH regr out,All,ProtBERT,mid,190,GPR,80/20,0.9168850165415395,0.09710508282443994
Rg norm w/0.5,pH regr out,All,ProtBERT,mid,190,Linear,85/15,0.40486809986136374,0.2545023980162227
Rg norm w/0.5,pH regr out,All,ProtBERT,mid,190,Ridge,85/15,0.3982028138131759,0.25592360237716766
Rg norm w/0.5,pH regr out,All,ProtBERT,mid,190,Lasso,85/15,0.023137852370374357,0.3260632887195798
Rg norm w/0.5,pH regr out,All,ProtBERT,mid,190,Kernel Ridge,85/15,0.8936586013277392,0.10758121577182507
Rg norm w/0.5,pH regr out,All,ProtBERT,mid,190,GPR,85/15,0.9058681721513187,0.10121701137546456
Rg norm w/0.5,pH regr out,All,ProtBERT,mid,190,Linear,90/10,0.5534087205572797,0.2646532521849877
Rg norm w/0.5,pH regr out,All,ProtBERT,mid,190,Ridge,90/10,0.40804210386118556,0.30469654167902305
Rg norm w/0.5,pH regr out,All,ProtBERT,mid,190,Lasso,90/10,0.01335945117676407,0.3933703262976528
Rg norm w/0.5,pH regr out,All,ProtBERT,mid,190,Kernel Ridge,90/10,0.8966115744544615,0.12733801536072178
Rg norm w/0.5,pH regr out,All,ProtBERT,mid,190,GPR,90/10,0.9093852001191478,0.11921246930492524
Rg norm w/0.5,pH regr out,Inliers,ProtBERT,mid,190,Linear,80/20,0.19212821429308125,0.062355152487085015
Rg norm w/0.5,pH regr out,Inliers,ProtBERT,mid,190,Ridge,80/20,0.2807293474072037,0.05883656306237194
Rg norm w/0.5,pH regr out,Inliers,ProtBERT,mid,190,Lasso,80/20,0.2104613207646211,0.06164357684046415
Rg norm w/0.5,pH regr out,Inliers,ProtBERT,mid,190,Kernel Ridge,80/20,0.26815189497782066,0.05934875343507274
Rg norm w/0.5,pH regr out,Inliers,ProtBERT,mid,190,GPR,80/20,0.24037242226208844,0.06046464211504522
Rg norm w/0.5,pH regr out,Inliers,ProtBERT,mid,190,Linear,85/15,0.2076137535644964,0.06509909493706624
Rg norm w/0.5,pH regr out,Inliers,ProtBERT,mid,190,Ridge,85/15,0.37169358047590106,0.05796852297334603
Rg norm w/0.5,pH regr out,Inliers,ProtBERT,mid,190,Lasso,85/15,0.3303057404888583,0.05984732926034906
Rg norm w/0.5,pH regr out,Inliers,ProtBERT,mid,190,Kernel Ridge,85/15,0.3697433487394075,0.058058418968846975
Rg norm w/0.5,pH regr out,Inliers,ProtBERT,mid,190,GPR,85/15,0.35464345361169614,0.058749793735303375
Rg norm w/0.5,pH regr out,Inliers,ProtBERT,mid,190,Linear,90/10,0.08120375618409237,0.05778385450636541
Rg norm w/0.5,pH regr out,Inliers,ProtBERT,mid,190,Ridge,90/10,0.2602524130082281,0.05184879665452245
Rg norm w/0.5,pH regr out,Inliers,ProtBERT,mid,190,Lasso,90/10,0.20040641852768604,0.05390531056075737
Rg norm w/0.5,pH regr out,Inliers,ProtBERT,mid,190,Kernel Ridge,90/10,0.3339571532999418,0.04919806103935664
Rg norm w/0.5,pH regr out,Inliers,ProtBERT,mid,190,GPR,90/10,0.5686439463103818,0.0395926755929873
Rg norm w/0.418,pH regr out,All,ProtBERT,mid,190,Linear,80/20,0.1550594624945304,0.46639439450813164
Rg norm w/0.418,pH regr out,All,ProtBERT,mid,190,Ridge,80/20,0.4003341797576887,0.3929116414560759
Rg norm w/0.418,pH regr out,All,ProtBERT,mid,190,Lasso,80/20,-0.00977050554824288,0.5098607604359422
Rg norm w/0.418,pH regr out,All,ProtBERT,mid,190,Kernel Ridge,80/20,0.9161767159805873,0.1469002667989751
Rg norm w/0.418,pH regr out,All,ProtBERT,mid,190,GPR,80/20,0.9199471677725822,0.14355839677240823
Rg norm w/0.418,pH regr out,All,ProtBERT,mid,190,Linear,85/15,0.42160846630153004,0.37733329836884877
Rg norm w/0.418,pH regr out,All,ProtBERT,mid,190,Ridge,85/15,0.4030127292296898,0.3833510911578672
Rg norm w/0.418,pH regr out,All,ProtBERT,mid,190,Lasso,85/15,0.03443240420816007,0.4875346749872125
Rg norm w/0.418,pH regr out,All,ProtBERT,mid,190,Kernel Ridge,85/15,0.8987177198512395,0.15789955397384095
Rg norm w/0.418,pH regr out,All,ProtBERT,mid,190,GPR,85/15,0.9112190110860195,0.14783394194132243
Rg norm w/0.418,pH regr out,All,ProtBERT,mid,190,Linear,90/10,0.5627445572150347,0.39376126011322915
Rg norm w/0.418,pH regr out,All,ProtBERT,mid,190,Ridge,90/10,0.4114430195153552,0.4568352756145094
Rg norm w/0.418,pH regr out,All,ProtBERT,mid,190,Lasso,90/10,0.023724905175346978,0.5883712987826001
Rg norm w/0.418,pH regr out,All,ProtBERT,mid,190,Kernel Ridge,90/10,0.9015564060146319,0.18683537344029802
Rg norm w/0.418,pH regr out,All,ProtBERT,mid,190,GPR,90/10,0.9142476861647671,0.17437663705188797
Rg norm w/0.418,pH regr out,Inliers,ProtBERT,mid,190,Linear,80/20,0.09421146100148181,0.09621394615868822
Rg norm w/0.418,pH regr out,Inliers,ProtBERT,mid,190,Ridge,80/20,0.22303936709192373,0.08910952404060996
Rg norm w/0.418,pH regr out,Inliers,ProtBERT,mid,190,Lasso,80/20,0.13340368055112317,0.09410940699405441
Rg norm w/0.418,pH regr out,Inliers,ProtBERT,mid,190,Kernel Ridge,80/20,0.2684964152280225,0.08646350687432883
Rg norm w/0.418,pH regr out,Inliers,ProtBERT,mid,190,GPR,80/20,0.24437348347776688,0.08787760488224808
Rg norm w/0.418,pH regr out,Inliers,ProtBERT,mid,190,Linear,85/15,0.03961464956029914,0.09753426606467208
Rg norm w/0.418,pH regr out,Inliers,ProtBERT,mid,190,Ridge,85/15,0.28425574184042124,0.08420025238341375
Rg norm w/0.418,pH regr out,Inliers,ProtBERT,mid,190,Lasso,85/15,0.24183045999274355,0.08665978816391506
Rg norm w/0.418,pH regr out,Inliers,ProtBERT,mid,190,Kernel Ridge,85/15,0.3053971038286335,0.0829473950836377
Rg norm w/0.418,pH regr out,Inliers,ProtBERT,mid,190,GPR,85/15,0.37099362618205256,0.07893361262954819
Rg norm w/0.418,pH regr out,Inliers,ProtBERT,mid,190,Linear,90/10,-0.07960772040127218,0.0906944199204732
Rg norm w/0.418,pH regr out,Inliers,ProtBERT,mid,190,Ridge,90/10,0.12941743102180536,0.08144277449966306
Rg norm w/0.418,pH regr out,Inliers,ProtBERT,mid,190,Lasso,90/10,0.03695778055123977,0.08565845562700093
Rg norm w/0.418,pH regr out,Inliers,ProtBERT,mid,190,Kernel Ridge,90/10,0.22254015213459444,0.07696381041494421
Rg norm w/0.418,pH regr out,Inliers,ProtBERT,mid,190,GPR,90/10,0.531414750999867,0.05975054667018757
Rg w/no norm,buffer regr out,All,ProtBERT,mid,190,Linear,80/20,0.4304547468590084,3.2820734942933876
Rg w/no norm,buffer regr out,All,ProtBERT,mid,190,Ridge,80/20,0.42351868752013755,3.3019979575906735
Rg w/no norm,buffer regr out,All,ProtBERT,mid,190,Lasso,80/20,0.016058381259282384,4.313887835345914
Rg w/no norm,buffer regr out,All,ProtBERT,mid,190,Kernel Ridge,80/20,0.8656079164433537,1.5943036012042806
Rg w/no norm,buffer regr out,All,ProtBERT,mid,190,GPR,80/20,0.8632410290590129,1.6082816086744407
Rg w/no norm,buffer regr out,All,ProtBERT,mid,190,Linear,85/15,0.5463844636210264,2.9140469706672683
Rg w/no norm,buffer regr out,All,ProtBERT,mid,190,Ridge,85/15,0.4149067189567087,3.3095210125067114
Rg w/no norm,buffer regr out,All,ProtBERT,mid,190,Lasso,85/15,0.14952528157059952,3.990095510106282
Rg w/no norm,buffer regr out,All,ProtBERT,mid,190,Kernel Ridge,85/15,0.8406869577308219,1.7269439923334151
Rg w/no norm,buffer regr out,All,ProtBERT,mid,190,GPR,85/15,0.8532279793122076,1.6575789545760957
Rg w/no norm,buffer regr out,All,ProtBERT,mid,190,Linear,90/10,0.6557799662332839,3.0248855010073017
Rg w/no norm,buffer regr out,All,ProtBERT,mid,190,Ridge,90/10,0.42583565890342967,3.9066902370086436
Rg w/no norm,buffer regr out,All,ProtBERT,mid,190,Lasso,90/10,0.14107949965293853,4.778233326434316
Rg w/no norm,buffer regr out,All,ProtBERT,mid,190,Kernel Ridge,90/10,0.8596031917848996,1.9318325801569547
Rg w/no norm,buffer regr out,All,ProtBERT,mid,190,GPR,90/10,0.8682752681936369,1.8712186197370566
Rg w/no norm,buffer regr out,Inliers,ProtBERT,mid,190,Linear,80/20,-0.09707507151027617,1.4627617183344421
Rg w/no norm,buffer regr out,Inliers,ProtBERT,mid,190,Ridge,80/20,0.3552403224978825,1.1213839793314677
Rg w/no norm,buffer regr out,Inliers,ProtBERT,mid,190,Lasso,80/20,-0.03631159119258842,1.4216758641629084
Rg w/no norm,buffer regr out,Inliers,ProtBERT,mid,190,Kernel Ridge,80/20,0.37780971854959366,1.1015824902433098
Rg w/no norm,buffer regr out,Inliers,ProtBERT,mid,190,GPR,80/20,0.2392696771944428,1.2180658752353533
Rg w/no norm,buffer regr out,Inliers,ProtBERT,mid,190,Linear,85/15,-0.4806021300542873,1.4906790243424002
Rg w/no norm,buffer regr out,Inliers,ProtBERT,mid,190,Ridge,85/15,0.43213668820603746,0.9231810070555095
Rg w/no norm,buffer regr out,Inliers,ProtBERT,mid,190,Lasso,85/15,-0.03580613853647008,1.2468212507888972
Rg w/no norm,buffer regr out,Inliers,ProtBERT,mid,190,Kernel Ridge,85/15,0.4835173795061052,0.8804259034046407
Rg w/no norm,buffer regr out,Inliers,ProtBERT,mid,190,GPR,85/15,0.3017595466660876,1.0236876380195383
Rg w/no norm,buffer regr out,Inliers,ProtBERT,mid,190,Linear,90/10,-0.35585108246643404,1.608417741692683
Rg w/no norm,buffer regr out,Inliers,ProtBERT,mid,190,Ridge,90/10,0.4594573292481998,1.0155652929977323
Rg w/no norm,buffer regr out,Inliers,ProtBERT,mid,190,Lasso,90/10,0.2766072906507442,1.1748432407462543
Rg w/no norm,buffer regr out,Inliers,ProtBERT,mid,190,Kernel Ridge,90/10,0.5209115745237705,0.9560942320880835
Rg w/no norm,buffer regr out,Inliers,ProtBERT,mid,190,GPR,90/10,0.30886367919344704,1.148351170052795
Rg norm w/0.427,buffer regr out,All,ProtBERT,mid,190,Linear,80/20,0.22623116206603378,0.43047306958397397
Rg norm w/0.427,buffer regr out,All,ProtBERT,mid,190,Ridge,80/20,0.4159594428713841,0.3739916214272461
Rg norm w/0.427,buffer regr out,All,ProtBERT,mid,190,Lasso,80/20,-0.002850052792611857,0.49007028511206563
Rg norm w/0.427,buffer regr out,All,ProtBERT,mid,190,Kernel Ridge,80/20,0.8022258244760728,0.21763320652521498
Rg norm w/0.427,buffer regr out,All,ProtBERT,mid,190,GPR,80/20,0.9083708052064183,0.14813487131558514
Rg norm w/0.427,buffer regr out,All,ProtBERT,mid,190,Linear,85/15,0.459044361725255,0.3549953997802756
Rg norm w/0.427,buffer regr out,All,ProtBERT,mid,190,Ridge,85/15,0.4000163151685825,0.3738622538947653
Rg norm w/0.427,buffer regr out,All,ProtBERT,mid,190,Lasso,85/15,0.04746140303545654,0.4710675523561047
Rg norm w/0.427,buffer regr out,All,ProtBERT,mid,190,Kernel Ridge,85/15,0.881701311357714,0.16600908835461226
Rg norm w/0.427,buffer regr out,All,ProtBERT,mid,190,GPR,85/15,0.8942536529864278,0.1569547943626305
Rg norm w/0.427,buffer regr out,All,ProtBERT,mid,190,Linear,90/10,0.6073630958394964,0.36342110421979557
Rg norm w/0.427,buffer regr out,All,ProtBERT,mid,190,Ridge,90/10,0.4213846969485888,0.44117362723948883
Rg norm w/0.427,buffer regr out,All,ProtBERT,mid,190,Lasso,90/10,0.040241453411593575,0.5681926078964474
Rg norm w/0.427,buffer regr out,All,ProtBERT,mid,190,Kernel Ridge,90/10,0.8934535839758991,0.18931455635027913
Rg norm w/0.427,buffer regr out,All,ProtBERT,mid,190,GPR,90/10,0.9064048811806852,0.17743577396147514
Rg norm w/0.427,buffer regr out,Inliers,ProtBERT,mid,190,Linear,80/20,-0.3644742761961697,0.1271106125940061
Rg norm w/0.427,buffer regr out,Inliers,ProtBERT,mid,190,Ridge,80/20,0.09312668727754136,0.10362688567034443
Rg norm w/0.427,buffer regr out,Inliers,ProtBERT,mid,190,Lasso,80/20,-0.16018714493866137,0.11720959357882672
Rg norm w/0.427,buffer regr out,Inliers,ProtBERT,mid,190,Kernel Ridge,80/20,0.16122480821262197,0.09966023891768046
Rg norm w/0.427,buffer regr out,Inliers,ProtBERT,mid,190,GPR,80/20,0.12427637803200065,0.10183162350673591
Rg norm w/0.427,buffer regr out,Inliers,ProtBERT,mid,190,Linear,85/15,-0.5355230516919733,0.1329237051938635
Rg norm w/0.427,buffer regr out,Inliers,ProtBERT,mid,190,Ridge,85/15,0.21252234145309756,0.09519045197917132
Rg norm w/0.427,buffer regr out,Inliers,ProtBERT,mid,190,Lasso,85/15,0.05299921523658169,0.10438772618575717
Rg norm w/0.427,buffer regr out,Inliers,ProtBERT,mid,190,Kernel Ridge,85/15,0.2881927640933971,0.09050143542836842
Rg norm w/0.427,buffer regr out,Inliers,ProtBERT,mid,190,GPR,85/15,0.3854586468276292,0.0840910595137146
Rg norm w/0.427,buffer regr out,Inliers,ProtBERT,mid,190,Linear,90/10,-0.4778703929385244,0.12231046637069175
Rg norm w/0.427,buffer regr out,Inliers,ProtBERT,mid,190,Ridge,90/10,0.1518516953519271,0.09265766399138874
Rg norm w/0.427,buffer regr out,Inliers,ProtBERT,mid,190,Lasso,90/10,-0.02291526826119239,0.10175723047738575
Rg norm w/0.427,buffer regr out,Inliers,ProtBERT,mid,190,Kernel Ridge,90/10,0.22168981415272737,0.08876092201071652
Rg norm w/0.427,buffer regr out,Inliers,ProtBERT,mid,190,GPR,90/10,0.4803581605261721,0.07252663089566769
Rg norm w/0.5,buffer regr out,All,ProtBERT,mid,190,Linear,80/20,0.1825633240611182,0.3062540112324129
Rg norm w/0.5,buffer regr out,All,ProtBERT,mid,190,Ridge,80/20,0.41625788688141596,0.2588005762349636
Rg norm w/0.5,buffer regr out,All,ProtBERT,mid,190,Lasso,80/20,-0.004102188485042069,0.339424887593166
Rg norm w/0.5,buffer regr out,All,ProtBERT,mid,190,Kernel Ridge,80/20,0.7998102832336654,0.15155686339682217
Rg norm w/0.5,buffer regr out,All,ProtBERT,mid,190,GPR,80/20,0.9061023152903825,0.10379637057557604
Rg norm w/0.5,buffer regr out,All,ProtBERT,mid,190,Linear,85/15,0.44030165185898373,0.2495718275209179
Rg norm w/0.5,buffer regr out,All,ProtBERT,mid,190,Ridge,85/15,0.39907578806889255,0.25859992698427753
Rg norm w/0.5,buffer regr out,All,ProtBERT,mid,190,Lasso,85/15,0.04356161700103045,0.3262473891885346
Rg norm w/0.5,buffer regr out,All,ProtBERT,mid,190,Kernel Ridge,85/15,0.8781739649364274,0.11643635501471893
Rg norm w/0.5,buffer regr out,All,ProtBERT,mid,190,GPR,85/15,0.8901013556196874,0.11058970875043807
Rg norm w/0.5,buffer regr out,All,ProtBERT,mid,190,Linear,90/10,0.5934715229299189,0.2556398843970623
Rg norm w/0.5,buffer regr out,All,ProtBERT,mid,190,Ridge,90/10,0.42131792453119554,0.3050023188344772
Rg norm w/0.5,buffer regr out,All,ProtBERT,mid,190,Lasso,90/10,0.03616657317987482,0.3936263090807599
Rg norm w/0.5,buffer regr out,All,ProtBERT,mid,190,Kernel Ridge,90/10,0.8898676415820792,0.1330578788070922
Rg norm w/0.5,buffer regr out,All,ProtBERT,mid,190,GPR,90/10,0.9031057808277239,0.12480502154749991
Rg norm w/0.5,buffer regr out,Inliers,ProtBERT,mid,190,Linear,80/20,-0.1806660410954377,0.08686044407533602
Rg norm w/0.5,buffer regr out,Inliers,ProtBERT,mid,190,Ridge,80/20,0.17278975000518237,0.07270536564819564
Rg norm w/0.5,buffer regr out,Inliers,ProtBERT,mid,190,Lasso,80/20,0.04955358068856863,0.07793316764665999
Rg norm w/0.5,buffer regr out,Inliers,ProtBERT,mid,190,Kernel Ridge,80/20,0.15430447036407258,0.07351323368231447
Rg norm w/0.5,buffer regr out,Inliers,ProtBERT,mid,190,GPR,80/20,0.1334358183800889,0.07441472418023072
Rg norm w/0.5,buffer regr out,Inliers,ProtBERT,mid,190,Linear,85/15,-0.31959015566322857,0.09132592026349111
Rg norm w/0.5,buffer regr out,Inliers,ProtBERT,mid,190,Ridge,85/15,0.2550491400718081,0.06861804439683487
Rg norm w/0.5,buffer regr out,Inliers,ProtBERT,mid,190,Lasso,85/15,-0.004721605311265753,0.07968881969143303
Rg norm w/0.5,buffer regr out,Inliers,ProtBERT,mid,190,Kernel Ridge,85/15,0.31816263400994704,0.06564700581242543
Rg norm w/0.5,buffer regr out,Inliers,ProtBERT,mid,190,GPR,85/15,0.3807405909758578,0.0625620297804169
Rg norm w/0.5,buffer regr out,Inliers,ProtBERT,mid,190,Linear,90/10,-0.28360013610546475,0.07933323926598969
Rg norm w/0.5,buffer regr out,Inliers,ProtBERT,mid,190,Ridge,90/10,0.25265275264717824,0.06053430070327126
Rg norm w/0.5,buffer regr out,Inliers,ProtBERT,mid,190,Lasso,90/10,0.08874079897443543,0.06684382189529606
Rg norm w/0.5,buffer regr out,Inliers,ProtBERT,mid,190,Kernel Ridge,90/10,0.2564572023531173,0.06038002600504753
Rg norm w/0.5,buffer regr out,Inliers,ProtBERT,mid,190,GPR,90/10,0.5209623114174982,0.04846465792353217
Rg norm w/0.418,buffer regr out,All,ProtBERT,mid,190,Linear,80/20,0.23145370707720136,0.4490661395897093
Rg norm w/0.418,buffer regr out,All,ProtBERT,mid,190,Ridge,80/20,0.41597360460395383,0.39146373146723545
Rg norm w/0.418,buffer regr out,All,ProtBERT,mid,190,Lasso,80/20,-0.0027055619824478683,0.5129346121073015
Rg norm w/0.418,buffer regr out,All,ProtBERT,mid,190,Kernel Ridge,80/20,0.8023222007468747,0.22774782721590617
Rg norm w/0.418,buffer regr out,All,ProtBERT,mid,190,GPR,80/20,0.9084193706456406,0.1550162067608954
Rg norm w/0.418,buffer regr out,All,ProtBERT,mid,190,Linear,85/15,0.4612915350961727,0.3708830152570104
Rg norm w/0.418,buffer regr out,All,ProtBERT,mid,190,Ridge,85/15,0.40018748518068714,0.3913522243797746
Rg norm w/0.418,buffer regr out,All,ProtBERT,mid,190,Lasso,85/15,-0.00022990882499773768,0.505370588745211
Rg norm w/0.418,buffer regr out,All,ProtBERT,mid,190,Kernel Ridge,85/15,0.88187072125468,0.17367560537075666
Rg norm w/0.418,buffer regr out,All,ProtBERT,mid,190,GPR,85/15,0.89448775962307,0.16413888068588023
Rg norm w/0.418,buffer regr out,All,ProtBERT,mid,190,Linear,90/10,0.6089580346682553,0.379683094014681
Rg norm w/0.418,buffer regr out,All,ProtBERT,mid,190,Ridge,90/10,0.4214269037245716,0.4618369686925736
Rg norm w/0.418,buffer regr out,All,ProtBERT,mid,190,Lasso,90/10,0.04037028094630546,0.5947869360890539
Rg norm w/0.418,buffer regr out,All,ProtBERT,mid,190,Kernel Ridge,90/10,0.8936332311889252,0.19802159747459794
Rg norm w/0.418,buffer regr out,All,ProtBERT,mid,190,GPR,90/10,0.9065771195569641,0.18558215059589853
Rg norm w/0.418,buffer regr out,Inliers,ProtBERT,mid,190,Linear,80/20,-0.3833438815335437,0.1333942329890155
Rg norm w/0.418,buffer regr out,Inliers,ProtBERT,mid,190,Ridge,80/20,0.08627801528039514,0.10841241393801655
Rg norm w/0.418,buffer regr out,Inliers,ProtBERT,mid,190,Lasso,80/20,-0.19228116968940134,0.1238401073796461
Rg norm w/0.418,buffer regr out,Inliers,ProtBERT,mid,190,Kernel Ridge,80/20,0.15818538712744556,0.10405913406665082
Rg norm w/0.418,buffer regr out,Inliers,ProtBERT,mid,190,GPR,80/20,0.12463568516863044,0.10611246332809779
Rg norm w/0.418,buffer regr out,Inliers,ProtBERT,mid,190,Linear,85/15,-0.5602722655286116,0.13941360651756945
Rg norm w/0.418,buffer regr out,Inliers,ProtBERT,mid,190,Ridge,85/15,0.20908548271746363,0.09925896476430918
Rg norm w/0.418,buffer regr out,Inliers,ProtBERT,mid,190,Lasso,85/15,0.05120066020017944,0.10871567200367409
Rg norm w/0.418,buffer regr out,Inliers,ProtBERT,mid,190,Kernel Ridge,85/15,0.2858809318975033,0.09431706605285056
Rg norm w/0.418,buffer regr out,Inliers,ProtBERT,mid,190,GPR,85/15,0.386670525118999,0.08740814142799264
Rg norm w/0.418,buffer regr out,Inliers,ProtBERT,mid,190,Linear,90/10,-0.4955293080318415,0.12910907258241874
Rg norm w/0.418,buffer regr out,Inliers,ProtBERT,mid,190,Ridge,90/10,0.1500774773663347,0.09733050267458776
Rg norm w/0.418,buffer regr out,Inliers,ProtBERT,mid,190,Lasso,90/10,-0.023697144152499128,0.1068181478114291
Rg norm w/0.418,buffer regr out,Inliers,ProtBERT,mid,190,Kernel Ridge,90/10,0.22066723011109857,0.09320104168565527
Rg norm w/0.418,buffer regr out,Inliers,ProtBERT,mid,190,GPR,90/10,0.4751668542436357,0.07648388236215707
Rg w/no norm,expr pH only regr out,All,ProtBERT,mid,190,Linear,80/20,-1.741003584494384,7.304149739506614
Rg w/no norm,expr pH only regr out,All,ProtBERT,mid,190,Ridge,80/20,0.3911770690994163,3.4423923418332723
Rg w/no norm,expr pH only regr out,All,ProtBERT,mid,190,Lasso,80/20,0.14398194826743227,4.0818432946258
Rg w/no norm,expr pH only regr out,All,ProtBERT,mid,190,Kernel Ridge,80/20,0.5154564514679532,3.071010306310945
Rg w/no norm,expr pH only regr out,All,ProtBERT,mid,190,GPR,80/20,0.6888422717432189,2.4609634418653124
Rg w/no norm,expr pH only regr out,All,ProtBERT,mid,190,Linear,85/15,-1.7111687148003343,7.196868005564846
Rg w/no norm,expr pH only regr out,All,ProtBERT,mid,190,Ridge,85/15,0.4189219012630355,3.3318275797451173
Rg w/no norm,expr pH only regr out,All,ProtBERT,mid,190,Lasso,85/15,0.20143664185394528,3.90588951915008
Rg w/no norm,expr pH only regr out,All,ProtBERT,mid,190,Kernel Ridge,85/15,0.7304328349374185,2.269335782436608
Rg w/no norm,expr pH only regr out,All,ProtBERT,mid,190,GPR,85/15,0.6893737285551549,2.4360396750393027
Rg w/no norm,expr pH only regr out,All,ProtBERT,mid,190,Linear,90/10,-0.5873838887600962,6.287105444650184
Rg w/no norm,expr pH only regr out,All,ProtBERT,mid,190,Ridge,90/10,0.40693868298987235,3.842904208518665
Rg w/no norm,expr pH only regr out,All,ProtBERT,mid,190,Lasso,90/10,0.1569281835874191,4.5818624340699445
Rg w/no norm,expr pH only regr out,All,ProtBERT,mid,190,Kernel Ridge,90/10,0.5210569960554716,3.4534381080264525
Rg w/no norm,expr pH only regr out,All,ProtBERT,mid,190,GPR,90/10,0.8258428444976995,2.082477997548146
Rg w/no norm,expr pH only regr out,Inliers,ProtBERT,mid,190,Linear,80/20,-4.1847403380663755,5.057910644320826
Rg w/no norm,expr pH only regr out,Inliers,ProtBERT,mid,190,Ridge,80/20,0.3426161908009937,1.8010142493940255
Rg w/no norm,expr pH only regr out,Inliers,ProtBERT,mid,190,Lasso,80/20,0.30961432077818885,1.845667794634921
Rg w/no norm,expr pH only regr out,Inliers,ProtBERT,mid,190,Kernel Ridge,80/20,0.3817782837398913,1.7465449821827814
Rg w/no norm,expr pH only regr out,Inliers,ProtBERT,mid,190,GPR,80/20,-0.4204798506951313,2.6474342678327782
Rg w/no norm,expr pH only regr out,Inliers,ProtBERT,mid,190,Linear,85/15,-3.9162850763671297,4.678593626376456
Rg w/no norm,expr pH only regr out,Inliers,ProtBERT,mid,190,Ridge,85/15,0.24555803875595283,1.8327773688477065
Rg w/no norm,expr pH only regr out,Inliers,ProtBERT,mid,190,Lasso,85/15,0.19779752695536001,1.8898998654271715
Rg w/no norm,expr pH only regr out,Inliers,ProtBERT,mid,190,Kernel Ridge,85/15,0.31341509310775995,1.748412577200444
Rg w/no norm,expr pH only regr out,Inliers,ProtBERT,mid,190,GPR,85/15,-0.4132662189831191,2.508469269361618
Rg w/no norm,expr pH only regr out,Inliers,ProtBERT,mid,190,Linear,90/10,-3.1138551993756574,4.203953321986555
Rg w/no norm,expr pH only regr out,Inliers,ProtBERT,mid,190,Ridge,90/10,0.2814521980436998,1.7569573423002303
Rg w/no norm,expr pH only regr out,Inliers,ProtBERT,mid,190,Lasso,90/10,0.1554076452216081,1.9048332248304807
Rg w/no norm,expr pH only regr out,Inliers,ProtBERT,mid,190,Kernel Ridge,90/10,0.37353646985723654,1.6405190632274542
Rg w/no norm,expr pH only regr out,Inliers,ProtBERT,mid,190,GPR,90/10,-0.2545773026998053,2.3215716822428627
Rg norm w/0.427,expr pH only regr out,All,ProtBERT,mid,190,Linear,80/20,-1.7440954229488312,0.8392310317479987
Rg norm w/0.427,expr pH only regr out,All,ProtBERT,mid,190,Ridge,80/20,0.36983229420986186,0.4021703054490023
Rg norm w/0.427,expr pH only regr out,All,ProtBERT,mid,190,Lasso,80/20,0.027985703890796132,0.4994801755089116
Rg norm w/0.427,expr pH only regr out,All,ProtBERT,mid,190,Kernel Ridge,80/20,0.16932837485210916,0.46173906296171435
Rg norm w/0.427,expr pH only regr out,All,ProtBERT,mid,190,GPR,80/20,0.6926554734474301,0.28086309096205364
Rg norm w/0.427,expr pH only regr out,All,ProtBERT,mid,190,Linear,85/15,-1.7650930710570596,0.8392112693585319
Rg norm w/0.427,expr pH only regr out,All,ProtBERT,mid,190,Ridge,85/15,0.3836223052155847,0.39622318740279017
Rg norm w/0.427,expr pH only regr out,All,ProtBERT,mid,190,Lasso,85/15,0.07247776743220491,0.48604736650161556
Rg norm w/0.427,expr pH only regr out,All,ProtBERT,mid,190,Kernel Ridge,85/15,0.5234367252884498,0.34839885245276764
Rg norm w/0.427,expr pH only regr out,All,ProtBERT,mid,190,GPR,85/15,0.6944310559502518,0.27897869402602166
Rg norm w/0.427,expr pH only regr out,All,ProtBERT,mid,190,Linear,90/10,-0.5470192925067936,0.7291578596537133
Rg norm w/0.427,expr pH only regr out,All,ProtBERT,mid,190,Ridge,90/10,0.3774036321699802,0.46256949385748164
Rg norm w/0.427,expr pH only regr out,All,ProtBERT,mid,190,Lasso,90/10,0.05413467790617943,0.5701489755128534
Rg norm w/0.427,expr pH only regr out,All,ProtBERT,mid,190,Kernel Ridge,90/10,0.5402899376843913,0.3974803847434788
Rg norm w/0.427,expr pH only regr out,All,ProtBERT,mid,190,GPR,90/10,0.8309859062011863,0.24101005242999052
Rg norm w/0.427,expr pH only regr out,Inliers,ProtBERT,mid,190,Linear,80/20,-5.218293585998044,0.5564956564256498
Rg norm w/0.427,expr pH only regr out,Inliers,ProtBERT,mid,190,Ridge,80/20,0.2966960110475586,0.187153394220161
Rg norm w/0.427,expr pH only regr out,Inliers,ProtBERT,mid,190,Lasso,80/20,0.331962839823553,0.18240069054478303
Rg norm w/0.427,expr pH only regr out,Inliers,ProtBERT,mid,190,Kernel Ridge,80/20,0.1934269708630023,0.200423210847846
Rg norm w/0.427,expr pH only regr out,Inliers,ProtBERT,mid,190,GPR,80/20,-0.5787201787245655,0.28040047668454676
Rg norm w/0.427,expr pH only regr out,Inliers,ProtBERT,mid,190,Linear,85/15,-3.9150881040679026,0.5170491803308994
Rg norm w/0.427,expr pH only regr out,Inliers,ProtBERT,mid,190,Ridge,85/15,0.27669830996061995,0.198347138943883
Rg norm w/0.427,expr pH only regr out,Inliers,ProtBERT,mid,190,Lasso,85/15,0.2831762766090703,0.19745693225817995
Rg norm w/0.427,expr pH only regr out,Inliers,ProtBERT,mid,190,Kernel Ridge,85/15,0.2802671057421784,0.1978572080096173
Rg norm w/0.427,expr pH only regr out,Inliers,ProtBERT,mid,190,GPR,85/15,-0.40824216939528424,0.27676098840957053
Rg norm w/0.427,expr pH only regr out,Inliers,ProtBERT,mid,190,Linear,90/10,-3.667272819417679,0.47480413518060716
Rg norm w/0.427,expr pH only regr out,Inliers,ProtBERT,mid,190,Ridge,90/10,0.41199371757228076,0.16852870433902037
Rg norm w/0.427,expr pH only regr out,Inliers,ProtBERT,mid,190,Lasso,90/10,0.40574662309521703,0.1694215801451088
Rg norm w/0.427,expr pH only regr out,Inliers,ProtBERT,mid,190,Kernel Ridge,90/10,0.41792578828305604,0.16767645289496358
Rg norm w/0.427,expr pH only regr out,Inliers,ProtBERT,mid,190,GPR,90/10,-0.28023587928552907,0.24867257756884065
Rg norm w/0.5,expr pH only regr out,All,ProtBERT,mid,190,Linear,80/20,-3.494626364782542,0.8083519606045197
Rg norm w/0.5,expr pH only regr out,All,ProtBERT,mid,190,Ridge,80/20,0.35487286797447626,0.30625017969167234
Rg norm w/0.5,expr pH only regr out,All,ProtBERT,mid,190,Lasso,80/20,0.20643884478250352,0.33965960405621215
Rg norm w/0.5,expr pH only regr out,All,ProtBERT,mid,190,Kernel Ridge,80/20,0.4559810892644154,0.28122938478200976
Rg norm w/0.5,expr pH only regr out,All,ProtBERT,mid,190,GPR,80/20,0.4794963328985766,0.2750841675480304
Rg norm w/0.5,expr pH only regr out,All,ProtBERT,mid,190,Linear,85/15,-3.2396040314724894,0.7890528986270722
Rg norm w/0.5,expr pH only regr out,All,ProtBERT,mid,190,Ridge,85/15,0.36051519425072465,0.30644926662606903
Rg norm w/0.5,expr pH only regr out,All,ProtBERT,mid,190,Lasso,85/15,0.2139958391698522,0.33974720598813074
Rg norm w/0.5,expr pH only regr out,All,ProtBERT,mid,190,Kernel Ridge,85/15,0.44912796835669855,0.28442569830709563
Rg norm w/0.5,expr pH only regr out,All,ProtBERT,mid,190,GPR,85/15,0.49720863741440136,0.27172986656857023
Rg norm w/0.5,expr pH only regr out,All,ProtBERT,mid,190,Linear,90/10,-1.62125256105349,0.6922865445045912
Rg norm w/0.5,expr pH only regr out,All,ProtBERT,mid,190,Ridge,90/10,0.34082557758229515,0.3471615593112893
Rg norm w/0.5,expr pH only regr out,All,ProtBERT,mid,190,Lasso,90/10,0.1741027282087747,0.3885925520636506
Rg norm w/0.5,expr pH only regr out,All,ProtBERT,mid,190,Kernel Ridge,90/10,0.4703048559086783,0.3112034855366008
Rg norm w/0.5,expr pH only regr out,All,ProtBERT,mid,190,GPR,90/10,0.7408105337047738,0.21769082759471164
Rg norm w/0.5,expr pH only regr out,Inliers,ProtBERT,mid,190,Linear,80/20,-5.133507289760391,0.3880449303285367
Rg norm w/0.5,expr pH only regr out,Inliers,ProtBERT,mid,190,Ridge,80/20,0.3027358000641479,0.1308356977291622
Rg norm w/0.5,expr pH only regr out,Inliers,ProtBERT,mid,190,Lasso,80/20,0.32684243854836537,0.1285541008976585
Rg norm w/0.5,expr pH only regr out,Inliers,ProtBERT,mid,190,Kernel Ridge,80/20,0.18217843510197917,0.1416957584209858
Rg norm w/0.5,expr pH only regr out,Inliers,ProtBERT,mid,190,GPR,80/20,-0.5556586699259223,0.19542707319107175
Rg norm w/0.5,expr pH only regr out,Inliers,ProtBERT,mid,190,Linear,85/15,-3.7070419975178925,0.3600168980012374
Rg norm w/0.5,expr pH only regr out,Inliers,ProtBERT,mid,190,Ridge,85/15,0.2907115057102174,0.13975273196833027
Rg norm w/0.5,expr pH only regr out,Inliers,ProtBERT,mid,190,Lasso,85/15,0.3139211806280424,0.13744718668252456
Rg norm w/0.5,expr pH only regr out,Inliers,ProtBERT,mid,190,Kernel Ridge,85/15,0.2934176196986943,0.13948588128967251
Rg norm w/0.5,expr pH only regr out,Inliers,ProtBERT,mid,190,GPR,85/15,-0.37175624436418353,0.19435124269871856
Rg norm w/0.5,expr pH only regr out,Inliers,ProtBERT,mid,190,Linear,90/10,-3.661594064552312,0.3324511166892884
Rg norm w/0.5,expr pH only regr out,Inliers,ProtBERT,mid,190,Ridge,90/10,0.43355163060352253,0.11588860510109728
Rg norm w/0.5,expr pH only regr out,Inliers,ProtBERT,mid,190,Lasso,90/10,0.45468483949970995,0.11370625499211945
Rg norm w/0.5,expr pH only regr out,Inliers,ProtBERT,mid,190,Kernel Ridge,90/10,0.4386273783809106,0.11536821788612296
Rg norm w/0.5,expr pH only regr out,Inliers,ProtBERT,mid,190,GPR,90/10,-0.252666726250262,0.17233692550831026
Rg norm w/0.418,expr pH only regr out,All,ProtBERT,mid,190,Linear,80/20,-0.76497203382882,0.6793601989785929
Rg norm w/0.418,expr pH only regr out,All,ProtBERT,mid,190,Ridge,80/20,0.37679361781035414,0.40368920080819765
Rg norm w/0.418,expr pH only regr out,All,ProtBERT,mid,190,Lasso,80/20,0.006611334771175481,0.5096720121895681
Rg norm w/0.418,expr pH only regr out,All,ProtBERT,mid,190,Kernel Ridge,80/20,0.16698884586531137,0.46672019569168305
Rg norm w/0.418,expr pH only regr out,All,ProtBERT,mid,190,GPR,80/20,0.8115446524174295,0.22199102590439904
Rg norm w/0.418,expr pH only regr out,All,ProtBERT,mid,190,Linear,85/15,-0.8456820275579355,0.6879021446617648
Rg norm w/0.418,expr pH only regr out,All,ProtBERT,mid,190,Ridge,85/15,0.39278662938423414,0.3945652965396171
Rg norm w/0.418,expr pH only regr out,All,ProtBERT,mid,190,Lasso,85/15,0.04116896193729869,0.49581454605755415
Rg norm w/0.418,expr pH only regr out,All,ProtBERT,mid,190,Kernel Ridge,85/15,0.8048677993324008,0.22367255208907227
Rg norm w/0.418,expr pH only regr out,All,ProtBERT,mid,190,GPR,85/15,0.8060414321682734,0.22299889248436303
Rg norm w/0.418,expr pH only regr out,All,ProtBERT,mid,190,Linear,90/10,0.0078317283100644,0.5987164657981704
Rg norm w/0.418,expr pH only regr out,All,ProtBERT,mid,190,Ridge,90/10,0.3946220645154458,0.4676724951243143
Rg norm w/0.418,expr pH only regr out,All,ProtBERT,mid,190,Lasso,90/10,0.033542610244239435,0.5909080281601432
Rg norm w/0.418,expr pH only regr out,All,ProtBERT,mid,190,Kernel Ridge,90/10,0.8571705370279354,0.22716291682102907
Rg norm w/0.418,expr pH only regr out,All,ProtBERT,mid,190,GPR,90/10,0.8741085695552657,0.2132684531379477
Rg norm w/0.418,expr pH only regr out,Inliers,ProtBERT,mid,190,Linear,80/20,-5.221931616822323,0.5821037224634104
Rg norm w/0.418,expr pH only regr out,Inliers,ProtBERT,mid,190,Ridge,80/20,0.29644192241663503,0.1957436744450332
Rg norm w/0.418,expr pH only regr out,Inliers,ProtBERT,mid,190,Lasso,80/20,0.33057714205211,0.1909360916328351
Rg norm w/0.418,expr pH only regr out,Inliers,ProtBERT,mid,190,Kernel Ridge,80/20,0.1954765574570786,0.2093182578061664
Rg norm w/0.418,expr pH only regr out,Inliers,ProtBERT,mid,190,GPR,80/20,-0.5803674290433061,0.29337073906810623
Rg norm w/0.418,expr pH only regr out,Inliers,ProtBERT,mid,190,Linear,85/15,-3.93701549920375,0.5409098740321838
Rg norm w/0.418,expr pH only regr out,Inliers,ProtBERT,mid,190,Ridge,85/15,0.2753013502742113,0.20723895327617345
Rg norm w/0.418,expr pH only regr out,Inliers,ProtBERT,mid,190,Lasso,85/15,0.27882129005440803,0.20673504963935901
Rg norm w/0.418,expr pH only regr out,Inliers,ProtBERT,mid,190,Kernel Ridge,85/15,0.27899635149563873,0.20670995632211803
Rg norm w/0.418,expr pH only regr out,Inliers,ProtBERT,mid,190,GPR,85/15,-0.41204291820904304,0.28927880352975277
Rg norm w/0.418,expr pH only regr out,Inliers,ProtBERT,mid,190,Linear,90/10,-3.6646046868089375,0.4963831165333428
Rg norm w/0.418,expr pH only regr out,Inliers,ProtBERT,mid,190,Ridge,90/10,0.40972710051822714,0.1765777592951055
Rg norm w/0.418,expr pH only regr out,Inliers,ProtBERT,mid,190,Lasso,90/10,0.4023006387512529,0.17768508530862878
Rg norm w/0.418,expr pH only regr out,Inliers,ProtBERT,mid,190,Kernel Ridge,90/10,0.4157366893756457,0.17567658756682333
Rg norm w/0.418,expr pH only regr out,Inliers,ProtBERT,mid,190,GPR,90/10,-0.28275300096275147,0.2603041541223992
Rg w/no norm,expr buffer only regr out,All,ProtBERT,mid,190,Linear,80/20,-2.008609376893127,7.716553266735018
Rg w/no norm,expr buffer only regr out,All,ProtBERT,mid,190,Ridge,80/20,0.40437731451181935,3.433413190261291
Rg w/no norm,expr buffer only regr out,All,ProtBERT,mid,190,Lasso,80/20,0.14154787134086488,4.12190992473953
Rg w/no norm,expr buffer only regr out,All,ProtBERT,mid,190,Kernel Ridge,80/20,0.1943018013597202,3.9932513981986397
Rg w/no norm,expr buffer only regr out,All,ProtBERT,mid,190,GPR,80/20,0.7116530326698374,2.3889009883253483
Rg w/no norm,expr buffer only regr out,All,ProtBERT,mid,190,Linear,85/15,-1.6205568438044238,7.32273021993855
Rg w/no norm,expr buffer only regr out,All,ProtBERT,mid,190,Ridge,85/15,0.40576781612834945,3.4870191056083026
Rg w/no norm,expr buffer only regr out,All,ProtBERT,mid,190,Lasso,85/15,0.1649274380668273,4.133694235238284
Rg w/no norm,expr buffer only regr out,All,ProtBERT,mid,190,Kernel Ridge,85/15,0.5358465553017943,3.0818183093808016
Rg w/no norm,expr buffer only regr out,All,ProtBERT,mid,190,GPR,85/15,0.7038017144675841,2.461883583026946
Rg w/no norm,expr buffer only regr out,All,ProtBERT,mid,190,Linear,90/10,-0.3825071051466826,6.150223103563995
Rg w/no norm,expr buffer only regr out,All,ProtBERT,mid,190,Ridge,90/10,0.39312680716305626,4.074798723266612
Rg w/no norm,expr buffer only regr out,All,ProtBERT,mid,190,Lasso,90/10,0.13751127586571787,4.857735872347869
Rg w/no norm,expr buffer only regr out,All,ProtBERT,mid,190,Kernel Ridge,90/10,0.5014951299772155,3.693106970332819
Rg w/no norm,expr buffer only regr out,All,ProtBERT,mid,190,GPR,90/10,0.8285833410877114,2.16562719966022
Rg w/no norm,expr buffer only regr out,Inliers,ProtBERT,mid,190,Linear,80/20,-6.594917679738493,5.637586705339022
Rg w/no norm,expr buffer only regr out,Inliers,ProtBERT,mid,190,Ridge,80/20,0.24610962129774006,1.7761751891639672
Rg w/no norm,expr buffer only regr out,Inliers,ProtBERT,mid,190,Lasso,80/20,0.21029186380583686,1.8178791354107542
Rg w/no norm,expr buffer only regr out,Inliers,ProtBERT,mid,190,Kernel Ridge,80/20,0.2477806561719781,1.7742056075772967
Rg w/no norm,expr buffer only regr out,Inliers,ProtBERT,mid,190,GPR,80/20,-0.5431816432530796,2.5412080541621083
Rg w/no norm,expr buffer only regr out,Inliers,ProtBERT,mid,190,Linear,85/15,-4.615668943902707,4.894587172828336
Rg w/no norm,expr buffer only regr out,Inliers,ProtBERT,mid,190,Ridge,85/15,0.28891686534757555,1.741708647952781
Rg w/no norm,expr buffer only regr out,Inliers,ProtBERT,mid,190,Lasso,85/15,0.22040423515492136,1.823685960192946
Rg w/no norm,expr buffer only regr out,Inliers,ProtBERT,mid,190,Kernel Ridge,85/15,0.3066130056913644,1.7198998745217535
Rg w/no norm,expr buffer only regr out,Inliers,ProtBERT,mid,190,GPR,85/15,-0.37723872497328514,2.4239292079918373
Rg w/no norm,expr buffer only regr out,Inliers,ProtBERT,mid,190,Linear,90/10,-3.7824696854735116,4.4987408692172615
Rg w/no norm,expr buffer only regr out,Inliers,ProtBERT,mid,190,Ridge,90/10,0.44179465004481233,1.53695751417841
Rg w/no norm,expr buffer only regr out,Inliers,ProtBERT,mid,190,Lasso,90/10,0.1875016021431457,1.854283449090463
Rg w/no norm,expr buffer only regr out,Inliers,ProtBERT,mid,190,Kernel Ridge,90/10,0.47456849704263193,1.4911554468986756
Rg w/no norm,expr buffer only regr out,Inliers,ProtBERT,mid,190,GPR,90/10,-0.12903333709116982,2.1858393907451417
Rg norm w/0.427,expr buffer only regr out,All,ProtBERT,mid,190,Linear,80/20,-1.6259159301595187,0.8199457179591781
Rg norm w/0.427,expr buffer only regr out,All,ProtBERT,mid,190,Ridge,80/20,0.38982245328408927,0.3952508426345389
Rg norm w/0.427,expr buffer only regr out,All,ProtBERT,mid,190,Lasso,80/20,0.04726803358730425,0.49388980539727445
Rg norm w/0.427,expr buffer only regr out,All,ProtBERT,mid,190,Kernel Ridge,80/20,0.19009961257207297,0.45536589075479794
Rg norm w/0.427,expr buffer only regr out,All,ProtBERT,mid,190,GPR,80/20,0.7031369639305893,0.2756911059696703
Rg norm w/0.427,expr buffer only regr out,All,ProtBERT,mid,190,Linear,85/15,-1.5477713496905827,0.8108751216648765
Rg norm w/0.427,expr buffer only regr out,All,ProtBERT,mid,190,Ridge,85/15,0.3882186273515976,0.39734877285317194
Rg norm w/0.427,expr buffer only regr out,All,ProtBERT,mid,190,Lasso,85/15,0.08030955657549588,0.4871857627007734
Rg norm w/0.427,expr buffer only regr out,All,ProtBERT,mid,190,Kernel Ridge,85/15,0.5242062416956121,0.3504153494320308
Rg norm w/0.427,expr buffer only regr out,All,ProtBERT,mid,190,GPR,85/15,0.7009144661007929,0.27782508453446275
Rg norm w/0.427,expr buffer only regr out,All,ProtBERT,mid,190,Linear,90/10,-0.36793796714241034,0.6956068300476471
Rg norm w/0.427,expr buffer only regr out,All,ProtBERT,mid,190,Ridge,90/10,0.38220254448428437,0.4674699443679633
Rg norm w/0.427,expr buffer only regr out,All,ProtBERT,mid,190,Lasso,90/10,0.06148453509283547,0.5761709430068643
Rg norm w/0.427,expr buffer only regr out,All,ProtBERT,mid,190,Kernel Ridge,90/10,0.1990853097040045,0.5322599215184688
Rg norm w/0.427,expr buffer only regr out,All,ProtBERT,mid,190,GPR,90/10,0.8319805975316056,0.24378689375561316
Rg norm w/0.427,expr buffer only regr out,Inliers,ProtBERT,mid,190,Linear,80/20,-6.630939033053979,0.5704804976684279
Rg norm w/0.427,expr buffer only regr out,Inliers,ProtBERT,mid,190,Ridge,80/20,0.22300556355590329,0.18203745910680127
Rg norm w/0.427,expr buffer only regr out,Inliers,ProtBERT,mid,190,Lasso,80/20,0.10105133166640956,0.1958029619199877
Rg norm w/0.427,expr buffer only regr out,Inliers,ProtBERT,mid,190,Kernel Ridge,80/20,0.10604279018286233,0.19525860223526226
Rg norm w/0.427,expr buffer only regr out,Inliers,ProtBERT,mid,190,GPR,80/20,-0.8179025549079453,0.27844351683565977
Rg norm w/0.427,expr buffer only regr out,Inliers,ProtBERT,mid,190,Linear,85/15,-4.260191058096656,0.5021178643886633
Rg norm w/0.427,expr buffer only regr out,Inliers,ProtBERT,mid,190,Ridge,85/15,0.2374827984214496,0.1911744002288817
Rg norm w/0.427,expr buffer only regr out,Inliers,ProtBERT,mid,190,Lasso,85/15,0.21330643671832994,0.19418143762615753
Rg norm w/0.427,expr buffer only regr out,Inliers,ProtBERT,mid,190,Kernel Ridge,85/15,0.24516992390695047,0.19020832091063197
Rg norm w/0.427,expr buffer only regr out,Inliers,ProtBERT,mid,190,GPR,85/15,-0.5176470141938405,0.2697058084234803
Rg norm w/0.427,expr buffer only regr out,Inliers,ProtBERT,mid,190,Linear,90/10,-4.012960582672357,0.4650805745669258
Rg norm w/0.427,expr buffer only regr out,Inliers,ProtBERT,mid,190,Ridge,90/10,0.4560252988384127,0.15320410659350642
Rg norm w/0.427,expr buffer only regr out,Inliers,ProtBERT,mid,190,Lasso,90/10,0.4363368352312037,0.15595197633660543
Rg norm w/0.427,expr buffer only regr out,Inliers,ProtBERT,mid,190,Kernel Ridge,90/10,0.4828362526736433,0.14938090708980892
Rg norm w/0.427,expr buffer only regr out,Inliers,ProtBERT,mid,190,GPR,90/10,-0.3165671853034895,0.23834309174275276
Rg norm w/0.5,expr buffer only regr out,All,ProtBERT,mid,190,Linear,80/20,-3.3291549345433964,0.7876086650147253
Rg norm w/0.5,expr buffer only regr out,All,ProtBERT,mid,190,Ridge,80/20,0.37291568621276594,0.29975876419039826
Rg norm w/0.5,expr buffer only regr out,All,ProtBERT,mid,190,Lasso,80/20,0.19855378633804555,0.3388801352401794
Rg norm w/0.5,expr buffer only regr out,All,ProtBERT,mid,190,Kernel Ridge,80/20,0.19191976956574652,0.34027979459901364
Rg norm w/0.5,expr buffer only regr out,All,ProtBERT,mid,190,GPR,80/20,0.4874116315745314,0.27101497870182867
Rg norm w/0.5,expr buffer only regr out,All,ProtBERT,mid,190,Linear,85/15,-2.987915427392737,0.7627279844494003
Rg norm w/0.5,expr buffer only regr out,All,ProtBERT,mid,190,Ridge,85/15,0.3676604382670512,0.30371894881049405
Rg norm w/0.5,expr buffer only regr out,All,ProtBERT,mid,190,Lasso,85/15,0.20263616020966257,0.34105543869467664
Rg norm w/0.5,expr buffer only regr out,All,ProtBERT,mid,190,Kernel Ridge,85/15,0.4545926640191812,0.2820701949513076
Rg norm w/0.5,expr buffer only regr out,All,ProtBERT,mid,190,GPR,85/15,0.5025369411205513,0.26938730723199494
Rg norm w/0.5,expr buffer only regr out,All,ProtBERT,mid,190,Linear,90/10,-1.4053992102486994,0.6667785272731229
Rg norm w/0.5,expr buffer only regr out,All,ProtBERT,mid,190,Ridge,90/10,0.3443308705164668,0.34812113573263676
Rg norm w/0.5,expr buffer only regr out,All,ProtBERT,mid,190,Lasso,90/10,0.15665701123730758,0.3948118169079115
Rg norm w/0.5,expr buffer only regr out,All,ProtBERT,mid,190,Kernel Ridge,90/10,0.4751994059183876,0.3114477390538621
Rg norm w/0.5,expr buffer only regr out,All,ProtBERT,mid,190,GPR,90/10,0.7435576497747287,0.2177122658112763
Rg norm w/0.5,expr buffer only regr out,Inliers,ProtBERT,mid,190,Linear,80/20,-6.197578837957013,0.390970093979873
Rg norm w/0.5,expr buffer only regr out,Inliers,ProtBERT,mid,190,Ridge,80/20,0.23479077633288437,0.1274795205823712
Rg norm w/0.5,expr buffer only regr out,Inliers,ProtBERT,mid,190,Lasso,80/20,0.1904489263683099,0.13112105953735234
Rg norm w/0.5,expr buffer only regr out,Inliers,ProtBERT,mid,190,Kernel Ridge,80/20,0.09858995670382975,0.1383603078615227
Rg norm w/0.5,expr buffer only regr out,Inliers,ProtBERT,mid,190,GPR,80/20,-0.8064575156019993,0.19586832054567727
Rg norm w/0.5,expr buffer only regr out,Inliers,ProtBERT,mid,190,Linear,85/15,-3.945194780922588,0.34467965967149766
Rg norm w/0.5,expr buffer only regr out,Inliers,ProtBERT,mid,190,Ridge,85/15,0.24741864151966975,0.13446234550847444
Rg norm w/0.5,expr buffer only regr out,Inliers,ProtBERT,mid,190,Lasso,85/15,0.19951614289743846,0.13867566061978492
Rg norm w/0.5,expr buffer only regr out,Inliers,ProtBERT,mid,190,Kernel Ridge,85/15,0.25338335760766206,0.13392843300034069
Rg norm w/0.5,expr buffer only regr out,Inliers,ProtBERT,mid,190,GPR,85/15,-0.5068611535951364,0.19026573050415546
Rg norm w/0.5,expr buffer only regr out,Inliers,ProtBERT,mid,190,Linear,90/10,-3.9085462492807332,0.3203263460570665
Rg norm w/0.5,expr buffer only regr out,Inliers,ProtBERT,mid,190,Ridge,90/10,0.46656307745178127,0.10559850078926374
Rg norm w/0.5,expr buffer only regr out,Inliers,ProtBERT,mid,190,Lasso,90/10,0.46179099142894986,0.10606978717998178
Rg norm w/0.5,expr buffer only regr out,Inliers,ProtBERT,mid,190,Kernel Ridge,90/10,0.4892683925955583,0.10332670585923713
Rg norm w/0.5,expr buffer only regr out,Inliers,ProtBERT,mid,190,GPR,90/10,-0.3289142435862642,0.16667278576420363
Rg norm w/0.418,expr buffer only regr out,All,ProtBERT,mid,190,Linear,80/20,-0.6487161477551064,0.6583559705203226
Rg norm w/0.418,expr buffer only regr out,All,ProtBERT,mid,190,Ridge,80/20,0.3974870960582496,0.397988945205249
Rg norm w/0.418,expr buffer only regr out,All,ProtBERT,mid,190,Lasso,80/20,-0.009166453900091298,0.5150735344249134
Rg norm w/0.418,expr buffer only regr out,All,ProtBERT,mid,190,Kernel Ridge,80/20,0.027929627865517892,0.5055180719057655
Rg norm w/0.418,expr buffer only regr out,All,ProtBERT,mid,190,GPR,80/20,0.8178888880225764,0.21880440237334461
Rg norm w/0.418,expr buffer only regr out,All,ProtBERT,mid,190,Linear,85/15,-0.664357715287671,0.6609316256297254
Rg norm w/0.418,expr buffer only regr out,All,ProtBERT,mid,190,Ridge,85/15,0.3958854960245132,0.3981922727683449
Rg norm w/0.418,expr buffer only regr out,All,ProtBERT,mid,190,Lasso,85/15,0.050452339977528626,0.49921954549434966
Rg norm w/0.418,expr buffer only regr out,All,ProtBERT,mid,190,Kernel Ridge,85/15,0.8052791617407238,0.22606816641157337
Rg norm w/0.418,expr buffer only regr out,All,ProtBERT,mid,190,GPR,85/15,0.8075230398539852,0.22476183657926832
Rg norm w/0.418,expr buffer only regr out,All,ProtBERT,mid,190,Linear,90/10,0.14774965230940584,0.5646847512107172
Rg norm w/0.418,expr buffer only regr out,All,ProtBERT,mid,190,Ridge,90/10,0.4009453413732341,0.47342990953741637
Rg norm w/0.418,expr buffer only regr out,All,ProtBERT,mid,190,Lasso,90/10,0.044772971980283294,0.5978273335817703
Rg norm w/0.418,expr buffer only regr out,All,ProtBERT,mid,190,Kernel Ridge,90/10,0.8528403075923959,0.23464802455034442
Rg norm w/0.418,expr buffer only regr out,All,ProtBERT,mid,190,GPR,90/10,0.8718005069377847,0.21901084487740954
Rg norm w/0.418,expr buffer only regr out,Inliers,ProtBERT,mid,190,Linear,80/20,-6.675777923122774,0.5979770959896292
Rg norm w/0.418,expr buffer only regr out,Inliers,ProtBERT,mid,190,Ridge,80/20,0.2220481175333503,0.19037052920205297
Rg norm w/0.418,expr buffer only regr out,Inliers,ProtBERT,mid,190,Lasso,80/20,0.10074733553653059,0.20467472512603013
Rg norm w/0.418,expr buffer only regr out,Inliers,ProtBERT,mid,190,Kernel Ridge,80/20,0.10761602869197218,0.20389155106037254
Rg norm w/0.418,expr buffer only regr out,Inliers,ProtBERT,mid,190,GPR,80/20,-0.8178232535010874,0.2910041459624172
Rg norm w/0.418,expr buffer only regr out,Inliers,ProtBERT,mid,190,Linear,85/15,-4.294478761597905,0.5262039696453379
Rg norm w/0.418,expr buffer only regr out,Inliers,ProtBERT,mid,190,Ridge,85/15,0.2366392818970946,0.1998054907517582
Rg norm w/0.418,expr buffer only regr out,Inliers,ProtBERT,mid,190,Lasso,85/15,0.2106427801300753,0.20317922881996422
Rg norm w/0.418,expr buffer only regr out,Inliers,ProtBERT,mid,190,Kernel Ridge,85/15,0.24455595547145204,0.19876671750750996
Rg norm w/0.418,expr buffer only regr out,Inliers,ProtBERT,mid,190,GPR,85/15,-0.5180217080605234,0.2817614060515258
Rg norm w/0.418,expr buffer only regr out,Inliers,ProtBERT,mid,190,Linear,90/10,-4.021048568019057,0.48720299217648905
Rg norm w/0.418,expr buffer only regr out,Inliers,ProtBERT,mid,190,Ridge,90/10,0.4549819973690111,0.1605159374999951
Rg norm w/0.418,expr buffer only regr out,Inliers,ProtBERT,mid,190,Lasso,90/10,0.4331291257999851,0.16370230989566584
Rg norm w/0.418,expr buffer only regr out,Inliers,ProtBERT,mid,190,Kernel Ridge,90/10,0.4822381246223678,0.15645079345658597
Rg norm w/0.418,expr buffer only regr out,Inliers,ProtBERT,mid,190,GPR,90/10,-0.31414837562401776,0.24924986801880528
Rg w/no norm,No regr out,All,ProtBERT,mid,20,Linear,80/20,0.13541858037832732,3.9373304523301167
Rg w/no norm,No regr out,All,ProtBERT,mid,20,Ridge,80/20,0.1299396114537078,3.949786446406049
Rg w/no norm,No regr out,All,ProtBERT,mid,20,Lasso,80/20,0.12586185916927894,3.959031450277502
Rg w/no norm,No regr out,All,ProtBERT,mid,20,Kernel Ridge,80/20,0.2009808450072278,3.785101345767557
Rg w/no norm,No regr out,All,ProtBERT,mid,20,GPR,80/20,0.7516365557298352,2.1102929776112123
Rg w/no norm,No regr out,All,ProtBERT,mid,20,Linear,85/15,0.16437110277258338,3.7527536769455097
Rg w/no norm,No regr out,All,ProtBERT,mid,20,Ridge,85/15,0.15655041832688354,3.7702738656467414
Rg w/no norm,No regr out,All,ProtBERT,mid,20,Lasso,85/15,0.11831311981140846,3.854788221454245
Rg w/no norm,No regr out,All,ProtBERT,mid,20,Kernel Ridge,85/15,0.1300187696284717,3.829113817114591
Rg w/no norm,No regr out,All,ProtBERT,mid,20,GPR,85/15,0.6909518571771374,2.282214199623245
Rg w/no norm,No regr out,All,ProtBERT,mid,20,Linear,90/10,0.1672402709811509,4.460138592656308
Rg w/no norm,No regr out,All,ProtBERT,mid,20,Ridge,90/10,0.14569168791774223,4.517475567407929
Rg w/no norm,No regr out,All,ProtBERT,mid,20,Lasso,90/10,0.10341476022014995,4.627903439528037
Rg w/no norm,No regr out,All,ProtBERT,mid,20,Kernel Ridge,90/10,0.11169677861170946,4.6064792048434775
Rg w/no norm,No regr out,All,ProtBERT,mid,20,GPR,90/10,0.7626727456604427,2.3810159455316557
Rg w/no norm,No regr out,Inliers,ProtBERT,mid,20,Linear,80/20,0.43701147272328267,1.0693517098508898
Rg w/no norm,No regr out,Inliers,ProtBERT,mid,20,Ridge,80/20,0.49166999929911126,1.0161168814546084
Rg w/no norm,No regr out,Inliers,ProtBERT,mid,20,Lasso,80/20,0.4784640961705128,1.0292311022647591
Rg w/no norm,No regr out,Inliers,ProtBERT,mid,20,Kernel Ridge,80/20,0.48398154354839484,1.023772391253279
Rg w/no norm,No regr out,Inliers,ProtBERT,mid,20,GPR,80/20,0.4738866034643683,1.0337379878369146
Rg w/no norm,No regr out,Inliers,ProtBERT,mid,20,Linear,85/15,0.19557532034318104,0.956536611765215
Rg w/no norm,No regr out,Inliers,ProtBERT,mid,20,Ridge,85/15,0.33571868684550843,0.869230430805096
Rg w/no norm,No regr out,Inliers,ProtBERT,mid,20,Lasso,85/15,0.30572114355309266,0.8886400327293913
Rg w/no norm,No regr out,Inliers,ProtBERT,mid,20,Kernel Ridge,85/15,0.35430821074627006,0.8569816766664486
Rg w/no norm,No regr out,Inliers,ProtBERT,mid,20,GPR,85/15,0.39916747605039304,0.8266765553373336
Rg w/no norm,No regr out,Inliers,ProtBERT,mid,20,Linear,90/10,0.1310006109372418,1.0634011361349711
Rg w/no norm,No regr out,Inliers,ProtBERT,mid,20,Ridge,90/10,0.27473009332307896,0.9714874918802682
Rg w/no norm,No regr out,Inliers,ProtBERT,mid,20,Lasso,90/10,0.23860575361480307,0.9953874934505443
Rg w/no norm,No regr out,Inliers,ProtBERT,mid,20,Kernel Ridge,90/10,0.1997277577177642,1.020484144021283
Rg w/no norm,No regr out,Inliers,ProtBERT,mid,20,GPR,90/10,0.5126919507716522,0.7963228485264678
Rg norm w/0.427,No regr out,All,ProtBERT,mid,20,Linear,80/20,0.14412063986905932,0.44864422647430713
Rg norm w/0.427,No regr out,All,ProtBERT,mid,20,Ridge,80/20,0.13332264694265572,0.45146546116827474
Rg norm w/0.427,No regr out,All,ProtBERT,mid,20,Lasso,80/20,-0.010103950816635399,0.4873924994520305
Rg norm w/0.427,No regr out,All,ProtBERT,mid,20,Kernel Ridge,80/20,0.011284706966456337,0.4822046926298902
Rg norm w/0.427,No regr out,All,ProtBERT,mid,20,GPR,80/20,0.696291042219124,0.26725424202764625
Rg norm w/0.427,No regr out,All,ProtBERT,mid,20,Linear,85/15,0.13658928030822637,0.4407078926701574
Rg norm w/0.427,No regr out,All,ProtBERT,mid,20,Ridge,85/15,0.13193014549005033,0.44189536629227516
Rg norm w/0.427,No regr out,All,ProtBERT,mid,20,Lasso,85/15,0.0321905266736392,0.4665917382436739
Rg norm w/0.427,No regr out,All,ProtBERT,mid,20,Kernel Ridge,85/15,0.025271156694771424,0.46825672029882626
Rg norm w/0.427,No regr out,All,ProtBERT,mid,20,GPR,85/15,0.6423164378325448,0.28365575629104184
Rg norm w/0.427,No regr out,All,ProtBERT,mid,20,Linear,90/10,0.1484644727996477,0.5253098656080012
Rg norm w/0.427,No regr out,All,ProtBERT,mid,20,Ridge,90/10,0.13286745853306603,0.5300989127223936
Rg norm w/0.427,No regr out,All,ProtBERT,mid,20,Lasso,90/10,0.02197357215487228,0.5629754624018315
Rg norm w/0.427,No regr out,All,ProtBERT,mid,20,Kernel Ridge,90/10,0.012618949992797779,0.5656614274186295
Rg norm w/0.427,No regr out,All,ProtBERT,mid,20,GPR,90/10,0.7443501772318069,0.2878305709368447
Rg norm w/0.427,No regr out,Inliers,ProtBERT,mid,20,Linear,80/20,0.09427574309356124,0.09195406340954437
Rg norm w/0.427,No regr out,Inliers,ProtBERT,mid,20,Ridge,80/20,0.15551302538097012,0.08879109327427284
Rg norm w/0.427,No regr out,Inliers,ProtBERT,mid,20,Lasso,80/20,0.16647388122873152,0.08821298785874447
Rg norm w/0.427,No regr out,Inliers,ProtBERT,mid,20,Kernel Ridge,80/20,0.1238114058544284,0.09044232608882659
Rg norm w/0.427,No regr out,Inliers,ProtBERT,mid,20,GPR,80/20,-0.30348211443991513,0.11031268717271744
Rg norm w/0.427,No regr out,Inliers,ProtBERT,mid,20,Linear,85/15,0.3608223247239052,0.07674499932706136
Rg norm w/0.427,No regr out,Inliers,ProtBERT,mid,20,Ridge,85/15,0.33384605047247073,0.07834776125364064
Rg norm w/0.427,No regr out,Inliers,ProtBERT,mid,20,Lasso,85/15,0.3454361719842549,0.0776632013655176
Rg norm w/0.427,No regr out,Inliers,ProtBERT,mid,20,Kernel Ridge,85/15,0.27992045833650037,0.08145720866576851
Rg norm w/0.427,No regr out,Inliers,ProtBERT,mid,20,GPR,85/15,-0.17783705284909646,0.104179410079526
Rg norm w/0.427,No regr out,Inliers,ProtBERT,mid,20,Linear,90/10,0.28983438907480363,0.07036684947575315
Rg norm w/0.427,No regr out,Inliers,ProtBERT,mid,20,Ridge,90/10,0.32750642867871693,0.06847504972533998
Rg norm w/0.427,No regr out,Inliers,ProtBERT,mid,20,Lasso,90/10,0.3366286297450588,0.06800904085255315
Rg norm w/0.427,No regr out,Inliers,ProtBERT,mid,20,Kernel Ridge,90/10,-0.0297671924979106,0.08473402049828999
Rg norm w/0.427,No regr out,Inliers,ProtBERT,mid,20,GPR,90/10,0.2844925561307028,0.07063100176783432
Rg norm w/0.5,No regr out,All,ProtBERT,mid,20,Linear,80/20,0.14360247319921893,0.46956004570875215
Rg norm w/0.5,No regr out,All,ProtBERT,mid,20,Ridge,80/20,0.13281907839897267,0.47250704844747216
Rg norm w/0.5,No regr out,All,ProtBERT,mid,20,Lasso,80/20,-0.009767667354325882,0.5098755235589676
Rg norm w/0.5,No regr out,All,ProtBERT,mid,20,Kernel Ridge,80/20,0.011389962026563838,0.5045055426840532
Rg norm w/0.5,No regr out,All,ProtBERT,mid,20,GPR,80/20,0.6978061311513278,0.27893066253950416
Rg norm w/0.5,No regr out,All,ProtBERT,mid,20,Linear,85/15,0.1366146972449107,0.461028885234847
Rg norm w/0.5,No regr out,All,ProtBERT,mid,20,Ridge,85/15,0.13186446589505274,0.46229540543799924
Rg norm w/0.5,No regr out,All,ProtBERT,mid,20,Lasso,85/15,0.03445610686079348,0.4875417607186094
Rg norm w/0.5,No regr out,All,ProtBERT,mid,20,Kernel Ridge,85/15,0.02533522418967038,0.48983909747601345
Rg norm w/0.5,No regr out,All,ProtBERT,mid,20,GPR,85/15,0.6438963516591222,0.2960833748147032
Rg norm w/0.5,No regr out,All,ProtBERT,mid,20,Linear,90/10,0.14840383980274463,0.5495344721491285
Rg norm w/0.5,No regr out,All,ProtBERT,mid,20,Ridge,90/10,0.13266560336037414,0.5545891623872982
Rg norm w/0.5,No regr out,All,ProtBERT,mid,20,Lasso,90/10,0.02374927707304375,0.5883811865680632
Rg norm w/0.5,No regr out,All,ProtBERT,mid,20,Kernel Ridge,90/10,0.012723520533529431,0.5916944406740974
Rg norm w/0.5,No regr out,All,ProtBERT,mid,20,GPR,90/10,0.7452063498134407,0.3005885225560221
Rg norm w/0.5,No regr out,Inliers,ProtBERT,mid,20,Linear,80/20,0.15622727793549618,0.0637268194063518
Rg norm w/0.5,No regr out,Inliers,ProtBERT,mid,20,Ridge,80/20,0.19435003451096544,0.06227054966760434
Rg norm w/0.5,No regr out,Inliers,ProtBERT,mid,20,Lasso,80/20,0.23244006758112767,0.06078069347689806
Rg norm w/0.5,No regr out,Inliers,ProtBERT,mid,20,Kernel Ridge,80/20,0.1692757898060383,0.06323214822663778
Rg norm w/0.5,No regr out,Inliers,ProtBERT,mid,20,GPR,80/20,-0.2787878585339454,0.07845285540445245
Rg norm w/0.5,No regr out,Inliers,ProtBERT,mid,20,Linear,85/15,0.4406353167535688,0.05469728868188047
Rg norm w/0.5,No regr out,Inliers,ProtBERT,mid,20,Ridge,85/15,0.3875235853680674,0.05723516807064402
Rg norm w/0.5,No regr out,Inliers,ProtBERT,mid,20,Lasso,85/15,0.38085180147382813,0.05754605872277972
Rg norm w/0.5,No regr out,Inliers,ProtBERT,mid,20,Kernel Ridge,85/15,0.3422604145757303,0.05931236862879202
Rg norm w/0.5,No regr out,Inliers,ProtBERT,mid,20,GPR,85/15,-0.08433856456669098,0.07615540456753124
Rg norm w/0.5,No regr out,Inliers,ProtBERT,mid,20,Linear,90/10,0.41408262835420473,0.04614360595474392
Rg norm w/0.5,No regr out,Inliers,ProtBERT,mid,20,Ridge,90/10,0.44905730116144227,0.04474521084617629
Rg norm w/0.5,No regr out,Inliers,ProtBERT,mid,20,Lasso,90/10,0.4617511864069819,0.04422673543750364
Rg norm w/0.5,No regr out,Inliers,ProtBERT,mid,20,Kernel Ridge,90/10,0.0736375901310643,0.058020812307128355
Rg norm w/0.5,No regr out,Inliers,ProtBERT,mid,20,GPR,90/10,0.3313428248234995,0.049294117670387445
Rg norm w/0.418,No regr out,All,ProtBERT,mid,20,Linear,80/20,0.14939224300156884,0.31065800550602024
Rg norm w/0.418,No regr out,All,ProtBERT,mid,20,Ridge,80/20,0.1385476177497208,0.3126320643835417
Rg norm w/0.418,No regr out,All,ProtBERT,mid,20,Lasso,80/20,-0.012948999481558365,0.3390093451200575
Rg norm w/0.418,No regr out,All,ProtBERT,mid,20,Kernel Ridge,80/20,0.010851640392092077,0.3350029240482973
Rg norm w/0.418,No regr out,All,ProtBERT,mid,20,GPR,80/20,0.6829727028296797,0.18965583517829418
Rg norm w/0.418,No regr out,All,ProtBERT,mid,20,Linear,85/15,0.13774911554661984,0.30634860563067645
Rg norm w/0.418,No regr out,All,ProtBERT,mid,20,Ridge,85/15,0.13378801358571302,0.30705146811793654
Rg norm w/0.418,No regr out,All,ProtBERT,mid,20,Lasso,85/15,0.023169674756938652,0.326068353508728
Rg norm w/0.418,No regr out,All,ProtBERT,mid,20,Kernel Ridge,85/15,0.0250422354496892,0.3257556709142438
Rg norm w/0.418,No regr out,All,ProtBERT,mid,20,GPR,85/15,0.6282231178047155,0.20115937342016577
Rg norm w/0.418,No regr out,All,ProtBERT,mid,20,Linear,90/10,0.1501126066737124,0.3651049304463579
Rg norm w/0.418,No regr out,All,ProtBERT,mid,20,Ridge,90/10,0.13562412399996415,0.3682038480574216
Rg norm w/0.418,No regr out,All,ProtBERT,mid,20,Lasso,90/10,0.013391303273847077,0.3933774618376811
Rg norm w/0.418,No regr out,All,ProtBERT,mid,20,Kernel Ridge,90/10,0.012008927668302638,0.3936529535594522
Rg norm w/0.418,No regr out,All,ProtBERT,mid,20,GPR,90/10,0.7356418424831319,0.20362606198367697
Rg norm w/0.418,No regr out,Inliers,ProtBERT,mid,20,Linear,80/20,0.09125867269752885,0.09637312176869482
Rg norm w/0.418,No regr out,Inliers,ProtBERT,mid,20,Ridge,80/20,0.1547201725876678,0.09294714189982174
Rg norm w/0.418,No regr out,Inliers,ProtBERT,mid,20,Lasso,80/20,0.1569688560037361,0.09282342672258369
Rg norm w/0.418,No regr out,Inliers,ProtBERT,mid,20,Kernel Ridge,80/20,0.1228045550226442,0.09468560783157845
Rg norm w/0.418,No regr out,Inliers,ProtBERT,mid,20,GPR,80/20,-0.2971622737955344,0.11514178084305311
Rg norm w/0.418,No regr out,Inliers,ProtBERT,mid,20,Linear,85/15,0.3502887652818081,0.08022482477880385
Rg norm w/0.418,No regr out,Inliers,ProtBERT,mid,20,Ridge,85/15,0.3272856857186076,0.08163265532709882
Rg norm w/0.418,No regr out,Inliers,ProtBERT,mid,20,Lasso,85/15,0.3339732242561776,0.08122588155126333
Rg norm w/0.418,No regr out,Inliers,ProtBERT,mid,20,Kernel Ridge,85/15,0.27283870235732066,0.0848719082497112
Rg norm w/0.418,No regr out,Inliers,ProtBERT,mid,20,GPR,85/15,-0.1853825905361839,0.10836221187133661
Rg norm w/0.418,No regr out,Inliers,ProtBERT,mid,20,Linear,90/10,0.27655030019449955,0.07424248298948888
Rg norm w/0.418,No regr out,Inliers,ProtBERT,mid,20,Ridge,90/10,0.31496615694453534,0.07224442379620705
Rg norm w/0.418,No regr out,Inliers,ProtBERT,mid,20,Lasso,90/10,0.32001647818900125,0.07197762493050482
Rg norm w/0.418,No regr out,Inliers,ProtBERT,mid,20,Kernel Ridge,90/10,-0.03689920303399519,0.08888256683725357
Rg norm w/0.418,No regr out,Inliers,ProtBERT,mid,20,GPR,90/10,0.28324509479588567,0.07389816504847235
Rg w/no norm,pH regr out,All,ProtBERT,mid,20,Linear,80/20,0.1354275478949224,3.9372586831113137
Rg w/no norm,pH regr out,All,ProtBERT,mid,20,Ridge,80/20,0.12993552706715916,3.9497442044480295
Rg w/no norm,pH regr out,All,ProtBERT,mid,20,Lasso,80/20,0.12586677980726646,3.958968674173325
Rg w/no norm,pH regr out,All,ProtBERT,mid,20,Kernel Ridge,80/20,0.8818753310740086,1.4553369464375714
Rg w/no norm,pH regr out,All,ProtBERT,mid,20,GPR,80/20,0.892862047502605,1.3860054049779003
Rg w/no norm,pH regr out,All,ProtBERT,mid,20,Linear,85/15,0.16436293945939007,3.752729714000048
Rg w/no norm,pH regr out,All,ProtBERT,mid,20,Ridge,85/15,0.1565364136110211,3.770262675561759
Rg w/no norm,pH regr out,All,ProtBERT,mid,20,Lasso,85/15,0.11830180897595499,3.8547695038632392
Rg w/no norm,pH regr out,All,ProtBERT,mid,20,Kernel Ridge,85/15,0.8760619835119584,1.4452424534605783
Rg w/no norm,pH regr out,All,ProtBERT,mid,20,GPR,85/15,0.8878867786971156,1.3745699810293044
Rg w/no norm,pH regr out,All,ProtBERT,mid,20,Linear,90/10,0.16721814371742683,4.460134373173355
Rg w/no norm,pH regr out,All,ProtBERT,mid,20,Ridge,90/10,0.1456683435973134,4.517472997623624
Rg w/no norm,pH regr out,All,ProtBERT,mid,20,Lasso,90/10,0.10340144317912059,4.627871947254992
Rg w/no norm,pH regr out,All,ProtBERT,mid,20,Kernel Ridge,90/10,0.8831628521917668,1.6706012003078012
Rg w/no norm,pH regr out,All,ProtBERT,mid,20,GPR,90/10,0.8953544911918367,1.5810391086782511
Rg w/no norm,pH regr out,Inliers,ProtBERT,mid,20,Linear,80/20,0.4370104945933747,1.0693289218396231
Rg w/no norm,pH regr out,Inliers,ProtBERT,mid,20,Ridge,80/20,0.49166881660560136,1.0160955272435757
Rg w/no norm,pH regr out,Inliers,ProtBERT,mid,20,Lasso,80/20,0.47846664173413955,1.0292057634279057
Rg w/no norm,pH regr out,Inliers,ProtBERT,mid,20,Kernel Ridge,80/20,0.5057032785210978,1.001970715255827
Rg w/no norm,pH regr out,Inliers,ProtBERT,mid,20,GPR,80/20,0.5116923896155688,0.9958820623869915
Rg w/no norm,pH regr out,Inliers,ProtBERT,mid,20,Linear,85/15,0.195584546069709,0.9565229660028391
Rg w/no norm,pH regr out,Inliers,ProtBERT,mid,20,Ridge,85/15,0.3357195537683778,0.8692224477986015
Rg w/no norm,pH regr out,Inliers,ProtBERT,mid,20,Lasso,85/15,0.30570988117654285,0.8886396588529734
Rg w/no norm,pH regr out,Inliers,ProtBERT,mid,20,Kernel Ridge,85/15,0.44426923476863656,0.7950371437066109
Rg w/no norm,pH regr out,Inliers,ProtBERT,mid,20,GPR,85/15,0.5212861633237519,0.7378926583675859
Rg w/no norm,pH regr out,Inliers,ProtBERT,mid,20,Linear,90/10,0.1309908012133072,1.06340692627314
Rg w/no norm,pH regr out,Inliers,ProtBERT,mid,20,Ridge,90/10,0.27471421318108113,0.9714979337786778
Rg w/no norm,pH regr out,Inliers,ProtBERT,mid,20,Lasso,90/10,0.23857095283414764,0.9954100426964304
Rg w/no norm,pH regr out,Inliers,ProtBERT,mid,20,Kernel Ridge,90/10,0.3259536405607517,0.9365526165715119
Rg w/no norm,pH regr out,Inliers,ProtBERT,mid,20,GPR,90/10,0.5304135610605685,0.7817089262077309
Rg norm w/0.427,pH regr out,All,ProtBERT,mid,20,Linear,80/20,0.1441104384461055,0.4486330275112546
Rg norm w/0.427,pH regr out,All,ProtBERT,mid,20,Ridge,80/20,0.13330139217156334,0.45145703707524587
Rg norm w/0.427,pH regr out,All,ProtBERT,mid,20,Lasso,80/20,-0.010106864476395527,0.48737813161272325
Rg norm w/0.427,pH regr out,All,ProtBERT,mid,20,Kernel Ridge,80/20,0.9166143925487396,0.1400322045139096
Rg norm w/0.427,pH regr out,All,ProtBERT,mid,20,GPR,80/20,0.9199274271932225,0.13722216561372186
Rg norm w/0.427,pH regr out,All,ProtBERT,mid,20,Linear,85/15,0.13656882772010615,0.440701073073949
Rg norm w/0.427,pH regr out,All,ProtBERT,mid,20,Ridge,85/15,0.13190416895348545,0.4418899061705299
Rg norm w/0.427,pH regr out,All,ProtBERT,mid,20,Lasso,85/15,0.0321596359530133,0.46658643807367006
Rg norm w/0.427,pH regr out,All,ProtBERT,mid,20,Kernel Ridge,85/15,0.8978676349401907,0.15156954277182955
Rg norm w/0.427,pH regr out,All,ProtBERT,mid,20,GPR,85/15,0.9108985394463467,0.14157046469071205
Rg norm w/0.427,pH regr out,All,ProtBERT,mid,20,Linear,90/10,0.1484294991320727,0.5253050018717034
Rg norm w/0.427,pH regr out,All,ProtBERT,mid,20,Ridge,90/10,0.13283154248291218,0.5300940968872859
Rg norm w/0.427,pH regr out,All,ProtBERT,mid,20,Lasso,90/10,0.021942998359675503,0.5629674884986179
Rg norm w/0.427,pH regr out,All,ProtBERT,mid,20,Kernel Ridge,90/10,0.9013245727457729,0.17881573803461104
Rg norm w/0.427,pH regr out,All,ProtBERT,mid,20,GPR,90/10,0.9142325515726499,0.16671031679625983
Rg norm w/0.427,pH regr out,Inliers,ProtBERT,mid,20,Linear,80/20,0.09428720083874675,0.09195117720027725
Rg norm w/0.427,pH regr out,Inliers,ProtBERT,mid,20,Ridge,80/20,0.15551713228006603,0.08878865205172301
Rg norm w/0.427,pH regr out,Inliers,ProtBERT,mid,20,Lasso,80/20,0.1664860405713111,0.08821013361915805
Rg norm w/0.427,pH regr out,Inliers,ProtBERT,mid,20,Kernel Ridge,80/20,0.18093170425798766,0.08744240602852266
Rg norm w/0.427,pH regr out,Inliers,ProtBERT,mid,20,GPR,80/20,0.1626897982883736,0.08841078209828156
Rg norm w/0.427,pH regr out,Inliers,ProtBERT,mid,20,Linear,85/15,0.36081307124944273,0.07674308808582381
Rg norm w/0.427,pH regr out,Inliers,ProtBERT,mid,20,Ridge,85/15,0.333831627944715,0.07834609109148437
Rg norm w/0.427,pH regr out,Inliers,ProtBERT,mid,20,Lasso,85/15,0.3454155756061692,0.07766192692527016
Rg norm w/0.427,pH regr out,Inliers,ProtBERT,mid,20,Kernel Ridge,85/15,0.3089685293036398,0.0797947358658286
Rg norm w/0.427,pH regr out,Inliers,ProtBERT,mid,20,GPR,85/15,0.3241384546049927,0.07891402531903437
Rg norm w/0.427,pH regr out,Inliers,ProtBERT,mid,20,Linear,90/10,0.2897993167621664,0.0703685286319342
Rg norm w/0.427,pH regr out,Inliers,ProtBERT,mid,20,Ridge,90/10,0.32746440733113036,0.06847713222845711
Rg norm w/0.427,pH regr out,Inliers,ProtBERT,mid,20,Lasso,90/10,0.3365389925095327,0.06801357907568673
Rg norm w/0.427,pH regr out,Inliers,ProtBERT,mid,20,Kernel Ridge,90/10,0.20114796256848988,0.07463131620738644
Rg norm w/0.427,pH regr out,Inliers,ProtBERT,mid,20,GPR,90/10,0.4756943777695215,0.060461676429481616
Rg norm w/0.5,pH regr out,All,ProtBERT,mid,20,Linear,80/20,0.1493766873936796,0.3106497025736408
Rg norm w/0.5,pH regr out,All,ProtBERT,mid,20,Ridge,80/20,0.13852165523608662,0.31262556101433175
Rg norm w/0.5,pH regr out,All,ProtBERT,mid,20,Lasso,80/20,-0.01295257409691386,0.33899778287501037
Rg norm w/0.5,pH regr out,All,ProtBERT,mid,20,Kernel Ridge,80/20,0.9134487700802111,0.09909207518193933
Rg norm w/0.5,pH regr out,All,ProtBERT,mid,20,GPR,80/20,0.9164832442118926,0.09733949964918244
Rg norm w/0.5,pH regr out,All,ProtBERT,mid,20,Linear,85/15,0.1377252322867557,0.3063430999278989
Rg norm w/0.5,pH regr out,All,ProtBERT,mid,20,Ridge,85/15,0.13375870460898487,0.30704689193624973
Rg norm w/0.5,pH regr out,All,ProtBERT,mid,20,Lasso,85/15,0.023136628167709228,0.3260634930306092
Rg norm w/0.5,pH regr out,All,ProtBERT,mid,20,Kernel Ridge,85/15,0.892564759729102,0.10813309748081586
Rg norm w/0.5,pH regr out,All,ProtBERT,mid,20,GPR,85/15,0.9052447187903858,0.1015516481519368
Rg norm w/0.5,pH regr out,All,ProtBERT,mid,20,Linear,90/10,0.1500737125079652,0.3651007683259545
Rg norm w/0.5,pH regr out,All,ProtBERT,mid,20,Ridge,90/10,0.13558444120063606,0.3681996773563984
Rg norm w/0.5,pH regr out,All,ProtBERT,mid,20,Lasso,90/10,0.013358409607195254,0.3933705339327705
Rg norm w/0.5,pH regr out,All,ProtBERT,mid,20,Kernel Ridge,90/10,0.8966829161124784,0.12729407391952757
Rg norm w/0.5,pH regr out,All,ProtBERT,mid,20,GPR,90/10,0.9093036371799159,0.11926610917601489
Rg norm w/0.5,pH regr out,Inliers,ProtBERT,mid,20,Linear,80/20,0.15624535223932223,0.06372490756387361
Rg norm w/0.5,pH regr out,Inliers,ProtBERT,mid,20,Ridge,80/20,0.1943585700808691,0.062269018586433814
Rg norm w/0.5,pH regr out,Inliers,ProtBERT,mid,20,Lasso,80/20,0.23249178559907513,0.060777473307219845
Rg norm w/0.5,pH regr out,Inliers,ProtBERT,mid,20,Kernel Ridge,80/20,0.1790421716418119,0.06285814339456881
Rg norm w/0.5,pH regr out,Inliers,ProtBERT,mid,20,GPR,80/20,0.17289836359400856,0.06309291095192333
Rg norm w/0.5,pH regr out,Inliers,ProtBERT,mid,20,Linear,85/15,0.4406263064492838,0.05469624414561427
Rg norm w/0.5,pH regr out,Inliers,ProtBERT,mid,20,Ridge,85/15,0.38751045991570965,0.05723422736744425
Rg norm w/0.5,pH regr out,Inliers,ProtBERT,mid,20,Lasso,85/15,0.38087000669068827,0.057543650304662845
Rg norm w/0.5,pH regr out,Inliers,ProtBERT,mid,20,Kernel Ridge,85/15,0.33176455388257187,0.05978211018356259
Rg norm w/0.5,pH regr out,Inliers,ProtBERT,mid,20,GPR,85/15,0.3149689853720524,0.06052873582459948
Rg norm w/0.5,pH regr out,Inliers,ProtBERT,mid,20,Linear,90/10,0.4140453307005727,0.046145452870520826
Rg norm w/0.5,pH regr out,Inliers,ProtBERT,mid,20,Ridge,90/10,0.4490169538976636,0.04474721603164959
Rg norm w/0.5,pH regr out,Inliers,ProtBERT,mid,20,Lasso,90/10,0.46168453248933705,0.044229836314809784
Rg norm w/0.5,pH regr out,Inliers,ProtBERT,mid,20,Kernel Ridge,90/10,0.30040118094400203,0.050422158895632806
Rg norm w/0.5,pH regr out,Inliers,ProtBERT,mid,20,GPR,90/10,0.5292692559904209,0.04136025280201021
Rg norm w/0.418,pH regr out,All,ProtBERT,mid,20,Linear,80/20,0.14359287939166232,0.46954842004977093
Rg norm w/0.418,pH regr out,All,ProtBERT,mid,20,Ridge,80/20,0.1327983609641229,0.4724983473016066
Rg norm w/0.418,pH regr out,All,ProtBERT,mid,20,Lasso,80/20,-0.00977050554824288,0.5098607604359422
Rg norm w/0.418,pH regr out,All,ProtBERT,mid,20,Kernel Ridge,80/20,0.9167643493457865,0.14638444758488833
Rg norm w/0.418,pH regr out,All,ProtBERT,mid,20,GPR,80/20,0.920134675399248,0.14339016989851314
Rg norm w/0.418,pH regr out,All,ProtBERT,mid,20,Linear,85/15,0.13659463682605,0.4610218819716658
Rg norm w/0.418,pH regr out,All,ProtBERT,mid,20,Ridge,85/15,0.1318388714558919,0.4622898269662826
Rg norm w/0.418,pH regr out,All,ProtBERT,mid,20,Lasso,85/15,0.034425316612719525,0.4875364643193181
Rg norm w/0.418,pH regr out,All,ProtBERT,mid,20,Kernel Ridge,85/15,0.8982446298672988,0.15826789910123332
Rg norm w/0.418,pH regr out,All,ProtBERT,mid,20,GPR,85/15,0.9113448935385163,0.14772909798345668
Rg norm w/0.418,pH regr out,All,ProtBERT,mid,20,Linear,90/10,0.1483693099159339,0.5495295185397301
Rg norm w/0.418,pH regr out,All,ProtBERT,mid,20,Ridge,90/10,0.13263011501306587,0.5545842656174679
Rg norm w/0.418,pH regr out,All,ProtBERT,mid,20,Lasso,90/10,0.02371857494160623,0.5883732062991545
Rg norm w/0.418,pH regr out,All,ProtBERT,mid,20,Kernel Ridge,90/10,0.9016437002548632,0.18675251751978175
Rg norm w/0.418,pH regr out,All,ProtBERT,mid,20,GPR,90/10,0.9146161867072319,0.17400156223168436
Rg norm w/0.418,pH regr out,Inliers,ProtBERT,mid,20,Linear,80/20,0.0912691466733695,0.09637008754152494
Rg norm w/0.418,pH regr out,Inliers,ProtBERT,mid,20,Ridge,80/20,0.15472362502658543,0.09294456135911748
Rg norm w/0.418,pH regr out,Inliers,ProtBERT,mid,20,Lasso,80/20,0.15697865817913237,0.09282049954419207
Rg norm w/0.418,pH regr out,Inliers,ProtBERT,mid,20,Kernel Ridge,80/20,0.18423202474338385,0.091307813441452
Rg norm w/0.418,pH regr out,Inliers,ProtBERT,mid,20,GPR,80/20,0.16399806502829917,0.09243325739269348
Rg norm w/0.418,pH regr out,Inliers,ProtBERT,mid,20,Linear,85/15,0.3502795111805853,0.08022278560961864
Rg norm w/0.418,pH regr out,Inliers,ProtBERT,mid,20,Ridge,85/15,0.32727114246457034,0.08163088139605837
Rg norm w/0.418,pH regr out,Inliers,ProtBERT,mid,20,Lasso,85/15,0.33395169011108006,0.08122455154575975
Rg norm w/0.418,pH regr out,Inliers,ProtBERT,mid,20,Kernel Ridge,85/15,0.30702440099011585,0.08285017463510445
Rg norm w/0.418,pH regr out,Inliers,ProtBERT,mid,20,GPR,85/15,0.32696494759034644,0.08164945657214423
Rg norm w/0.418,pH regr out,Inliers,ProtBERT,mid,20,Linear,90/10,0.276515527536236,0.0742441405028421
Rg norm w/0.418,pH regr out,Inliers,ProtBERT,mid,20,Ridge,90/10,0.314924017929042,0.07224652248437435
Rg norm w/0.418,pH regr out,Inliers,ProtBERT,mid,20,Lasso,90/10,0.319921820116313,0.07198251178934056
Rg norm w/0.418,pH regr out,Inliers,ProtBERT,mid,20,Kernel Ridge,90/10,0.19266631155295477,0.07842853706958773
Rg norm w/0.418,pH regr out,Inliers,ProtBERT,mid,20,GPR,90/10,0.4718415689479938,0.06343510821198937
Rg w/no norm,buffer regr out,All,ProtBERT,mid,20,Linear,80/20,0.15336550758151846,4.001586069394304
Rg w/no norm,buffer regr out,All,ProtBERT,mid,20,Ridge,80/20,0.14050508242776927,4.031863680868764
Rg w/no norm,buffer regr out,All,ProtBERT,mid,20,Lasso,80/20,0.01604262344406071,4.313922378642966
Rg w/no norm,buffer regr out,All,ProtBERT,mid,20,Kernel Ridge,80/20,0.8650521653624259,1.597596659136264
Rg w/no norm,buffer regr out,All,ProtBERT,mid,20,GPR,80/20,0.8666886928702582,1.5878799936795032
Rg w/no norm,buffer regr out,All,ProtBERT,mid,20,Linear,85/15,0.13780079639686127,4.017504723555609
Rg w/no norm,buffer regr out,All,ProtBERT,mid,20,Ridge,85/15,0.13261217209488052,4.029575052155424
Rg w/no norm,buffer regr out,All,ProtBERT,mid,20,Lasso,85/15,0.011385818841688544,4.301956407800434
Rg w/no norm,buffer regr out,All,ProtBERT,mid,20,Kernel Ridge,85/15,0.8403846096868672,1.7285819330630334
Rg w/no norm,buffer regr out,All,ProtBERT,mid,20,GPR,85/15,0.8525319755071532,1.6615044874431804
Rg w/no norm,buffer regr out,All,ProtBERT,mid,20,Linear,90/10,0.15429159361188172,4.741341015406967
Rg w/no norm,buffer regr out,All,ProtBERT,mid,20,Ridge,90/10,0.13533866682078888,4.794175055357737
Rg w/no norm,buffer regr out,All,ProtBERT,mid,20,Lasso,90/10,0.09567597867404742,4.9028984973912015
Rg w/no norm,buffer regr out,All,ProtBERT,mid,20,Kernel Ridge,90/10,0.8567384971287306,1.9514418755856755
Rg w/no norm,buffer regr out,All,ProtBERT,mid,20,GPR,90/10,0.8690649525874008,1.865601248456739
Rg w/no norm,buffer regr out,Inliers,ProtBERT,mid,20,Linear,80/20,0.26085004060706185,1.2006645585874416
Rg w/no norm,buffer regr out,Inliers,ProtBERT,mid,20,Ridge,80/20,0.3149215121136405,1.1559141437727205
Rg w/no norm,buffer regr out,Inliers,ProtBERT,mid,20,Lasso,80/20,0.3257639871916389,1.1467305571580755
Rg w/no norm,buffer regr out,Inliers,ProtBERT,mid,20,Kernel Ridge,80/20,0.325405985733209,1.1470349585273698
Rg w/no norm,buffer regr out,Inliers,ProtBERT,mid,20,GPR,80/20,0.21967963167009563,1.2336497758859164
Rg w/no norm,buffer regr out,Inliers,ProtBERT,mid,20,Linear,85/15,0.1742898167384911,1.1132142983705047
Rg w/no norm,buffer regr out,Inliers,ProtBERT,mid,20,Ridge,85/15,0.21904523694814804,1.082624608474845
Rg w/no norm,buffer regr out,Inliers,ProtBERT,mid,20,Lasso,85/15,0.2106774929775751,1.088409186863016
Rg w/no norm,buffer regr out,Inliers,ProtBERT,mid,20,Kernel Ridge,85/15,0.32092172447691214,1.0095431215531616
Rg w/no norm,buffer regr out,Inliers,ProtBERT,mid,20,GPR,85/15,0.2996505143296776,1.0252324944317537
Rg w/no norm,buffer regr out,Inliers,ProtBERT,mid,20,Linear,90/10,0.11629150091959417,1.2985162078608747
Rg w/no norm,buffer regr out,Inliers,ProtBERT,mid,20,Ridge,90/10,0.1630760948280907,1.2636763140567373
Rg w/no norm,buffer regr out,Inliers,ProtBERT,mid,20,Lasso,90/10,0.15184676894171856,1.2721256789241864
Rg w/no norm,buffer regr out,Inliers,ProtBERT,mid,20,Kernel Ridge,90/10,0.2738516538989382,1.1770787926900619
Rg w/no norm,buffer regr out,Inliers,ProtBERT,mid,20,GPR,90/10,0.3069846193530297,1.1499111776970425
Rg norm w/0.427,buffer regr out,All,ProtBERT,mid,20,Linear,80/20,0.16831539684791608,0.44629261480054533
Rg norm w/0.427,buffer regr out,All,ProtBERT,mid,20,Ridge,80/20,0.15516265506849858,0.4498077366586893
Rg norm w/0.427,buffer regr out,All,ProtBERT,mid,20,Lasso,80/20,-0.002850052792611857,0.49007028511206563
Rg norm w/0.427,buffer regr out,All,ProtBERT,mid,20,Kernel Ridge,80/20,0.8024472470424912,0.21751134430963617
Rg norm w/0.427,buffer regr out,All,ProtBERT,mid,20,GPR,80/20,0.9075702013830512,0.14878062298448208
Rg norm w/0.427,buffer regr out,All,ProtBERT,mid,20,Linear,85/15,0.13885559990274476,0.4478987911362822
Rg norm w/0.427,buffer regr out,All,ProtBERT,mid,20,Ridge,85/15,0.13564743213452346,0.44873233231590487
Rg norm w/0.427,buffer regr out,All,ProtBERT,mid,20,Lasso,85/15,0.0474597834037771,0.4710679528415071
Rg norm w/0.427,buffer regr out,All,ProtBERT,mid,20,Kernel Ridge,85/15,0.8807913883747432,0.16664631488866413
Rg norm w/0.427,buffer regr out,All,ProtBERT,mid,20,GPR,85/15,0.8933917420656999,0.15759314506083957
Rg norm w/0.427,buffer regr out,All,ProtBERT,mid,20,Linear,90/10,0.16139835456724017,0.5311197366904629
Rg norm w/0.427,buffer regr out,All,ProtBERT,mid,20,Ridge,90/10,0.14638343460394032,0.5358534145630126
Rg norm w/0.427,buffer regr out,All,ProtBERT,mid,20,Lasso,90/10,0.04024007099766358,0.5681930171020211
Rg norm w/0.427,buffer regr out,All,ProtBERT,mid,20,Kernel Ridge,90/10,0.893273715840925,0.18947428625177268
Rg norm w/0.427,buffer regr out,All,ProtBERT,mid,20,GPR,90/10,0.9063278121596385,0.17750881189159687
Rg norm w/0.427,buffer regr out,Inliers,ProtBERT,mid,20,Linear,80/20,-0.12330722782429904,0.11533162525394913
Rg norm w/0.427,buffer regr out,Inliers,ProtBERT,mid,20,Ridge,80/20,-0.036663015865614934,0.11079443265056338
Rg norm w/0.427,buffer regr out,Inliers,ProtBERT,mid,20,Lasso,80/20,0.061238264100585194,0.10543306336849537
Rg norm w/0.427,buffer regr out,Inliers,ProtBERT,mid,20,Kernel Ridge,80/20,0.09428861238045805,0.10356047878065583
Rg norm w/0.427,buffer regr out,Inliers,ProtBERT,mid,20,GPR,80/20,0.10404943988672255,0.10300093288303906
Rg norm w/0.427,buffer regr out,Inliers,ProtBERT,mid,20,Linear,85/15,0.09752491295651444,0.10190415198218575
Rg norm w/0.427,buffer regr out,Inliers,ProtBERT,mid,20,Ridge,85/15,0.09759599252639195,0.1019001388819777
Rg norm w/0.427,buffer regr out,Inliers,ProtBERT,mid,20,Lasso,85/15,0.034797422565041036,0.10538614168387804
Rg norm w/0.427,buffer regr out,Inliers,ProtBERT,mid,20,Kernel Ridge,85/15,0.2487680373244865,0.09297395314705402
Rg norm w/0.427,buffer regr out,Inliers,ProtBERT,mid,20,GPR,85/15,0.373414507010028,0.08491109394267307
Rg norm w/0.427,buffer regr out,Inliers,ProtBERT,mid,20,Linear,90/10,0.00450032934939304,0.10038434927940332
Rg norm w/0.427,buffer regr out,Inliers,ProtBERT,mid,20,Ridge,90/10,0.05165649902873681,0.09797793544622335
Rg norm w/0.427,buffer regr out,Inliers,ProtBERT,mid,20,Lasso,90/10,-0.09442578616219599,0.10525399923851327
Rg norm w/0.427,buffer regr out,Inliers,ProtBERT,mid,20,Kernel Ridge,90/10,0.0773185388470341,0.09664320967349
Rg norm w/0.427,buffer regr out,Inliers,ProtBERT,mid,20,GPR,90/10,0.47414978922118123,0.07295859700993436
Rg norm w/0.5,buffer regr out,All,ProtBERT,mid,20,Linear,80/20,0.1751041759054801,0.3076481292425719
Rg norm w/0.5,buffer regr out,All,ProtBERT,mid,20,Ridge,80/20,0.1621861263581046,0.31004768991886733
Rg norm w/0.5,buffer regr out,All,ProtBERT,mid,20,Lasso,80/20,-0.004102188485042069,0.339424887593166
Rg norm w/0.5,buffer regr out,All,ProtBERT,mid,20,Kernel Ridge,80/20,0.799366304716929,0.15172483087830063
Rg norm w/0.5,buffer regr out,All,ProtBERT,mid,20,GPR,80/20,0.9047676539757332,0.10453144829230997
Rg norm w/0.5,buffer regr out,All,ProtBERT,mid,20,Linear,85/15,0.14419434207082338,0.30860724910618004
Rg norm w/0.5,buffer regr out,All,ProtBERT,mid,20,Ridge,85/15,0.1413670648773515,0.30911659301770206
Rg norm w/0.5,buffer regr out,All,ProtBERT,mid,20,Lasso,85/15,0.04356009092287416,0.3262476494660519
Rg norm w/0.5,buffer regr out,All,ProtBERT,mid,20,Kernel Ridge,85/15,0.8761033912951908,0.11742167092361239
Rg norm w/0.5,buffer regr out,All,ProtBERT,mid,20,GPR,85/15,0.8885578545438744,0.11136360438624208
Rg norm w/0.5,buffer regr out,All,ProtBERT,mid,20,Linear,90/10,0.16685537405979445,0.3659681786326933
Rg norm w/0.5,buffer regr out,All,ProtBERT,mid,20,Ridge,90/10,0.15258157681795093,0.3690898283041695
Rg norm w/0.5,buffer regr out,All,ProtBERT,mid,20,Lasso,90/10,0.03616526522787167,0.39362657616225477
Rg norm w/0.5,buffer regr out,All,ProtBERT,mid,20,Kernel Ridge,90/10,0.8897040684157443,0.13315665369665
Rg norm w/0.5,buffer regr out,All,ProtBERT,mid,20,GPR,90/10,0.9026064855251544,0.12512616810846527
Rg norm w/0.5,buffer regr out,Inliers,ProtBERT,mid,20,Linear,80/20,-0.03524639997254675,0.08133554364399635
Rg norm w/0.5,buffer regr out,Inliers,ProtBERT,mid,20,Ridge,80/20,0.030520295311443957,0.07870962989872818
Rg norm w/0.5,buffer regr out,Inliers,ProtBERT,mid,20,Lasso,80/20,0.09474670533569884,0.07605776624900655
Rg norm w/0.5,buffer regr out,Inliers,ProtBERT,mid,20,Kernel Ridge,80/20,0.10758815550575351,0.07551638157858707
Rg norm w/0.5,buffer regr out,Inliers,ProtBERT,mid,20,GPR,80/20,0.10725925074768661,0.07553029634745774
Rg norm w/0.5,buffer regr out,Inliers,ProtBERT,mid,20,Linear,85/15,0.16848130688508722,0.07249541363106905
Rg norm w/0.5,buffer regr out,Inliers,ProtBERT,mid,20,Ridge,85/15,0.15380810856762983,0.07313225305901488
Rg norm w/0.5,buffer regr out,Inliers,ProtBERT,mid,20,Lasso,85/15,0.1710654965200944,0.07238267552925998
Rg norm w/0.5,buffer regr out,Inliers,ProtBERT,mid,20,Kernel Ridge,85/15,0.1348080778335583,0.0739487354275315
Rg norm w/0.5,buffer regr out,Inliers,ProtBERT,mid,20,GPR,85/15,0.35571529499516885,0.06381362772677522
Rg norm w/0.5,buffer regr out,Inliers,ProtBERT,mid,20,Linear,90/10,0.07351694315407509,0.06739986876367358
Rg norm w/0.5,buffer regr out,Inliers,ProtBERT,mid,20,Ridge,90/10,0.13612863232539973,0.06508259336934438
Rg norm w/0.5,buffer regr out,Inliers,ProtBERT,mid,20,Lasso,90/10,0.19392321799070333,0.06286783666505777
Rg norm w/0.5,buffer regr out,Inliers,ProtBERT,mid,20,Kernel Ridge,90/10,0.11346023255384019,0.06593096326025383
Rg norm w/0.5,buffer regr out,Inliers,ProtBERT,mid,20,GPR,90/10,0.5086714620776184,0.04908245817551085
Rg norm w/0.418,buffer regr out,All,ProtBERT,mid,20,Linear,80/20,0.16759522179321662,0.46735035390989843
Rg norm w/0.418,buffer regr out,All,ProtBERT,mid,20,Ridge,80/20,0.15441575707390998,0.47103560309846026
Rg norm w/0.418,buffer regr out,All,ProtBERT,mid,20,Lasso,80/20,-0.0027055619824478683,0.5129346121073015
Rg norm w/0.418,buffer regr out,All,ProtBERT,mid,20,Kernel Ridge,80/20,0.8026122098984749,0.22758070375297582
Rg norm w/0.418,buffer regr out,All,ProtBERT,mid,20,GPR,80/20,0.9076721791473671,0.15564729817448633
Rg norm w/0.418,buffer regr out,All,ProtBERT,mid,20,Linear,85/15,0.13834274629582355,0.46905883371293167
Rg norm w/0.418,buffer regr out,All,ProtBERT,mid,20,Ridge,85/15,0.13508296497549654,0.4699452568288619
Rg norm w/0.418,buffer regr out,All,ProtBERT,mid,20,Lasso,85/15,-0.00022990882499773768,0.505370588745211
Rg norm w/0.418,buffer regr out,All,ProtBERT,mid,20,Kernel Ridge,85/15,0.8810757856497005,0.17425898925478367
Rg norm w/0.418,buffer regr out,All,ProtBERT,mid,20,GPR,85/15,0.893692778949551,0.16475607149919316
Rg norm w/0.418,buffer regr out,All,ProtBERT,mid,20,Linear,90/10,0.1608475038237992,0.5561987670948191
Rg norm w/0.418,buffer regr out,All,ProtBERT,mid,20,Ridge,90/10,0.14573888382299072,0.5611835032426603
Rg norm w/0.418,buffer regr out,All,ProtBERT,mid,20,Lasso,90/10,0.04036889480824213,0.5947873656591774
Rg norm w/0.418,buffer regr out,All,ProtBERT,mid,20,Kernel Ridge,90/10,0.893456427303176,0.19818610586130675
Rg norm w/0.418,buffer regr out,All,ProtBERT,mid,20,GPR,90/10,0.9065317290543846,0.18562722865446263
Rg norm w/0.418,buffer regr out,Inliers,ProtBERT,mid,20,Linear,80/20,-0.13044730041927965,0.12058606905061364
Rg norm w/0.418,buffer regr out,Inliers,ProtBERT,mid,20,Ridge,80/20,-0.04182116694318272,0.11576267822833985
Rg norm w/0.418,buffer regr out,Inliers,ProtBERT,mid,20,Lasso,80/20,0.06208302930445586,0.10983839405288008
Rg norm w/0.418,buffer regr out,Inliers,ProtBERT,mid,20,Kernel Ridge,80/20,0.09465647025243928,0.10791422061698042
Rg norm w/0.418,buffer regr out,Inliers,ProtBERT,mid,20,GPR,80/20,0.10446732415172677,0.10732791579070484
Rg norm w/0.418,buffer regr out,Inliers,ProtBERT,mid,20,Linear,85/15,0.08984059614434659,0.10647893485688129
Rg norm w/0.418,buffer regr out,Inliers,ProtBERT,mid,20,Ridge,85/15,0.09173356356790663,0.10636814873196421
Rg norm w/0.418,buffer regr out,Inliers,ProtBERT,mid,20,Lasso,85/15,0.037622417005421016,0.10949082217386591
Rg norm w/0.418,buffer regr out,Inliers,ProtBERT,mid,20,Kernel Ridge,85/15,0.252906521602024,0.09647003597089783
Rg norm w/0.418,buffer regr out,Inliers,ProtBERT,mid,20,GPR,85/15,0.37542174327373323,0.08820605492113422
Rg norm w/0.418,buffer regr out,Inliers,ProtBERT,mid,20,Linear,90/10,-0.0005040482844449468,0.10560116817367972
Rg norm w/0.418,buffer regr out,Inliers,ProtBERT,mid,20,Ridge,90/10,0.04480681979900791,0.10318222860738172
Rg norm w/0.418,buffer regr out,Inliers,ProtBERT,mid,20,Lasso,90/10,-0.09292052225420488,0.11037064684625962
Rg norm w/0.418,buffer regr out,Inliers,ProtBERT,mid,20,Kernel Ridge,90/10,0.07633816164781693,0.10146489207354029
Rg norm w/0.418,buffer regr out,Inliers,ProtBERT,mid,20,GPR,90/10,0.469692577620465,0.076881730508886
Rg w/no norm,expr pH only regr out,All,ProtBERT,mid,20,Linear,80/20,0.16867500566702143,4.022539201594453
Rg w/no norm,expr pH only regr out,All,ProtBERT,mid,20,Ridge,80/20,0.1633296089673818,4.035450887260802
Rg w/no norm,expr pH only regr out,All,ProtBERT,mid,20,Lasso,80/20,0.1080790731210648,4.166563864934609
Rg w/no norm,expr pH only regr out,All,ProtBERT,mid,20,Kernel Ridge,80/20,0.22143299164615893,3.892806927894195
Rg w/no norm,expr pH only regr out,All,ProtBERT,mid,20,GPR,80/20,0.6888422705764314,2.460963446479405
Rg w/no norm,expr pH only regr out,All,ProtBERT,mid,20,Linear,85/15,0.19568815116744087,3.91992266187272
Rg w/no norm,expr pH only regr out,All,ProtBERT,mid,20,Ridge,85/15,0.189764806685772,3.9343302948627747
Rg w/no norm,expr pH only regr out,All,ProtBERT,mid,20,Lasso,85/15,0.1578447327864636,4.0110802405800925
Rg w/no norm,expr pH only regr out,All,ProtBERT,mid,20,Kernel Ridge,85/15,0.3922788076342283,3.4073555689442423
Rg w/no norm,expr pH only regr out,All,ProtBERT,mid,20,GPR,85/15,0.6893737281343348,2.4360396766894117
Rg w/no norm,expr pH only regr out,All,ProtBERT,mid,20,Linear,90/10,0.18164603163304893,4.514195427603093
Rg w/no norm,expr pH only regr out,All,ProtBERT,mid,20,Ridge,90/10,0.1584979722978831,4.577594762553822
Rg w/no norm,expr pH only regr out,All,ProtBERT,mid,20,Lasso,90/10,0.11500309762059635,4.694405872719072
Rg w/no norm,expr pH only regr out,All,ProtBERT,mid,20,Kernel Ridge,90/10,0.8047024569190532,2.2052516212296034
Rg w/no norm,expr pH only regr out,All,ProtBERT,mid,20,GPR,90/10,0.8258286648091132,2.082562772383782
Rg w/no norm,expr pH only regr out,Inliers,ProtBERT,mid,20,Linear,80/20,0.2662126051990803,1.9027983697298294
Rg w/no norm,expr pH only regr out,Inliers,ProtBERT,mid,20,Ridge,80/20,0.32672058810980475,1.8226585381268172
Rg w/no norm,expr pH only regr out,Inliers,ProtBERT,mid,20,Lasso,80/20,0.30368517415446583,1.8535763014858793
Rg w/no norm,expr pH only regr out,Inliers,ProtBERT,mid,20,Kernel Ridge,80/20,0.3591782079127591,1.7781823009506468
Rg w/no norm,expr pH only regr out,Inliers,ProtBERT,mid,20,GPR,80/20,-0.42045211974450925,2.647408425781152
Rg w/no norm,expr pH only regr out,Inliers,ProtBERT,mid,20,Linear,85/15,0.16481261813510883,1.9283628580826608
Rg w/no norm,expr pH only regr out,Inliers,ProtBERT,mid,20,Ridge,85/15,0.22811222587212365,1.8538469507707604
Rg w/no norm,expr pH only regr out,Inliers,ProtBERT,mid,20,Lasso,85/15,0.16358382298483465,1.9297809182969827
Rg w/no norm,expr pH only regr out,Inliers,ProtBERT,mid,20,Kernel Ridge,85/15,0.33206387427594164,1.7245042238812243
Rg w/no norm,expr pH only regr out,Inliers,ProtBERT,mid,20,GPR,85/15,-0.41424554350692633,2.5093382422452017
Rg w/no norm,expr pH only regr out,Inliers,ProtBERT,mid,20,Linear,90/10,0.2852028836738283,1.75236584780909
Rg w/no norm,expr pH only regr out,Inliers,ProtBERT,mid,20,Ridge,90/10,0.3406485940792494,1.6830299829067625
Rg w/no norm,expr pH only regr out,Inliers,ProtBERT,mid,20,Lasso,90/10,0.287551399673578,1.7494847189481637
Rg w/no norm,expr pH only regr out,Inliers,ProtBERT,mid,20,Kernel Ridge,90/10,0.3825223379281264,1.6287109275935425
Rg w/no norm,expr pH only regr out,Inliers,ProtBERT,mid,20,GPR,90/10,-0.25457730270022116,2.3215716822432477
Rg norm w/0.427,expr pH only regr out,All,ProtBERT,mid,20,Linear,80/20,0.1587751334079739,0.4646628805594104
Rg norm w/0.427,expr pH only regr out,All,ProtBERT,mid,20,Ridge,80/20,0.15338161873601552,0.46615009397733126
Rg norm w/0.427,expr pH only regr out,All,ProtBERT,mid,20,Lasso,80/20,0.13574479237828097,0.470980506025205
Rg norm w/0.427,expr pH only regr out,All,ProtBERT,mid,20,Kernel Ridge,80/20,0.1110954326712833,0.47764968784620326
Rg norm w/0.427,expr pH only regr out,All,ProtBERT,mid,20,GPR,80/20,0.6978242481591264,0.27849136580976425
Rg norm w/0.427,expr pH only regr out,All,ProtBERT,mid,20,Linear,85/15,0.15845180765629363,0.4629732789458303
Rg norm w/0.427,expr pH only regr out,All,ProtBERT,mid,20,Ridge,85/15,0.15936573660713604,0.4627218140691444
Rg norm w/0.427,expr pH only regr out,All,ProtBERT,mid,20,Lasso,85/15,0.14746717965897826,0.46598505018135555
Rg norm w/0.427,expr pH only regr out,All,ProtBERT,mid,20,Kernel Ridge,85/15,0.7207888347626845,0.26667531744083844
Rg norm w/0.427,expr pH only regr out,All,ProtBERT,mid,20,GPR,85/15,0.7006368277755965,0.2761312865040415
Rg norm w/0.427,expr pH only regr out,All,ProtBERT,mid,20,Linear,90/10,0.15175873479332014,0.5399249474459321
Rg norm w/0.427,expr pH only regr out,All,ProtBERT,mid,20,Ridge,90/10,0.14054310757702004,0.5434827271339924
Rg norm w/0.427,expr pH only regr out,All,ProtBERT,mid,20,Lasso,90/10,0.12083822304809622,0.5496776713092897
Rg norm w/0.427,expr pH only regr out,All,ProtBERT,mid,20,Kernel Ridge,90/10,0.7825206462905221,0.27339005568804325
Rg norm w/0.427,expr pH only regr out,All,ProtBERT,mid,20,GPR,90/10,0.8309928680286134,0.24100508867923434
Rg norm w/0.427,expr pH only regr out,Inliers,ProtBERT,mid,20,Linear,80/20,0.24457942198988414,0.1939637505123945
Rg norm w/0.427,expr pH only regr out,Inliers,ProtBERT,mid,20,Ridge,80/20,0.2599846901576677,0.19197581498937188
Rg norm w/0.427,expr pH only regr out,Inliers,ProtBERT,mid,20,Lasso,80/20,0.23066707880536286,0.1957416866292166
Rg norm w/0.427,expr pH only regr out,Inliers,ProtBERT,mid,20,Kernel Ridge,80/20,0.27371330228522706,0.19018673050524884
Rg norm w/0.427,expr pH only regr out,Inliers,ProtBERT,mid,20,GPR,80/20,-0.578720178725006,0.2804004766845859
Rg norm w/0.427,expr pH only regr out,Inliers,ProtBERT,mid,20,Linear,85/15,0.2700032929341185,0.19926299378053278
Rg norm w/0.427,expr pH only regr out,Inliers,ProtBERT,mid,20,Ridge,85/15,0.26626055752526945,0.1997731571638634
Rg norm w/0.427,expr pH only regr out,Inliers,ProtBERT,mid,20,Lasso,85/15,0.24010900997716988,0.20330209219894613
Rg norm w/0.427,expr pH only regr out,Inliers,ProtBERT,mid,20,Kernel Ridge,85/15,0.2604442281156705,0.20056339197032388
Rg norm w/0.427,expr pH only regr out,Inliers,ProtBERT,mid,20,GPR,85/15,-0.4082421693407057,0.2767609884042073
Rg norm w/0.427,expr pH only regr out,Inliers,ProtBERT,mid,20,Linear,90/10,0.4298261745937155,0.1659535461824841
Rg norm w/0.427,expr pH only regr out,Inliers,ProtBERT,mid,20,Ridge,90/10,0.4401654384299688,0.16444200066335674
Rg norm w/0.427,expr pH only regr out,Inliers,ProtBERT,mid,20,Lasso,90/10,0.4139063704338197,0.1682543880027101
Rg norm w/0.427,expr pH only regr out,Inliers,ProtBERT,mid,20,Kernel Ridge,90/10,0.4327544083010132,0.16552685499110914
Rg norm w/0.427,expr pH only regr out,Inliers,ProtBERT,mid,20,GPR,90/10,-0.269407950988481,0.2476187380195536
Rg norm w/0.5,expr pH only regr out,All,ProtBERT,mid,20,Linear,80/20,0.18145528937949507,0.34496489497474825
Rg norm w/0.5,expr pH only regr out,All,ProtBERT,mid,20,Ridge,80/20,0.18203330178956634,0.34484307560402955
Rg norm w/0.5,expr pH only regr out,All,ProtBERT,mid,20,Lasso,80/20,0.16714101797589997,0.34796810289891383
Rg norm w/0.5,expr pH only regr out,All,ProtBERT,mid,20,Kernel Ridge,80/20,0.32720836668282416,0.31274760281110026
Rg norm w/0.5,expr pH only regr out,All,ProtBERT,mid,20,GPR,80/20,0.48275604528269855,0.2742214420272094
Rg norm w/0.5,expr pH only regr out,All,ProtBERT,mid,20,Linear,85/15,0.16779640347472558,0.3495894078275156
Rg norm w/0.5,expr pH only regr out,All,ProtBERT,mid,20,Ridge,85/15,0.17827804452154838,0.34738088466559364
Rg norm w/0.5,expr pH only regr out,All,ProtBERT,mid,20,Lasso,85/15,0.17362501033593325,0.348363025509653
Rg norm w/0.5,expr pH only regr out,All,ProtBERT,mid,20,Kernel Ridge,85/15,0.33200559168796795,0.31320586424303104
Rg norm w/0.5,expr pH only regr out,All,ProtBERT,mid,20,GPR,85/15,0.5009884396025017,0.27070655667932164
Rg norm w/0.5,expr pH only regr out,All,ProtBERT,mid,20,Linear,90/10,0.14747704727354727,0.39480668433092575
Rg norm w/0.5,expr pH only regr out,All,ProtBERT,mid,20,Ridge,90/10,0.14412836191755785,0.3955813189758634
Rg norm w/0.5,expr pH only regr out,All,ProtBERT,mid,20,Lasso,90/10,0.12730022698379673,0.399451345368973
Rg norm w/0.5,expr pH only regr out,All,ProtBERT,mid,20,Kernel Ridge,90/10,0.31326817289075715,0.3543439682747246
Rg norm w/0.5,expr pH only regr out,All,ProtBERT,mid,20,GPR,90/10,0.7408106425250522,0.21769078189613583
Rg norm w/0.5,expr pH only regr out,Inliers,ProtBERT,mid,20,Linear,80/20,0.26110940330169097,0.1346845069751591
Rg norm w/0.5,expr pH only regr out,Inliers,ProtBERT,mid,20,Ridge,80/20,0.26773284860681323,0.13407948937829636
Rg norm w/0.5,expr pH only regr out,Inliers,ProtBERT,mid,20,Lasso,80/20,0.23400577267715494,0.13713247659280586
Rg norm w/0.5,expr pH only regr out,Inliers,ProtBERT,mid,20,Kernel Ridge,80/20,0.2712974328544592,0.13375275022995703
Rg norm w/0.5,expr pH only regr out,Inliers,ProtBERT,mid,20,GPR,80/20,-0.5556586699167769,0.19542707319049732
Rg norm w/0.5,expr pH only regr out,Inliers,ProtBERT,mid,20,Linear,85/15,0.296609383876116,0.13917048285914654
Rg norm w/0.5,expr pH only regr out,Inliers,ProtBERT,mid,20,Ridge,85/15,0.28342769056275874,0.1404684725105857
Rg norm w/0.5,expr pH only regr out,Inliers,ProtBERT,mid,20,Lasso,85/15,0.25590819607316784,0.14314036141046912
Rg norm w/0.5,expr pH only regr out,Inliers,ProtBERT,mid,20,Kernel Ridge,85/15,0.25709386636553744,0.14302627270795618
Rg norm w/0.5,expr pH only regr out,Inliers,ProtBERT,mid,20,GPR,85/15,-0.3717562443496254,0.19435124269768725
Rg norm w/0.5,expr pH only regr out,Inliers,ProtBERT,mid,20,Linear,90/10,0.4563159825326991,0.11353606894015549
Rg norm w/0.5,expr pH only regr out,Inliers,ProtBERT,mid,20,Ridge,90/10,0.46500382075078417,0.11262528688344817
Rg norm w/0.5,expr pH only regr out,Inliers,ProtBERT,mid,20,Lasso,90/10,0.44190347917704753,0.1150310880193861
Rg norm w/0.5,expr pH only regr out,Inliers,ProtBERT,mid,20,Kernel Ridge,90/10,0.44686777527523047,0.11451834164366563
Rg norm w/0.5,expr pH only regr out,Inliers,ProtBERT,mid,20,GPR,90/10,-0.2430227731076826,0.17167225532268698
Rg norm w/0.418,expr pH only regr out,All,ProtBERT,mid,20,Linear,80/20,0.13973061108364349,0.4742948623586833
Rg norm w/0.418,expr pH only regr out,All,ProtBERT,mid,20,Ridge,80/20,0.13248209569001912,0.4762888436116674
Rg norm w/0.418,expr pH only regr out,All,ProtBERT,mid,20,Lasso,80/20,0.11355273236561703,0.4814571474250439
Rg norm w/0.418,expr pH only regr out,All,ProtBERT,mid,20,Kernel Ridge,80/20,0.09747005221913696,0.48580501787440616
Rg norm w/0.418,expr pH only regr out,All,ProtBERT,mid,20,GPR,80/20,0.8150281688352721,0.2199297514935182
Rg norm w/0.418,expr pH only regr out,All,ProtBERT,mid,20,Linear,85/15,0.1466660603527159,0.4677434680721862
Rg norm w/0.418,expr pH only regr out,All,ProtBERT,mid,20,Ridge,85/15,0.14302360635291744,0.4687406860198019
Rg norm w/0.418,expr pH only regr out,All,ProtBERT,mid,20,Lasso,85/15,0.12689851629199222,0.4731301072774213
Rg norm w/0.418,expr pH only regr out,All,ProtBERT,mid,20,Kernel Ridge,85/15,0.7977193908539261,0.22773267537149744
Rg norm w/0.418,expr pH only regr out,All,ProtBERT,mid,20,GPR,85/15,0.8107500605779862,0.2202754496213857
Rg norm w/0.418,expr pH only regr out,All,ProtBERT,mid,20,Linear,90/10,0.14928129770029352,0.5543978343094123
Rg norm w/0.418,expr pH only regr out,All,ProtBERT,mid,20,Ridge,90/10,0.1352981862850685,0.5589355330794479
Rg norm w/0.418,expr pH only regr out,All,ProtBERT,mid,20,Lasso,90/10,0.11370222628473148,0.5658722071312617
Rg norm w/0.418,expr pH only regr out,All,ProtBERT,mid,20,Kernel Ridge,90/10,0.8567600352790683,0.2274891235661671
Rg norm w/0.418,expr pH only regr out,All,ProtBERT,mid,20,GPR,90/10,0.8741121764276756,0.21326539797523072
Rg norm w/0.418,expr pH only regr out,Inliers,ProtBERT,mid,20,Linear,80/20,0.24299167475938188,0.20304303085724476
Rg norm w/0.418,expr pH only regr out,Inliers,ProtBERT,mid,20,Ridge,80/20,0.2594755320414899,0.20082023276843594
Rg norm w/0.418,expr pH only regr out,Inliers,ProtBERT,mid,20,Lasso,80/20,0.2304711316977044,0.2047152603744552
Rg norm w/0.418,expr pH only regr out,Inliers,ProtBERT,mid,20,Kernel Ridge,80/20,0.2743964570095201,0.19878676082036129
Rg norm w/0.418,expr pH only regr out,Inliers,ProtBERT,mid,20,GPR,80/20,-0.5791449082340066,0.29325724608731435
Rg norm w/0.418,expr pH only regr out,Inliers,ProtBERT,mid,20,Linear,85/15,0.2668219779146235,0.20844783222920582
Rg norm w/0.418,expr pH only regr out,Inliers,ProtBERT,mid,20,Ridge,85/15,0.26429887906056393,0.2088061918435905
Rg norm w/0.418,expr pH only regr out,Inliers,ProtBERT,mid,20,Lasso,85/15,0.23856364897318882,0.21242687835429225
Rg norm w/0.418,expr pH only regr out,Inliers,ProtBERT,mid,20,Kernel Ridge,85/15,0.26110691410785825,0.20925867224502712
Rg norm w/0.418,expr pH only regr out,Inliers,ProtBERT,mid,20,GPR,85/15,-0.4120429182086689,0.2892788035297144
Rg norm w/0.418,expr pH only regr out,Inliers,ProtBERT,mid,20,Linear,90/10,0.4267232715837961,0.17401702331706398
Rg norm w/0.418,expr pH only regr out,Inliers,ProtBERT,mid,20,Ridge,90/10,0.4373572440057064,0.1723955078545868
Rg norm w/0.418,expr pH only regr out,Inliers,ProtBERT,mid,20,Lasso,90/10,0.4113723136235897,0.17633150815168186
Rg norm w/0.418,expr pH only regr out,Inliers,ProtBERT,mid,20,Kernel Ridge,90/10,0.43127321208999225,0.17332508490497375
Rg norm w/0.418,expr pH only regr out,Inliers,ProtBERT,mid,20,GPR,90/10,-0.27170341049557867,0.2591806037940317
Rg w/no norm,expr buffer only regr out,All,ProtBERT,mid,20,Linear,80/20,0.17050989463775623,4.051781908987849
Rg w/no norm,expr buffer only regr out,All,ProtBERT,mid,20,Ridge,80/20,0.16155363043042414,4.073597358550356
Rg w/no norm,expr buffer only regr out,All,ProtBERT,mid,20,Lasso,80/20,0.1219468573697654,4.168702059649552
Rg w/no norm,expr buffer only regr out,All,ProtBERT,mid,20,Kernel Ridge,80/20,0.2370378584611026,3.885902953966208
Rg w/no norm,expr buffer only regr out,All,ProtBERT,mid,20,GPR,80/20,0.7141843153625144,2.3783922714012986
Rg w/no norm,expr buffer only regr out,All,ProtBERT,mid,20,Linear,85/15,0.1624111990710565,4.139917370535913
Rg w/no norm,expr buffer only regr out,All,ProtBERT,mid,20,Ridge,85/15,0.1607203525838975,4.144093904162508
Rg w/no norm,expr buffer only regr out,All,ProtBERT,mid,20,Lasso,85/15,0.13926712265821617,4.196724285506508
Rg w/no norm,expr buffer only regr out,All,ProtBERT,mid,20,Kernel Ridge,85/15,0.387066605456877,3.5414644281607437
Rg w/no norm,expr buffer only regr out,All,ProtBERT,mid,20,GPR,85/15,0.7037862417695482,2.461947883675691
Rg w/no norm,expr buffer only regr out,All,ProtBERT,mid,20,Linear,90/10,0.15094195155700507,4.819765137169338
Rg w/no norm,expr buffer only regr out,All,ProtBERT,mid,20,Ridge,90/10,0.13396422838326327,4.86771451908608
Rg w/no norm,expr buffer only regr out,All,ProtBERT,mid,20,Lasso,90/10,0.1048123984507422,4.948963077220532
Rg w/no norm,expr buffer only regr out,All,ProtBERT,mid,20,Kernel Ridge,90/10,0.8001863870899606,2.3381357412907082
Rg w/no norm,expr buffer only regr out,All,ProtBERT,mid,20,GPR,90/10,0.8285833409247498,2.1656272006896238
Rg w/no norm,expr buffer only regr out,Inliers,ProtBERT,mid,20,Linear,80/20,0.14746631139333888,1.8888065216870074
Rg w/no norm,expr buffer only regr out,Inliers,ProtBERT,mid,20,Ridge,80/20,0.2279031944461536,1.797494526742504
Rg w/no norm,expr buffer only regr out,Inliers,ProtBERT,mid,20,Lasso,80/20,0.1941212656807585,1.8363968818930088
Rg w/no norm,expr buffer only regr out,Inliers,ProtBERT,mid,20,Kernel Ridge,80/20,0.2566508371919084,1.7637138574730835
Rg w/no norm,expr buffer only regr out,Inliers,ProtBERT,mid,20,GPR,80/20,-0.5431803537540361,2.541206992431607
Rg w/no norm,expr buffer only regr out,Inliers,ProtBERT,mid,20,Linear,85/15,0.1224758469727808,1.9348391147596493
Rg w/no norm,expr buffer only regr out,Inliers,ProtBERT,mid,20,Ridge,85/15,0.17776520879307534,1.8728941953789535
Rg w/no norm,expr buffer only regr out,Inliers,ProtBERT,mid,20,Lasso,85/15,0.13018888463468647,1.9263171701005513
Rg w/no norm,expr buffer only regr out,Inliers,ProtBERT,mid,20,Kernel Ridge,85/15,0.2991607165796264,1.7291176247372122
Rg w/no norm,expr buffer only regr out,Inliers,ProtBERT,mid,20,GPR,85/15,-0.37723872492483035,2.4239292079491976
Rg w/no norm,expr buffer only regr out,Inliers,ProtBERT,mid,20,Linear,90/10,0.2582494304207831,1.7717147855309796
Rg w/no norm,expr buffer only regr out,Inliers,ProtBERT,mid,20,Ridge,90/10,0.29506606847576333,1.7271858566565013
Rg w/no norm,expr buffer only regr out,Inliers,ProtBERT,mid,20,Lasso,90/10,0.23780368959009623,1.795966726591466
Rg w/no norm,expr buffer only regr out,Inliers,ProtBERT,mid,20,Kernel Ridge,90/10,0.3731952269142612,1.6286621846069695
Rg w/no norm,expr buffer only regr out,Inliers,ProtBERT,mid,20,GPR,90/10,-0.11310137285233202,2.170362237581383
Rg norm w/0.427,expr buffer only regr out,All,ProtBERT,mid,20,Linear,80/20,0.17444420166758912,0.45974594696670035
Rg norm w/0.427,expr buffer only regr out,All,ProtBERT,mid,20,Ridge,80/20,0.16714647130941462,0.4617735021987126
Rg norm w/0.427,expr buffer only regr out,All,ProtBERT,mid,20,Lasso,80/20,0.14965973777955988,0.4665960571707653
Rg norm w/0.427,expr buffer only regr out,All,ProtBERT,mid,20,Kernel Ridge,80/20,0.12716831327293998,0.4727264965032734
Rg norm w/0.427,expr buffer only regr out,All,ProtBERT,mid,20,GPR,80/20,0.708125381527233,0.2733649679012965
Rg norm w/0.427,expr buffer only regr out,All,ProtBERT,mid,20,Linear,85/15,0.15850532465970668,0.4660145080715444
Rg norm w/0.427,expr buffer only regr out,All,ProtBERT,mid,20,Ridge,85/15,0.1599559661281117,0.46561265670696833
Rg norm w/0.427,expr buffer only regr out,All,ProtBERT,mid,20,Lasso,85/15,0.1487527618884188,0.46870718305736764
Rg norm w/0.427,expr buffer only regr out,All,ProtBERT,mid,20,Kernel Ridge,85/15,0.7318919224567598,0.26304418204715907
Rg norm w/0.427,expr buffer only regr out,All,ProtBERT,mid,20,GPR,85/15,0.7068480109768343,0.2750553989268823
Rg norm w/0.427,expr buffer only regr out,All,ProtBERT,mid,20,Linear,90/10,0.1529780110015928,0.5473662027512374
Rg norm w/0.427,expr buffer only regr out,All,ProtBERT,mid,20,Ridge,90/10,0.1432824039965156,0.5504900572180073
Rg norm w/0.427,expr buffer only regr out,All,ProtBERT,mid,20,Lasso,90/10,0.12585817299770186,0.5560599118587445
Rg norm w/0.427,expr buffer only regr out,All,ProtBERT,mid,20,Kernel Ridge,90/10,0.7893065717024904,0.2729959038464648
Rg norm w/0.427,expr buffer only regr out,All,ProtBERT,mid,20,GPR,90/10,0.8319747907583681,0.24379110637320006
Rg norm w/0.427,expr buffer only regr out,Inliers,ProtBERT,mid,20,Linear,80/20,0.13331341596542123,0.19225730373353148
Rg norm w/0.427,expr buffer only regr out,Inliers,ProtBERT,mid,20,Ridge,80/20,0.16521250042598723,0.18868604393209246
Rg norm w/0.427,expr buffer only regr out,Inliers,ProtBERT,mid,20,Lasso,80/20,0.09881583780197878,0.1960462708799099
Rg norm w/0.427,expr buffer only regr out,Inliers,ProtBERT,mid,20,Kernel Ridge,80/20,0.1776243306226032,0.18727807507981417
Rg norm w/0.427,expr buffer only regr out,Inliers,ProtBERT,mid,20,GPR,80/20,-0.8179026012039485,0.27844352038118036
Rg norm w/0.427,expr buffer only regr out,Inliers,ProtBERT,mid,20,Linear,85/15,0.1980229654240787,0.19605859211747773
Rg norm w/0.427,expr buffer only regr out,Inliers,ProtBERT,mid,20,Ridge,85/15,0.20218515602613918,0.1955491668247083
Rg norm w/0.427,expr buffer only regr out,Inliers,ProtBERT,mid,20,Lasso,85/15,0.16463882456215895,0.2000976817733553
Rg norm w/0.427,expr buffer only regr out,Inliers,ProtBERT,mid,20,Kernel Ridge,85/15,0.19888168248232163,0.1959535991177286
Rg norm w/0.427,expr buffer only regr out,Inliers,ProtBERT,mid,20,GPR,85/15,-0.5176470141917675,0.2697058084232961
Rg norm w/0.427,expr buffer only regr out,Inliers,ProtBERT,mid,20,Linear,90/10,0.3780291770989307,0.1638196755682219
Rg norm w/0.427,expr buffer only regr out,Inliers,ProtBERT,mid,20,Ridge,90/10,0.39410559842335,0.16168864639977007
Rg norm w/0.427,expr buffer only regr out,Inliers,ProtBERT,mid,20,Lasso,90/10,0.37367585847413043,0.16439198191666543
Rg norm w/0.427,expr buffer only regr out,Inliers,ProtBERT,mid,20,Kernel Ridge,90/10,0.4041339871225973,0.16034497816709078
Rg norm w/0.427,expr buffer only regr out,Inliers,ProtBERT,mid,20,GPR,90/10,-0.29567070440932564,0.23644404207441397
Rg norm w/0.5,expr buffer only regr out,All,ProtBERT,mid,20,Linear,80/20,0.1943506856821472,0.3397675839018963
Rg norm w/0.5,expr buffer only regr out,All,ProtBERT,mid,20,Ridge,80/20,0.1935119294182357,0.33994440280406496
Rg norm w/0.5,expr buffer only regr out,All,ProtBERT,mid,20,Lasso,80/20,0.1751285172085122,0.3437969866324122
Rg norm w/0.5,expr buffer only regr out,All,ProtBERT,mid,20,Kernel Ridge,80/20,0.35046852965150377,0.3050766859067717
Rg norm w/0.5,expr buffer only regr out,All,ProtBERT,mid,20,GPR,80/20,0.4914054068118444,0.26995712260500343
Rg norm w/0.5,expr buffer only regr out,All,ProtBERT,mid,20,Linear,85/15,0.17189436455671647,0.34756783701713395
Rg norm w/0.5,expr buffer only regr out,All,ProtBERT,mid,20,Ridge,85/15,0.18184587312729628,0.34547312928053625
Rg norm w/0.5,expr buffer only regr out,All,ProtBERT,mid,20,Lasso,85/15,0.1768067939327186,0.34653539498871294
Rg norm w/0.5,expr buffer only regr out,All,ProtBERT,mid,20,Kernel Ridge,85/15,0.34748932860229476,0.3085251133078565
Rg norm w/0.5,expr buffer only regr out,All,ProtBERT,mid,20,GPR,85/15,0.5071870950581011,0.2681252701339512
Rg norm w/0.5,expr buffer only regr out,All,ProtBERT,mid,20,Linear,90/10,0.147792807783236,0.3968812857934641
Rg norm w/0.5,expr buffer only regr out,All,ProtBERT,mid,20,Ridge,90/10,0.14553206508930594,0.3974073622027948
Rg norm w/0.5,expr buffer only regr out,All,ProtBERT,mid,20,Lasso,90/10,0.12869215462948136,0.4013043207658192
Rg norm w/0.5,expr buffer only regr out,All,ProtBERT,mid,20,Kernel Ridge,90/10,0.33026174123015406,0.35183624566860294
Rg norm w/0.5,expr buffer only regr out,All,ProtBERT,mid,20,GPR,90/10,0.7435576049473369,0.2177122848398662
Rg norm w/0.5,expr buffer only regr out,Inliers,ProtBERT,mid,20,Linear,80/20,0.15622461615914895,0.13386398488048057
Rg norm w/0.5,expr buffer only regr out,Inliers,ProtBERT,mid,20,Ridge,80/20,0.17757173523101344,0.1321597891659002
Rg norm w/0.5,expr buffer only regr out,Inliers,ProtBERT,mid,20,Lasso,80/20,0.13168486380208988,0.13579663524775307
Rg norm w/0.5,expr buffer only regr out,Inliers,ProtBERT,mid,20,Kernel Ridge,80/20,0.18089463593577793,0.13189253282394497
Rg norm w/0.5,expr buffer only regr out,Inliers,ProtBERT,mid,20,GPR,80/20,-0.8064575155892519,0.19586832054498618
Rg norm w/0.5,expr buffer only regr out,Inliers,ProtBERT,mid,20,Linear,85/15,0.22359963413325146,0.13657361972593807
Rg norm w/0.5,expr buffer only regr out,Inliers,ProtBERT,mid,20,Ridge,85/15,0.21862084129320125,0.13701082014724836
Rg norm w/0.5,expr buffer only regr out,Inliers,ProtBERT,mid,20,Lasso,85/15,0.17892783487200203,0.14044769599216933
Rg norm w/0.5,expr buffer only regr out,Inliers,ProtBERT,mid,20,Kernel Ridge,85/15,0.19086924332794186,0.13942264235846483
Rg norm w/0.5,expr buffer only regr out,Inliers,ProtBERT,mid,20,GPR,85/15,-0.5068706058021499,0.19026632725065984
Rg norm w/0.5,expr buffer only regr out,Inliers,ProtBERT,mid,20,Linear,90/10,0.40098825521240744,0.11190097870041485
Rg norm w/0.5,expr buffer only regr out,Inliers,ProtBERT,mid,20,Ridge,90/10,0.4181759451858813,0.11028388391613334
Rg norm w/0.5,expr buffer only regr out,Inliers,ProtBERT,mid,20,Lasso,90/10,0.4005434756687182,0.1119425154741411
Rg norm w/0.5,expr buffer only regr out,Inliers,ProtBERT,mid,20,Kernel Ridge,90/10,0.41138685045999956,0.11092544919776332
Rg norm w/0.5,expr buffer only regr out,Inliers,ProtBERT,mid,20,GPR,90/10,-0.3053583516408547,0.16518898785162087
Rg norm w/0.418,expr buffer only regr out,All,ProtBERT,mid,20,Linear,80/20,0.15962825876425368,0.4700278081898239
Rg norm w/0.418,expr buffer only regr out,All,ProtBERT,mid,20,Ridge,80/20,0.149764488189283,0.4727782108617011
Rg norm w/0.418,expr buffer only regr out,All,ProtBERT,mid,20,Lasso,80/20,-0.009166453900091298,0.5150735344249134
Rg norm w/0.418,expr buffer only regr out,All,ProtBERT,mid,20,Kernel Ridge,80/20,0.11636629465858817,0.4819743977535315
Rg norm w/0.418,expr buffer only regr out,All,ProtBERT,mid,20,GPR,80/20,0.8211029836263757,0.21686495750504434
Rg norm w/0.418,expr buffer only regr out,All,ProtBERT,mid,20,Linear,85/15,0.1471262516568389,0.47312464401338494
Rg norm w/0.418,expr buffer only regr out,All,ProtBERT,mid,20,Ridge,85/15,0.14435484258908293,0.4738927286542899
Rg norm w/0.418,expr buffer only regr out,All,ProtBERT,mid,20,Lasso,85/15,0.050438151149101995,0.4992232753303103
Rg norm w/0.418,expr buffer only regr out,All,ProtBERT,mid,20,Kernel Ridge,85/15,0.803372321847122,0.22717237690787254
Rg norm w/0.418,expr buffer only regr out,All,ProtBERT,mid,20,GPR,85/15,0.8117815537527626,0.22226152436322652
Rg norm w/0.418,expr buffer only regr out,All,ProtBERT,mid,20,Linear,90/10,0.1541626549232351,0.5625561730457148
Rg norm w/0.418,expr buffer only regr out,All,ProtBERT,mid,20,Ridge,90/10,0.14139622056926904,0.5667856740139781
Rg norm w/0.418,expr buffer only regr out,All,ProtBERT,mid,20,Lasso,90/10,0.044760984837879714,0.5978310846371153
Rg norm w/0.418,expr buffer only regr out,All,ProtBERT,mid,20,Kernel Ridge,90/10,0.85231755084396,0.23506442626476187
Rg norm w/0.418,expr buffer only regr out,All,ProtBERT,mid,20,GPR,90/10,0.871730364307713,0.21907075110482177
Rg norm w/0.418,expr buffer only regr out,Inliers,ProtBERT,mid,20,Linear,80/20,0.130960945124595,0.2012069585353937
Rg norm w/0.418,expr buffer only regr out,Inliers,ProtBERT,mid,20,Ridge,80/20,0.16414087391179333,0.19732853582384893
Rg norm w/0.418,expr buffer only regr out,Inliers,ProtBERT,mid,20,Lasso,80/20,0.09843814318039623,0.2049373489132106
Rg norm w/0.418,expr buffer only regr out,Inliers,ProtBERT,mid,20,Kernel Ridge,80/20,0.17765790251249458,0.19572649132204023
Rg norm w/0.418,expr buffer only regr out,Inliers,ProtBERT,mid,20,GPR,80/20,-0.8178232533694265,0.2910041459518788
Rg norm w/0.418,expr buffer only regr out,Inliers,ProtBERT,mid,20,Linear,85/15,0.1950267157886859,0.20517916039558512
Rg norm w/0.418,expr buffer only regr out,Inliers,ProtBERT,mid,20,Ridge,85/15,0.20032286142584244,0.20450308082940716
Rg norm w/0.418,expr buffer only regr out,Inliers,ProtBERT,mid,20,Lasso,85/15,0.1635194557658719,0.20915605262886336
Rg norm w/0.418,expr buffer only regr out,Inliers,ProtBERT,mid,20,Kernel Ridge,85/15,0.20016983870161764,0.20452264630159717
Rg norm w/0.418,expr buffer only regr out,Inliers,ProtBERT,mid,20,GPR,85/15,-0.5180217080294156,0.2817614060486388
Rg norm w/0.418,expr buffer only regr out,Inliers,ProtBERT,mid,20,Linear,90/10,0.3753063886947089,0.1718487066599005
Rg norm w/0.418,expr buffer only regr out,Inliers,ProtBERT,mid,20,Ridge,90/10,0.39130787293753533,0.16963348248238283
Rg norm w/0.418,expr buffer only regr out,Inliers,ProtBERT,mid,20,Lasso,90/10,0.33661620528920355,0.17709045952144334
Rg norm w/0.418,expr buffer only regr out,Inliers,ProtBERT,mid,20,Kernel Ridge,90/10,0.40341870247833955,0.16793744939562036
Rg norm w/0.418,expr buffer only regr out,Inliers,ProtBERT,mid,20,GPR,90/10,-0.29368358363918445,0.24730151066965253
Rg w/no norm,No regr out,All,ProtBERT,mid,50,Linear,80/20,0.25519659100522185,3.654430817818831
Rg w/no norm,No regr out,All,ProtBERT,mid,50,Ridge,80/20,0.22745295186276548,3.721871592012621
Rg w/no norm,No regr out,All,ProtBERT,mid,50,Lasso,80/20,0.11802439816201427,3.9767400439313803
Rg w/no norm,No regr out,All,ProtBERT,mid,50,Kernel Ridge,80/20,0.14527556627177074,3.9148216043806747
Rg w/no norm,No regr out,All,ProtBERT,mid,50,GPR,80/20,0.7411979555840779,2.1541838623703233
Rg w/no norm,No regr out,All,ProtBERT,mid,50,Linear,85/15,0.20384401352849435,3.663046372005316
Rg w/no norm,No regr out,All,ProtBERT,mid,50,Ridge,85/15,0.23908612168305732,3.581055787671376
Rg w/no norm,No regr out,All,ProtBERT,mid,50,Lasso,85/15,0.15406083190633757,3.7758340713869156
Rg w/no norm,No regr out,All,ProtBERT,mid,50,Kernel Ridge,85/15,0.16803102119592905,3.7445264337236357
Rg w/no norm,No regr out,All,ProtBERT,mid,50,GPR,85/15,0.6810573930962189,2.318459981018803
Rg w/no norm,No regr out,All,ProtBERT,mid,50,Linear,90/10,0.19825481364493813,4.37629588155551
Rg w/no norm,No regr out,All,ProtBERT,mid,50,Ridge,90/10,0.2239911090819251,4.305482664893626
Rg w/no norm,No regr out,All,ProtBERT,mid,50,Lasso,90/10,0.13811142728255588,4.537473041436888
Rg w/no norm,No regr out,All,ProtBERT,mid,50,Kernel Ridge,90/10,0.14985174277529,4.50646321984546
Rg w/no norm,No regr out,All,ProtBERT,mid,50,GPR,90/10,0.7319874091888403,2.5302655055934826
Rg w/no norm,No regr out,Inliers,ProtBERT,mid,50,Linear,80/20,0.007059298473759079,1.4201442259855652
Rg w/no norm,No regr out,Inliers,ProtBERT,mid,50,Ridge,80/20,0.4086441099478101,1.0959614019016408
Rg w/no norm,No regr out,Inliers,ProtBERT,mid,50,Lasso,80/20,0.3075727654134285,1.1859267533063687
Rg w/no norm,No regr out,Inliers,ProtBERT,mid,50,Kernel Ridge,80/20,0.5095174449530444,0.9981195877189262
Rg w/no norm,No regr out,Inliers,ProtBERT,mid,50,GPR,80/20,0.5243115265537976,0.9829515454002188
Rg w/no norm,No regr out,Inliers,ProtBERT,mid,50,Linear,85/15,-0.9307995776139268,1.4819293584233462
Rg w/no norm,No regr out,Inliers,ProtBERT,mid,50,Ridge,85/15,0.13557933401961986,0.9915656533403494
Rg w/no norm,No regr out,Inliers,ProtBERT,mid,50,Lasso,85/15,-0.34394280693438395,1.2363723896115237
Rg w/no norm,No regr out,Inliers,ProtBERT,mid,50,Kernel Ridge,85/15,0.45038494780754346,0.790657169563334
Rg w/no norm,No regr out,Inliers,ProtBERT,mid,50,GPR,85/15,0.3882842251490548,0.8341300062931096
Rg w/no norm,No regr out,Inliers,ProtBERT,mid,50,Linear,90/10,-1.2916605580380125,1.7268814702935658
Rg w/no norm,No regr out,Inliers,ProtBERT,mid,50,Ridge,90/10,-0.08387074976558262,1.18761625317953
Rg w/no norm,No regr out,Inliers,ProtBERT,mid,50,Lasso,90/10,-0.5338593829052574,1.412798281885369
Rg w/no norm,No regr out,Inliers,ProtBERT,mid,50,Kernel Ridge,90/10,0.3054637064533815,0.9506810932993076
Rg w/no norm,No regr out,Inliers,ProtBERT,mid,50,GPR,90/10,0.4880888712208812,0.8161775973039913
Rg norm w/0.427,No regr out,All,ProtBERT,mid,50,Linear,80/20,0.1902644825614883,0.43638257554201804
Rg norm w/0.427,No regr out,All,ProtBERT,mid,50,Ridge,80/20,0.1873504839798139,0.4371670762760982
Rg norm w/0.427,No regr out,All,ProtBERT,mid,50,Lasso,80/20,-0.010103950816635399,0.4873924994520305
Rg norm w/0.427,No regr out,All,ProtBERT,mid,50,Kernel Ridge,80/20,0.01908112807416007,0.4802997400749822
Rg norm w/0.427,No regr out,All,ProtBERT,mid,50,GPR,80/20,0.7071767851209645,0.2624209834983906
Rg norm w/0.427,No regr out,All,ProtBERT,mid,50,Linear,85/15,0.12343735232099384,0.4440517545925338
Rg norm w/0.427,No regr out,All,ProtBERT,mid,50,Ridge,85/15,0.1839448770273715,0.428451687788267
Rg norm w/0.427,No regr out,All,ProtBERT,mid,50,Lasso,85/15,0.03219683291757136,0.46659021808594014
Rg norm w/0.427,No regr out,All,ProtBERT,mid,50,Kernel Ridge,85/15,0.03191349875440008,0.46665851258998103
Rg norm w/0.427,No regr out,All,ProtBERT,mid,50,GPR,85/15,0.6569243519015617,0.2778030799922528
Rg norm w/0.427,No regr out,All,ProtBERT,mid,50,Linear,90/10,0.1438258420988726,0.5267387015003808
Rg norm w/0.427,No regr out,All,ProtBERT,mid,50,Ridge,90/10,0.18381657481089952,0.514289972527049
Rg norm w/0.427,No regr out,All,ProtBERT,mid,50,Lasso,90/10,0.02197897999936782,0.5629739059572011
Rg norm w/0.427,No regr out,All,ProtBERT,mid,50,Kernel Ridge,90/10,0.019524993192771012,0.5636797522443946
Rg norm w/0.427,No regr out,All,ProtBERT,mid,50,GPR,90/10,0.7509701007513708,0.2840795148417975
Rg norm w/0.427,No regr out,Inliers,ProtBERT,mid,50,Linear,80/20,-0.3008684055201183,0.11020203358877946
Rg norm w/0.427,No regr out,Inliers,ProtBERT,mid,50,Ridge,80/20,0.11940222056128535,0.09066960395479808
Rg norm w/0.427,No regr out,Inliers,ProtBERT,mid,50,Lasso,80/20,0.12107717780984661,0.0905833330156859
Rg norm w/0.427,No regr out,Inliers,ProtBERT,mid,50,Kernel Ridge,80/20,0.12996181674653196,0.09012433685937912
Rg norm w/0.427,No regr out,Inliers,ProtBERT,mid,50,GPR,80/20,-0.24817405067982734,0.10794698093027014
Rg norm w/0.427,No regr out,Inliers,ProtBERT,mid,50,Linear,85/15,-0.45735485018033906,0.11588359056503213
Rg norm w/0.427,No regr out,Inliers,ProtBERT,mid,50,Ridge,85/15,0.2305771919436147,0.08420188532327331
Rg norm w/0.427,No regr out,Inliers,ProtBERT,mid,50,Lasso,85/15,0.15107713335065764,0.08844502390581269
Rg norm w/0.427,No regr out,Inliers,ProtBERT,mid,50,Kernel Ridge,85/15,0.21925087094226026,0.08481936990593969
Rg norm w/0.427,No regr out,Inliers,ProtBERT,mid,50,GPR,85/15,-0.38668157420398463,0.11303883165822691
Rg norm w/0.427,No regr out,Inliers,ProtBERT,mid,50,Linear,90/10,-1.1712734198050185,0.12303977993773343
Rg norm w/0.427,No regr out,Inliers,ProtBERT,mid,50,Ridge,90/10,-0.35236965733338943,0.09710374883296449
Rg norm w/0.427,No regr out,Inliers,ProtBERT,mid,50,Lasso,90/10,-0.2720951551577482,0.09417770154589095
Rg norm w/0.427,No regr out,Inliers,ProtBERT,mid,50,Kernel Ridge,90/10,-0.019394296139066514,0.08430617533473021
Rg norm w/0.427,No regr out,Inliers,ProtBERT,mid,50,GPR,90/10,0.17592419695760486,0.0758004648438238
Rg norm w/0.5,No regr out,All,ProtBERT,mid,50,Linear,80/20,0.19152712355394186,0.4562324389480735
Rg norm w/0.5,No regr out,All,ProtBERT,mid,50,Ridge,80/20,0.1877188956088538,0.45730569444872976
Rg norm w/0.5,No regr out,All,ProtBERT,mid,50,Lasso,80/20,-0.009767667354325882,0.5098755235589676
Rg norm w/0.5,No regr out,All,ProtBERT,mid,50,Kernel Ridge,80/20,0.019213810563836864,0.5025052517046146
Rg norm w/0.5,No regr out,All,ProtBERT,mid,50,GPR,80/20,0.7083893676017141,0.27400286973534743
Rg norm w/0.5,No regr out,All,ProtBERT,mid,50,Linear,85/15,0.125106566980428,0.46409125940303764
Rg norm w/0.5,No regr out,All,ProtBERT,mid,50,Ridge,85/15,0.18464304969982648,0.44802237043513765
Rg norm w/0.5,No regr out,All,ProtBERT,mid,50,Lasso,85/15,0.034463179904288266,0.48753997498394785
Rg norm w/0.5,No regr out,All,ProtBERT,mid,50,Kernel Ridge,85/15,0.03200091958089213,0.48816122833998454
Rg norm w/0.5,No regr out,All,ProtBERT,mid,50,GPR,85/15,0.6581075944898007,0.29011523626399066
Rg norm w/0.5,No regr out,All,ProtBERT,mid,50,Linear,90/10,0.14489361123448885,0.5506658816027138
Rg norm w/0.5,No regr out,All,ProtBERT,mid,50,Ridge,90/10,0.18431432023053373,0.5378231753036999
Rg norm w/0.5,No regr out,All,ProtBERT,mid,50,Lasso,90/10,0.02375559984223463,0.588379281215076
Rg norm w/0.5,No regr out,All,ProtBERT,mid,50,Kernel Ridge,90/10,0.019665837742779413,0.5896104362156519
Rg norm w/0.5,No regr out,All,ProtBERT,mid,50,GPR,90/10,0.7514505229524041,0.29688244660144264
Rg norm w/0.5,No regr out,Inliers,ProtBERT,mid,50,Linear,80/20,-0.09617572597732105,0.07263561085441127
Rg norm w/0.5,No regr out,Inliers,ProtBERT,mid,50,Ridge,80/20,0.15945138050818497,0.06360495101505101
Rg norm w/0.5,No regr out,Inliers,ProtBERT,mid,50,Lasso,80/20,0.19853832233947144,0.06210847752642624
Rg norm w/0.5,No regr out,Inliers,ProtBERT,mid,50,Kernel Ridge,80/20,0.1697426190281972,0.06321437893425101
Rg norm w/0.5,No regr out,Inliers,ProtBERT,mid,50,GPR,80/20,-0.24375160633961923,0.0773706651031261
Rg norm w/0.5,No regr out,Inliers,ProtBERT,mid,50,Linear,85/15,-0.09277295943031816,0.07645101359006796
Rg norm w/0.5,No regr out,Inliers,ProtBERT,mid,50,Ridge,85/15,0.29430805468493504,0.06143641395295883
Rg norm w/0.5,No regr out,Inliers,ProtBERT,mid,50,Lasso,85/15,0.32690557083365124,0.06000069429207647
Rg norm w/0.5,No regr out,Inliers,ProtBERT,mid,50,Kernel Ridge,85/15,0.2862226794500957,0.06178736151057804
Rg norm w/0.5,No regr out,Inliers,ProtBERT,mid,50,GPR,85/15,-0.2939494090521113,0.08319111133955596
Rg norm w/0.5,No regr out,Inliers,ProtBERT,mid,50,Linear,90/10,-0.6320162642538054,0.07701150028147793
Rg norm w/0.5,No regr out,Inliers,ProtBERT,mid,50,Ridge,90/10,-0.13302433530362623,0.06416718122181923
Rg norm w/0.5,No regr out,Inliers,ProtBERT,mid,50,Lasso,90/10,0.033310223648292614,0.05927026999586709
Rg norm w/0.5,No regr out,Inliers,ProtBERT,mid,50,Kernel Ridge,90/10,0.11504540518262263,0.05670924131162472
Rg norm w/0.5,No regr out,Inliers,ProtBERT,mid,50,GPR,90/10,0.27521640798271474,0.05132128470268392
Rg norm w/0.418,No regr out,All,ProtBERT,mid,50,Linear,80/20,0.18041747904003058,0.30493987931023303
Rg norm w/0.418,No regr out,All,ProtBERT,mid,50,Ridge,80/20,0.18552285100631982,0.30398862454367026
Rg norm w/0.418,No regr out,All,ProtBERT,mid,50,Lasso,80/20,-0.012948999481558365,0.3390093451200575
Rg norm w/0.418,No regr out,All,ProtBERT,mid,50,Kernel Ridge,80/20,0.018404433030119405,0.3337214903440298
Rg norm w/0.418,No regr out,All,ProtBERT,mid,50,GPR,80/20,0.6962645561375597,0.18563745988776825
Rg norm w/0.418,No regr out,All,ProtBERT,mid,50,Linear,85/15,0.11026556532686804,0.31119261581360075
Rg norm w/0.418,No regr out,All,ProtBERT,mid,50,Ridge,85/15,0.17939156953056978,0.2988595036708508
Rg norm w/0.418,No regr out,All,ProtBERT,mid,50,Lasso,85/15,0.02317088625039987,0.3260681513089239
Rg norm w/0.418,No regr out,All,ProtBERT,mid,50,Kernel Ridge,85/15,0.031461109248122066,0.32468155384957287
Rg norm w/0.418,No regr out,All,ProtBERT,mid,50,GPR,85/15,0.6457808657669994,0.19635189286923424
Rg norm w/0.418,No regr out,All,ProtBERT,mid,50,Linear,90/10,0.13570112976106297,0.36818744636813755
Rg norm w/0.418,No regr out,All,ProtBERT,mid,50,Ridge,90/10,0.1806930675066708,0.3584761931878282
Rg norm w/0.418,No regr out,All,ProtBERT,mid,50,Lasso,90/10,0.01339233414784291,0.3933772563242373
Rg norm w/0.418,No regr out,All,ProtBERT,mid,50,Kernel Ridge,90/10,0.01858793402272252,0.39234010205796377
Rg norm w/0.418,No regr out,All,ProtBERT,mid,50,GPR,90/10,0.7454342003567818,0.19981911563339463
Rg norm w/0.418,No regr out,Inliers,ProtBERT,mid,50,Linear,80/20,-0.3205418390481576,0.11617478310778005
Rg norm w/0.418,No regr out,Inliers,ProtBERT,mid,50,Ridge,80/20,0.11905185345465297,0.09488792740224518
Rg norm w/0.418,No regr out,Inliers,ProtBERT,mid,50,Lasso,80/20,0.10943580856774804,0.09540439940085556
Rg norm w/0.418,No regr out,Inliers,ProtBERT,mid,50,Kernel Ridge,80/20,0.1297058071316457,0.09431240732492052
Rg norm w/0.418,No regr out,Inliers,ProtBERT,mid,50,GPR,80/20,-0.24003088835358133,0.11257761382171201
Rg norm w/0.418,No regr out,Inliers,ProtBERT,mid,50,Linear,85/15,-0.5067758413256163,0.12217234590648518
Rg norm w/0.418,No regr out,Inliers,ProtBERT,mid,50,Ridge,85/15,0.2237929532034858,0.08768743763644343
Rg norm w/0.418,No regr out,Inliers,ProtBERT,mid,50,Lasso,85/15,0.11363282237652594,0.09370341560562626
Rg norm w/0.418,No regr out,Inliers,ProtBERT,mid,50,Kernel Ridge,85/15,0.21213678565509408,0.08834337785223821
Rg norm w/0.418,No regr out,Inliers,ProtBERT,mid,50,GPR,85/15,-0.39323338576860345,0.11747907689031314
Rg norm w/0.418,No regr out,Inliers,ProtBERT,mid,50,Linear,90/10,-1.2319272149074987,0.1304032248748667
Rg norm w/0.418,No regr out,Inliers,ProtBERT,mid,50,Ridge,90/10,-0.37275824448949546,0.10226931524372124
Rg norm w/0.418,No regr out,Inliers,ProtBERT,mid,50,Lasso,90/10,-0.3150849943277745,0.10009796052502043
Rg norm w/0.418,No regr out,Inliers,ProtBERT,mid,50,Kernel Ridge,90/10,-0.030020874135317177,0.08858727256870938
Rg norm w/0.418,No regr out,Inliers,ProtBERT,mid,50,GPR,90/10,0.1688064757974289,0.0795791678099873
Rg w/no norm,pH regr out,All,ProtBERT,mid,50,Linear,80/20,0.2552028165244363,3.6543678842993863
Rg w/no norm,pH regr out,All,ProtBERT,mid,50,Ridge,80/20,0.22744886110493723,3.7218329055517807
Rg w/no norm,pH regr out,All,ProtBERT,mid,50,Lasso,80/20,0.11800456696891748,3.976732887298692
Rg w/no norm,pH regr out,All,ProtBERT,mid,50,Kernel Ridge,80/20,0.8814652383295936,1.457861000169058
Rg w/no norm,pH regr out,All,ProtBERT,mid,50,GPR,80/20,0.8942725263482391,1.3768517476332174
Rg w/no norm,pH regr out,All,ProtBERT,mid,50,Linear,85/15,0.20384402879404395,3.6630050547380955
Rg w/no norm,pH regr out,All,ProtBERT,mid,50,Ridge,85/15,0.23907705626340503,3.5810367613373812
Rg w/no norm,pH regr out,All,ProtBERT,mid,50,Lasso,85/15,0.15404185916363689,3.77583385966263
Rg w/no norm,pH regr out,All,ProtBERT,mid,50,Kernel Ridge,85/15,0.8886222355039713,1.370054009493128
Rg w/no norm,pH regr out,All,ProtBERT,mid,50,GPR,85/15,0.8886132748345584,1.3701091208261678
Rg w/no norm,pH regr out,All,ProtBERT,mid,50,Linear,90/10,0.19823740440221804,4.376281114226528
Rg w/no norm,pH regr out,All,ProtBERT,mid,50,Ridge,90/10,0.2239755628500083,4.305464518687134
Rg w/no norm,pH regr out,All,ProtBERT,mid,50,Lasso,90/10,0.13809113134089346,4.537461891070671
Rg w/no norm,pH regr out,All,ProtBERT,mid,50,Kernel Ridge,90/10,0.8820936941965569,1.6782274950726548
Rg w/no norm,pH regr out,All,ProtBERT,mid,50,GPR,90/10,0.8956395407905335,1.5788843010255222
Rg w/no norm,pH regr out,Inliers,ProtBERT,mid,50,Linear,80/20,0.007098427963901588,1.4200847469507827
Rg w/no norm,pH regr out,Inliers,ProtBERT,mid,50,Ridge,80/20,0.40863699146570365,1.0959436909852505
Rg w/no norm,pH regr out,Inliers,ProtBERT,mid,50,Lasso,80/20,0.3075191818829911,1.1859463354899602
Rg w/no norm,pH regr out,Inliers,ProtBERT,mid,50,Kernel Ridge,80/20,0.5812436544759408,0.9222355603419475
Rg w/no norm,pH regr out,Inliers,ProtBERT,mid,50,GPR,80/20,0.5581677878338844,0.9473050472166233
Rg w/no norm,pH regr out,Inliers,ProtBERT,mid,50,Linear,85/15,-0.9306348933526569,1.4818535152561099
Rg w/no norm,pH regr out,Inliers,ProtBERT,mid,50,Ridge,85/15,0.1356138219005244,0.9915374134985877
Rg w/no norm,pH regr out,Inliers,ProtBERT,mid,50,Lasso,85/15,-0.3438584044849251,1.2363230178570999
Rg w/no norm,pH regr out,Inliers,ProtBERT,mid,50,Kernel Ridge,85/15,0.410304049033794,0.8189724114888718
Rg w/no norm,pH regr out,Inliers,ProtBERT,mid,50,GPR,85/15,0.5649442268645741,0.7034409832235063
Rg w/no norm,pH regr out,Inliers,ProtBERT,mid,50,Linear,90/10,-1.291412386836286,1.7267876188330678
Rg w/no norm,pH regr out,Inliers,ProtBERT,mid,50,Ridge,90/10,-0.08381897239910119,1.187587649441224
Rg w/no norm,pH regr out,Inliers,ProtBERT,mid,50,Lasso,90/10,-0.5337717930598271,1.4127576613413688
Rg w/no norm,pH regr out,Inliers,ProtBERT,mid,50,Kernel Ridge,90/10,0.5075333706289503,0.8005264785285484
Rg w/no norm,pH regr out,Inliers,ProtBERT,mid,50,GPR,90/10,0.5331112851526483,0.7794602747161727
Rg norm w/0.427,pH regr out,All,ProtBERT,mid,50,Linear,80/20,0.19026019508648584,0.43637023733326824
Rg norm w/0.427,pH regr out,All,ProtBERT,mid,50,Ridge,80/20,0.18733176923607453,0.4371585921838107
Rg norm w/0.427,pH regr out,All,ProtBERT,mid,50,Lasso,80/20,-0.010106864476395527,0.48737813161272325
Rg norm w/0.427,pH regr out,All,ProtBERT,mid,50,Kernel Ridge,80/20,0.9164837494519621,0.1401418582147042
Rg norm w/0.427,pH regr out,All,ProtBERT,mid,50,GPR,80/20,0.9202858341842757,0.13691471613651807
Rg norm w/0.427,pH regr out,All,ProtBERT,mid,50,Linear,85/15,0.12342610823151101,0.44404247199452707
Rg norm w/0.427,pH regr out,All,ProtBERT,mid,50,Ridge,85/15,0.1839239743329939,0.4284454704687956
Rg norm w/0.427,pH regr out,All,ProtBERT,mid,50,Lasso,85/15,0.032165937395374655,0.46658491913912203
Rg norm w/0.427,pH regr out,All,ProtBERT,mid,50,Kernel Ridge,85/15,0.8977544820422192,0.15165348181182253
Rg norm w/0.427,pH regr out,All,ProtBERT,mid,50,GPR,85/15,0.9111023376843956,0.1414084677499219
Rg norm w/0.427,pH regr out,All,ProtBERT,mid,50,Linear,90/10,0.14378676130114898,0.5267350292702905
Rg norm w/0.427,pH regr out,All,ProtBERT,mid,50,Ridge,90/10,0.18378715842044036,0.5142839174717518
Rg norm w/0.427,pH regr out,All,ProtBERT,mid,50,Lasso,90/10,0.021948401900223735,0.562965933363361
Rg norm w/0.427,pH regr out,All,ProtBERT,mid,50,Kernel Ridge,90/10,0.9012845506921221,0.1788519975560727
Rg norm w/0.427,pH regr out,All,ProtBERT,mid,50,GPR,90/10,0.9143235994982314,0.16662180618285402
Rg norm w/0.427,pH regr out,Inliers,ProtBERT,mid,50,Linear,80/20,-0.3009376309503693,0.11020220373017714
Rg norm w/0.427,pH regr out,Inliers,ProtBERT,mid,50,Ridge,80/20,0.11935930430127006,0.09066954087701752
Rg norm w/0.427,pH regr out,Inliers,ProtBERT,mid,50,Lasso,80/20,0.1211082187377771,0.09057946323357079
Rg norm w/0.427,pH regr out,Inliers,ProtBERT,mid,50,Kernel Ridge,80/20,0.16621300913179204,0.08822457978860851
Rg norm w/0.427,pH regr out,Inliers,ProtBERT,mid,50,GPR,80/20,0.17003534529875697,0.08802212317863531
Rg norm w/0.427,pH regr out,Inliers,ProtBERT,mid,50,Linear,85/15,-0.45747021847165414,0.11588445241880481
Rg norm w/0.427,pH regr out,Inliers,ProtBERT,mid,50,Ridge,85/15,0.23052070657978074,0.08420226948274946
Rg norm w/0.427,pH regr out,Inliers,ProtBERT,mid,50,Lasso,85/15,0.15113777208969903,0.08843902231814448
Rg norm w/0.427,pH regr out,Inliers,ProtBERT,mid,50,Kernel Ridge,85/15,0.20298810047976146,0.0856954435722366
Rg norm w/0.427,pH regr out,Inliers,ProtBERT,mid,50,GPR,85/15,0.33317803338569507,0.07838451533012072
Rg norm w/0.427,pH regr out,Inliers,ProtBERT,mid,50,Linear,90/10,-1.1712770452734604,0.12303978055673265
Rg norm w/0.427,pH regr out,Inliers,ProtBERT,mid,50,Ridge,90/10,-0.3524069950202844,0.09710500871482852
Rg norm w/0.427,pH regr out,Inliers,ProtBERT,mid,50,Lasso,90/10,-0.27200265455449557,0.09417419926076738
Rg norm w/0.427,pH regr out,Inliers,ProtBERT,mid,50,Kernel Ridge,90/10,-0.06999607731636703,0.08637320204276568
Rg norm w/0.427,pH regr out,Inliers,ProtBERT,mid,50,GPR,90/10,0.4777364511449558,0.06034381803775871
Rg norm w/0.5,pH regr out,All,ProtBERT,mid,50,Linear,80/20,0.180408580600261,0.3049305963487497
Rg norm w/0.5,pH regr out,All,ProtBERT,mid,50,Ridge,80/20,0.1854998715297106,0.30398200850811824
Rg norm w/0.5,pH regr out,All,ProtBERT,mid,50,Lasso,80/20,-0.01295257409691386,0.33899778287501037
Rg norm w/0.5,pH regr out,All,ProtBERT,mid,50,Kernel Ridge,80/20,0.9133189031983644,0.09916638929145245
Rg norm w/0.5,pH regr out,All,ProtBERT,mid,50,GPR,80/20,0.9167592573009378,0.09717851871464356
Rg norm w/0.5,pH regr out,All,ProtBERT,mid,50,Linear,85/15,0.11025019153317406,0.31118540186416693
Rg norm w/0.5,pH regr out,All,ProtBERT,mid,50,Ridge,85/15,0.17936712671623312,0.29885444447849374
Rg norm w/0.5,pH regr out,All,ProtBERT,mid,50,Lasso,85/15,0.023137839450755426,0.32606329087577623
Rg norm w/0.5,pH regr out,All,ProtBERT,mid,50,Kernel Ridge,85/15,0.8924740707277714,0.10817872689435873
Rg norm w/0.5,pH regr out,All,ProtBERT,mid,50,GPR,85/15,0.9053555243310869,0.10149225422323109
Rg norm w/0.5,pH regr out,All,ProtBERT,mid,50,Linear,90/10,0.13565518068536764,0.36818461122987783
Rg norm w/0.5,pH regr out,All,ProtBERT,mid,50,Ridge,90/10,0.18065934460257538,0.3584712815352206
Rg norm w/0.5,pH regr out,All,ProtBERT,mid,50,Lasso,90/10,0.013359440274239742,0.39337032847105297
Rg norm w/0.5,pH regr out,All,ProtBERT,mid,50,Kernel Ridge,90/10,0.8966644139914193,0.1273054713808344
Rg norm w/0.5,pH regr out,All,ProtBERT,mid,50,GPR,90/10,0.9092748737404174,0.11928501970045355
Rg norm w/0.5,pH regr out,Inliers,ProtBERT,mid,50,Linear,80/20,-0.09624943737368241,0.07263665176074183
Rg norm w/0.5,pH regr out,Inliers,ProtBERT,mid,50,Ridge,80/20,0.15941064520670611,0.06360526524147886
Rg norm w/0.5,pH regr out,Inliers,ProtBERT,mid,50,Lasso,80/20,0.19860538940622363,0.062104680781029244
Rg norm w/0.5,pH regr out,Inliers,ProtBERT,mid,50,Kernel Ridge,80/20,0.1720742629529538,0.06312433512094819
Rg norm w/0.5,pH regr out,Inliers,ProtBERT,mid,50,GPR,80/20,0.17434890263831637,0.06303756171341607
Rg norm w/0.5,pH regr out,Inliers,ProtBERT,mid,50,Linear,85/15,-0.09288409793629215,0.07645282536073235
Rg norm w/0.5,pH regr out,Inliers,ProtBERT,mid,50,Ridge,85/15,0.2942522804495219,0.0614371736192387
Rg norm w/0.5,pH regr out,Inliers,ProtBERT,mid,50,Lasso,85/15,0.3269355732538489,0.05999772803475265
Rg norm w/0.5,pH regr out,Inliers,ProtBERT,mid,50,Kernel Ridge,85/15,0.2790413718960355,0.06209571871226972
Rg norm w/0.5,pH regr out,Inliers,ProtBERT,mid,50,GPR,85/15,0.3191277324150804,0.06034472451234604
Rg norm w/0.5,pH regr out,Inliers,ProtBERT,mid,50,Linear,90/10,-0.6320642166728674,0.07701326295004239
Rg norm w/0.5,pH regr out,Inliers,ProtBERT,mid,50,Ridge,90/10,-0.13306815952144313,0.06416894817219694
Rg norm w/0.5,pH regr out,Inliers,ProtBERT,mid,50,Lasso,90/10,0.033434795194403955,0.059266936789277365
Rg norm w/0.5,pH regr out,Inliers,ProtBERT,mid,50,Kernel Ridge,90/10,0.07641042662771358,0.05793438665849175
Rg norm w/0.5,pH regr out,Inliers,ProtBERT,mid,50,GPR,90/10,0.5226263786825494,0.041651065073173246
Rg norm w/0.418,pH regr out,All,ProtBERT,mid,50,Linear,80/20,0.19152333164869983,0.45621965774982315
Rg norm w/0.418,pH regr out,All,ProtBERT,mid,50,Ridge,80/20,0.18770066439565103,0.457296942593963
Rg norm w/0.418,pH regr out,All,ProtBERT,mid,50,Lasso,80/20,-0.00977050554824288,0.5098607604359422
Rg norm w/0.418,pH regr out,All,ProtBERT,mid,50,Kernel Ridge,80/20,0.9166326314724926,0.14650022625617726
Rg norm w/0.418,pH regr out,All,ProtBERT,mid,50,GPR,80/20,0.9205025424166521,0.14305955460452954
Rg norm w/0.418,pH regr out,All,ProtBERT,mid,50,Linear,85/15,0.1250957753082489,0.46408168046809517
Rg norm w/0.418,pH regr out,All,ProtBERT,mid,50,Ridge,85/15,0.1846225476336345,0.448015992656944
Rg norm w/0.418,pH regr out,All,ProtBERT,mid,50,Lasso,85/15,0.03443238495933687,0.4875346798467732
Rg norm w/0.418,pH regr out,All,ProtBERT,mid,50,Kernel Ridge,85/15,0.8981265310892678,0.15835971649265157
Rg norm w/0.418,pH regr out,All,ProtBERT,mid,50,GPR,85/15,0.9115608572247222,0.14754905435635204
Rg norm w/0.418,pH regr out,All,ProtBERT,mid,50,Linear,90/10,0.14485530158880866,0.5506620889391992
Rg norm w/0.418,pH regr out,All,ProtBERT,mid,50,Ridge,90/10,0.18428538750283807,0.5378169621129344
Rg norm w/0.418,pH regr out,All,ProtBERT,mid,50,Lasso,90/10,0.023724893545246872,0.5883713022871537
Rg norm w/0.418,pH regr out,All,ProtBERT,mid,50,Kernel Ridge,90/10,0.901597504670743,0.18679636895025833
Rg norm w/0.418,pH regr out,All,ProtBERT,mid,50,GPR,90/10,0.9147232222432714,0.1738924654941907
Rg norm w/0.418,pH regr out,Inliers,ProtBERT,mid,50,Linear,80/20,-0.3206095999279628,0.11617477545029212
Rg norm w/0.418,pH regr out,Inliers,ProtBERT,mid,50,Ridge,80/20,0.11900896951804618,0.09488779620388674
Rg norm w/0.418,pH regr out,Inliers,ProtBERT,mid,50,Lasso,80/20,0.10945498992078662,0.0954009180573042
Rg norm w/0.418,pH regr out,Inliers,ProtBERT,mid,50,Kernel Ridge,80/20,0.17023382848297752,0.09208788092714024
Rg norm w/0.418,pH regr out,Inliers,ProtBERT,mid,50,GPR,80/20,0.1718248260404155,0.09199955369919828
Rg norm w/0.418,pH regr out,Inliers,ProtBERT,mid,50,Linear,85/15,-0.5068901386516109,0.12217300395103824
Rg norm w/0.418,pH regr out,Inliers,ProtBERT,mid,50,Ridge,85/15,0.22373687482165494,0.08768775172267013
Rg norm w/0.418,pH regr out,Inliers,ProtBERT,mid,50,Lasso,85/15,0.1136915240610401,0.09369726371990585
Rg norm w/0.418,pH regr out,Inliers,ProtBERT,mid,50,Kernel Ridge,85/15,0.1946091275054701,0.08931775707132826
Rg norm w/0.418,pH regr out,Inliers,ProtBERT,mid,50,GPR,85/15,0.3365260680177061,0.0810674269553104
Rg norm w/0.418,pH regr out,Inliers,ProtBERT,mid,50,Linear,90/10,-1.2319239182047563,0.13040290603075724
Rg norm w/0.418,pH regr out,Inliers,ProtBERT,mid,50,Ridge,90/10,-0.3727942263244961,0.10227048101483228
Rg norm w/0.418,pH regr out,Inliers,ProtBERT,mid,50,Lasso,90/10,-0.3149814223203773,0.10009384793167944
Rg norm w/0.418,pH regr out,Inliers,ProtBERT,mid,50,Kernel Ridge,90/10,-0.08186501062092932,0.09078918430742772
Rg norm w/0.418,pH regr out,Inliers,ProtBERT,mid,50,GPR,90/10,0.47431422666328094,0.06328644323294394
Rg w/no norm,buffer regr out,All,ProtBERT,mid,50,Linear,80/20,0.28398574923844755,3.67997625655054
Rg w/no norm,buffer regr out,All,ProtBERT,mid,50,Ridge,80/20,0.2576836265627198,3.7469569512951133
Rg w/no norm,buffer regr out,All,ProtBERT,mid,50,Lasso,80/20,0.016058365023525756,4.313887870937067
Rg w/no norm,buffer regr out,All,ProtBERT,mid,50,Kernel Ridge,80/20,0.8646234942695112,1.6001320851647782
Rg w/no norm,buffer regr out,All,ProtBERT,mid,50,GPR,80/20,0.8665505980810658,1.5887022089910905
Rg w/no norm,buffer regr out,All,ProtBERT,mid,50,Linear,85/15,0.2129726909932207,3.8383757641493172
Rg w/no norm,buffer regr out,All,ProtBERT,mid,50,Ridge,85/15,0.24540354409364928,3.75846030614877
Rg w/no norm,buffer regr out,All,ProtBERT,mid,50,Lasso,85/15,0.1419315644094047,4.007869302488889
Rg w/no norm,buffer regr out,All,ProtBERT,mid,50,Kernel Ridge,85/15,0.8398200167281414,1.7316364119531908
Rg w/no norm,buffer regr out,All,ProtBERT,mid,50,GPR,85/15,0.8524802105001564,1.6617960769091353
Rg w/no norm,buffer regr out,All,ProtBERT,mid,50,Linear,90/10,0.22475779479059133,4.539516227609194
Rg w/no norm,buffer regr out,All,ProtBERT,mid,50,Ridge,90/10,0.24262177901812754,4.4869091388847435
Rg w/no norm,buffer regr out,All,ProtBERT,mid,50,Lasso,90/10,0.13986848387485684,4.781600621627354
Rg w/no norm,buffer regr out,All,ProtBERT,mid,50,Kernel Ridge,90/10,0.8558100270419549,1.957755257797426
Rg w/no norm,buffer regr out,All,ProtBERT,mid,50,GPR,90/10,0.8688841058439293,1.8668891828100058
Rg w/no norm,buffer regr out,Inliers,ProtBERT,mid,50,Linear,80/20,0.14925072242911952,1.2881196550215745
Rg w/no norm,buffer regr out,Inliers,ProtBERT,mid,50,Ridge,80/20,0.32701699928464845,1.1456645094951419
Rg w/no norm,buffer regr out,Inliers,ProtBERT,mid,50,Lasso,80/20,0.24228628604780433,1.2156484100125438
Rg w/no norm,buffer regr out,Inliers,ProtBERT,mid,50,Kernel Ridge,80/20,0.3612708568918118,1.1161274224683582
Rg w/no norm,buffer regr out,Inliers,ProtBERT,mid,50,GPR,80/20,0.2186975206405376,1.234425867422468
Rg w/no norm,buffer regr out,Inliers,ProtBERT,mid,50,Linear,85/15,0.0987622081477415,1.1630132241732596
Rg w/no norm,buffer regr out,Inliers,ProtBERT,mid,50,Ridge,85/15,0.39611635655512634,0.9520101722557176
Rg w/no norm,buffer regr out,Inliers,ProtBERT,mid,50,Lasso,85/15,0.3000374065911545,1.0249492720390254
Rg w/no norm,buffer regr out,Inliers,ProtBERT,mid,50,Kernel Ridge,85/15,0.4733872555863793,0.8890181716741494
Rg w/no norm,buffer regr out,Inliers,ProtBERT,mid,50,GPR,85/15,0.2981348236476892,1.0263412947703272
Rg w/no norm,buffer regr out,Inliers,ProtBERT,mid,50,Linear,90/10,0.2007162835296199,1.2349328449968726
Rg w/no norm,buffer regr out,Inliers,ProtBERT,mid,50,Ridge,90/10,0.34853077303741986,1.1149100027652588
Rg w/no norm,buffer regr out,Inliers,ProtBERT,mid,50,Lasso,90/10,0.2746332101714598,1.1764451749250076
Rg w/no norm,buffer regr out,Inliers,ProtBERT,mid,50,Kernel Ridge,90/10,0.36813310178182024,1.0980083962633056
Rg w/no norm,buffer regr out,Inliers,ProtBERT,mid,50,GPR,90/10,0.30519634902787673,1.1513938483845543
Rg norm w/0.427,buffer regr out,All,ProtBERT,mid,50,Linear,80/20,0.2316205792478383,0.4289712949194722
Rg norm w/0.427,buffer regr out,All,ProtBERT,mid,50,Ridge,80/20,0.2257510185192413,0.4306066086994675
Rg norm w/0.427,buffer regr out,All,ProtBERT,mid,50,Lasso,80/20,-0.002850052792611857,0.49007028511206563
Rg norm w/0.427,buffer regr out,All,ProtBERT,mid,50,Kernel Ridge,80/20,0.8024240603114107,0.2175241085687912
Rg norm w/0.427,buffer regr out,All,ProtBERT,mid,50,GPR,80/20,0.9076681018599511,0.1487018088295481
Rg norm w/0.427,buffer regr out,All,ProtBERT,mid,50,Linear,85/15,0.14614074300598223,0.4460001912827342
Rg norm w/0.427,buffer regr out,All,ProtBERT,mid,50,Ridge,85/15,0.20560621416443692,0.43018951241759446
Rg norm w/0.427,buffer regr out,All,ProtBERT,mid,50,Lasso,85/15,0.04746138890419738,0.4710675558503346
Rg norm w/0.427,buffer regr out,All,ProtBERT,mid,50,Kernel Ridge,85/15,0.8807759849703968,0.16665708104733756
Rg norm w/0.427,buffer regr out,All,ProtBERT,mid,50,GPR,85/15,0.8934205080244595,0.1575718820562401
Rg norm w/0.427,buffer regr out,All,ProtBERT,mid,50,Linear,90/10,0.1831911548690739,0.5241731864038403
Rg norm w/0.427,buffer regr out,All,ProtBERT,mid,50,Ridge,90/10,0.21641401515899228,0.5134024242485001
Rg norm w/0.427,buffer regr out,All,ProtBERT,mid,50,Lasso,90/10,0.04024144149533482,0.5681926114237565
Rg norm w/0.427,buffer regr out,All,ProtBERT,mid,50,Kernel Ridge,90/10,0.8933407549101667,0.1894147686961404
Rg norm w/0.427,buffer regr out,All,ProtBERT,mid,50,GPR,90/10,0.9063063870117085,0.1775291110604187
Rg norm w/0.427,buffer regr out,Inliers,ProtBERT,mid,50,Linear,80/20,-0.2006123481140274,0.11923411658725243
Rg norm w/0.427,buffer regr out,Inliers,ProtBERT,mid,50,Ridge,80/20,-0.06919931559939596,0.11251967563452889
Rg norm w/0.427,buffer regr out,Inliers,ProtBERT,mid,50,Lasso,80/20,-0.17421029027379853,0.1179158202793796
Rg norm w/0.427,buffer regr out,Inliers,ProtBERT,mid,50,Kernel Ridge,80/20,-0.05824940439957249,0.11194202318051154
Rg norm w/0.427,buffer regr out,Inliers,ProtBERT,mid,50,GPR,80/20,0.10478719005435488,0.10295851725868792
Rg norm w/0.427,buffer regr out,Inliers,ProtBERT,mid,50,Linear,85/15,-0.20466862038708444,0.11773567205957147
Rg norm w/0.427,buffer regr out,Inliers,ProtBERT,mid,50,Ridge,85/15,0.035506329646717405,0.10534743338226762
Rg norm w/0.427,buffer regr out,Inliers,ProtBERT,mid,50,Lasso,85/15,-0.007401283595528829,0.10766524133267365
Rg norm w/0.427,buffer regr out,Inliers,ProtBERT,mid,50,Kernel Ridge,85/15,0.1885542383258233,0.09662822822010357
Rg norm w/0.427,buffer regr out,Inliers,ProtBERT,mid,50,GPR,85/15,0.373590338451661,0.0848991792975179
Rg norm w/0.427,buffer regr out,Inliers,ProtBERT,mid,50,Linear,90/10,-0.18616225065540282,0.10957651832185121
Rg norm w/0.427,buffer regr out,Inliers,ProtBERT,mid,50,Ridge,90/10,-0.004228809137232226,0.1008235037942946
Rg norm w/0.427,buffer regr out,Inliers,ProtBERT,mid,50,Lasso,90/10,-0.0496504216235818,0.10307842879273228
Rg norm w/0.427,buffer regr out,Inliers,ProtBERT,mid,50,Kernel Ridge,90/10,0.005859189378734753,0.10031581341492493
Rg norm w/0.427,buffer regr out,Inliers,ProtBERT,mid,50,GPR,90/10,0.4735927120265664,0.07299723235810517
Rg norm w/0.5,buffer regr out,All,ProtBERT,mid,50,Linear,80/20,0.22178076224854193,0.2988172793212625
Rg norm w/0.5,buffer regr out,All,ProtBERT,mid,50,Ridge,80/20,0.22435204357392535,0.2983232161022977
Rg norm w/0.5,buffer regr out,All,ProtBERT,mid,50,Lasso,80/20,-0.004102188485042069,0.339424887593166
Rg norm w/0.5,buffer regr out,All,ProtBERT,mid,50,Kernel Ridge,80/20,0.7993439682223508,0.15173327638526954
Rg norm w/0.5,buffer regr out,All,ProtBERT,mid,50,GPR,80/20,0.9049216840224111,0.10444687881414264
Rg norm w/0.5,buffer regr out,All,ProtBERT,mid,50,Linear,85/15,0.1335298907718202,0.3105241197221902
Rg norm w/0.5,buffer regr out,All,ProtBERT,mid,50,Ridge,85/15,0.20262147714262035,0.29788649439154835
Rg norm w/0.5,buffer regr out,All,ProtBERT,mid,50,Lasso,85/15,0.043561602068091454,0.3262473917353962
Rg norm w/0.5,buffer regr out,All,ProtBERT,mid,50,Kernel Ridge,85/15,0.8761053937734941,0.11742072200620084
Rg norm w/0.5,buffer regr out,All,ProtBERT,mid,50,GPR,85/15,0.8886134206918122,0.11133583743129681
Rg norm w/0.5,buffer regr out,All,ProtBERT,mid,50,Linear,90/10,0.17539590872278443,0.36408758362695426
Rg norm w/0.5,buffer regr out,All,ProtBERT,mid,50,Ridge,90/10,0.21476214325038023,0.3552906188498728
Rg norm w/0.5,buffer regr out,All,ProtBERT,mid,50,Lasso,90/10,0.03616656055014167,0.39362631165973005
Rg norm w/0.5,buffer regr out,All,ProtBERT,mid,50,Kernel Ridge,90/10,0.8897787352604735,0.1331115746521045
Rg norm w/0.5,buffer regr out,All,ProtBERT,mid,50,GPR,90/10,0.9025636078505932,0.12515370859087427
Rg norm w/0.5,buffer regr out,Inliers,ProtBERT,mid,50,Linear,80/20,-0.08424776818021273,0.08323821871235529
Rg norm w/0.5,buffer regr out,Inliers,ProtBERT,mid,50,Ridge,80/20,0.002743962190871141,0.07982921277437385
Rg norm w/0.5,buffer regr out,Inliers,ProtBERT,mid,50,Lasso,80/20,-0.021049930244022574,0.08077593603678875
Rg norm w/0.5,buffer regr out,Inliers,ProtBERT,mid,50,Kernel Ridge,80/20,0.019229598909533574,0.07916663485041615
Rg norm w/0.5,buffer regr out,Inliers,ProtBERT,mid,50,GPR,80/20,0.10829685489235596,0.07548639035697546
Rg norm w/0.5,buffer regr out,Inliers,ProtBERT,mid,50,Linear,85/15,-0.10671263336069159,0.0836357503197708
Rg norm w/0.5,buffer regr out,Inliers,ProtBERT,mid,50,Ridge,85/15,0.0773487974342999,0.07636481425302878
Rg norm w/0.5,buffer regr out,Inliers,ProtBERT,mid,50,Lasso,85/15,0.0324754141193524,0.07819977951000175
Rg norm w/0.5,buffer regr out,Inliers,ProtBERT,mid,50,Kernel Ridge,85/15,0.2018558095809848,0.0710256475739295
Rg norm w/0.5,buffer regr out,Inliers,ProtBERT,mid,50,GPR,85/15,0.356488284566557,0.06377533559247969
Rg norm w/0.5,buffer regr out,Inliers,ProtBERT,mid,50,Linear,90/10,-0.15452695779308634,0.07523888469320494
Rg norm w/0.5,buffer regr out,Inliers,ProtBERT,mid,50,Ridge,90/10,0.03690993295392975,0.06871851439028252
Rg norm w/0.5,buffer regr out,Inliers,ProtBERT,mid,50,Lasso,90/10,0.039567674510550765,0.06862363114294118
Rg norm w/0.5,buffer regr out,Inliers,ProtBERT,mid,50,Kernel Ridge,90/10,0.04071364339792216,0.06858267874253117
Rg norm w/0.5,buffer regr out,Inliers,ProtBERT,mid,50,GPR,90/10,0.508344591408958,0.04909878223080317
Rg norm w/0.418,buffer regr out,All,ProtBERT,mid,50,Linear,80/20,0.2328169527579501,0.4486676865648011
Rg norm w/0.418,buffer regr out,All,ProtBERT,mid,50,Ridge,80/20,0.2260289265880513,0.4506482183698045
Rg norm w/0.418,buffer regr out,All,ProtBERT,mid,50,Lasso,80/20,-0.0027055619824478683,0.5129346121073015
Rg norm w/0.418,buffer regr out,All,ProtBERT,mid,50,Kernel Ridge,80/20,0.8025883606306181,0.22759445199247505
Rg norm w/0.418,buffer regr out,All,ProtBERT,mid,50,GPR,80/20,0.9077599737234032,0.15557327802278728
Rg norm w/0.418,buffer regr out,All,ProtBERT,mid,50,Linear,85/15,0.1476825339516309,0.4665097655089082
Rg norm w/0.418,buffer regr out,All,ProtBERT,mid,50,Ridge,85/15,0.20607950580138001,0.45024464025165567
Rg norm w/0.418,buffer regr out,All,ProtBERT,mid,50,Lasso,85/15,-0.00022990882499773768,0.505370588745211
Rg norm w/0.418,buffer regr out,All,ProtBERT,mid,50,Kernel Ridge,85/15,0.8810567236472305,0.17427295441824964
Rg norm w/0.418,buffer regr out,All,ProtBERT,mid,50,GPR,85/15,0.8937166710214485,0.1647375563641826
Rg norm w/0.418,buffer regr out,All,ProtBERT,mid,50,Linear,90/10,0.1841540706612439,0.5484204640803565
Rg norm w/0.418,buffer regr out,All,ProtBERT,mid,50,Ridge,90/10,0.21670065539527117,0.5373700505062239
Rg norm w/0.418,buffer regr out,All,ProtBERT,mid,50,Lasso,90/10,0.0403702691476977,0.5947869397454943
Rg norm w/0.418,buffer regr out,All,ProtBERT,mid,50,Kernel Ridge,90/10,0.8935188021394448,0.1981280843617615
Rg norm w/0.418,buffer regr out,All,ProtBERT,mid,50,GPR,90/10,0.9065108090273899,0.1856480009942541
Rg norm w/0.418,buffer regr out,Inliers,ProtBERT,mid,50,Linear,80/20,-0.2115357949144756,0.12483607411771885
Rg norm w/0.418,buffer regr out,Inliers,ProtBERT,mid,50,Ridge,80/20,-0.07439569828771808,0.11755851944103783
Rg norm w/0.418,buffer regr out,Inliers,ProtBERT,mid,50,Lasso,80/20,-0.18961556627597909,0.12370159419363885
Rg norm w/0.418,buffer regr out,Inliers,ProtBERT,mid,50,Kernel Ridge,80/20,-0.0641385706071782,0.11699601509390034
Rg norm w/0.418,buffer regr out,Inliers,ProtBERT,mid,50,GPR,80/20,0.1051466228133815,0.1072872017315489
Rg norm w/0.418,buffer regr out,Inliers,ProtBERT,mid,50,Linear,85/15,-0.21498979060714274,0.12302440750250489
Rg norm w/0.418,buffer regr out,Inliers,ProtBERT,mid,50,Ridge,85/15,0.03274025774460332,0.10976819532110864
Rg norm w/0.418,buffer regr out,Inliers,ProtBERT,mid,50,Lasso,85/15,-0.014054353302318967,0.11239204792756986
Rg norm w/0.418,buffer regr out,Inliers,ProtBERT,mid,50,Kernel Ridge,85/15,0.1887222826348698,0.10052862482081984
Rg norm w/0.418,buffer regr out,Inliers,ProtBERT,mid,50,GPR,85/15,0.3755138813269556,0.08819954858358002
Rg norm w/0.418,buffer regr out,Inliers,ProtBERT,mid,50,Linear,90/10,-0.18637363974228616,0.1149926391892913
Rg norm w/0.418,buffer regr out,Inliers,ProtBERT,mid,50,Ridge,90/10,-0.004669220552736331,0.10582075260684255
Rg norm w/0.418,buffer regr out,Inliers,ProtBERT,mid,50,Lasso,90/10,-0.023111211171383594,0.10678757371311776
Rg norm w/0.418,buffer regr out,Inliers,ProtBERT,mid,50,Kernel Ridge,90/10,0.006139144506694505,0.10524999652497288
Rg norm w/0.418,buffer regr out,Inliers,ProtBERT,mid,50,GPR,90/10,0.46910151832998637,0.07692456321719655
Rg w/no norm,expr pH only regr out,All,ProtBERT,mid,50,Linear,80/20,0.1543569625269241,4.057031735560937
Rg w/no norm,expr pH only regr out,All,ProtBERT,mid,50,Ridge,80/20,0.2134897246603562,3.912614558712787
Rg w/no norm,expr pH only regr out,All,ProtBERT,mid,50,Lasso,80/20,0.1262541180722313,4.123893462604441
Rg w/no norm,expr pH only regr out,All,ProtBERT,mid,50,Kernel Ridge,80/20,0.2852229228385317,3.729925644611328
Rg w/no norm,expr pH only regr out,All,ProtBERT,mid,50,GPR,80/20,0.6921637723995877,2.447793235807484
Rg w/no norm,expr pH only regr out,All,ProtBERT,mid,50,Linear,85/15,0.17736100085670659,3.9643310369048024
Rg w/no norm,expr pH only regr out,All,ProtBERT,mid,50,Ridge,85/15,0.23304300568198166,3.827813515776808
Rg w/no norm,expr pH only regr out,All,ProtBERT,mid,50,Lasso,85/15,0.17526032374765255,3.969389434226329
Rg w/no norm,expr pH only regr out,All,ProtBERT,mid,50,Kernel Ridge,85/15,0.4498511350284936,3.241943009204844
Rg w/no norm,expr pH only regr out,All,ProtBERT,mid,50,GPR,85/15,0.6893737280167804,2.4360396771503634
Rg w/no norm,expr pH only regr out,All,ProtBERT,mid,50,Linear,90/10,0.07232878386180264,4.806254910999732
Rg w/no norm,expr pH only regr out,All,ProtBERT,mid,50,Ridge,90/10,0.2174680874252829,4.414289267357826
Rg w/no norm,expr pH only regr out,All,ProtBERT,mid,50,Lasso,90/10,0.1331632070797527,4.645991688268417
Rg w/no norm,expr pH only regr out,All,ProtBERT,mid,50,Kernel Ridge,90/10,0.44212098712007686,3.727174893873286
Rg w/no norm,expr pH only regr out,All,ProtBERT,mid,50,GPR,90/10,0.8258428445389694,2.082477997301405
Rg w/no norm,expr pH only regr out,Inliers,ProtBERT,mid,50,Linear,80/20,-1.1917614650478745,3.2885487979918007
Rg w/no norm,expr pH only regr out,Inliers,ProtBERT,mid,50,Ridge,80/20,0.29026596987694864,1.8713518967291964
Rg w/no norm,expr pH only regr out,Inliers,ProtBERT,mid,50,Lasso,80/20,0.1388612872484869,2.061314241957105
Rg w/no norm,expr pH only regr out,Inliers,ProtBERT,mid,50,Kernel Ridge,80/20,0.3477677457782907,1.7939435913910537
Rg w/no norm,expr pH only regr out,Inliers,ProtBERT,mid,50,GPR,80/20,-0.42116600590515896,2.6480736051311435
Rg w/no norm,expr pH only regr out,Inliers,ProtBERT,mid,50,Linear,85/15,-1.815621025405172,3.540657317861215
Rg w/no norm,expr pH only regr out,Inliers,ProtBERT,mid,50,Ridge,85/15,0.17984658983227153,1.910928085148769
Rg w/no norm,expr pH only regr out,Inliers,ProtBERT,mid,50,Lasso,85/15,0.0023469141985572595,2.1075921433284055
Rg w/no norm,expr pH only regr out,Inliers,ProtBERT,mid,50,Kernel Ridge,85/15,0.1480162113338379,1.9476569343161605
Rg w/no norm,expr pH only regr out,Inliers,ProtBERT,mid,50,GPR,85/15,-0.4142455435053658,2.509338242243817
Rg w/no norm,expr pH only regr out,Inliers,ProtBERT,mid,50,Linear,90/10,-2.4758902836011134,3.8642606666623207
Rg w/no norm,expr pH only regr out,Inliers,ProtBERT,mid,50,Ridge,90/10,0.24501711997343056,1.8009511647636345
Rg w/no norm,expr pH only regr out,Inliers,ProtBERT,mid,50,Lasso,90/10,-0.054404956739331656,2.12832087196298
Rg w/no norm,expr pH only regr out,Inliers,ProtBERT,mid,50,Kernel Ridge,90/10,0.4386217689844658,1.552963214115927
Rg w/no norm,expr pH only regr out,Inliers,ProtBERT,mid,50,GPR,90/10,-0.2427487564884223,2.3106015124089994
Rg norm w/0.427,expr pH only regr out,All,ProtBERT,mid,50,Linear,80/20,0.1521193634333603,0.4664974649340766
Rg norm w/0.427,expr pH only regr out,All,ProtBERT,mid,50,Ridge,80/20,0.18258656575527998,0.4580393766581132
Rg norm w/0.427,expr pH only regr out,All,ProtBERT,mid,50,Lasso,80/20,0.13824918011715637,0.4702976212021313
Rg norm w/0.427,expr pH only regr out,All,ProtBERT,mid,50,Kernel Ridge,80/20,0.12324063779017824,0.474375373796253
Rg norm w/0.427,expr pH only regr out,All,ProtBERT,mid,50,GPR,80/20,0.6956467067498799,0.2794929979516205
Rg norm w/0.427,expr pH only regr out,All,ProtBERT,mid,50,Linear,85/15,0.1429658135128964,0.467213629174398
Rg norm w/0.427,expr pH only regr out,All,ProtBERT,mid,50,Ridge,85/15,0.1976497376663049,0.45206244506151083
Rg norm w/0.427,expr pH only regr out,All,ProtBERT,mid,50,Lasso,85/15,0.1515548405390157,0.4648665726635682
Rg norm w/0.427,expr pH only regr out,All,ProtBERT,mid,50,Kernel Ridge,85/15,0.4110938815347027,0.38729283580359886
Rg norm w/0.427,expr pH only regr out,All,ProtBERT,mid,50,GPR,85/15,0.6977968650226123,0.2774379794132444
Rg norm w/0.427,expr pH only regr out,All,ProtBERT,mid,50,Linear,90/10,0.04583904657731619,0.5726437389659211
Rg norm w/0.427,expr pH only regr out,All,ProtBERT,mid,50,Ridge,90/10,0.1853171174379984,0.529136831335575
Rg norm w/0.427,expr pH only regr out,All,ProtBERT,mid,50,Lasso,90/10,0.12785350446039434,0.5474801992215628
Rg norm w/0.427,expr pH only regr out,All,ProtBERT,mid,50,Kernel Ridge,90/10,0.8017815246363585,0.26100315810059377
Rg norm w/0.427,expr pH only regr out,All,ProtBERT,mid,50,GPR,90/10,0.8309867023260725,0.2410094848018057
Rg norm w/0.427,expr pH only regr out,Inliers,ProtBERT,mid,50,Linear,80/20,-0.978971636808794,0.3139394929490564
Rg norm w/0.427,expr pH only regr out,Inliers,ProtBERT,mid,50,Ridge,80/20,0.2414917950197356,0.19435973985557814
Rg norm w/0.427,expr pH only regr out,Inliers,ProtBERT,mid,50,Lasso,80/20,0.19042169835565204,0.20079624981824762
Rg norm w/0.427,expr pH only regr out,Inliers,ProtBERT,mid,50,Kernel Ridge,80/20,0.19883707495176894,0.19974990863266778
Rg norm w/0.427,expr pH only regr out,Inliers,ProtBERT,mid,50,GPR,80/20,-0.5787201786850589,0.28040047668103835
Rg norm w/0.427,expr pH only regr out,Inliers,ProtBERT,mid,50,Linear,85/15,-1.0991295691050524,0.3378981574657597
Rg norm w/0.427,expr pH only regr out,Inliers,ProtBERT,mid,50,Ridge,85/15,0.2085963126471566,0.207474742936601
Rg norm w/0.427,expr pH only regr out,Inliers,ProtBERT,mid,50,Lasso,85/15,0.19430867697935406,0.20933919206542403
Rg norm w/0.427,expr pH only regr out,Inliers,ProtBERT,mid,50,Kernel Ridge,85/15,0.21396894092557173,0.20676929831847654
Rg norm w/0.427,expr pH only regr out,Inliers,ProtBERT,mid,50,GPR,85/15,-0.40824216935534663,0.27676098840564606
Rg norm w/0.427,expr pH only regr out,Inliers,ProtBERT,mid,50,Linear,90/10,-1.6640078844532926,0.3587159203301397
Rg norm w/0.427,expr pH only regr out,Inliers,ProtBERT,mid,50,Ridge,90/10,0.31499319210932164,0.18189901304399836
Rg norm w/0.427,expr pH only regr out,Inliers,ProtBERT,mid,50,Lasso,90/10,0.3575710097791608,0.1761551984989374
Rg norm w/0.427,expr pH only regr out,Inliers,ProtBERT,mid,50,Kernel Ridge,90/10,0.4152576376769115,0.16806031675857785
Rg norm w/0.427,expr pH only regr out,Inliers,ProtBERT,mid,50,GPR,90/10,-0.27760996730694787,0.24841741854100396
Rg norm w/0.5,expr pH only regr out,All,ProtBERT,mid,50,Linear,80/20,0.10510633871153363,0.3606944122807554
Rg norm w/0.5,expr pH only regr out,All,ProtBERT,mid,50,Ridge,80/20,0.192830808659037,0.34255947712291346
Rg norm w/0.5,expr pH only regr out,All,ProtBERT,mid,50,Lasso,80/20,0.167982711667231,0.34779222883255134
Rg norm w/0.5,expr pH only regr out,All,ProtBERT,mid,50,Kernel Ridge,80/20,0.3547952972106222,0.3062685910598503
Rg norm w/0.5,expr pH only regr out,All,ProtBERT,mid,50,GPR,80/20,0.480502650969051,0.2748181212984568
Rg norm w/0.5,expr pH only regr out,All,ProtBERT,mid,50,Linear,85/15,0.1268084206750799,0.35809498656327005
Rg norm w/0.5,expr pH only regr out,All,ProtBERT,mid,50,Ridge,85/15,0.20141971091569377,0.34245441106587726
Rg norm w/0.5,expr pH only regr out,All,ProtBERT,mid,50,Lasso,85/15,0.1734454532889096,0.34840087009563914
Rg norm w/0.5,expr pH only regr out,All,ProtBERT,mid,50,Kernel Ridge,85/15,0.35876794643130694,0.3068676327566844
Rg norm w/0.5,expr pH only regr out,All,ProtBERT,mid,50,GPR,85/15,0.49830706991386264,0.2714328844251441
Rg norm w/0.5,expr pH only regr out,All,ProtBERT,mid,50,Linear,90/10,-0.03572930957080378,0.43516563301973515
Rg norm w/0.5,expr pH only regr out,All,ProtBERT,mid,50,Ridge,90/10,0.17751508428089913,0.38778894808614844
Rg norm w/0.5,expr pH only regr out,All,ProtBERT,mid,50,Lasso,90/10,0.1293778401404898,0.3989755804389755
Rg norm w/0.5,expr pH only regr out,All,ProtBERT,mid,50,Kernel Ridge,90/10,0.35342716655658024,0.3438271626339026
Rg norm w/0.5,expr pH only regr out,All,ProtBERT,mid,50,GPR,90/10,0.74081054059703,0.21769082470034062
Rg norm w/0.5,expr pH only regr out,Inliers,ProtBERT,mid,50,Linear,80/20,-0.8240922654307024,0.21161720398949052
Rg norm w/0.5,expr pH only regr out,Inliers,ProtBERT,mid,50,Ridge,80/20,0.2543850002531768,0.13529597887499933
Rg norm w/0.5,expr pH only regr out,Inliers,ProtBERT,mid,50,Lasso,80/20,0.2528543426062292,0.13543478083717628
Rg norm w/0.5,expr pH only regr out,Inliers,ProtBERT,mid,50,Kernel Ridge,80/20,0.19475769254981912,0.1406017944118315
Rg norm w/0.5,expr pH only regr out,Inliers,ProtBERT,mid,50,GPR,80/20,-0.5556586699258053,0.19542707319106442
Rg norm w/0.5,expr pH only regr out,Inliers,ProtBERT,mid,50,Linear,85/15,-0.8773604906462606,0.22736451553183987
Rg norm w/0.5,expr pH only regr out,Inliers,ProtBERT,mid,50,Ridge,85/15,0.2346218935131722,0.1451733392668825
Rg norm w/0.5,expr pH only regr out,Inliers,ProtBERT,mid,50,Lasso,85/15,0.2352327619716421,0.14511539436676982
Rg norm w/0.5,expr pH only regr out,Inliers,ProtBERT,mid,50,Kernel Ridge,85/15,0.20546554179131127,0.1479126157650881
Rg norm w/0.5,expr pH only regr out,Inliers,ProtBERT,mid,50,GPR,85/15,-0.37175624434873855,0.19435124269762444
Rg norm w/0.5,expr pH only regr out,Inliers,ProtBERT,mid,50,Linear,90/10,-1.412244547948744,0.2391504689202078
Rg norm w/0.5,expr pH only regr out,Inliers,ProtBERT,mid,50,Ridge,90/10,0.3455357713707615,0.12456714966045382
Rg norm w/0.5,expr pH only regr out,Inliers,ProtBERT,mid,50,Lasso,90/10,0.3879865650342402,0.12045949772251223
Rg norm w/0.5,expr pH only regr out,Inliers,ProtBERT,mid,50,Kernel Ridge,90/10,0.4229289949359252,0.11697019041024657
Rg norm w/0.5,expr pH only regr out,Inliers,ProtBERT,mid,50,GPR,90/10,-0.25042474497443523,0.17218263499044667
Rg norm w/0.418,expr pH only regr out,All,ProtBERT,mid,50,Linear,80/20,0.17456227662764545,0.46459372728464277
Rg norm w/0.418,expr pH only regr out,All,ProtBERT,mid,50,Ridge,80/20,0.17536557593058755,0.46436760564609053
Rg norm w/0.418,expr pH only regr out,All,ProtBERT,mid,50,Lasso,80/20,0.12084894203092877,0.479471653941323
Rg norm w/0.418,expr pH only regr out,All,ProtBERT,mid,50,Kernel Ridge,80/20,0.11589685658792959,0.4808201425483654
Rg norm w/0.418,expr pH only regr out,All,ProtBERT,mid,50,GPR,80/20,0.8147275173933335,0.22010841477893042
Rg norm w/0.418,expr pH only regr out,All,ProtBERT,mid,50,Linear,85/15,0.14525310454014395,0.46813055422135236
Rg norm w/0.418,expr pH only regr out,All,ProtBERT,mid,50,Ridge,85/15,0.19128796113399793,0.45534982703447197
Rg norm w/0.418,expr pH only regr out,All,ProtBERT,mid,50,Lasso,85/15,0.1359666276265019,0.4706667081708523
Rg norm w/0.418,expr pH only regr out,All,ProtBERT,mid,50,Kernel Ridge,85/15,0.8090495442625043,0.2212628853358651
Rg norm w/0.418,expr pH only regr out,All,ProtBERT,mid,50,GPR,85/15,0.8102281277021902,0.22057898958561653
Rg norm w/0.418,expr pH only regr out,All,ProtBERT,mid,50,Linear,90/10,0.09102848040988731,0.5730647203753951
Rg norm w/0.418,expr pH only regr out,All,ProtBERT,mid,50,Ridge,90/10,0.18704273063529908,0.5419539603397744
Rg norm w/0.418,expr pH only regr out,All,ProtBERT,mid,50,Lasso,90/10,0.03353604591344794,0.5909100349269282
Rg norm w/0.418,expr pH only regr out,All,ProtBERT,mid,50,Kernel Ridge,90/10,0.8590026663125747,0.2257012606726393
Rg norm w/0.418,expr pH only regr out,All,ProtBERT,mid,50,GPR,90/10,0.8741268041224716,0.2132530072940283
Rg norm w/0.418,expr pH only regr out,Inliers,ProtBERT,mid,50,Linear,80/20,-0.9961549996957353,0.32971210355787645
Rg norm w/0.418,expr pH only regr out,Inliers,ProtBERT,mid,50,Ridge,80/20,0.24038589975764402,0.20339218813505058
Rg norm w/0.418,expr pH only regr out,Inliers,ProtBERT,mid,50,Lasso,80/20,0.19101735422755806,0.2098975466145561
Rg norm w/0.418,expr pH only regr out,Inliers,ProtBERT,mid,50,Kernel Ridge,80/20,0.20001225655550814,0.20872738220583165
Rg norm w/0.418,expr pH only regr out,Inliers,ProtBERT,mid,50,GPR,80/20,-0.5803854040174765,0.29337240745115617
Rg norm w/0.418,expr pH only regr out,Inliers,ProtBERT,mid,50,Linear,85/15,-1.1258177951303638,0.3549406032724672
Rg norm w/0.418,expr pH only regr out,Inliers,ProtBERT,mid,50,Ridge,85/15,0.20567682951180266,0.21696579877538044
Rg norm w/0.418,expr pH only regr out,Inliers,ProtBERT,mid,50,Lasso,85/15,0.18606972151355627,0.21962727156733222
Rg norm w/0.418,expr pH only regr out,Inliers,ProtBERT,mid,50,Kernel Ridge,85/15,0.2154344867069624,0.21562905078447936
Rg norm w/0.418,expr pH only regr out,Inliers,ProtBERT,mid,50,GPR,85/15,-0.4120429182070753,0.2892788035295512
Rg norm w/0.418,expr pH only regr out,Inliers,ProtBERT,mid,50,Linear,90/10,-1.6934408340461906,0.377192717578018
Rg norm w/0.418,expr pH only regr out,Inliers,ProtBERT,mid,50,Ridge,90/10,0.3116933893837388,0.19067798312740958
Rg norm w/0.418,expr pH only regr out,Inliers,ProtBERT,mid,50,Lasso,90/10,0.35180472495179504,0.18503867492427345
Rg norm w/0.418,expr pH only regr out,Inliers,ProtBERT,mid,50,Kernel Ridge,90/10,0.4146656728497736,0.17583753073930686
Rg norm w/0.418,expr pH only regr out,Inliers,ProtBERT,mid,50,GPR,90/10,-0.2800515472920264,0.26002991183499813
Rg w/no norm,expr buffer only regr out,All,ProtBERT,mid,50,Linear,80/20,0.22012331540445818,3.9287412288775982
Rg w/no norm,expr buffer only regr out,All,ProtBERT,mid,50,Ridge,80/20,0.2438023879279907,3.868638120069525
Rg w/no norm,expr buffer only regr out,All,ProtBERT,mid,50,Lasso,80/20,0.14100813056102668,4.123205520157749
Rg w/no norm,expr buffer only regr out,All,ProtBERT,mid,50,Kernel Ridge,80/20,0.15398850767548178,4.091933690268683
Rg w/no norm,expr buffer only regr out,All,ProtBERT,mid,50,GPR,80/20,0.7114026394144773,2.389937994019034
Rg w/no norm,expr buffer only regr out,All,ProtBERT,mid,50,Linear,85/15,0.20404299201313292,4.035720189700391
Rg w/no norm,expr buffer only regr out,All,ProtBERT,mid,50,Ridge,85/15,0.24507530613305195,3.9303213258320024
Rg w/no norm,expr buffer only regr out,All,ProtBERT,mid,50,Lasso,85/15,0.16185611772152564,4.14128893276142
Rg w/no norm,expr buffer only regr out,All,ProtBERT,mid,50,Kernel Ridge,85/15,0.44213360841371696,3.3786355020394243
Rg w/no norm,expr buffer only regr out,All,ProtBERT,mid,50,GPR,85/15,0.7059969077897434,2.4527438258288696
Rg w/no norm,expr buffer only regr out,All,ProtBERT,mid,50,Linear,90/10,0.11276380220189064,4.926934746551098
Rg w/no norm,expr buffer only regr out,All,ProtBERT,mid,50,Ridge,90/10,0.22953553151318484,4.591276964745936
Rg w/no norm,expr buffer only regr out,All,ProtBERT,mid,50,Lasso,90/10,0.1277672004142718,4.885099246832985
Rg w/no norm,expr buffer only regr out,All,ProtBERT,mid,50,Kernel Ridge,90/10,0.4366715944502947,3.925888942005039
Rg w/no norm,expr buffer only regr out,All,ProtBERT,mid,50,GPR,90/10,0.8285833412735121,2.1656271984865447
Rg w/no norm,expr buffer only regr out,Inliers,ProtBERT,mid,50,Linear,80/20,-1.1545633256863987,3.0026957579294558
Rg w/no norm,expr buffer only regr out,Inliers,ProtBERT,mid,50,Ridge,80/20,0.19227854644353104,1.8384952321076224
Rg w/no norm,expr buffer only regr out,Inliers,ProtBERT,mid,50,Lasso,80/20,0.05206755904592075,1.9916838050353092
Rg w/no norm,expr buffer only regr out,Inliers,ProtBERT,mid,50,Kernel Ridge,80/20,0.21043990006410618,1.8177087404092545
Rg w/no norm,expr buffer only regr out,Inliers,ProtBERT,mid,50,GPR,80/20,-0.5409506907272872,2.5393704982777696
Rg w/no norm,expr buffer only regr out,Inliers,ProtBERT,mid,50,Linear,85/15,-1.311778672977093,3.1404251412984996
Rg w/no norm,expr buffer only regr out,Inliers,ProtBERT,mid,50,Ridge,85/15,0.18982390891832956,1.8591097582051612
Rg w/no norm,expr buffer only regr out,Inliers,ProtBERT,mid,50,Lasso,85/15,0.18979689451717385,1.859140752897985
Rg w/no norm,expr buffer only regr out,Inliers,ProtBERT,mid,50,Kernel Ridge,85/15,0.17339244979259572,1.8778677475710042
Rg w/no norm,expr buffer only regr out,Inliers,ProtBERT,mid,50,GPR,85/15,-0.3746978783502133,2.4216922408494965
Rg w/no norm,expr buffer only regr out,Inliers,ProtBERT,mid,50,Linear,90/10,-1.4485835120582409,3.219009998664691
Rg w/no norm,expr buffer only regr out,Inliers,ProtBERT,mid,50,Ridge,90/10,0.34174586856745326,1.669020465647189
Rg w/no norm,expr buffer only regr out,Inliers,ProtBERT,mid,50,Lasso,90/10,0.26990443487544646,1.7577403424348377
Rg w/no norm,expr buffer only regr out,Inliers,ProtBERT,mid,50,Kernel Ridge,90/10,0.46603866108797243,1.5032104006545128
Rg w/no norm,expr buffer only regr out,Inliers,ProtBERT,mid,50,GPR,90/10,-0.1290333372068473,2.185839390857119
Rg norm w/0.427,expr buffer only regr out,All,ProtBERT,mid,50,Linear,80/20,0.21923908594618868,0.44709902744531566
Rg norm w/0.427,expr buffer only regr out,All,ProtBERT,mid,50,Ridge,80/20,0.2207308426491742,0.4466716995360236
Rg norm w/0.427,expr buffer only regr out,All,ProtBERT,mid,50,Lasso,80/20,0.04724787676310971,0.49389502995028356
Rg norm w/0.427,expr buffer only regr out,All,ProtBERT,mid,50,Kernel Ridge,80/20,0.1475524545375002,0.4671738503704308
Rg norm w/0.427,expr buffer only regr out,All,ProtBERT,mid,50,GPR,80/20,0.7061580010312407,0.27428472870258047
Rg norm w/0.427,expr buffer only regr out,All,ProtBERT,mid,50,Linear,85/15,0.17667431789021526,0.4609561170986479
Rg norm w/0.427,expr buffer only regr out,All,ProtBERT,mid,50,Ridge,85/15,0.22161009198794934,0.4482005133387851
Rg norm w/0.427,expr buffer only regr out,All,ProtBERT,mid,50,Lasso,85/15,0.08029728024911154,0.487189014246724
Rg norm w/0.427,expr buffer only regr out,All,ProtBERT,mid,50,Kernel Ridge,85/15,0.41972402651260865,0.3869822503284819
Rg norm w/0.427,expr buffer only regr out,All,ProtBERT,mid,50,GPR,85/15,0.7043491110591698,0.27622523129041654
Rg norm w/0.427,expr buffer only regr out,All,ProtBERT,mid,50,Linear,90/10,0.09511486350887244,0.5657536482049969
Rg norm w/0.427,expr buffer only regr out,All,ProtBERT,mid,50,Ridge,90/10,0.20911832521834106,0.5289156192442009
Rg norm w/0.427,expr buffer only regr out,All,ProtBERT,mid,50,Lasso,90/10,0.06147497596124396,0.576173877257841
Rg norm w/0.427,expr buffer only regr out,All,ProtBERT,mid,50,Kernel Ridge,90/10,0.15159702989970414,0.5478122328056622
Rg norm w/0.427,expr buffer only regr out,All,ProtBERT,mid,50,GPR,90/10,0.8319799112871213,0.24378739160656931
Rg norm w/0.427,expr buffer only regr out,Inliers,ProtBERT,mid,50,Linear,80/20,-0.8823450008937868,0.2833357810754161
Rg norm w/0.427,expr buffer only regr out,Inliers,ProtBERT,mid,50,Ridge,80/20,0.1657565077361608,0.18862455324392516
Rg norm w/0.427,expr buffer only regr out,Inliers,ProtBERT,mid,50,Lasso,80/20,0.10125527534064038,0.1957807498393533
Rg norm w/0.427,expr buffer only regr out,Inliers,ProtBERT,mid,50,Kernel Ridge,80/20,0.10572161205233854,0.19529367503312325
Rg norm w/0.427,expr buffer only regr out,Inliers,ProtBERT,mid,50,GPR,80/20,-0.8179026011809181,0.2784435203794166
Rg norm w/0.427,expr buffer only regr out,Inliers,ProtBERT,mid,50,Linear,85/15,-0.8660931345963809,0.29906911889846594
Rg norm w/0.427,expr buffer only regr out,Inliers,ProtBERT,mid,50,Ridge,85/15,0.18122405255795904,0.19810135760079142
Rg norm w/0.427,expr buffer only regr out,Inliers,ProtBERT,mid,50,Lasso,85/15,0.128274999564009,0.20440648230523079
Rg norm w/0.427,expr buffer only regr out,Inliers,ProtBERT,mid,50,Kernel Ridge,85/15,0.15458193117237673,0.20129856386275932
Rg norm w/0.427,expr buffer only regr out,Inliers,ProtBERT,mid,50,GPR,85/15,-0.5176218473384335,0.2697035721738257
Rg norm w/0.427,expr buffer only regr out,Inliers,ProtBERT,mid,50,Linear,90/10,-1.0738678318605448,0.2991380050891172
Rg norm w/0.427,expr buffer only regr out,Inliers,ProtBERT,mid,50,Ridge,90/10,0.36751589853367805,0.1651984096527996
Rg norm w/0.427,expr buffer only regr out,Inliers,ProtBERT,mid,50,Lasso,90/10,0.35968204714995855,0.16621832237378387
Rg norm w/0.427,expr buffer only regr out,Inliers,ProtBERT,mid,50,Kernel Ridge,90/10,0.43656659321001523,0.15592018885677675
Rg norm w/0.427,expr buffer only regr out,Inliers,ProtBERT,mid,50,GPR,90/10,-0.3107393682284476,0.23781499089854105
Rg norm w/0.5,expr buffer only regr out,All,ProtBERT,mid,50,Linear,80/20,0.1722294139926479,0.3444006132275162
Rg norm w/0.5,expr buffer only regr out,All,ProtBERT,mid,50,Ridge,80/20,0.2255052105329849,0.3331333953004849
Rg norm w/0.5,expr buffer only regr out,All,ProtBERT,mid,50,Lasso,80/20,0.17564455286932878,0.34368943093160575
Rg norm w/0.5,expr buffer only regr out,All,ProtBERT,mid,50,Kernel Ridge,80/20,0.15706022718505075,0.3475419182997319
Rg norm w/0.5,expr buffer only regr out,All,ProtBERT,mid,50,GPR,80/20,0.48879991148304325,0.2706477251986267
Rg norm w/0.5,expr buffer only regr out,All,ProtBERT,mid,50,Linear,85/15,0.1589304087012131,0.3502778512160166
Rg norm w/0.5,expr buffer only regr out,All,ProtBERT,mid,50,Ridge,85/15,0.22376751756321733,0.33650584899463054
Rg norm w/0.5,expr buffer only regr out,All,ProtBERT,mid,50,Lasso,85/15,0.1760219827928572,0.34670054458309574
Rg norm w/0.5,expr buffer only regr out,All,ProtBERT,mid,50,Kernel Ridge,85/15,0.36952719081475127,0.3032703075927126
Rg norm w/0.5,expr buffer only regr out,All,ProtBERT,mid,50,GPR,85/15,0.504038232514738,0.26898050874606233
Rg norm w/0.5,expr buffer only regr out,All,ProtBERT,mid,50,Linear,90/10,0.011937645008647468,0.42734654782428955
Rg norm w/0.5,expr buffer only regr out,All,ProtBERT,mid,50,Ridge,90/10,0.19596946412681127,0.3854999223713483
Rg norm w/0.5,expr buffer only regr out,All,ProtBERT,mid,50,Lasso,90/10,0.13094723789259555,0.4007846646101048
Rg norm w/0.5,expr buffer only regr out,All,ProtBERT,mid,50,Kernel Ridge,90/10,0.3656211060397917,0.34242257291671735
Rg norm w/0.5,expr buffer only regr out,All,ProtBERT,mid,50,GPR,90/10,0.7435576553470697,0.21771226344589673
Rg norm w/0.5,expr buffer only regr out,Inliers,ProtBERT,mid,50,Linear,80/20,-0.7172056989272251,0.19096838879167438
Rg norm w/0.5,expr buffer only regr out,Inliers,ProtBERT,mid,50,Ridge,80/20,0.1871800016281805,0.13138552281189256
Rg norm w/0.5,expr buffer only regr out,Inliers,ProtBERT,mid,50,Lasso,80/20,0.1365521191339122,0.13541550303739067
Rg norm w/0.5,expr buffer only regr out,Inliers,ProtBERT,mid,50,Kernel Ridge,80/20,0.11340243550166418,0.13721879157555428
Rg norm w/0.5,expr buffer only regr out,Inliers,ProtBERT,mid,50,GPR,80/20,-0.8064575156013647,0.19586832054564288
Rg norm w/0.5,expr buffer only regr out,Inliers,ProtBERT,mid,50,Linear,85/15,-0.6896544796087962,0.20147580810772336
Rg norm w/0.5,expr buffer only regr out,Inliers,ProtBERT,mid,50,Ridge,85/15,0.2023146210348934,0.1384330444969393
Rg norm w/0.5,expr buffer only regr out,Inliers,ProtBERT,mid,50,Lasso,85/15,0.16588805920821936,0.14155855589803842
Rg norm w/0.5,expr buffer only regr out,Inliers,ProtBERT,mid,50,Kernel Ridge,85/15,0.1420463647575847,0.1435674093609806
Rg norm w/0.5,expr buffer only regr out,Inliers,ProtBERT,mid,50,GPR,85/15,-0.5068706058030339,0.19026632725071566
Rg norm w/0.5,expr buffer only regr out,Inliers,ProtBERT,mid,50,Linear,90/10,-0.9077278169119904,0.19969832503337423
Rg norm w/0.5,expr buffer only regr out,Inliers,ProtBERT,mid,50,Ridge,90/10,0.38542641319836,0.11334520745624482
Rg norm w/0.5,expr buffer only regr out,Inliers,ProtBERT,mid,50,Lasso,90/10,0.4469650780346346,0.10752080176506476
Rg norm w/0.5,expr buffer only regr out,Inliers,ProtBERT,mid,50,Kernel Ridge,90/10,0.437324818776206,0.10845388052195372
Rg norm w/0.5,expr buffer only regr out,Inliers,ProtBERT,mid,50,GPR,90/10,-0.32176878191587455,0.16622408892704232
Rg norm w/0.418,expr buffer only regr out,All,ProtBERT,mid,50,Linear,80/20,0.2366094335158191,0.4479826837380601
Rg norm w/0.418,expr buffer only regr out,All,ProtBERT,mid,50,Ridge,80/20,0.21681957100557814,0.45375220224215856
Rg norm w/0.418,expr buffer only regr out,All,ProtBERT,mid,50,Lasso,80/20,-0.009166453900091298,0.5150735344249134
Rg norm w/0.418,expr buffer only regr out,All,ProtBERT,mid,50,Kernel Ridge,80/20,0.02293409016433079,0.5068153537185925
Rg norm w/0.418,expr buffer only regr out,All,ProtBERT,mid,50,GPR,80/20,0.820713652609271,0.2171008093066335
Rg norm w/0.418,expr buffer only regr out,All,ProtBERT,mid,50,Linear,85/15,0.17850580718214692,0.4643393033567835
Rg norm w/0.418,expr buffer only regr out,All,ProtBERT,mid,50,Ridge,85/15,0.21639797064519573,0.45350384404817073
Rg norm w/0.418,expr buffer only regr out,All,ProtBERT,mid,50,Lasso,85/15,0.050452354300083435,0.4992195417293468
Rg norm w/0.418,expr buffer only regr out,All,ProtBERT,mid,50,Kernel Ridge,85/15,0.8126049293657993,0.22177484172546724
Rg norm w/0.418,expr buffer only regr out,All,ProtBERT,mid,50,GPR,85/15,0.8111319033306079,0.2226447703077604
Rg norm w/0.418,expr buffer only regr out,All,ProtBERT,mid,50,Linear,90/10,0.13944992622403596,0.5674277089885829
Rg norm w/0.418,expr buffer only regr out,All,ProtBERT,mid,50,Ridge,90/10,0.21464725917143024,0.5420693458292144
Rg norm w/0.418,expr buffer only regr out,All,ProtBERT,mid,50,Lasso,90/10,0.04477299565074444,0.5978273261747099
Rg norm w/0.418,expr buffer only regr out,All,ProtBERT,mid,50,Kernel Ridge,90/10,0.8501281783006658,0.2368004153133937
Rg norm w/0.418,expr buffer only regr out,All,ProtBERT,mid,50,GPR,90/10,0.8717689169978535,0.2190378267051758
Rg norm w/0.418,expr buffer only regr out,Inliers,ProtBERT,mid,50,Linear,80/20,-0.90106864644161,0.2975926829438947
Rg norm w/0.418,expr buffer only regr out,Inliers,ProtBERT,mid,50,Ridge,80/20,0.16360150294977627,0.19739219255400361
Rg norm w/0.418,expr buffer only regr out,Inliers,ProtBERT,mid,50,Lasso,80/20,0.10091528145258244,0.2046556115383468
Rg norm w/0.418,expr buffer only regr out,Inliers,ProtBERT,mid,50,Kernel Ridge,80/20,0.1054325481565741,0.20414083906637576
Rg norm w/0.418,expr buffer only regr out,Inliers,ProtBERT,mid,50,GPR,80/20,-0.8177816261602551,0.2910008140108386
Rg norm w/0.418,expr buffer only regr out,Inliers,ProtBERT,mid,50,Linear,85/15,-0.886814834922365,0.3141283664645965
Rg norm w/0.418,expr buffer only regr out,Inliers,ProtBERT,mid,50,Ridge,85/15,0.17898329249375033,0.20721372230940685
Rg norm w/0.418,expr buffer only regr out,Inliers,ProtBERT,mid,50,Lasso,85/15,0.12816620369739562,0.2135302285632149
Rg norm w/0.418,expr buffer only regr out,Inliers,ProtBERT,mid,50,Kernel Ridge,85/15,0.15661163170567727,0.2100179032641012
Rg norm w/0.418,expr buffer only regr out,Inliers,ProtBERT,mid,50,GPR,85/15,-0.518021708043942,0.2817614060499869
Rg norm w/0.418,expr buffer only regr out,Inliers,ProtBERT,mid,50,Linear,90/10,-1.0924618291017705,0.31451510502594693
Rg norm w/0.418,expr buffer only regr out,Inliers,ProtBERT,mid,50,Ridge,90/10,0.365668829233476,0.1731692444991239
Rg norm w/0.418,expr buffer only regr out,Inliers,ProtBERT,mid,50,Lasso,90/10,0.36241129588547094,0.17361332027937906
Rg norm w/0.418,expr buffer only regr out,Inliers,ProtBERT,mid,50,Kernel Ridge,90/10,0.4367080566487558,0.1631847256103285
Rg norm w/0.418,expr buffer only regr out,Inliers,ProtBERT,mid,50,GPR,90/10,-0.30845634076322326,0.24870948819431205
